Slide_No,State,District,Toposheet,Latitude,Longitude,Length,Width,Height,Area,Activity,Geomorphol,Lithology,LULC,Triggering,Year,Basin,Sub_Basin,Source,feature_id,geometry_type
SK /NAM /78A8 /2023 /26,SIKKIM,NAMCHI,78A8,27.1113,88.3395,42.493,41.565,73.8453063965,1407.88164804,Active,Moderately Dissected Structural Hills and Valleys,CHLORITE SERICITE SCHIST AND QUARTZITE,Wasteland - Dense Scrub Land,Rainfall,2023,Brahmaputra Basin,Brahmaputra Lower,"RESOURCESAT-2 LISS IV, 10m CARTODEM, Geomorphology 50K, LULC 10k(2018-2023), India-WRIS",LS_SIKKIM_2023.157,MultiPolygon
SK /NAM /78A8 /2023 /18,SIKKIM,NAMCHI,78A8,27.1053,88.3712,58.945,29.882,47.5126342773,1202.04266369,Active,Moderately Dissected Structural Hills and Valleys,CHLORITE SERICITE SCHIST AND QUARTZITE,Wasteland - Dense Scrub Land,Rainfall,2023,Brahmaputra Basin,Brahmaputra Lower,"RESOURCESAT-2 LISS IV, 10m CARTODEM, Geomorphology 50K, LULC 10k(2018-2023), India-WRIS",LS_SIKKIM_2023.148,MultiPolygon
SK /NAM /78A8 /2023 /14,SIKKIM,NAMCHI,78A8,27.1123,88.3966,113.936,32.143,970.509521484,2560.59015237,Active,Moderately Dissected Structural Hills and Valleys,CHLORITE SERICITE SCHIST AND QUARTZITE,Wasteland - Sparse Scrub Land,Rainfall,2023,Brahmaputra Basin,Brahmaputra Lower,"RESOURCESAT-2 LISS IV, 10m CARTODEM, Geomorphology 50K, LULC 10k(2018-2023), India-WRIS",LS_SIKKIM_2023.144,MultiPolygon
SK /SRG /78A4 /2023 /3,SIKKIM,SORENG,78A4,27.1243,88.1232,67.864,36.495,143.75012207,1855.72569511,Active,Moderately Dissected Structural Hills and Valleys,"BANDED MIGMATITE, GARNET BT GNEISS,MICA SCHIST",Wasteland - Dense Scrub Land,Rainfall,2023,Brahmaputra Basin,Brahmaputra Lower,"RESOURCESAT-2 LISS IV, 10m CARTODEM, Geomorphology 50K, LULC 10k(2018-2023), India-WRIS",LS_SIKKIM_2023.2,MultiPolygon
SK /SRG /78A4 /2023 /4,SIKKIM,SORENG,78A4,27.126,88.1304,57.689,36.495,21.8739013672,1265.88307816,Active,Moderately Dissected Structural Hills and Valleys,"BANDED MIGMATITE, GARNET BT GNEISS,MICA SCHIST",Wasteland - Dense Scrub Land,Rainfall,2023,Brahmaputra Basin,Brahmaputra Lower,"RESOURCESAT-2 LISS IV, 10m CARTODEM, Geomorphology 50K, LULC 10k(2018-2023), India-WRIS",LS_SIKKIM_2023.3,MultiPolygon
SK /SRG /78A4 /2023 /5,SIKKIM,SORENG,78A4,27.1263,88.1302,35.762,22.853,20.0,613.637691026,Active,Moderately Dissected Structural Hills and Valleys,"BANDED MIGMATITE, GARNET BT GNEISS,MICA SCHIST",Wasteland - Dense Scrub Land,Rainfall,2023,Brahmaputra Basin,Brahmaputra Lower,"RESOURCESAT-2 LISS IV, 10m CARTODEM, Geomorphology 50K, LULC 10k(2018-2023), India-WRIS",LS_SIKKIM_2023.4,MultiPolygon
SK /SRG /78A4 /2023 /31,SIKKIM,SORENG,78A4,27.1266,88.1298,57.446,21.186,37.0,753.270459682,Active,Moderately Dissected Structural Hills and Valleys,"BANDED MIGMATITE, GARNET BT GNEISS,MICA SCHIST",Wasteland - Dense Scrub Land,Rainfall,2023,Brahmaputra Basin,Brahmaputra Lower,"RESOURCESAT-2 LISS IV, 10m CARTODEM, Geomorphology 50K, LULC 10k(2018-2023), India-WRIS",LS_SIKKIM_2023.36,MultiPolygon
SK /SRG /78A4 /2023 /37,SIKKIM,SORENG,78A4,27.1229,88.1312,135.898,76.548,242.057800293,7082.88174632,Active,Moderately Dissected Structural Hills and Valleys,"BANDED MIGMATITE, GARNET BT GNEISS,MICA SCHIST",Agriculture - Single crop Land,Rainfall,2023,Brahmaputra Basin,Brahmaputra Lower,"RESOURCESAT-2 LISS IV, 10m CARTODEM, Geomorphology 50K, LULC 10k(2018-2023), India-WRIS",LS_SIKKIM_2023.43,MultiPolygon
SK /SRG /78A4 /2023 /40,SIKKIM,SORENG,78A4,27.1162,88.142,148.59,49.04,254.52746582,4600.90495533,Active,Moderately Dissected Structural Hills and Valleys,"BANDED MIGMATITE, GARNET BT GNEISS,MICA SCHIST",Agriculture - Single crop Land,Rainfall,2023,Brahmaputra Basin,Brahmaputra Lower,"RESOURCESAT-2 LISS IV, 10m CARTODEM, Geomorphology 50K, LULC 10k(2018-2023), India-WRIS",LS_SIKKIM_2023.46,MultiPolygon
SK /SRG /78A4 /2023 /7,SIKKIM,SORENG,78A4,27.1279,88.1666,43.429,22.145,27.9973144531,766.690739481,Active,Moderately Dissected Structural Hills and Valleys,"BANDED MIGMATITE, GARNET BT GNEISS,MICA SCHIST",Semi- Evergreen Open Forest,Rainfall,2023,Brahmaputra Basin,Brahmaputra Lower,"RESOURCESAT-2 LISS IV, 10m CARTODEM, Geomorphology 50K, LULC 10k(2018-2023), India-WRIS",LS_SIKKIM_2023.6,MultiPolygon
SK /SRG /78A4 /2023 /8,SIKKIM,SORENG,78A4,27.1277,88.1689,44.163,27.888,36.0,973.572739807,Active,Moderately Dissected Structural Hills and Valleys,"BANDED MIGMATITE, GARNET BT GNEISS,MICA SCHIST",Semi- Evergreen Open Forest,Rainfall,2023,Brahmaputra Basin,Brahmaputra Lower,"RESOURCESAT-2 LISS IV, 10m CARTODEM, Geomorphology 50K, LULC 10k(2018-2023), India-WRIS",LS_SIKKIM_2023.7,MultiPolygon
SK /SRG /78A4 /2023 /12,SIKKIM,SORENG,78A4,27.1243,88.1687,30.725,15.2,45.2944335938,303.288675358,Active,Moderately Dissected Structural Hills and Valleys,"BANDED MIGMATITE, GARNET BT GNEISS,MICA SCHIST",Agriculture - Single crop Land,Rainfall,2023,Brahmaputra Basin,Brahmaputra Lower,"RESOURCESAT-2 LISS IV, 10m CARTODEM, Geomorphology 50K, LULC 10k(2018-2023), India-WRIS",LS_SIKKIM_2023.11,MultiPolygon
SK /SRG /78A4 /2023 /39,SIKKIM,SORENG,78A4,27.118,88.1652,103.059,76.455,12.2758789063,5447.21836597,Active,Moderately Dissected Structural Hills and Valleys,"BANDED MIGMATITE, GARNET BT GNEISS,MICA SCHIST",Wasteland - Dense Scrub Land,Rainfall,2023,Brahmaputra Basin,Brahmaputra Lower,"RESOURCESAT-2 LISS IV, 10m CARTODEM, Geomorphology 50K, LULC 10k(2018-2023), India-WRIS",LS_SIKKIM_2023.45,MultiPolygon
SK /SRG /78A4 /2023 /26,SIKKIM,SORENG,78A4,27.1337,88.1803,101.913,39.374,52.0,2802.95884484,Active,Moderately Dissected Structural Hills and Valleys,"QUARTZITE,MICA SCHIST, GNEISS,CALCGRANULITE",Agriculture - Single crop Land,Rainfall,2023,Brahmaputra Basin,Brahmaputra Lower,"RESOURCESAT-2 LISS IV, 10m CARTODEM, Geomorphology 50K, LULC 10k(2018-2023), India-WRIS",LS_SIKKIM_2023.25,MultiPolygon
SK /SRG /78A4 /2023 /27,SIKKIM,SORENG,78A4,27.1324,88.176,43.167,18.95,19.5392456055,654.967921217,Active,Moderately Dissected Structural Hills and Valleys,"BANDED MIGMATITE, GARNET BT GNEISS,MICA SCHIST",Wasteland - Dense Scrub Land,Rainfall,2023,Brahmaputra Basin,Brahmaputra Lower,"RESOURCESAT-2 LISS IV, 10m CARTODEM, Geomorphology 50K, LULC 10k(2018-2023), India-WRIS",LS_SIKKIM_2023.26,MultiPolygon
SK /SRG /78A4 /2023 /28,SIKKIM,SORENG,78A4,27.1322,88.1763,37.374,14.491,32.0,406.551749551,Active,Moderately Dissected Structural Hills and Valleys,"BANDED MIGMATITE, GARNET BT GNEISS,MICA SCHIST",Wasteland - Dense Scrub Land,Rainfall,2023,Brahmaputra Basin,Brahmaputra Lower,"RESOURCESAT-2 LISS IV, 10m CARTODEM, Geomorphology 50K, LULC 10k(2018-2023), India-WRIS",LS_SIKKIM_2023.27,MultiPolygon
SK /SRG /78A4 /2023 /29,SIKKIM,SORENG,78A4,27.133,88.1797,82.068,49.148,44.0,3280.70487358,Active,Moderately Dissected Structural Hills and Valleys,"QUARTZITE,MICA SCHIST, GNEISS,CALCGRANULITE",Agriculture - Single crop Land,Rainfall,2023,Brahmaputra Basin,Brahmaputra Lower,"RESOURCESAT-2 LISS IV, 10m CARTODEM, Geomorphology 50K, LULC 10k(2018-2023), India-WRIS",LS_SIKKIM_2023.28,MultiPolygon
SK /SRG /78A8 /2023 /3,SIKKIM,SORENG,78A8,27.1278,88.2612,43.861,43.725,183.904541016,1321.44568984,Active,Moderately Dissected Structural Hills and Valleys,CHLORITE SERICITE SCHIST AND QUARTZITE,Wasteland - Sparse Scrub Land,Rainfall,2023,Brahmaputra Basin,Brahmaputra Lower,"RESOURCESAT-2 LISS IV, 10m CARTODEM, Geomorphology 50K, LULC 10k(2018-2023), India-WRIS",LS_SIKKIM_2023.31,MultiPolygon
SK /SRG /78A8 /2023 /4,SIKKIM,SORENG,78A8,27.1259,88.2576,27.454,18.277,15.0,395.051995328,Active,Moderately Dissected Structural Hills and Valleys,CHLORITE SERICITE SCHIST AND QUARTZITE,Wasteland - Dense Scrub Land,Rainfall,2023,Brahmaputra Basin,Brahmaputra Lower,"RESOURCESAT-2 LISS IV, 10m CARTODEM, Geomorphology 50K, LULC 10k(2018-2023), India-WRIS",LS_SIKKIM_2023.32,MultiPolygon
SK /SRG /78A8 /2023 /7,SIKKIM,SORENG,78A8,27.1302,88.2662,25.072,15.682,15.0621337891,304.520522016,Active,Moderately Dissected Structural Hills and Valleys,CHLORITE SERICITE SCHIST AND QUARTZITE,Wasteland - Dense Scrub Land,Rainfall,2023,Brahmaputra Basin,Brahmaputra Lower,"RESOURCESAT-2 LISS IV, 10m CARTODEM, Geomorphology 50K, LULC 10k(2018-2023), India-WRIS",LS_SIKKIM_2023.41,MultiPolygon
SK /NAM /78A8 /2023 /15,SIKKIM,NAMCHI,78A8,27.1247,88.3963,82.797,22.593,4.87890625,1313.80475605,Active,Moderately Dissected Structural Hills and Valleys,CHLORITE SERICITE SCHIST AND QUARTZITE,Evergreen Open Forest,Rainfall,2023,Brahmaputra Basin,Brahmaputra Lower,"RESOURCESAT-2 LISS IV, 10m CARTODEM, Geomorphology 50K, LULC 10k(2018-2023), India-WRIS",LS_SIKKIM_2023.145,MultiPolygon
SK /NAM /78A8 /2023 /33,SIKKIM,NAMCHI,78A8,27.1273,88.4485,180.685,86.134,18.0589599609,11547.7155028,Reactivated,Highly Dissected Structural Hills and Valleys,CHLORITE SERICITE SCHIST AND QUARTZITE,Wasteland - Sparse Scrub Land,Rainfall,2023,Brahmaputra Basin,Brahmaputra Lower,"RESOURCESAT-2 LISS IV, 10m CARTODEM, Geomorphology 50K, LULC 10k(2018-2023), India-WRIS",LS_SIKKIM_2023.173,MultiPolygon
SK /NAM /78A8 /2023 /47,SIKKIM,NAMCHI,78A8,27.1242,88.4751,74.751,15.989,56.2102050781,882.48096129,Active,Highly Dissected Structural Hills and Valleys,CHLORITE SERICITE SCHIST AND QUARTZITE,Wasteland - Sparse Scrub Land,Rainfall,2023,Brahmaputra Basin,Brahmaputra Lower,"RESOURCESAT-2 LISS IV, 10m CARTODEM, Geomorphology 50K, LULC 10k(2018-2023), India-WRIS",LS_SIKKIM_2023.194,MultiPolygon
SK /SRG /78A4 /2023 /36,SIKKIM,SORENG,78A4,27.1389,88.1791,39.934,38.652,12.0,1302.16767247,Active,Moderately Dissected Structural Hills and Valleys,"BANDED MIGMATITE, GARNET BT GNEISS,MICA SCHIST",Agriculture - Single crop Land,Rainfall,2023,Brahmaputra Basin,Brahmaputra Lower,"RESOURCESAT-2 LISS IV, 10m CARTODEM, Geomorphology 50K, LULC 10k(2018-2023), India-WRIS",LS_SIKKIM_2023.42,MultiPolygon
SK /SRG /78A4 /2023 /41,SIKKIM,SORENG,78A4,27.1497,88.1759,38.956,22.466,146.344482422,572.489263013,Active,Moderately Dissected Structural Hills and Valleys,"BANDED MIGMATITE, GARNET BT GNEISS,MICA SCHIST",Wasteland - Dense Scrub Land,Rainfall,2023,Brahmaputra Basin,Brahmaputra Lower,"RESOURCESAT-2 LISS IV, 10m CARTODEM, Geomorphology 50K, LULC 10k(2018-2023), India-WRIS",LS_SIKKIM_2023.47,MultiPolygon
SK /SRG /78A4 /2023 /42,SIKKIM,SORENG,78A4,27.1412,88.1797,520.155,126.525,62.8342285156,24552.4469852,Active,Moderately Dissected Structural Hills and Valleys,"BANDED MIGMATITE, GARNET BT GNEISS,MICA SCHIST",Agriculture - Single crop Land,Rainfall,2023,Brahmaputra Basin,Brahmaputra Lower,"RESOURCESAT-2 LISS IV, 10m CARTODEM, Geomorphology 50K, LULC 10k(2018-2023), India-WRIS",LS_SIKKIM_2023.50,MultiPolygon
SK /SRG /78A8 /2023 /2,SIKKIM,SORENG,78A8,27.1538,88.2618,230.509,43.407,232.0,4289.83322513,Active,Moderately Dissected Structural Hills and Valleys,META GREYWACKE,Wasteland - Dense Scrub Land,Rainfall,2023,Brahmaputra Basin,Brahmaputra Lower,"RESOURCESAT-2 LISS IV, 10m CARTODEM, Geomorphology 50K, LULC 10k(2018-2023), India-WRIS",LS_SIKKIM_2023.30,MultiPolygon
SK /NAM /78A8 /2023 /37,SIKKIM,NAMCHI,78A8,27.1443,88.3911,59.345,37.84,34.8350830078,1495.93150381,Active,Highly Dissected Structural Hills and Valleys,CHLORITE SERICITE SCHIST AND QUARTZITE,Wasteland - Dense Scrub Land,Rainfall,2023,Brahmaputra Basin,Brahmaputra Lower,"RESOURCESAT-2 LISS IV, 10m CARTODEM, Geomorphology 50K, LULC 10k(2018-2023), India-WRIS",LS_SIKKIM_2023.177,MultiPolygon
SK /NAM /78A8 /2023 /38,SIKKIM,NAMCHI,78A8,27.1416,88.4001,106.041,96.243,31.2293701172,6227.92235077,Active,Highly Dissected Structural Hills and Valleys,CHLORITE SERICITE SCHIST AND QUARTZITE,Wasteland - Dense Scrub Land,Rainfall,2023,Brahmaputra Basin,Brahmaputra Lower,"RESOURCESAT-2 LISS IV, 10m CARTODEM, Geomorphology 50K, LULC 10k(2018-2023), India-WRIS",LS_SIKKIM_2023.178,MultiPolygon
SK /NAM /78A8 /2023 /36,SIKKIM,NAMCHI,78A8,27.1409,88.42,53.473,24.749,48.2906494141,1075.52080636,Reactivated,Highly Dissected Structural Hills and Valleys,CHLORITE SERICITE SCHIST AND QUARTZITE,Wasteland - Dense Scrub Land,Rainfall,2023,Brahmaputra Basin,Brahmaputra Lower,"RESOURCESAT-2 LISS IV, 10m CARTODEM, Geomorphology 50K, LULC 10k(2018-2023), India-WRIS",LS_SIKKIM_2023.176,MultiPolygon
SK /NAM /78A8 /2023 /40,SIKKIM,NAMCHI,78A8,27.1364,88.45,27.122,20.475,43.2310791016,396.871448252,Active,Highly Dissected Structural Hills and Valleys,CHLORITE SERICITE SCHIST AND QUARTZITE,Wasteland - Dense Scrub Land,Rainfall,2023,Brahmaputra Basin,Brahmaputra Lower,"RESOURCESAT-2 LISS IV, 10m CARTODEM, Geomorphology 50K, LULC 10k(2018-2023), India-WRIS",LS_SIKKIM_2023.183,MultiPolygon
SK /NAM /78A8 /2023 /39,SIKKIM,NAMCHI,78A8,27.1421,88.4673,41.804,25.416,16.3557128906,709.994115361,Active,Highly Dissected Structural Hills and Valleys,CHLORITE SERICITE SCHIST AND QUARTZITE,Wasteland - Sparse Scrub Land,Rainfall,2023,Brahmaputra Basin,Brahmaputra Lower,"RESOURCESAT-2 LISS IV, 10m CARTODEM, Geomorphology 50K, LULC 10k(2018-2023), India-WRIS",LS_SIKKIM_2023.182,MultiPolygon
SK /NAM /78A8 /2023 /41,SIKKIM,NAMCHI,78A8,27.1395,88.4723,451.08,192.286,70.4030761719,56206.5079054,Reactivated,Highly Dissected Structural Hills and Valleys,CHLORITE SERICITE SCHIST AND QUARTZITE,Wasteland - Sparse Scrub Land,Rainfall,2023,Brahmaputra Basin,Brahmaputra Lower,"RESOURCESAT-2 LISS IV, 10m CARTODEM, Geomorphology 50K, LULC 10k(2018-2023), India-WRIS",LS_SIKKIM_2023.184,MultiPolygon
SK /NAM /78A8 /2023 /46,SIKKIM,NAMCHI,78A8,27.1373,88.4732,299.903,99.18,203.0,14554.2062379,Reactivated,Highly Dissected Structural Hills and Valleys,CHLORITE SERICITE SCHIST AND QUARTZITE,Wasteland - Gullied Land,Rainfall,2023,Brahmaputra Basin,Brahmaputra Lower,"RESOURCESAT-2 LISS IV, 10m CARTODEM, Geomorphology 50K, LULC 10k(2018-2023), India-WRIS",LS_SIKKIM_2023.193,MultiPolygon
SK /NAM /78A8 /2023 /27,SIKKIM,NAMCHI,78A8,27.1397,88.4766,82.833,46.416,34.467956543,2691.87892665,Active,Highly Dissected Structural Hills and Valleys,CHLORITE SERICITE SCHIST AND QUARTZITE,Evergreen Open Forest,Rainfall,2023,Brahmaputra Basin,Brahmaputra Lower,"RESOURCESAT-2 LISS IV, 10m CARTODEM, Geomorphology 50K, LULC 10k(2018-2023), India-WRIS",LS_SIKKIM_2023.167,MultiPolygon
SK /SRG /78A4 /2023 /25,SIKKIM,SORENG,78A4,27.1576,88.1501,36.755,21.312,12.4285888672,591.958534954,Active,Moderately Dissected Structural Hills and Valleys,"BANDED MIGMATITE, GARNET BT GNEISS,MICA SCHIST",Evergreen Closed Forest,Rainfall,2023,Brahmaputra Basin,Brahmaputra Lower,"RESOURCESAT-2 LISS IV, 10m CARTODEM, Geomorphology 50K, LULC 10k(2018-2023), India-WRIS",LS_SIKKIM_2023.24,MultiPolygon
SK /SRG /78A4 /2023 /13,SIKKIM,SORENG,78A4,27.1598,88.1726,48.405,29.035,12.0,954.749858199,Active,Moderately Dissected Structural Hills and Valleys,"BANDED MIGMATITE, GARNET BT GNEISS,MICA SCHIST",Wasteland - Dense Scrub Land,Rainfall,2023,Brahmaputra Basin,Brahmaputra Lower,"RESOURCESAT-2 LISS IV, 10m CARTODEM, Geomorphology 50K, LULC 10k(2018-2023), India-WRIS",LS_SIKKIM_2023.12,MultiPolygon
SK /SRG /78A4 /2023 /24,SIKKIM,SORENG,78A4,27.1715,88.1627,79.93,43.685,6.0,2211.58662047,Active,Moderately Dissected Structural Hills and Valleys,"QUARTZITE,MICA SCHIST, GNEISS,CALCGRANULITE",Evergreen Closed Forest,Rainfall,2023,Brahmaputra Basin,Brahmaputra Lower,"RESOURCESAT-2 LISS IV, 10m CARTODEM, Geomorphology 50K, LULC 10k(2018-2023), India-WRIS",LS_SIKKIM_2023.23,MultiPolygon
SK /SRG /78A4 /2023 /32,SIKKIM,SORENG,78A4,27.1629,88.1595,68.125,28.612,0.955261230469,1421.34506087,Active,Moderately Dissected Structural Hills and Valleys,"QUARTZITE,MICA SCHIST, GNEISS,CALCGRANULITE",Evergreen Closed Forest,Rainfall,2023,Brahmaputra Basin,Brahmaputra Lower,"RESOURCESAT-2 LISS IV, 10m CARTODEM, Geomorphology 50K, LULC 10k(2018-2023), India-WRIS",LS_SIKKIM_2023.37,MultiPolygon
SK /SRG /78A4 /2023 /33,SIKKIM,SORENG,78A4,27.1648,88.1697,48.922,27.853,21.3985595703,779.634320561,Active,Moderately Dissected Structural Hills and Valleys,"BANDED MIGMATITE, GARNET BT GNEISS,MICA SCHIST",Evergreen Closed Forest,Rainfall,2023,Brahmaputra Basin,Brahmaputra Lower,"RESOURCESAT-2 LISS IV, 10m CARTODEM, Geomorphology 50K, LULC 10k(2018-2023), India-WRIS",LS_SIKKIM_2023.38,MultiPolygon
SK /SRG /78A4 /2023 /14,SIKKIM,SORENG,78A4,27.1572,88.1924,59.678,28.186,22.0,1211.07777488,Active,Moderately Dissected Structural Hills and Valleys,CHLORITE SERICITE SCHIST AND QUARTZITE,Evergreen Closed Forest,Rainfall,2023,Brahmaputra Basin,Brahmaputra Lower,"RESOURCESAT-2 LISS IV, 10m CARTODEM, Geomorphology 50K, LULC 10k(2018-2023), India-WRIS",LS_SIKKIM_2023.13,MultiPolygon
SK /SRG /78A4 /2023 /1,SIKKIM,SORENG,78A4,27.1691,88.1916,80.876,41.795,48.0,2060.21241991,Active,Moderately Dissected Structural Hills and Valleys,"BANDED MIGMATITE, GARNET BT GNEISS,MICA SCHIST",Wasteland - Dense Scrub Land,Rainfall,2023,Brahmaputra Basin,Brahmaputra Lower,"RESOURCESAT-2 LISS IV, 10m CARTODEM, Geomorphology 50K, LULC 10k(2018-2023), India-WRIS",LS_SIKKIM_2023.150,MultiPolygon
SK /SRG /78A4 /2023 /15,SIKKIM,SORENG,78A4,27.1579,88.2015,56.086,35.294,8.52465820313,1422.56437347,Reactivated,Moderately Dissected Structural Hills and Valleys,META GREYWACKE,Wasteland - Dense Scrub Land,Rainfall,2023,Brahmaputra Basin,Brahmaputra Lower,"RESOURCESAT-2 LISS IV, 10m CARTODEM, Geomorphology 50K, LULC 10k(2018-2023), India-WRIS",LS_SIKKIM_2023.14,MultiPolygon
SK /SRG /78A4 /2023 /16,SIKKIM,SORENG,78A4,27.156,88.2076,136.123,107.813,19.2105712891,8730.63131838,Reactivated,Moderately Dissected Structural Hills and Valleys,CHLORITE SERICITE SCHIST AND QUARTZITE,Agriculture - Single crop Land,Rainfall,2023,Brahmaputra Basin,Brahmaputra Lower,"RESOURCESAT-2 LISS IV, 10m CARTODEM, Geomorphology 50K, LULC 10k(2018-2023), India-WRIS",LS_SIKKIM_2023.15,MultiPolygon
SK /SRG /78A8 /2023 /1,SIKKIM,SORENG,78A8,27.1731,88.2999,31.268,21.227,29.3505859375,472.366040181,Active,Moderately Dissected Structural Hills and Valleys,"SANDSTONE,SHALE WITH MINOR COAL",Semi- Evergreen Open Forest,Rainfall,2023,Brahmaputra Basin,Brahmaputra Lower,"RESOURCESAT-2 LISS IV, 10m CARTODEM, Geomorphology 50K, LULC 10k(2018-2023), India-WRIS",LS_SIKKIM_2023.29,MultiPolygon
SK /NAM /78A8 /2023 /28,SIKKIM,NAMCHI,78A8,27.1694,88.4777,126.193,54.015,101.088867188,5317.77850034,Active,Highly Dissected Structural Hills and Valleys,CHLORITE SERICITE SCHIST AND QUARTZITE,Wasteland - Dense Scrub Land,Rainfall,2023,Brahmaputra Basin,Brahmaputra Lower,"RESOURCESAT-2 LISS IV, 10m CARTODEM, Geomorphology 50K, LULC 10k(2018-2023), India-WRIS",LS_SIKKIM_2023.168,MultiPolygon
SK /NAM /78A12 /2023 /2,SIKKIM,NAMCHI,78A12,27.1633,88.5176,32.38,26.321,18.0,654.506391516,Active,Highly Dissected Structural Hills and Valleys,CHLORITE SERICITE SCHIST AND QUARTZITE,Wasteland - Sparse Scrub Land,Rainfall,2023,Brahmaputra Basin,Brahmaputra Lower,"RESOURCESAT-2 LISS IV, 10m CARTODEM, Geomorphology 50K, LULC 10k(2018-2023), India-WRIS",LS_SIKKIM_2023.180,MultiPolygon
SK /SRG /78A4 /2023 /19,SIKKIM,SORENG,78A4,27.1938,88.1573,42.852,40.166,28.0,1267.64395094,Active,Moderately Dissected Structural Hills and Valleys,"BANDED MIGMATITE, GARNET BT GNEISS,MICA SCHIST",Evergreen Closed Forest,Rainfall,2023,Brahmaputra Basin,Brahmaputra Lower,"RESOURCESAT-2 LISS IV, 10m CARTODEM, Geomorphology 50K, LULC 10k(2018-2023), India-WRIS",LS_SIKKIM_2023.18,MultiPolygon
SK /SRG /78A8 /2023 /5,SIKKIM,SORENG,78A8,27.1854,88.3195,140.061,120.317,72.0,12947.191713,Reactivated,Moderately Dissected Structural Hills and Valleys,"SANDSTONE,SHALE WITH MINOR COAL",Wasteland - Gullied Land,Rainfall,2023,Brahmaputra Basin,Brahmaputra Lower,"RESOURCESAT-2 LISS IV, 10m CARTODEM, Geomorphology 50K, LULC 10k(2018-2023), India-WRIS",LS_SIKKIM_2023.33,MultiPolygon
SK /SRG /78A8 /2023 /8,SIKKIM,SORENG,78A8,27.1852,88.3172,34.114,19.058,25.0,542.157554437,Active,Moderately Dissected Structural Hills and Valleys,"SANDSTONE,SHALE WITH MINOR COAL",Semi- Evergreen Open Forest,Rainfall,2023,Brahmaputra Basin,Brahmaputra Lower,"RESOURCESAT-2 LISS IV, 10m CARTODEM, Geomorphology 50K, LULC 10k(2018-2023), India-WRIS",LS_SIKKIM_2023.48,MultiPolygon
SK /SRG /78A8 /2023 /9,SIKKIM,SORENG,78A8,27.1844,88.3152,33.164,16.192,153.917297363,411.732174259,Active,Moderately Dissected Structural Hills and Valleys,"SANDSTONE,SHALE WITH MINOR COAL",Wasteland - Dense Scrub Land,Rainfall,2023,Brahmaputra Basin,Brahmaputra Lower,"RESOURCESAT-2 LISS IV, 10m CARTODEM, Geomorphology 50K, LULC 10k(2018-2023), India-WRIS",LS_SIKKIM_2023.49,MultiPolygon
SK /NAM /78A8 /2023 /20,SIKKIM,NAMCHI,78A8,27.1833,88.3338,90.946,54.509,31.6449584961,3847.95257902,Active,Moderately Dissected Structural Hills and Valleys,"SANDSTONE,SHALE WITH MINOR COAL",Wasteland - Dense Scrub Land,Rainfall,2023,Brahmaputra Basin,Brahmaputra Lower,"RESOURCESAT-2 LISS IV, 10m CARTODEM, Geomorphology 50K, LULC 10k(2018-2023), India-WRIS",LS_SIKKIM_2023.151,MultiPolygon
SK /NAM /78A8 /2023 /10,SIKKIM,NAMCHI,78A8,27.1802,88.3568,71.588,41.384,5.75805664063,2342.86355186,Active,Moderately Dissected Structural Hills and Valleys,"DOLIMITIC QUARTZITE, CHERT, PHYLLITE, SLATE",Wasteland - Dense Scrub Land,Rainfall,2023,Brahmaputra Basin,Brahmaputra Lower,"RESOURCESAT-2 LISS IV, 10m CARTODEM, Geomorphology 50K, LULC 10k(2018-2023), India-WRIS",LS_SIKKIM_2023.140,MultiPolygon
SK /NAM /78A8 /2023 /22,SIKKIM,NAMCHI,78A8,27.1932,88.3653,73.428,60.685,40.0,3241.55672666,Active,Moderately Dissected Structural Hills and Valleys,"QUARTZ ARENITE, BLACK SLATE, CHERTY PHYLLITE",Wasteland - Dense Scrub Land,Rainfall,2023,Brahmaputra Basin,Brahmaputra Lower,"RESOURCESAT-2 LISS IV, 10m CARTODEM, Geomorphology 50K, LULC 10k(2018-2023), India-WRIS",LS_SIKKIM_2023.153,MultiPolygon
SK /NAM /78A8 /2023 /29,SIKKIM,NAMCHI,78A8,27.1824,88.4824,57.751,38.242,225.539672852,1771.06001186,Active,Highly Dissected Structural Hills and Valleys,CHLORITE SERICITE SCHIST AND QUARTZITE,Wasteland - Dense Scrub Land,Rainfall,2023,Brahmaputra Basin,Brahmaputra Lower,"RESOURCESAT-2 LISS IV, 10m CARTODEM, Geomorphology 50K, LULC 10k(2018-2023), India-WRIS",LS_SIKKIM_2023.169,MultiPolygon
SK /NAM /78A8 /2023 /30,SIKKIM,NAMCHI,78A8,27.1844,88.4816,70.56,41.874,28.0977172852,1903.331224,Active,Highly Dissected Structural Hills and Valleys,CHLORITE SERICITE SCHIST AND QUARTZITE,Wasteland - Dense Scrub Land,Rainfall,2023,Brahmaputra Basin,Brahmaputra Lower,"RESOURCESAT-2 LISS IV, 10m CARTODEM, Geomorphology 50K, LULC 10k(2018-2023), India-WRIS",LS_SIKKIM_2023.170,MultiPolygon
SK /PKY /78A12 /2023 /15,SIKKIM,PAKYONG,78A12,27.1884,88.6382,296.429,84.684,26.4576416016,16365.6609634,Active,Moderately Dissected Structural Hills and Valleys,CHLORITE SERICITE SCHIST AND QUARTZITE,Evergreen Closed Forest,Rainfall,2023,Brahmaputra Basin,Brahmaputra Lower,"RESOURCESAT-2 LISS IV, 10m CARTODEM, Geomorphology 50K, LULC 10k(2018-2023), India-WRIS",LS_SIKKIM_2023.211,MultiPolygon
SK /PKY /78A12 /2023 /18,SIKKIM,PAKYONG,78A12,27.1849,88.7328,89.009,30.193,52.0,2033.27979429,Active,Highly Dissected Structural Hills and Valleys,"BANDED MIGMATITE, GARNET BT GNEISS,MICA SCHIST",Evergreen Closed Forest,Rainfall,2023,Brahmaputra Basin,Brahmaputra Lower,"RESOURCESAT-2 LISS IV, 10m CARTODEM, Geomorphology 50K, LULC 10k(2018-2023), India-WRIS",LS_SIKKIM_2023.214,MultiPolygon
SK /PKY /78A12 /2023 /4,SIKKIM,PAKYONG,78A12,27.1868,88.743,57.023,46.441,91.2353515625,1993.15176984,Active,Highly Dissected Structural Hills and Valleys,"BANDED MIGMATITE, GARNET BT GNEISS,MICA SCHIST",Evergreen Closed Forest,Rainfall,2023,Brahmaputra Basin,Brahmaputra Lower,"RESOURCESAT-2 LISS IV, 10m CARTODEM, Geomorphology 50K, LULC 10k(2018-2023), India-WRIS",LS_SIKKIM_2023.196,MultiPolygon
SK /SRG /78A4 /2023 /20,SIKKIM,SORENG,78A4,27.2047,88.1515,149.404,37.076,12.0041503906,3002.91748623,Active,Moderately Dissected Structural Hills and Valleys,"BANDED MIGMATITE, GARNET BT GNEISS,MICA SCHIST",Evergreen Closed Forest,Rainfall,2023,Brahmaputra Basin,Brahmaputra Lower,"RESOURCESAT-2 LISS IV, 10m CARTODEM, Geomorphology 50K, LULC 10k(2018-2023), India-WRIS",LS_SIKKIM_2023.19,MultiPolygon
SK /SRG /78A4 /2023 /21,SIKKIM,SORENG,78A4,27.2021,88.1515,76.371,24.123,79.4453125,1347.44701388,Active,Moderately Dissected Structural Hills and Valleys,"BANDED MIGMATITE, GARNET BT GNEISS,MICA SCHIST",Evergreen Closed Forest,Rainfall,2023,Brahmaputra Basin,Brahmaputra Lower,"RESOURCESAT-2 LISS IV, 10m CARTODEM, Geomorphology 50K, LULC 10k(2018-2023), India-WRIS",LS_SIKKIM_2023.20,MultiPolygon
SK /PKY /78A12 /2023 /17,SIKKIM,PAKYONG,78A12,27.2071,88.5275,141.073,53.518,76.0,4949.8712906,Active,Highly Dissected Structural Hills and Valleys,CHLORITE SERICITE SCHIST AND QUARTZITE,Agriculture - Fallow Land,Rainfall,2023,Brahmaputra Basin,Brahmaputra Lower,"RESOURCESAT-2 LISS IV, 10m CARTODEM, Geomorphology 50K, LULC 10k(2018-2023), India-WRIS",LS_SIKKIM_2023.213,MultiPolygon
SK /PKY /78A12 /2023 /20,SIKKIM,PAKYONG,78A12,27.2133,88.6886,33.12,20.26,15.0,439.553177121,Active,Highly Dissected Structural Hills and Valleys,"BANDED MIGMATITE, GARNET BT GNEISS,MICA SCHIST",Agriculture - Single crop Land,Rainfall,2023,Brahmaputra Basin,Brahmaputra Lower,"RESOURCESAT-2 LISS IV, 10m CARTODEM, Geomorphology 50K, LULC 10k(2018-2023), India-WRIS",LS_SIKKIM_2023.217,MultiPolygon
SK /SRG /78A4 /2023 /17,SIKKIM,SORENG,78A4,27.2286,88.2205,41.491,26.74,73.8477783203,789.405315325,Active,Moderately Dissected Structural Hills and Valleys,"BANDED MIGMATITE, GARNET BT GNEISS,MICA SCHIST",Evergreen Closed Forest,Rainfall,2023,Brahmaputra Basin,Brahmaputra Lower,"RESOURCESAT-2 LISS IV, 10m CARTODEM, Geomorphology 50K, LULC 10k(2018-2023), India-WRIS",LS_SIKKIM_2023.16,MultiPolygon
SK /SRG /78A4 /2023 /18,SIKKIM,SORENG,78A4,27.225,88.2252,32.506,27.889,10.0,692.117408975,Active,Moderately Dissected Structural Hills and Valleys,CHLORITE SERICITE SCHIST AND QUARTZITE,Evergreen Closed Forest,Rainfall,2023,Brahmaputra Basin,Brahmaputra Lower,"RESOURCESAT-2 LISS IV, 10m CARTODEM, Geomorphology 50K, LULC 10k(2018-2023), India-WRIS",LS_SIKKIM_2023.17,MultiPolygon
SK /SRG /78A4 /2023 /38,SIKKIM,SORENG,78A4,27.2212,88.2373,40.685,29.607,60.4421386719,938.706839163,Active,Moderately Dissected Structural Hills and Valleys,CHLORITE SERICITE SCHIST AND QUARTZITE,Evergreen Closed Forest,Rainfall,2023,Brahmaputra Basin,Brahmaputra Lower,"RESOURCESAT-2 LISS IV, 10m CARTODEM, Geomorphology 50K, LULC 10k(2018-2023), India-WRIS",LS_SIKKIM_2023.44,MultiPolygon
SK /NAM /78A8 /2023 /21,SIKKIM,NAMCHI,78A8,27.2282,88.3086,93.03,29.799,19.51171875,2176.73729558,Active,Moderately Dissected Structural Hills and Valleys,"SANDSTONE,SHALE WITH MINOR COAL",Wasteland - Dense Scrub Land,Rainfall,2023,Brahmaputra Basin,Brahmaputra Lower,"RESOURCESAT-2 LISS IV, 10m CARTODEM, Geomorphology 50K, LULC 10k(2018-2023), India-WRIS",LS_SIKKIM_2023.152,MultiPolygon
SK /NAM /78A8 /2023 /11,SIKKIM,NAMCHI,78A8,27.2221,88.328,111.603,36.465,78.3241577148,2593.35187804,Active,Moderately Dissected Structural Hills and Valleys,"DOLIMITIC QUARTZITE, CHERT, PHYLLITE, SLATE",Agriculture - Crop Land,Rainfall,2023,Brahmaputra Basin,Brahmaputra Lower,"RESOURCESAT-2 LISS IV, 10m CARTODEM, Geomorphology 50K, LULC 10k(2018-2023), India-WRIS",LS_SIKKIM_2023.141,MultiPolygon
SK /NAM /78A8 /2023 /12,SIKKIM,NAMCHI,78A8,27.2257,88.3405,106.291,33.555,194.740112305,2293.57860314,Active,Moderately Dissected Structural Hills and Valleys,"SANDSTONE,SHALE WITH MINOR COAL",Wasteland - Dense Scrub Land,Rainfall,2023,Brahmaputra Basin,Brahmaputra Lower,"RESOURCESAT-2 LISS IV, 10m CARTODEM, Geomorphology 50K, LULC 10k(2018-2023), India-WRIS",LS_SIKKIM_2023.142,MultiPolygon
SK /NAM /78A8 /2023 /43,SIKKIM,NAMCHI,78A8,27.2249,88.3401,42.315,18.848,98.3095703125,570.286076273,Active,Moderately Dissected Structural Hills and Valleys,"BOULDER SLATE,CONGLOMERATE,PHYLLITE",Wasteland - Dense Scrub Land,Rainfall,2023,Brahmaputra Basin,Brahmaputra Lower,"RESOURCESAT-2 LISS IV, 10m CARTODEM, Geomorphology 50K, LULC 10k(2018-2023), India-WRIS",LS_SIKKIM_2023.190,MultiPolygon
SK /NAM /78A8 /2023 /44,SIKKIM,NAMCHI,78A8,27.2242,88.3395,48.154,15.875,43.1696777344,611.578428587,Active,Moderately Dissected Structural Hills and Valleys,"DOLIMITIC QUARTZITE, CHERT, PHYLLITE, SLATE",Wasteland - Dense Scrub Land,Rainfall,2023,Brahmaputra Basin,Brahmaputra Lower,"RESOURCESAT-2 LISS IV, 10m CARTODEM, Geomorphology 50K, LULC 10k(2018-2023), India-WRIS",LS_SIKKIM_2023.191,MultiPolygon
SK /NAM /78A8 /2023 /24,SIKKIM,NAMCHI,78A8,27.2328,88.4487,103.578,64.057,8.84896850586,4553.03112279,Active,Moderately Dissected Structural Hills and Valleys,CHLORITE SERICITE SCHIST AND QUARTZITE,Wasteland - Dense Scrub Land,Rainfall,2023,Brahmaputra Basin,Brahmaputra Lower,"RESOURCESAT-2 LISS IV, 10m CARTODEM, Geomorphology 50K, LULC 10k(2018-2023), India-WRIS",LS_SIKKIM_2023.155,MultiPolygon
SK /NAM /78A8 /2023 /23,SIKKIM,NAMCHI,78A8,27.219,88.4861,60.005,57.889,28.5040893555,2480.96213769,Active,Moderately Dissected Structural Hills and Valleys,CHLORITE SERICITE SCHIST AND QUARTZITE,Evergreen Open Forest,Rainfall,2023,Brahmaputra Basin,Brahmaputra Lower,"RESOURCESAT-2 LISS IV, 10m CARTODEM, Geomorphology 50K, LULC 10k(2018-2023), India-WRIS",LS_SIKKIM_2023.154,MultiPolygon
SK /NAM /78A8 /2023 /45,SIKKIM,NAMCHI,78A8,27.2188,88.4853,74.161,49.707,186.614685059,2777.19357071,Active,Moderately Dissected Structural Hills and Valleys,CHLORITE SERICITE SCHIST AND QUARTZITE,Evergreen Open Forest,Rainfall,2023,Brahmaputra Basin,Brahmaputra Lower,"RESOURCESAT-2 LISS IV, 10m CARTODEM, Geomorphology 50K, LULC 10k(2018-2023), India-WRIS",LS_SIKKIM_2023.192,MultiPolygon
SK /PKY /78A12 /2023 /16,SIKKIM,PAKYONG,78A12,27.2216,88.5015,93.381,44.896,46.0638427734,2821.63133185,Active,Highly Dissected Structural Hills and Valleys,CHLORITE SERICITE SCHIST AND QUARTZITE,Evergreen Closed Forest,Rainfall,2023,Brahmaputra Basin,Brahmaputra Lower,"RESOURCESAT-2 LISS IV, 10m CARTODEM, Geomorphology 50K, LULC 10k(2018-2023), India-WRIS",LS_SIKKIM_2023.212,MultiPolygon
SK /PKY /78A12 /2023 /7,SIKKIM,PAKYONG,78A12,27.2278,88.697,44.425,38.999,47.6743164063,1199.25313737,Active,River,"BANDED MIGMATITE, GARNET BT GNEISS,MICA SCHIST",Evergreen Closed Forest,Rainfall,2023,Brahmaputra Basin,Brahmaputra Lower,"RESOURCESAT-2 LISS IV, 10m CARTODEM, Geomorphology 50K, LULC 10k(2018-2023), India-WRIS",LS_SIKKIM_2023.200,MultiPolygon
SK /PKY /78A12 /2023 /9,SIKKIM,PAKYONG,78A12,27.2342,88.7013,84.082,32.902,41.2822570801,1951.14135246,Active,Moderately Dissected Structural Hills and Valleys,"BANDED MIGMATITE, GARNET BT GNEISS,MICA SCHIST",Wasteland - Dense Scrub Land,Rainfall,2023,Brahmaputra Basin,Brahmaputra Lower,"RESOURCESAT-2 LISS IV, 10m CARTODEM, Geomorphology 50K, LULC 10k(2018-2023), India-WRIS",LS_SIKKIM_2023.203,MultiPolygon
SK /PKY /78A12 /2023 /13,SIKKIM,PAKYONG,78A12,27.2326,88.6947,151.004,32.276,38.9739990234,3114.8553625,Active,Moderately Dissected Structural Hills and Valleys,"BANDED MIGMATITE, GARNET BT GNEISS,MICA SCHIST",Evergreen Closed Forest,Rainfall,2023,Brahmaputra Basin,Brahmaputra Lower,"RESOURCESAT-2 LISS IV, 10m CARTODEM, Geomorphology 50K, LULC 10k(2018-2023), India-WRIS",LS_SIKKIM_2023.207,MultiPolygon
SK /PKY /78A12 /2023 /19,SIKKIM,PAKYONG,78A12,27.2331,88.7024,155.002,59.054,31.1700439453,4657.16018905,Active,Moderately Dissected Structural Hills and Valleys,"BANDED MIGMATITE, GARNET BT GNEISS,MICA SCHIST",Wasteland - Dense Scrub Land,Rainfall,2023,Brahmaputra Basin,Brahmaputra Lower,"RESOURCESAT-2 LISS IV, 10m CARTODEM, Geomorphology 50K, LULC 10k(2018-2023), India-WRIS",LS_SIKKIM_2023.215,MultiPolygon
SK /PKY /78A16 /2023 /1,SIKKIM,PAKYONG,78A16,27.2347,88.7567,71.385,45.162,15.9008789063,2489.13761826,Active,River,"BANDED MIGMATITE, GARNET BT GNEISS,MICA SCHIST",Evergreen Closed Forest,Rainfall,2023,Brahmaputra Basin,Brahmaputra Lower,"RESOURCESAT-2 LISS IV, 10m CARTODEM, Geomorphology 50K, LULC 10k(2018-2023), India-WRIS",LS_SIKKIM_2023.201,MultiPolygon
SK /SRG /78A4 /2023 /30,SIKKIM,SORENG,78A4,27.2481,88.0443,88.275,35.046,132.184692383,2155.04914671,Active,Highly Dissected Structural Hills and Valleys,"BANDED MIGMATITE, GARNET BT GNEISS,MICA SCHIST",Evergreen Closed Forest,Rainfall,2023,Brahmaputra Basin,Brahmaputra Lower,"RESOURCESAT-2 LISS IV, 10m CARTODEM, Geomorphology 50K, LULC 10k(2018-2023), India-WRIS",LS_SIKKIM_2023.35,MultiPolygon
SK /GYL /78A4 /2023 /43,SIKKIM,GYALSHING,78A4,27.2445,88.2365,63.39,33.814,11.6192626953,1633.62579992,Active,Moderately Dissected Structural Hills and Valleys,CHLORITE SERICITE SCHIST AND QUARTZITE,Evergreen Closed Forest,Rainfall,2023,Brahmaputra Basin,Brahmaputra Lower,"RESOURCESAT-2 LISS IV, 10m CARTODEM, Geomorphology 50K, LULC 10k(2018-2023), India-WRIS",LS_SIKKIM_2023.55,MultiPolygon
SK /GYL /78A7 /2023 /5,SIKKIM,GYALSHING,78A7,27.2503,88.2663,66.314,36.417,20.0,1661.20367958,Active,Moderately Dissected Structural Hills and Valleys,CHLORITE SERICITE SCHIST AND QUARTZITE,Evergreen Closed Forest,Rainfall,2023,Brahmaputra Basin,Brahmaputra Lower,"RESOURCESAT-2 LISS IV, 10m CARTODEM, Geomorphology 50K, LULC 10k(2018-2023), India-WRIS",LS_SIKKIM_2023.61,MultiPolygon
SK /GYL /78A7 /2023 /18,SIKKIM,GYALSHING,78A7,27.2541,88.2631,44.655,35.81,77.5067138672,1220.64150173,Active,Moderately Dissected Structural Hills and Valleys,CHLORITE SERICITE SCHIST AND QUARTZITE,Evergreen Closed Forest,Rainfall,2023,Brahmaputra Basin,Brahmaputra Lower,"RESOURCESAT-2 LISS IV, 10m CARTODEM, Geomorphology 50K, LULC 10k(2018-2023), India-WRIS",LS_SIKKIM_2023.74,MultiPolygon
SK /GYL /78A7 /2023 /44,SIKKIM,GYALSHING,78A7,27.251,88.265,361.559,113.427,30.3862304688,25410.0802766,Active,Moderately Dissected Structural Hills and Valleys,CHLORITE SERICITE SCHIST AND QUARTZITE,Evergreen Closed Forest,Rainfall,2023,Brahmaputra Basin,Brahmaputra Lower,"RESOURCESAT-2 LISS IV, 10m CARTODEM, Geomorphology 50K, LULC 10k(2018-2023), India-WRIS",LS_SIKKIM_2023.129,MultiPolygon
SK /SRG /78A8 /2023 /6,SIKKIM,SORENG,78A8,27.2445,88.2789,268.548,66.611,56.0038146973,9268.25902429,Active,Moderately Dissected Structural Hills and Valleys,CHLORITE SERICITE SCHIST AND QUARTZITE,Agriculture - Single crop Land,Rainfall,2023,Brahmaputra Basin,Brahmaputra Lower,"RESOURCESAT-2 LISS IV, 10m CARTODEM, Geomorphology 50K, LULC 10k(2018-2023), India-WRIS",LS_SIKKIM_2023.34,MultiPolygon
SK /NAM /78A8 /2023 /25,SIKKIM,NAMCHI,78A8,27.2449,88.3942,112.259,46.081,70.1884765625,3238.57895032,Active,Moderately Dissected Structural Hills and Valleys,CHLORITE SERICITE SCHIST AND QUARTZITE,Wasteland - Dense Scrub Land,Road Cutting,2023,Brahmaputra Basin,Brahmaputra Lower,"RESOURCESAT-2 LISS IV, 10m CARTODEM, Geomorphology 50K, LULC 10k(2018-2023), India-WRIS",LS_SIKKIM_2023.156,MultiPolygon
SK /GTK /78A8 /2023 /48,SIKKIM,GANGTOK,78A8,27.2468,88.4919,86.085,54.148,145.534057617,3553.90548452,Active,Moderately Dissected Structural Hills and Valleys,CHLORITE SERICITE SCHIST AND QUARTZITE,Evergreen Open Forest,Rainfall,2023,Brahmaputra Basin,Brahmaputra Lower,"RESOURCESAT-2 LISS IV, 10m CARTODEM, Geomorphology 50K, LULC 10k(2018-2023), India-WRIS",LS_SIKKIM_2023.220,MultiPolygon
SK /PKY /78A12 /2023 /8,SIKKIM,PAKYONG,78A12,27.2429,88.6156,96.483,33.24,101.992553711,2586.05819606,Active,Moderately Dissected Structural Hills and Valleys,CHLORITE SERICITE SCHIST AND QUARTZITE,Evergreen Closed Forest,Rainfall,2023,Brahmaputra Basin,Brahmaputra Lower,"RESOURCESAT-2 LISS IV, 10m CARTODEM, Geomorphology 50K, LULC 10k(2018-2023), India-WRIS",LS_SIKKIM_2023.202,MultiPolygon
SK /PKY /78A12 /2023 /11,SIKKIM,PAKYONG,78A12,27.2373,88.6993,136.856,32.654,91.0,2527.00872385,Active,Moderately Dissected Structural Hills and Valleys,"QUARTZITE,MICA SCHIST, GNEISS,CALCGRANULITE",Wasteland - Dense Scrub Land,Rainfall,2023,Brahmaputra Basin,Brahmaputra Lower,"RESOURCESAT-2 LISS IV, 10m CARTODEM, Geomorphology 50K, LULC 10k(2018-2023), India-WRIS",LS_SIKKIM_2023.205,MultiPolygon
SK /PKY /78A11 /2023 /3,SIKKIM,PAKYONG,78A11,27.2527,88.7027,102.286,72.386,38.8876953125,5000.72013659,Active,Moderately Dissected Structural Hills and Valleys,"QUARTZITE,MICA SCHIST, GNEISS,CALCGRANULITE",Wasteland - Sparse Scrub Land,Rainfall,2023,Brahmaputra Basin,Brahmaputra Lower,"RESOURCESAT-2 LISS IV, 10m CARTODEM, Geomorphology 50K, LULC 10k(2018-2023), India-WRIS",LS_SIKKIM_2023.210,MultiPolygon
SK /PKY /78A12 /2023 /5,SIKKIM,PAKYONG,78A12,27.2407,88.7401,127.991,27.763,66.2730712891,2286.21451425,Active,Highly Dissected Structural Hills and Valleys,"BANDED MIGMATITE, GARNET BT GNEISS,MICA SCHIST",Wasteland - Sparse Scrub Land,Rainfall,2023,Brahmaputra Basin,Brahmaputra Lower,"RESOURCESAT-2 LISS IV, 10m CARTODEM, Geomorphology 50K, LULC 10k(2018-2023), India-WRIS",LS_SIKKIM_2023.197,MultiPolygon
SK /PKY /78A12 /2023 /6,SIKKIM,PAKYONG,78A12,27.2403,88.7402,45.043,21.617,26.0,752.362486097,Active,Highly Dissected Structural Hills and Valleys,"BANDED MIGMATITE, GARNET BT GNEISS,MICA SCHIST",Wasteland - Sparse Scrub Land,Rainfall,2023,Brahmaputra Basin,Brahmaputra Lower,"RESOURCESAT-2 LISS IV, 10m CARTODEM, Geomorphology 50K, LULC 10k(2018-2023), India-WRIS",LS_SIKKIM_2023.198,MultiPolygon
SK /GYL /78A3 /2023 /28,SIKKIM,GYALSHING,78A3,27.269,88.0625,79.385,27.288,34.0,1503.98795127,Active,Highly Dissected Structural Hills and Valleys,"BANDED MIGMATITE, GARNET BT GNEISS,MICA SCHIST",Semi- Evergreen Open Forest,Rainfall,2023,Brahmaputra Basin,Brahmaputra Lower,"RESOURCESAT-2 LISS IV, 10m CARTODEM, Geomorphology 50K, LULC 10k(2018-2023), India-WRIS",LS_SIKKIM_2023.102,MultiPolygon
SK /GYL /78A3 /2023 /33,SIKKIM,GYALSHING,78A3,27.2654,88.1598,61.913,44.568,132.635681152,1969.55317966,Active,Highly Dissected Structural Hills and Valleys,"BANDED MIGMATITE, GARNET BT GNEISS,MICA SCHIST",Semi- Evergreen Open Forest,Rainfall,2023,Brahmaputra Basin,Brahmaputra Lower,"RESOURCESAT-2 LISS IV, 10m CARTODEM, Geomorphology 50K, LULC 10k(2018-2023), India-WRIS",LS_SIKKIM_2023.127,MultiPolygon
SK /GYL /78A3 /2023 /35,SIKKIM,GYALSHING,78A3,27.2707,88.2133,133.495,103.87,20.3767089844,7749.73100742,Active,Moderately Dissected Structural Hills and Valleys,MYLONITIC GRANITE GNEISS,Evergreen Closed Forest,Rainfall,2023,Brahmaputra Basin,Brahmaputra Lower,"RESOURCESAT-2 LISS IV, 10m CARTODEM, Geomorphology 50K, LULC 10k(2018-2023), India-WRIS",LS_SIKKIM_2023.130,MultiPolygon
SK /GYL /78A3 /2023 /36,SIKKIM,GYALSHING,78A3,27.2702,88.2125,65.766,33.46,36.0274047852,1547.58872993,Active,Moderately Dissected Structural Hills and Valleys,MYLONITIC GRANITE GNEISS,Evergreen Closed Forest,Rainfall,2023,Brahmaputra Basin,Brahmaputra Lower,"RESOURCESAT-2 LISS IV, 10m CARTODEM, Geomorphology 50K, LULC 10k(2018-2023), India-WRIS",LS_SIKKIM_2023.131,MultiPolygon
SK /GYL /78A3 /2023 /1,SIKKIM,GYALSHING,78A3,27.2713,88.2162,237.538,103.532,15.3308105469,17927.9686834,Active,Moderately Dissected Structural Hills and Valleys,MYLONITIC GRANITE GNEISS,Agriculture - Fallow Land,Rainfall,2023,Brahmaputra Basin,Brahmaputra Lower,"RESOURCESAT-2 LISS IV, 10m CARTODEM, Geomorphology 50K, LULC 10k(2018-2023), India-WRIS",LS_SIKKIM_2023.56,MultiPolygon
SK /GYL /78A3 /2023 /2,SIKKIM,GYALSHING,78A3,27.2674,88.2373,107.829,103.408,48.0,7659.71386885,Active,Moderately Dissected Structural Hills and Valleys,CHLORITE SERICITE SCHIST AND QUARTZITE,Agriculture - Single crop Land,Road Cutting,2023,Brahmaputra Basin,Brahmaputra Lower,"RESOURCESAT-2 LISS IV, 10m CARTODEM, Geomorphology 50K, LULC 10k(2018-2023), India-WRIS",LS_SIKKIM_2023.57,MultiPolygon
SK /GYL /78A3 /2023 /3,SIKKIM,GYALSHING,78A3,27.2664,88.2395,141.959,103.043,86.0,9044.64333392,Active,Moderately Dissected Structural Hills and Valleys,CHLORITE SERICITE SCHIST AND QUARTZITE,Evergreen Closed Forest,Road Cutting,2023,Brahmaputra Basin,Brahmaputra Lower,"RESOURCESAT-2 LISS IV, 10m CARTODEM, Geomorphology 50K, LULC 10k(2018-2023), India-WRIS",LS_SIKKIM_2023.58,MultiPolygon
SK /GYL /78A3 /2023 /30,SIKKIM,GYALSHING,78A3,27.2657,88.2454,51.196,31.158,30.5802001953,1219.88337691,Active,Moderately Dissected Structural Hills and Valleys,CHLORITE SERICITE SCHIST AND QUARTZITE,Evergreen Closed Forest,Rainfall,2023,Brahmaputra Basin,Brahmaputra Lower,"RESOURCESAT-2 LISS IV, 10m CARTODEM, Geomorphology 50K, LULC 10k(2018-2023), India-WRIS",LS_SIKKIM_2023.123,MultiPolygon
SK /GYL /78A3 /2023 /31,SIKKIM,GYALSHING,78A3,27.2652,88.2452,45.659,38.531,12.412109375,1337.28099718,Active,Moderately Dissected Structural Hills and Valleys,CHLORITE SERICITE SCHIST AND QUARTZITE,Evergreen Closed Forest,Rainfall,2023,Brahmaputra Basin,Brahmaputra Lower,"RESOURCESAT-2 LISS IV, 10m CARTODEM, Geomorphology 50K, LULC 10k(2018-2023), India-WRIS",LS_SIKKIM_2023.124,MultiPolygon
SK /GYL /78A3 /2023 /39,SIKKIM,GYALSHING,78A3,27.2645,88.245,102.376,33.386,21.3216552734,1992.62232168,Active,Moderately Dissected Structural Hills and Valleys,CHLORITE SERICITE SCHIST AND QUARTZITE,Evergreen Closed Forest,Rainfall,2023,Brahmaputra Basin,Brahmaputra Lower,"RESOURCESAT-2 LISS IV, 10m CARTODEM, Geomorphology 50K, LULC 10k(2018-2023), India-WRIS",LS_SIKKIM_2023.134,MultiPolygon
SK /GYL /78A7 /2023 /7,SIKKIM,GYALSHING,78A7,27.2557,88.2613,122.991,53.199,24.104675293,4000.13772631,Reactivated,Moderately Dissected Structural Hills and Valleys,CHLORITE SERICITE SCHIST AND QUARTZITE,Evergreen Closed Forest,Rainfall,2023,Brahmaputra Basin,Brahmaputra Lower,"RESOURCESAT-2 LISS IV, 10m CARTODEM, Geomorphology 50K, LULC 10k(2018-2023), India-WRIS",LS_SIKKIM_2023.63,MultiPolygon
SK /GYL /78A7 /2023 /8,SIKKIM,GYALSHING,78A7,27.2702,88.2542,91.517,48.702,378.492980957,2254.71696381,Active,Moderately Dissected Structural Hills and Valleys,CHLORITE SERICITE SCHIST AND QUARTZITE,Semi- Evergreen Open Forest,Rainfall,2023,Brahmaputra Basin,Brahmaputra Lower,"RESOURCESAT-2 LISS IV, 10m CARTODEM, Geomorphology 50K, LULC 10k(2018-2023), India-WRIS",LS_SIKKIM_2023.64,MultiPolygon
SK /GYL /78A7 /2023 /9,SIKKIM,GYALSHING,78A7,27.2731,88.266,35.719,30.163,83.0996704102,839.214136205,Active,Moderately Dissected Structural Hills and Valleys,CHLORITE SERICITE SCHIST AND QUARTZITE,Semi- Evergreen Open Forest,Rainfall,2023,Brahmaputra Basin,Brahmaputra Lower,"RESOURCESAT-2 LISS IV, 10m CARTODEM, Geomorphology 50K, LULC 10k(2018-2023), India-WRIS",LS_SIKKIM_2023.65,MultiPolygon
SK /NAM /78A7 /2023 /49,SIKKIM,NAMCHI,78A7,27.26,88.3048,89.552,54.847,39.1117248535,3577.16577393,Active,Moderately Dissected Structural Hills and Valleys,"SANDSTONE,SHALE WITH MINOR COAL",Wasteland - Dense Scrub Land,Rainfall,2023,Brahmaputra Basin,Brahmaputra Lower,"RESOURCESAT-2 LISS IV, 10m CARTODEM, Geomorphology 50K, LULC 10k(2018-2023), India-WRIS",LS_SIKKIM_2023.158,MultiPolygon
SK /NAM /78A7 /2023 /56,SIKKIM,NAMCHI,78A7,27.2702,88.3934,96.419,89.52,94.8510742188,3671.31862888,Reactivated,Moderately Dissected Structural Hills and Valleys,CHLORITE SERICITE SCHIST AND QUARTZITE,Evergreen Closed Forest,Rainfall,2023,Brahmaputra Basin,Brahmaputra Lower,"RESOURCESAT-2 LISS IV, 10m CARTODEM, Geomorphology 50K, LULC 10k(2018-2023), India-WRIS",LS_SIKKIM_2023.165,MultiPolygon
SK /GTK /78A7 /2023 /63,SIKKIM,GANGTOK,78A7,27.2691,88.4661,174.179,34.278,268.602905273,2808.37141693,Active,Moderately Dissected Structural Hills and Valleys,CHLORITE SERICITE SCHIST AND QUARTZITE,Evergreen Closed Forest,Rainfall,2023,Brahmaputra Basin,Brahmaputra Lower,"RESOURCESAT-2 LISS IV, 10m CARTODEM, Geomorphology 50K, LULC 10k(2018-2023), India-WRIS",LS_SIKKIM_2023.221,MultiPolygon
SK /GTK /78A11 /2023 /7,SIKKIM,GANGTOK,78A11,27.2654,88.5321,73.195,32.66,63.1723632813,1677.37003337,Active,Moderately Dissected Structural Hills and Valleys,CHLORITE SERICITE SCHIST AND QUARTZITE,Evergreen Open Forest,Rainfall,2023,Brahmaputra Basin,Brahmaputra Lower,"RESOURCESAT-2 LISS IV, 10m CARTODEM, Geomorphology 50K, LULC 10k(2018-2023), India-WRIS",LS_SIKKIM_2023.224,MultiPolygon
SK /GTK /78A11 /2023 /17,SIKKIM,GANGTOK,78A11,27.2666,88.5567,49.841,12.948,187.668945313,473.38826594,Active,Moderately Dissected Structural Hills and Valleys,CHLORITE SERICITE SCHIST AND QUARTZITE,Evergreen Open Forest,Rainfall,2023,Brahmaputra Basin,Brahmaputra Lower,"RESOURCESAT-2 LISS IV, 10m CARTODEM, Geomorphology 50K, LULC 10k(2018-2023), India-WRIS",LS_SIKKIM_2023.234,MultiPolygon
SK /GYL /78A3 /2023 /32,SIKKIM,GYALSHING,78A3,27.2814,88.0987,109.235,73.223,37.0515136719,4259.4435622,Active,Highly Dissected Structural Hills and Valleys,"BANDED MIGMATITE, GARNET BT GNEISS,MICA SCHIST",Semi- Evergreen Open Forest,Rainfall,2023,Brahmaputra Basin,Brahmaputra Lower,"RESOURCESAT-2 LISS IV, 10m CARTODEM, Geomorphology 50K, LULC 10k(2018-2023), India-WRIS",LS_SIKKIM_2023.126,MultiPolygon
SK /GYL /78A3 /2023 /34,SIKKIM,GYALSHING,78A3,27.2794,88.0976,56.144,36.975,75.408996582,1530.08011522,Active,Moderately Dissected Structural Hills and Valleys,"BANDED MIGMATITE, GARNET BT GNEISS,MICA SCHIST",Evergreen Closed Forest,Rainfall,2023,Brahmaputra Basin,Brahmaputra Lower,"RESOURCESAT-2 LISS IV, 10m CARTODEM, Geomorphology 50K, LULC 10k(2018-2023), India-WRIS",LS_SIKKIM_2023.128,MultiPolygon
SK /GYL /78A3 /2023 /37,SIKKIM,GYALSHING,78A3,27.28,88.0971,101.29,54.958,70.0,4222.13338611,Active,Highly Dissected Structural Hills and Valleys,"BANDED MIGMATITE, GARNET BT GNEISS,MICA SCHIST",Others - Snow Covered,Rainfall,2023,Brahmaputra Basin,Brahmaputra Lower,"RESOURCESAT-2 LISS IV, 10m CARTODEM, Geomorphology 50K, LULC 10k(2018-2023), India-WRIS",LS_SIKKIM_2023.132,MultiPolygon
SK /GYL /78A3 /2023 /38,SIKKIM,GYALSHING,78A3,27.2804,88.0981,47.869,30.764,24.0,1046.64446304,Active,Moderately Dissected Structural Hills and Valleys,"BANDED MIGMATITE, GARNET BT GNEISS,MICA SCHIST",Others - Snow Covered,Rainfall,2023,Brahmaputra Basin,Brahmaputra Lower,"RESOURCESAT-2 LISS IV, 10m CARTODEM, Geomorphology 50K, LULC 10k(2018-2023), India-WRIS",LS_SIKKIM_2023.133,MultiPolygon
SK /GYL /78A3 /2023 /9,SIKKIM,GYALSHING,78A3,27.2764,88.1248,128.229,45.475,19.9663085938,4352.53546538,Active,Highly Dissected Structural Hills and Valleys,"BANDED MIGMATITE, GARNET BT GNEISS,MICA SCHIST",Semi- Evergreen Open Forest,Rainfall,2023,Brahmaputra Basin,Brahmaputra Lower,"RESOURCESAT-2 LISS IV, 10m CARTODEM, Geomorphology 50K, LULC 10k(2018-2023), India-WRIS",LS_SIKKIM_2023.81,MultiPolygon
SK /GYL /78A7 /2023 /10,SIKKIM,GYALSHING,78A7,27.2812,88.2506,39.648,37.96,80.8909912109,1105.98537833,Active,Moderately Dissected Structural Hills and Valleys,CHLORITE SERICITE SCHIST AND QUARTZITE,Semi- Evergreen Open Forest,Rainfall,2023,Brahmaputra Basin,Brahmaputra Lower,"RESOURCESAT-2 LISS IV, 10m CARTODEM, Geomorphology 50K, LULC 10k(2018-2023), India-WRIS",LS_SIKKIM_2023.66,MultiPolygon
SK /GYL /78A7 /2023 /11,SIKKIM,GYALSHING,78A7,27.2918,88.2619,98.079,38.972,9.99182128906,2661.95809629,Active,Moderately Dissected Structural Hills and Valleys,CHLORITE SERICITE SCHIST AND QUARTZITE,Wasteland - Dense Scrub Land,Rainfall,2023,Brahmaputra Basin,Brahmaputra Lower,"RESOURCESAT-2 LISS IV, 10m CARTODEM, Geomorphology 50K, LULC 10k(2018-2023), India-WRIS",LS_SIKKIM_2023.67,MultiPolygon
SK /GYL /78A7 /2023 /17,SIKKIM,GYALSHING,78A7,27.2941,88.262,199.114,34.806,84.9678955078,3883.41026313,Reactivated,Moderately Dissected Structural Hills and Valleys,CHLORITE SERICITE SCHIST AND QUARTZITE,Evergreen Closed Forest,Rainfall,2023,Brahmaputra Basin,Brahmaputra Lower,"RESOURCESAT-2 LISS IV, 10m CARTODEM, Geomorphology 50K, LULC 10k(2018-2023), India-WRIS",LS_SIKKIM_2023.73,MultiPolygon
SK /GYL /78A7 /2023 /20,SIKKIM,GYALSHING,78A7,27.2909,88.2723,42.893,20.158,2.37768554688,564.972380136,Active,Moderately Dissected Structural Hills and Valleys,CHLORITE SERICITE SCHIST AND QUARTZITE,Wasteland - Dense Scrub Land,Rainfall,2023,Brahmaputra Basin,Brahmaputra Lower,"RESOURCESAT-2 LISS IV, 10m CARTODEM, Geomorphology 50K, LULC 10k(2018-2023), India-WRIS",LS_SIKKIM_2023.76,MultiPolygon
SK /GYL /78A7 /2023 /45,SIKKIM,GYALSHING,78A7,27.2868,88.2633,892.073,408.458,20.8969726563,215768.344727,Reactivated,Moderately Dissected Structural Hills and Valleys,CHLORITE SERICITE SCHIST AND QUARTZITE,Semi- Evergreen Open Forest,Rainfall,2023,Brahmaputra Basin,Brahmaputra Lower,"RESOURCESAT-2 LISS IV, 10m CARTODEM, Geomorphology 50K, LULC 10k(2018-2023), India-WRIS",LS_SIKKIM_2023.136,MultiPolygon
SK /GYL /78A7 /2023 /12,SIKKIM,GYALSHING,78A7,27.2874,88.2805,53.465,26.53,31.0,1044.26978234,Active,Moderately Dissected Structural Hills and Valleys,CHLORITE SERICITE SCHIST AND QUARTZITE,Semi- Evergreen Open Forest,Rainfall,2023,Brahmaputra Basin,Brahmaputra Lower,"RESOURCESAT-2 LISS IV, 10m CARTODEM, Geomorphology 50K, LULC 10k(2018-2023), India-WRIS",LS_SIKKIM_2023.68,MultiPolygon
SK /GYL /78A7 /2023 /13,SIKKIM,GYALSHING,78A7,27.2894,88.2758,314.807,52.59,240.0,5637.96360439,Active,Moderately Dissected Structural Hills and Valleys,CHLORITE SERICITE SCHIST AND QUARTZITE,Wasteland - Dense Scrub Land,Rainfall,2023,Brahmaputra Basin,Brahmaputra Lower,"RESOURCESAT-2 LISS IV, 10m CARTODEM, Geomorphology 50K, LULC 10k(2018-2023), India-WRIS",LS_SIKKIM_2023.69,MultiPolygon
SK /GYL /78A7 /2023 /14,SIKKIM,GYALSHING,78A7,27.293,88.288,73.025,28.575,18.2095947266,1536.18512658,Reactivated,Moderately Dissected Structural Hills and Valleys,CHLORITE SERICITE SCHIST AND QUARTZITE,Wasteland - Dense Scrub Land,Rainfall,2023,Brahmaputra Basin,Brahmaputra Lower,"RESOURCESAT-2 LISS IV, 10m CARTODEM, Geomorphology 50K, LULC 10k(2018-2023), India-WRIS",LS_SIKKIM_2023.70,MultiPolygon
SK /GYL /78A7 /2023 /15,SIKKIM,GYALSHING,78A7,27.2929,88.2862,271.809,180.662,411.0,27423.7250636,Active,Moderately Dissected Structural Hills and Valleys,CHLORITE SERICITE SCHIST AND QUARTZITE,Wasteland - Dense Scrub Land,Rainfall,2023,Brahmaputra Basin,Brahmaputra Lower,"RESOURCESAT-2 LISS IV, 10m CARTODEM, Geomorphology 50K, LULC 10k(2018-2023), India-WRIS",LS_SIKKIM_2023.71,MultiPolygon
SK /NAM /78A7 /2023 /50,SIKKIM,NAMCHI,78A7,27.2774,88.2784,289.253,126.644,120.904541016,24061.6570516,Reactivated,Moderately Dissected Structural Hills and Valleys,CHLORITE SERICITE SCHIST AND QUARTZITE,Wasteland - Dense Scrub Land,Rainfall,2023,Brahmaputra Basin,Brahmaputra Lower,"RESOURCESAT-2 LISS IV, 10m CARTODEM, Geomorphology 50K, LULC 10k(2018-2023), India-WRIS",LS_SIKKIM_2023.159,MultiPolygon
SK /NAM /78A7 /2023 /53,SIKKIM,NAMCHI,78A7,27.2793,88.3325,59.438,31.861,5.70861816406,1426.14333258,Active,Moderately Dissected Structural Hills and Valleys,CHLORITE SERICITE SCHIST AND QUARTZITE,Wasteland - Dense Scrub Land,Rainfall,2023,Brahmaputra Basin,Brahmaputra Lower,"RESOURCESAT-2 LISS IV, 10m CARTODEM, Geomorphology 50K, LULC 10k(2018-2023), India-WRIS",LS_SIKKIM_2023.162,MultiPolygon
SK /NAM /78A7 /2023 /59,SIKKIM,NAMCHI,78A7,27.2934,88.3889,215.405,53.359,34.5032958984,5304.12470744,Active,Moderately Dissected Structural Hills and Valleys,CHLORITE SERICITE SCHIST AND QUARTZITE,Wasteland - Dense Scrub Land,Rainfall,2023,Brahmaputra Basin,Brahmaputra Lower,"RESOURCESAT-2 LISS IV, 10m CARTODEM, Geomorphology 50K, LULC 10k(2018-2023), India-WRIS",LS_SIKKIM_2023.186,MultiPolygon
SK /NAM /78A7 /2023 /60,SIKKIM,NAMCHI,78A7,27.2929,88.3879,386.583,91.018,181.127807617,11091.5121651,Active,Moderately Dissected Structural Hills and Valleys,CHLORITE SERICITE SCHIST AND QUARTZITE,Wasteland - Dense Scrub Land,Rainfall,2023,Brahmaputra Basin,Brahmaputra Lower,"RESOURCESAT-2 LISS IV, 10m CARTODEM, Geomorphology 50K, LULC 10k(2018-2023), India-WRIS",LS_SIKKIM_2023.187,MultiPolygon
SK /GTK /78A11 /2023 /6,SIKKIM,GANGTOK,78A11,27.2896,88.5496,118.91,30.736,26.6151733398,2108.44894391,Reactivated,Moderately Dissected Structural Hills and Valleys,CHLORITE SERICITE SCHIST AND QUARTZITE,Wasteland - Sparse Scrub Land,Rainfall,2023,Brahmaputra Basin,Brahmaputra Lower,"RESOURCESAT-2 LISS IV, 10m CARTODEM, Geomorphology 50K, LULC 10k(2018-2023), India-WRIS",LS_SIKKIM_2023.223,MultiPolygon
SK /GTK /78A11 /2023 /19,SIKKIM,GANGTOK,78A11,27.2895,88.5517,267.156,59.316,103.667602539,7064.26225419,Reactivated,Moderately Dissected Structural Hills and Valleys,MYLONITIC GRANITE GNEISS,Wasteland - Dense Scrub Land,Rainfall,2023,Brahmaputra Basin,Brahmaputra Lower,"RESOURCESAT-2 LISS IV, 10m CARTODEM, Geomorphology 50K, LULC 10k(2018-2023), India-WRIS",LS_SIKKIM_2023.238,MultiPolygon
SK /GTK /78A11 /2023 /20,SIKKIM,GANGTOK,78A11,27.2773,88.5577,51.066,37.359,52.634765625,1303.10813923,Active,Moderately Dissected Structural Hills and Valleys,MYLONITIC GRANITE GNEISS,Wasteland - Sparse Scrub Land,Rainfall,2023,Brahmaputra Basin,Brahmaputra Lower,"RESOURCESAT-2 LISS IV, 10m CARTODEM, Geomorphology 50K, LULC 10k(2018-2023), India-WRIS",LS_SIKKIM_2023.239,MultiPolygon
SK /PKY /78A11 /2023 /4,SIKKIM,PAKYONG,78A11,27.2802,88.7155,132.925,131.749,19.0487976074,10825.719734,Active,Moderately Dissected Structural Hills and Valleys,"BANDED MIGMATITE, GARNET BT GNEISS,MICA SCHIST",Evergreen Closed Forest,Rainfall,2023,Brahmaputra Basin,Brahmaputra Lower,"RESOURCESAT-2 LISS IV, 10m CARTODEM, Geomorphology 50K, LULC 10k(2018-2023), India-WRIS",LS_SIKKIM_2023.216,MultiPolygon
SK /GYL /78A3 /2023 /5,SIKKIM,GYALSHING,78A3,27.3051,88.1961,124.986,45.581,13.0809326172,4428.85247344,Active,Moderately Dissected Structural Hills and Valleys,"BANDED MIGMATITE, GARNET BT GNEISS,MICA SCHIST",Evergreen Closed Forest,Rainfall,2023,Brahmaputra Basin,Brahmaputra Lower,"RESOURCESAT-2 LISS IV, 10m CARTODEM, Geomorphology 50K, LULC 10k(2018-2023), India-WRIS",LS_SIKKIM_2023.60,MultiPolygon
SK /GYL /78A3 /2023 /29,SIKKIM,GYALSHING,78A3,27.312,88.2307,106.7,52.079,144.152954102,3401.79012045,Active,Moderately Dissected Structural Hills and Valleys,MYLONITIC GRANITE GNEISS,Evergreen Closed Forest,Rainfall,2023,Brahmaputra Basin,Brahmaputra Lower,"RESOURCESAT-2 LISS IV, 10m CARTODEM, Geomorphology 50K, LULC 10k(2018-2023), India-WRIS",LS_SIKKIM_2023.122,MultiPolygon
SK /NAM /78A7 /2023 /52,SIKKIM,NAMCHI,78A7,27.3008,88.3916,1576.35,575.204,22.6553955078,480139.797263,Reactivated,Moderately Dissected Structural Hills and Valleys,CHLORITE SERICITE SCHIST AND QUARTZITE,Wasteland - Dense Scrub Land,Rainfall,2023,Brahmaputra Basin,Brahmaputra Lower,"RESOURCESAT-2 LISS IV, 10m CARTODEM, Geomorphology 50K, LULC 10k(2018-2023), India-WRIS",LS_SIKKIM_2023.161,MultiPolygon
SK /GTK /78A11 /2023 /15,SIKKIM,GANGTOK,78A11,27.308,88.6115,56.698,31.549,49.0,1249.1553046,Active,Moderately Dissected Structural Hills and Valleys,CHLORITE SERICITE SCHIST AND QUARTZITE,Evergreen Open Forest,Rainfall,2023,Brahmaputra Basin,Brahmaputra Lower,"RESOURCESAT-2 LISS IV, 10m CARTODEM, Geomorphology 50K, LULC 10k(2018-2023), India-WRIS",LS_SIKKIM_2023.232,MultiPolygon
SK /PKY /78A11 /2023 /1,SIKKIM,PAKYONG,78A11,27.3106,88.7104,49.53,30.345,65.6688232422,962.746700794,Active,Highly Dissected Structural Hills and Valleys,"BANDED MIGMATITE, GARNET BT GNEISS,MICA SCHIST",Evergreen Closed Forest,Rainfall,2023,Brahmaputra Basin,Brahmaputra Lower,"RESOURCESAT-2 LISS IV, 10m CARTODEM, Geomorphology 50K, LULC 10k(2018-2023), India-WRIS",LS_SIKKIM_2023.199,MultiPolygon
SK /GYL /78A7 /2023 /24,SIKKIM,GYALSHING,78A7,27.3309,88.2641,115.41,81.773,68.0,7242.40520787,Active,Moderately Dissected Structural Hills and Valleys,CHLORITE SERICITE SCHIST AND QUARTZITE,Semi- Evergreen Open Forest,Rainfall,2023,Brahmaputra Basin,Brahmaputra Lower,"RESOURCESAT-2 LISS IV, 10m CARTODEM, Geomorphology 50K, LULC 10k(2018-2023), India-WRIS",LS_SIKKIM_2023.103,MultiPolygon
SK /GYL /78A7 /2023 /38,SIKKIM,GYALSHING,78A7,27.3278,88.2712,63.055,59.573,37.0,2590.25313628,Reactivated,Moderately Dissected Structural Hills and Valleys,CHLORITE SERICITE SCHIST AND QUARTZITE,Evergreen Open Forest,Rainfall,2023,Brahmaputra Basin,Brahmaputra Lower,"RESOURCESAT-2 LISS IV, 10m CARTODEM, Geomorphology 50K, LULC 10k(2018-2023), India-WRIS",LS_SIKKIM_2023.117,MultiPolygon
SK /GYL /78A7 /2023 /47,SIKKIM,GYALSHING,78A7,27.3311,88.2654,263.11,106.243,36.7265625,16956.5191283,Reactivated,Moderately Dissected Structural Hills and Valleys,CHLORITE SERICITE SCHIST AND QUARTZITE,Agriculture - Single crop Land,Rainfall,2023,Brahmaputra Basin,Brahmaputra Lower,"RESOURCESAT-2 LISS IV, 10m CARTODEM, Geomorphology 50K, LULC 10k(2018-2023), India-WRIS",LS_SIKKIM_2023.138,MultiPolygon
SK /NAM /78A7 /2023 /54,SIKKIM,NAMCHI,78A7,27.3311,88.413,180.467,50.293,16.0521850586,4140.05141375,Active,Moderately Dissected Structural Hills and Valleys,CHLORITE SERICITE SCHIST AND QUARTZITE,Wasteland - Dense Scrub Land,Rainfall,2023,Brahmaputra Basin,Brahmaputra Lower,"RESOURCESAT-2 LISS IV, 10m CARTODEM, Geomorphology 50K, LULC 10k(2018-2023), India-WRIS",LS_SIKKIM_2023.163,MultiPolygon
SK /NAM /78A7 /2023 /55,SIKKIM,NAMCHI,78A7,27.3319,88.4142,148.993,44.743,10.0,4021.16975519,Reactivated,Moderately Dissected Structural Hills and Valleys,CHLORITE SERICITE SCHIST AND QUARTZITE,Wasteland - Dense Scrub Land,Rainfall,2023,Brahmaputra Basin,Brahmaputra Lower,"RESOURCESAT-2 LISS IV, 10m CARTODEM, Geomorphology 50K, LULC 10k(2018-2023), India-WRIS",LS_SIKKIM_2023.164,MultiPolygon
SK /NAM /78A7 /2023 /51,SIKKIM,NAMCHI,78A7,27.3319,88.4749,67.494,47.098,7.0,2157.78138144,Active,Moderately Dissected Structural Hills and Valleys,CHLORITE SERICITE SCHIST AND QUARTZITE,Evergreen Closed Forest,Rainfall,2023,Brahmaputra Basin,Brahmaputra Lower,"RESOURCESAT-2 LISS IV, 10m CARTODEM, Geomorphology 50K, LULC 10k(2018-2023), India-WRIS",LS_SIKKIM_2023.160,MultiPolygon
SK /GTK /78A11 /2023 /14,SIKKIM,GANGTOK,78A11,27.3331,88.623,87.037,22.157,170.521850586,1550.44289591,Active,Moderately Dissected Structural Hills and Valleys,CHLORITE SERICITE SCHIST AND QUARTZITE,Evergreen Open Forest,Rainfall,2023,Brahmaputra Basin,Brahmaputra Lower,"RESOURCESAT-2 LISS IV, 10m CARTODEM, Geomorphology 50K, LULC 10k(2018-2023), India-WRIS",LS_SIKKIM_2023.231,MultiPolygon
SK /GYL /78A3 /2023 /14,SIKKIM,GYALSHING,78A3,27.3529,88.0702,84.514,53.324,57.0,3164.20775053,Active,Highly Dissected Structural Hills and Valleys,"BANDED MIGMATITE, GARNET BT GNEISS,MICA SCHIST",Evergreen Closed Forest,Rainfall,2023,Brahmaputra Basin,Brahmaputra Lower,"RESOURCESAT-2 LISS IV, 10m CARTODEM, Geomorphology 50K, LULC 10k(2018-2023), India-WRIS",LS_SIKKIM_2023.86,MultiPolygon
SK /GYL /78A3 /2023 /16,SIKKIM,GYALSHING,78A3,27.3513,88.0733,84.346,58.33,24.0,3124.92681502,Active,Highly Dissected Structural Hills and Valleys,"BANDED MIGMATITE, GARNET BT GNEISS,MICA SCHIST",Evergreen Closed Forest,Rainfall,2023,Brahmaputra Basin,Brahmaputra Lower,"RESOURCESAT-2 LISS IV, 10m CARTODEM, Geomorphology 50K, LULC 10k(2018-2023), India-WRIS",LS_SIKKIM_2023.88,MultiPolygon
SK /GYL /78A3 /2023 /22,SIKKIM,GYALSHING,78A3,27.35,88.0719,30.983,20.305,21.9508056641,515.486704144,Active,Highly Dissected Structural Hills and Valleys,"BANDED MIGMATITE, GARNET BT GNEISS,MICA SCHIST",Evergreen Closed Forest,Rainfall,2023,Brahmaputra Basin,Brahmaputra Lower,"RESOURCESAT-2 LISS IV, 10m CARTODEM, Geomorphology 50K, LULC 10k(2018-2023), India-WRIS",LS_SIKKIM_2023.94,MultiPolygon
SK /GYL /78A3 /2023 /23,SIKKIM,GYALSHING,78A3,27.3412,88.0713,58.881,23.55,18.6024169922,1028.85289054,Active,Highly Dissected Structural Hills and Valleys,"BANDED MIGMATITE, GARNET BT GNEISS,MICA SCHIST",Evergreen Closed Forest,Rainfall,2023,Brahmaputra Basin,Brahmaputra Lower,"RESOURCESAT-2 LISS IV, 10m CARTODEM, Geomorphology 50K, LULC 10k(2018-2023), India-WRIS",LS_SIKKIM_2023.95,MultiPolygon
SK /GYL /78A3 /2023 /17,SIKKIM,GYALSHING,78A3,27.3521,88.0859,93.487,40.892,13.1402587891,2626.57536153,Active,Highly Dissected Structural Hills and Valleys,"BANDED MIGMATITE, GARNET BT GNEISS,MICA SCHIST",Evergreen Closed Forest,Rainfall,2023,Brahmaputra Basin,Brahmaputra Lower,"RESOURCESAT-2 LISS IV, 10m CARTODEM, Geomorphology 50K, LULC 10k(2018-2023), India-WRIS",LS_SIKKIM_2023.89,MultiPolygon
SK /GYL /78A3 /2023 /18,SIKKIM,GYALSHING,78A3,27.3522,88.0799,137.731,32.858,126.642822266,2270.24746891,Active,Highly Dissected Structural Hills and Valleys,"BANDED MIGMATITE, GARNET BT GNEISS,MICA SCHIST",Evergreen Closed Forest,Rainfall,2023,Brahmaputra Basin,Brahmaputra Lower,"RESOURCESAT-2 LISS IV, 10m CARTODEM, Geomorphology 50K, LULC 10k(2018-2023), India-WRIS",LS_SIKKIM_2023.90,MultiPolygon
SK /GYL /78A3 /2023 /21,SIKKIM,GYALSHING,78A3,27.3516,88.079,60.414,22.992,33.8336181641,995.18322444,Active,Highly Dissected Structural Hills and Valleys,"BANDED MIGMATITE, GARNET BT GNEISS,MICA SCHIST",Evergreen Closed Forest,Rainfall,2023,Brahmaputra Basin,Brahmaputra Lower,"RESOURCESAT-2 LISS IV, 10m CARTODEM, Geomorphology 50K, LULC 10k(2018-2023), India-WRIS",LS_SIKKIM_2023.93,MultiPolygon
SK /GYL /78A3 /2023 /27,SIKKIM,GYALSHING,78A3,27.3521,88.0816,39.431,22.138,6.32836914063,680.838492894,Active,Highly Dissected Structural Hills and Valleys,"BANDED MIGMATITE, GARNET BT GNEISS,MICA SCHIST",Evergreen Closed Forest,Rainfall,2023,Brahmaputra Basin,Brahmaputra Lower,"RESOURCESAT-2 LISS IV, 10m CARTODEM, Geomorphology 50K, LULC 10k(2018-2023), India-WRIS",LS_SIKKIM_2023.101,MultiPolygon
SK /GYL /78A3 /2023 /40,SIKKIM,GYALSHING,78A3,27.3519,88.0875,74.654,20.804,37.0104370117,1226.46168707,Active,Highly Dissected Structural Hills and Valleys,"BANDED MIGMATITE, GARNET BT GNEISS,MICA SCHIST",Others - Snow Covered,Rainfall,2023,Brahmaputra Basin,Brahmaputra Lower,"RESOURCESAT-2 LISS IV, 10m CARTODEM, Geomorphology 50K, LULC 10k(2018-2023), India-WRIS",LS_SIKKIM_2023.135,MultiPolygon
SK /GYL /78A3 /2023 /7,SIKKIM,GYALSHING,78A3,27.3481,88.1307,34.907,33.145,39.1520996094,909.38681937,Active,Moderately Dissected Structural Hills and Valleys,"BANDED MIGMATITE, GARNET BT GNEISS,MICA SCHIST",Evergreen Closed Forest,Rainfall,2023,Brahmaputra Basin,Brahmaputra Lower,"RESOURCESAT-2 LISS IV, 10m CARTODEM, Geomorphology 50K, LULC 10k(2018-2023), India-WRIS",LS_SIKKIM_2023.79,MultiPolygon
SK /GTK /78A7 /2023 /65,SIKKIM,GANGTOK,78A7,27.3431,88.4807,72.285,47.21,43.2359619141,2350.28661963,Active,Moderately Dissected Structural Hills and Valleys,CHLORITE SERICITE SCHIST AND QUARTZITE,Wasteland - Sparse Scrub Land,Rainfall,2023,Brahmaputra Basin,Brahmaputra Lower,"RESOURCESAT-2 LISS IV, 10m CARTODEM, Geomorphology 50K, LULC 10k(2018-2023), India-WRIS",LS_SIKKIM_2023.235,MultiPolygon
SK /GTK /78A7 /2023 /66,SIKKIM,GANGTOK,78A7,27.3425,88.4806,47.011,46.323,873.827758789,1704.98438613,Active,Moderately Dissected Structural Hills and Valleys,CHLORITE SERICITE SCHIST AND QUARTZITE,Wasteland - Sparse Scrub Land,Rainfall,2023,Brahmaputra Basin,Brahmaputra Lower,"RESOURCESAT-2 LISS IV, 10m CARTODEM, Geomorphology 50K, LULC 10k(2018-2023), India-WRIS",LS_SIKKIM_2023.236,MultiPolygon
SK /GTK /78A11 /2023 /10,SIKKIM,GANGTOK,78A11,27.3543,88.6582,70.608,49.71,32.3518066406,2278.19526135,Active,Moderately Dissected Structural Hills and Valleys,"BANDED MIGMATITE, GARNET BT GNEISS,MICA SCHIST",Wasteland - Sparse Scrub Land,Rainfall,2023,Brahmaputra Basin,Brahmaputra Lower,"RESOURCESAT-2 LISS IV, 10m CARTODEM, Geomorphology 50K, LULC 10k(2018-2023), India-WRIS",LS_SIKKIM_2023.227,MultiPolygon
SK /GTK /78A15 /2023 /1,SIKKIM,GANGTOK,78A15,27.348,88.7563,137.838,48.722,20.1522216797,3198.58827592,Active,Highly Dissected Structural Hills and Valleys,"BANDED MIGMATITE, GARNET BT GNEISS,MICA SCHIST",Evergreen Open Forest,Rainfall,2023,Brahmaputra Basin,Brahmaputra Lower,"RESOURCESAT-2 LISS IV, 10m CARTODEM, Geomorphology 50K, LULC 10k(2018-2023), India-WRIS",LS_SIKKIM_2023.219,MultiPolygon
SK /GYL /78A3 /2023 /25,SIKKIM,GYALSHING,78A3,27.3635,88.0886,55.153,14.588,3.0,585.239231762,Active,Highly Dissected Structural Hills and Valleys,"BANDED MIGMATITE, GARNET BT GNEISS,MICA SCHIST",Evergreen Closed Forest,Rainfall,2023,Brahmaputra Basin,Brahmaputra Lower,"RESOURCESAT-2 LISS IV, 10m CARTODEM, Geomorphology 50K, LULC 10k(2018-2023), India-WRIS",LS_SIKKIM_2023.99,MultiPolygon
SK /GYL /78A3 /2023 /11,SIKKIM,GYALSHING,78A3,27.3624,88.099,65.494,28.986,43.6374511719,1426.784354,Active,Highly Dissected Structural Hills and Valleys,"BANDED MIGMATITE, GARNET BT GNEISS,MICA SCHIST",Evergreen Closed Forest,Rainfall,2023,Brahmaputra Basin,Brahmaputra Lower,"RESOURCESAT-2 LISS IV, 10m CARTODEM, Geomorphology 50K, LULC 10k(2018-2023), India-WRIS",LS_SIKKIM_2023.83,MultiPolygon
SK /GYL /78A3 /2023 /12,SIKKIM,GYALSHING,78A3,27.3616,88.1083,69.364,45.537,21.0,2180.99960624,Active,Highly Dissected Structural Hills and Valleys,"BANDED MIGMATITE, GARNET BT GNEISS,MICA SCHIST",Evergreen Closed Forest,Rainfall,2023,Brahmaputra Basin,Brahmaputra Lower,"RESOURCESAT-2 LISS IV, 10m CARTODEM, Geomorphology 50K, LULC 10k(2018-2023), India-WRIS",LS_SIKKIM_2023.84,MultiPolygon
SK /GYL /78A3 /2023 /6,SIKKIM,GYALSHING,78A3,27.3576,88.1188,36.891,22.707,139.109130859,657.113018817,Active,Moderately Dissected Structural Hills and Valleys,"BANDED MIGMATITE, GARNET BT GNEISS,MICA SCHIST",Evergreen Closed Forest,Rainfall,2023,Brahmaputra Basin,Brahmaputra Lower,"RESOURCESAT-2 LISS IV, 10m CARTODEM, Geomorphology 50K, LULC 10k(2018-2023), India-WRIS",LS_SIKKIM_2023.78,MultiPolygon
SK /NAM /78A7 /2023 /62,SIKKIM,NAMCHI,78A7,27.3616,88.4769,86.764,46.621,5.0,2341.15411683,Active,Moderately Dissected Structural Hills and Valleys,CHLORITE SERICITE SCHIST AND QUARTZITE,Wasteland - Dense Scrub Land,Rainfall,2023,Brahmaputra Basin,Brahmaputra Lower,"RESOURCESAT-2 LISS IV, 10m CARTODEM, Geomorphology 50K, LULC 10k(2018-2023), India-WRIS",LS_SIKKIM_2023.189,MultiPolygon
SK /GTK /78A7 /2023 /64,SIKKIM,GANGTOK,78A7,27.3648,88.4793,166.634,95.096,127.971435547,10538.3723313,Active,Moderately Dissected Structural Hills and Valleys,CHLORITE SERICITE SCHIST AND QUARTZITE,Evergreen Closed Forest,Rainfall,2023,Brahmaputra Basin,Brahmaputra Lower,"RESOURCESAT-2 LISS IV, 10m CARTODEM, Geomorphology 50K, LULC 10k(2018-2023), India-WRIS",LS_SIKKIM_2023.222,MultiPolygon
SK /GTK /78A11 /2023 /12,SIKKIM,GANGTOK,78A11,27.3561,88.5915,106.991,59.436,49.8813476563,3700.41547079,Reactivated,Moderately Dissected Structural Hills and Valleys,CHLORITE SERICITE SCHIST AND QUARTZITE,Wasteland - Sparse Scrub Land,Rainfall,2023,Brahmaputra Basin,Brahmaputra Lower,"RESOURCESAT-2 LISS IV, 10m CARTODEM, Geomorphology 50K, LULC 10k(2018-2023), India-WRIS",LS_SIKKIM_2023.229,MultiPolygon
SK /GTK /78A11 /2023 /8,SIKKIM,GANGTOK,78A11,27.3636,88.6517,95.641,30.883,343.623535156,1826.85521605,Active,Moderately Dissected Structural Hills and Valleys,"BANDED MIGMATITE, GARNET BT GNEISS,MICA SCHIST",Wasteland - Sparse Scrub Land,Road Cutting,2023,Brahmaputra Basin,Brahmaputra Lower,"RESOURCESAT-2 LISS IV, 10m CARTODEM, Geomorphology 50K, LULC 10k(2018-2023), India-WRIS",LS_SIKKIM_2023.225,MultiPolygon
SK /GTK /78A11 /2023 /9,SIKKIM,GANGTOK,78A11,27.3576,88.6573,100.656,48.973,38.4576416016,3907.46011174,Active,Moderately Dissected Structural Hills and Valleys,"BANDED MIGMATITE, GARNET BT GNEISS,MICA SCHIST",Wasteland - Sparse Scrub Land,Rainfall,2023,Brahmaputra Basin,Brahmaputra Lower,"RESOURCESAT-2 LISS IV, 10m CARTODEM, Geomorphology 50K, LULC 10k(2018-2023), India-WRIS",LS_SIKKIM_2023.226,MultiPolygon
SK /GTK /78A11 /2023 /11,SIKKIM,GANGTOK,78A11,27.3756,88.664,44.727,42.635,13.6115722656,1337.15558326,Active,Moderately Dissected Structural Hills and Valleys,"QUARTZITE,MICA SCHIST, GNEISS,CALCGRANULITE",Wasteland - Dense Scrub Land,Rainfall,2023,Brahmaputra Basin,Brahmaputra Lower,"RESOURCESAT-2 LISS IV, 10m CARTODEM, Geomorphology 50K, LULC 10k(2018-2023), India-WRIS",LS_SIKKIM_2023.228,MultiPolygon
SK /GYL /78A7 /2023 /25,SIKKIM,GYALSHING,78A7,27.3834,88.311,76.2,30.163,7.68310546875,1738.91144687,Active,Moderately Dissected Structural Hills and Valleys,CHLORITE SERICITE SCHIST AND QUARTZITE,Agriculture - Single crop Land,Rainfall,2023,Brahmaputra Basin,Brahmaputra Lower,"RESOURCESAT-2 LISS IV, 10m CARTODEM, Geomorphology 50K, LULC 10k(2018-2023), India-WRIS",LS_SIKKIM_2023.104,MultiPolygon
SK /GYL /78A7 /2023 /26,SIKKIM,GYALSHING,78A7,27.3834,88.2967,181.258,82.188,12.0103759766,7755.86298116,Reactivated,Moderately Dissected Structural Hills and Valleys,CALC GRANULITE WITH /WITHOUT QUARTZITE,Evergreen Closed Forest,Rainfall,2023,Brahmaputra Basin,Brahmaputra Lower,"RESOURCESAT-2 LISS IV, 10m CARTODEM, Geomorphology 50K, LULC 10k(2018-2023), India-WRIS",LS_SIKKIM_2023.105,MultiPolygon
SK /GYL /78A7 /2023 /27,SIKKIM,GYALSHING,78A7,27.3845,88.2953,81.125,42.096,25.3566894531,2537.13876739,Active,Moderately Dissected Structural Hills and Valleys,CALC GRANULITE WITH /WITHOUT QUARTZITE,Evergreen Closed Forest,Rainfall,2023,Brahmaputra Basin,Brahmaputra Lower,"RESOURCESAT-2 LISS IV, 10m CARTODEM, Geomorphology 50K, LULC 10k(2018-2023), India-WRIS",LS_SIKKIM_2023.106,MultiPolygon
SK /GYL /78A7 /2023 /3,SIKKIM,GYALSHING,78A7,27.3857,88.3267,211.637,74.034,12.7595214844,10617.1490224,Active,Moderately Dissected Structural Hills and Valleys,CHLORITE SERICITE SCHIST AND QUARTZITE,Wasteland - Sparse Scrub Land,Rainfall,2023,Brahmaputra Basin,Brahmaputra Lower,"RESOURCESAT-2 LISS IV, 10m CARTODEM, Geomorphology 50K, LULC 10k(2018-2023), India-WRIS",LS_SIKKIM_2023.53,MultiPolygon
SK /GYL /78A7 /2023 /4,SIKKIM,GYALSHING,78A7,27.3871,88.3157,224.801,78.552,155.0,12045.6426438,Reactivated,Moderately Dissected Structural Hills and Valleys,CHLORITE SERICITE SCHIST AND QUARTZITE,Semi- Evergreen Open Forest,Rainfall,2023,Brahmaputra Basin,Brahmaputra Lower,"RESOURCESAT-2 LISS IV, 10m CARTODEM, Geomorphology 50K, LULC 10k(2018-2023), India-WRIS",LS_SIKKIM_2023.54,MultiPolygon
SK /GYL /78A7 /2023 /46,SIKKIM,GYALSHING,78A7,27.3841,88.3251,54.629,22.644,5.53607177734,932.776563137,Active,Moderately Dissected Structural Hills and Valleys,CHLORITE SERICITE SCHIST AND QUARTZITE,Semi- Evergreen Open Forest,Rainfall,2023,Brahmaputra Basin,Brahmaputra Lower,"RESOURCESAT-2 LISS IV, 10m CARTODEM, Geomorphology 50K, LULC 10k(2018-2023), India-WRIS",LS_SIKKIM_2023.137,MultiPolygon
SK /GYL /78A7 /2023 /1,SIKKIM,GYALSHING,78A7,27.3951,88.3456,151.403,76.472,65.5678100586,7929.74531327,Reactivated,Moderately Dissected Structural Hills and Valleys,CHLORITE SERICITE SCHIST AND QUARTZITE,Semi- Evergreen Open Forest,Rainfall,2023,Brahmaputra Basin,Brahmaputra Lower,"RESOURCESAT-2 LISS IV, 10m CARTODEM, Geomorphology 50K, LULC 10k(2018-2023), India-WRIS",LS_SIKKIM_2023.51,MultiPolygon
SK /GTK /78A11 /2023 /13,SIKKIM,GANGTOK,78A11,27.3806,88.5308,74.285,36.39,38.5545654297,1867.56763256,Active,Moderately Dissected Structural Hills and Valleys,CHLORITE SERICITE SCHIST AND QUARTZITE,Evergreen Closed Forest,Rainfall,2023,Brahmaputra Basin,Brahmaputra Lower,"RESOURCESAT-2 LISS IV, 10m CARTODEM, Geomorphology 50K, LULC 10k(2018-2023), India-WRIS",LS_SIKKIM_2023.230,MultiPolygon
SK /MNG /78A11 /2023 /31,SIKKIM,MANGAN,78A11,27.3957,88.624,37.457,20.712,157.963867188,579.490797668,Active,Moderately Dissected Structural Hills and Valleys,"BANDED MIGMATITE, GARNET BT GNEISS,MICA SCHIST",Evergreen Closed Forest,Rainfall,2023,Brahmaputra Basin,Brahmaputra Lower,"RESOURCESAT-2 LISS IV, 10m CARTODEM, Geomorphology 50K, LULC 10k(2018-2023), India-WRIS",LS_SIKKIM_2023.315,MultiPolygon
SK /GYL /78A7 /2023 /21,SIKKIM,GYALSHING,78A7,27.4002,88.2801,69.446,51.879,5.03051757813,2283.10886937,Active,Highly Dissected Structural Hills and Valleys,"BANDED MIGMATITE, GARNET BT GNEISS,MICA SCHIST",Evergreen Closed Forest,Rainfall,2023,Brahmaputra Basin,Brahmaputra Lower,"RESOURCESAT-2 LISS IV, 10m CARTODEM, Geomorphology 50K, LULC 10k(2018-2023), India-WRIS",LS_SIKKIM_2023.77,MultiPolygon
SK /GYL /78A7 /2023 /29,SIKKIM,GYALSHING,78A7,27.4086,88.2833,58.567,32.346,11.3001098633,1380.92637312,Active,Highly Dissected Structural Hills and Valleys,"BANDED MIGMATITE, GARNET BT GNEISS,MICA SCHIST",Evergreen Closed Forest,Rainfall,2023,Brahmaputra Basin,Brahmaputra Lower,"RESOURCESAT-2 LISS IV, 10m CARTODEM, Geomorphology 50K, LULC 10k(2018-2023), India-WRIS",LS_SIKKIM_2023.108,MultiPolygon
SK /GYL /78A7 /2023 /30,SIKKIM,GYALSHING,78A7,27.407,88.2844,41.021,29.224,41.0,877.684826817,Active,Highly Dissected Structural Hills and Valleys,"BANDED MIGMATITE, GARNET BT GNEISS,MICA SCHIST",Evergreen Closed Forest,Rainfall,2023,Brahmaputra Basin,Brahmaputra Lower,"RESOURCESAT-2 LISS IV, 10m CARTODEM, Geomorphology 50K, LULC 10k(2018-2023), India-WRIS",LS_SIKKIM_2023.109,MultiPolygon
SK /GYL /78A7 /2023 /31,SIKKIM,GYALSHING,78A7,27.4068,88.2818,59.364,20.902,29.1368408203,856.90252112,Active,Highly Dissected Structural Hills and Valleys,"BANDED MIGMATITE, GARNET BT GNEISS,MICA SCHIST",Evergreen Closed Forest,Rainfall,2023,Brahmaputra Basin,Brahmaputra Lower,"RESOURCESAT-2 LISS IV, 10m CARTODEM, Geomorphology 50K, LULC 10k(2018-2023), India-WRIS",LS_SIKKIM_2023.110,MultiPolygon
SK /GYL /78A7 /2023 /32,SIKKIM,GYALSHING,78A7,27.4024,88.2851,55.947,24.416,32.9211425781,1005.14987037,Active,Highly Dissected Structural Hills and Valleys,"BANDED MIGMATITE, GARNET BT GNEISS,MICA SCHIST",Evergreen Closed Forest,Rainfall,2023,Brahmaputra Basin,Brahmaputra Lower,"RESOURCESAT-2 LISS IV, 10m CARTODEM, Geomorphology 50K, LULC 10k(2018-2023), India-WRIS",LS_SIKKIM_2023.111,MultiPolygon
SK /GYL /78A7 /2023 /33,SIKKIM,GYALSHING,78A7,27.4031,88.2846,70.043,28.829,5.85900878906,1286.40352955,Active,Highly Dissected Structural Hills and Valleys,"BANDED MIGMATITE, GARNET BT GNEISS,MICA SCHIST",Evergreen Closed Forest,Rainfall,2023,Brahmaputra Basin,Brahmaputra Lower,"RESOURCESAT-2 LISS IV, 10m CARTODEM, Geomorphology 50K, LULC 10k(2018-2023), India-WRIS",LS_SIKKIM_2023.112,MultiPolygon
SK /GYL /78A7 /2023 /34,SIKKIM,GYALSHING,78A7,27.4044,88.2829,22.741,14.085,178.419799805,262.576310683,Active,Highly Dissected Structural Hills and Valleys,"BANDED MIGMATITE, GARNET BT GNEISS,MICA SCHIST",Evergreen Closed Forest,Rainfall,2023,Brahmaputra Basin,Brahmaputra Lower,"RESOURCESAT-2 LISS IV, 10m CARTODEM, Geomorphology 50K, LULC 10k(2018-2023), India-WRIS",LS_SIKKIM_2023.113,MultiPolygon
SK /GYL /78A7 /2023 /36,SIKKIM,GYALSHING,78A7,27.4128,88.2851,66.326,35.077,1.79632568359,1836.33958599,Active,Highly Dissected Structural Hills and Valleys,"BANDED MIGMATITE, GARNET BT GNEISS,MICA SCHIST",Evergreen Closed Forest,Rainfall,2023,Brahmaputra Basin,Brahmaputra Lower,"RESOURCESAT-2 LISS IV, 10m CARTODEM, Geomorphology 50K, LULC 10k(2018-2023), India-WRIS",LS_SIKKIM_2023.115,MultiPolygon
SK /GYL /78A7 /2023 /37,SIKKIM,GYALSHING,78A7,27.4024,88.2842,56.901,19.824,47.7454833984,906.042107761,Active,Highly Dissected Structural Hills and Valleys,"BANDED MIGMATITE, GARNET BT GNEISS,MICA SCHIST",Evergreen Closed Forest,Rainfall,2023,Brahmaputra Basin,Brahmaputra Lower,"RESOURCESAT-2 LISS IV, 10m CARTODEM, Geomorphology 50K, LULC 10k(2018-2023), India-WRIS",LS_SIKKIM_2023.116,MultiPolygon
SK /GYL /78A7 /2023 /39,SIKKIM,GYALSHING,78A7,27.4088,88.2888,60.203,25.53,26.8107910156,1150.5963298,Active,Highly Dissected Structural Hills and Valleys,"BANDED MIGMATITE, GARNET BT GNEISS,MICA SCHIST",Evergreen Closed Forest,Rainfall,2023,Brahmaputra Basin,Brahmaputra Lower,"RESOURCESAT-2 LISS IV, 10m CARTODEM, Geomorphology 50K, LULC 10k(2018-2023), India-WRIS",LS_SIKKIM_2023.118,MultiPolygon
SK /GYL /78A7 /2023 /40,SIKKIM,GYALSHING,78A7,27.4126,88.2842,70.649,23.055,62.0,1232.41452895,Active,Highly Dissected Structural Hills and Valleys,"BANDED MIGMATITE, GARNET BT GNEISS,MICA SCHIST",Evergreen Closed Forest,Rainfall,2023,Brahmaputra Basin,Brahmaputra Lower,"RESOURCESAT-2 LISS IV, 10m CARTODEM, Geomorphology 50K, LULC 10k(2018-2023), India-WRIS",LS_SIKKIM_2023.119,MultiPolygon
SK /GYL /78A7 /2023 /41,SIKKIM,GYALSHING,78A7,27.4134,88.2841,32.834,15.38,551.173828125,374.339967792,Active,Highly Dissected Structural Hills and Valleys,"BANDED MIGMATITE, GARNET BT GNEISS,MICA SCHIST",Evergreen Closed Forest,Rainfall,2023,Brahmaputra Basin,Brahmaputra Lower,"RESOURCESAT-2 LISS IV, 10m CARTODEM, Geomorphology 50K, LULC 10k(2018-2023), India-WRIS",LS_SIKKIM_2023.120,MultiPolygon
SK /GYL /78A7 /2023 /48,SIKKIM,GYALSHING,78A7,27.4003,88.281,78.986,57.605,57.6767578125,3328.29966732,Active,Moderately Dissected Structural Hills and Valleys,"BANDED MIGMATITE, GARNET BT GNEISS,MICA SCHIST",Evergreen Closed Forest,Rainfall,2023,Brahmaputra Basin,Brahmaputra Lower,"RESOURCESAT-2 LISS IV, 10m CARTODEM, Geomorphology 50K, LULC 10k(2018-2023), India-WRIS",LS_SIKKIM_2023.139,MultiPolygon
SK /GYL /78A7 /2023 /28,SIKKIM,GYALSHING,78A7,27.4093,88.3093,66.631,31.11,7.11822509766,1563.33793286,Active,Highly Dissected Structural Hills and Valleys,CALC GRANULITE WITH /WITHOUT QUARTZITE,Semi- Evergreen Open Forest,Rainfall,2023,Brahmaputra Basin,Brahmaputra Lower,"RESOURCESAT-2 LISS IV, 10m CARTODEM, Geomorphology 50K, LULC 10k(2018-2023), India-WRIS",LS_SIKKIM_2023.107,MultiPolygon
SK /GYL /78A7 /2023 /43,SIKKIM,GYALSHING,78A7,27.409,88.2981,51.563,24.82,62.1365966797,937.974252492,Active,Moderately Dissected Structural Hills and Valleys,"BANDED MIGMATITE, GARNET BT GNEISS,MICA SCHIST",Evergreen Closed Forest,Rainfall,2023,Brahmaputra Basin,Brahmaputra Lower,"RESOURCESAT-2 LISS IV, 10m CARTODEM, Geomorphology 50K, LULC 10k(2018-2023), India-WRIS",LS_SIKKIM_2023.125,MultiPolygon
SK /MNG /78A11 /2023 /28,SIKKIM,MANGAN,78A11,27.4047,88.5619,63.441,40.428,23.0,1638.82930215,Active,Moderately Dissected Structural Hills and Valleys,CHLORITE SERICITE SCHIST AND QUARTZITE,Evergreen Closed Forest,Rainfall,2023,Brahmaputra Basin,Brahmaputra Lower,"RESOURCESAT-2 LISS IV, 10m CARTODEM, Geomorphology 50K, LULC 10k(2018-2023), India-WRIS",LS_SIKKIM_2023.276,MultiPolygon
SK /MNG /78A11 /2023 /32,SIKKIM,MANGAN,78A11,27.4066,88.595,29.169,19.985,142.946533203,455.592737342,Active,Moderately Dissected Structural Hills and Valleys,CHLORITE SERICITE SCHIST AND QUARTZITE,Evergreen Closed Forest,Rainfall,2023,Brahmaputra Basin,Brahmaputra Lower,"RESOURCESAT-2 LISS IV, 10m CARTODEM, Geomorphology 50K, LULC 10k(2018-2023), India-WRIS",LS_SIKKIM_2023.316,MultiPolygon
SK /GYL /78A7 /2023 /2,SIKKIM,GYALSHING,78A7,27.4339,88.2675,40.757,27.021,29.9545898438,872.577047469,Active,Moderately Dissected Structural Hills and Valleys,"BANDED MIGMATITE, GARNET BT GNEISS,MICA SCHIST",Evergreen Closed Forest,Rainfall,2023,Brahmaputra Basin,Brahmaputra Lower,"RESOURCESAT-2 LISS IV, 10m CARTODEM, Geomorphology 50K, LULC 10k(2018-2023), India-WRIS",LS_SIKKIM_2023.52,MultiPolygon
SK /GYL /78A7 /2023 /35,SIKKIM,GYALSHING,78A7,27.4204,88.2724,81.185,28.206,36.1861572266,1890.69677938,Active,Highly Dissected Structural Hills and Valleys,"BANDED MIGMATITE, GARNET BT GNEISS,MICA SCHIST",Evergreen Closed Forest,Rainfall,2023,Brahmaputra Basin,Brahmaputra Lower,"RESOURCESAT-2 LISS IV, 10m CARTODEM, Geomorphology 50K, LULC 10k(2018-2023), India-WRIS",LS_SIKKIM_2023.114,MultiPolygon
SK /MNG /78A11 /2023 /27,SIKKIM,MANGAN,78A11,27.4264,88.5825,94.369,43.231,154.672851563,2855.52947216,Active,Moderately Dissected Structural Hills and Valleys,CHLORITE SERICITE SCHIST AND QUARTZITE,Evergreen Closed Forest,Rainfall,2023,Brahmaputra Basin,Brahmaputra Lower,"RESOURCESAT-2 LISS IV, 10m CARTODEM, Geomorphology 50K, LULC 10k(2018-2023), India-WRIS",LS_SIKKIM_2023.275,MultiPolygon
SK /GYL /78A3 /2023 /24,SIKKIM,GYALSHING,78A3,27.4432,88.1672,215.308,214.845,183.0,29187.8312191,Active,Highly Dissected Structural Hills and Valleys,"BANDED MIGMATITE, GARNET BT GNEISS,MICA SCHIST",Evergreen Open Forest,Rainfall,2023,Brahmaputra Basin,Brahmaputra Lower,"RESOURCESAT-2 LISS IV, 10m CARTODEM, Geomorphology 50K, LULC 10k(2018-2023), India-WRIS",LS_SIKKIM_2023.96,MultiPolygon
SK /NAM /78A7 /2023 /58,SIKKIM,NAMCHI,78A7,27.4479,88.336,174.084,78.877,126.0,10041.2403091,Reactivated,Highly Dissected Structural Hills and Valleys,"BANDED MIGMATITE, GARNET BT GNEISS,MICA SCHIST",Wasteland - Dense Scrub Land,Rainfall,2023,Brahmaputra Basin,Brahmaputra Lower,"RESOURCESAT-2 LISS IV, 10m CARTODEM, Geomorphology 50K, LULC 10k(2018-2023), India-WRIS",LS_SIKKIM_2023.181,MultiPolygon
SK /MNG /78A11 /2023 /29,SIKKIM,MANGAN,78A11,27.443,88.5018,251.431,91.94,79.0521240234,13909.6244291,Reactivated,Highly Dissected Structural Hills and Valleys,CHLORITE SERICITE SCHIST AND QUARTZITE,Wasteland - Dense Scrub Land,Rainfall,2023,Brahmaputra Basin,Brahmaputra Lower,"RESOURCESAT-2 LISS IV, 10m CARTODEM, Geomorphology 50K, LULC 10k(2018-2023), India-WRIS",LS_SIKKIM_2023.307,MultiPolygon
SK /MNG /78A11 /2023 /30,SIKKIM,MANGAN,78A11,27.4637,88.5028,126.316,47.714,137.338745117,3720.37554146,Active,Highly Dissected Structural Hills and Valleys,CHLORITE SERICITE SCHIST AND QUARTZITE,Wasteland - Sparse Scrub Land,Rainfall,2023,Brahmaputra Basin,Brahmaputra Lower,"RESOURCESAT-2 LISS IV, 10m CARTODEM, Geomorphology 50K, LULC 10k(2018-2023), India-WRIS",LS_SIKKIM_2023.308,MultiPolygon
SK /MNG /78A11 /2023 /33,SIKKIM,MANGAN,78A11,27.4663,88.5559,841.112,480.293,304.016357422,159502.873277,Reactivated,Moderately Dissected Structural Hills and Valleys,CHLORITE SERICITE SCHIST AND QUARTZITE,Evergreen Closed Forest,Rainfall,2023,Brahmaputra Basin,Brahmaputra Lower,"RESOURCESAT-2 LISS IV, 10m CARTODEM, Geomorphology 50K, LULC 10k(2018-2023), India-WRIS",LS_SIKKIM_2023.372,MultiPolygon
SK /MNG /78A11 /2023 /35,SIKKIM,MANGAN,78A11,27.4692,88.5526,319.286,153.812,111.0,31864.6988152,Active,Moderately Dissected Structural Hills and Valleys,CHLORITE SERICITE SCHIST AND QUARTZITE,Wasteland - Gullied Land,Rainfall,2023,Brahmaputra Basin,Brahmaputra Lower,"RESOURCESAT-2 LISS IV, 10m CARTODEM, Geomorphology 50K, LULC 10k(2018-2023), India-WRIS",LS_SIKKIM_2023.388,MultiPolygon
SK /MNG /78A11 /2023 /24,SIKKIM,MANGAN,78A11,27.4645,88.5635,123.337,59.413,44.6831054688,4818.36229929,Active,Moderately Dissected Structural Hills and Valleys,CHLORITE SERICITE SCHIST AND QUARTZITE,Evergreen Closed Forest,Rainfall,2023,Brahmaputra Basin,Brahmaputra Lower,"RESOURCESAT-2 LISS IV, 10m CARTODEM, Geomorphology 50K, LULC 10k(2018-2023), India-WRIS",LS_SIKKIM_2023.272,MultiPolygon
SK /MNG /78A11 /2023 /25,SIKKIM,MANGAN,78A11,27.4675,88.5598,452.479,216.098,273.0,61489.424387,Reactivated,Moderately Dissected Structural Hills and Valleys,CHLORITE SERICITE SCHIST AND QUARTZITE,Wasteland - Sparse Scrub Land,Rainfall,2023,Brahmaputra Basin,Brahmaputra Lower,"RESOURCESAT-2 LISS IV, 10m CARTODEM, Geomorphology 50K, LULC 10k(2018-2023), India-WRIS",LS_SIKKIM_2023.273,MultiPolygon
SK /MNG /78A11 /2023 /21,SIKKIM,MANGAN,78A11,27.4593,88.5842,61.357,29.908,61.3316650391,1381.36895296,Active,Moderately Dissected Structural Hills and Valleys,"BANDED MIGMATITE, GARNET BT GNEISS,MICA SCHIST",Evergreen Closed Forest,Rainfall,2023,Brahmaputra Basin,Brahmaputra Lower,"RESOURCESAT-2 LISS IV, 10m CARTODEM, Geomorphology 50K, LULC 10k(2018-2023), India-WRIS",LS_SIKKIM_2023.269,MultiPolygon
SK /MNG /78A11 /2023 /22,SIKKIM,MANGAN,78A11,27.4604,88.5832,95.058,29.933,239.428833008,1620.70712472,Active,Moderately Dissected Structural Hills and Valleys,"BANDED MIGMATITE, GARNET BT GNEISS,MICA SCHIST",Evergreen Closed Forest,Rainfall,2023,Brahmaputra Basin,Brahmaputra Lower,"RESOURCESAT-2 LISS IV, 10m CARTODEM, Geomorphology 50K, LULC 10k(2018-2023), India-WRIS",LS_SIKKIM_2023.270,MultiPolygon
SK /MNG /78A11 /2023 /23,SIKKIM,MANGAN,78A11,27.4619,88.5838,48.867,16.309,91.5592041016,615.22428052,Active,Moderately Dissected Structural Hills and Valleys,"BANDED MIGMATITE, GARNET BT GNEISS,MICA SCHIST",Evergreen Closed Forest,Rainfall,2023,Brahmaputra Basin,Brahmaputra Lower,"RESOURCESAT-2 LISS IV, 10m CARTODEM, Geomorphology 50K, LULC 10k(2018-2023), India-WRIS",LS_SIKKIM_2023.271,MultiPolygon
SK /MNG /78A7 /2023 /67,SIKKIM,MANGAN,78A7,27.4888,88.4856,97.406,24.737,24.6403808594,1892.05831858,Active,Moderately Dissected Structural Hills and Valleys,CHLORITE SERICITE SCHIST AND QUARTZITE,Evergreen Closed Forest,Rainfall,2023,Brahmaputra Basin,Brahmaputra Lower,"RESOURCESAT-2 LISS IV, 10m CARTODEM, Geomorphology 50K, LULC 10k(2018-2023), India-WRIS",LS_SIKKIM_2023.286,MultiPolygon
SK /MNG /78A7 /2023 /68,SIKKIM,MANGAN,78A7,27.4891,88.4951,27.444,23.678,274.381774902,519.17586116,Active,Moderately Dissected Structural Hills and Valleys,CHLORITE SERICITE SCHIST AND QUARTZITE,Evergreen Closed Forest,Rainfall,2023,Brahmaputra Basin,Brahmaputra Lower,"RESOURCESAT-2 LISS IV, 10m CARTODEM, Geomorphology 50K, LULC 10k(2018-2023), India-WRIS",LS_SIKKIM_2023.287,MultiPolygon
SK /MNG /78A7 /2023 /69,SIKKIM,MANGAN,78A7,27.488,88.4982,96.574,79.244,114.438232422,4705.47935524,Active,Highly Dissected Structural Hills and Valleys,CHLORITE SERICITE SCHIST AND QUARTZITE,Evergreen Closed Forest,Rainfall,2023,Brahmaputra Basin,Brahmaputra Lower,"RESOURCESAT-2 LISS IV, 10m CARTODEM, Geomorphology 50K, LULC 10k(2018-2023), India-WRIS",LS_SIKKIM_2023.306,MultiPolygon
SK /MNG /78A11 /2023 /26,SIKKIM,MANGAN,78A11,27.4868,88.5224,91.932,37.01,62.986328125,2487.07361114,Active,Moderately Dissected Structural Hills and Valleys,CHLORITE SERICITE SCHIST AND QUARTZITE,Evergreen Closed Forest,Rainfall,2023,Brahmaputra Basin,Brahmaputra Lower,"RESOURCESAT-2 LISS IV, 10m CARTODEM, Geomorphology 50K, LULC 10k(2018-2023), India-WRIS",LS_SIKKIM_2023.274,MultiPolygon
SK /MNG /78A11 /2023 /34,SIKKIM,MANGAN,78A11,27.4871,88.5221,35.715,29.824,21.0,758.346480185,Active,Moderately Dissected Structural Hills and Valleys,CHLORITE SERICITE SCHIST AND QUARTZITE,Evergreen Closed Forest,Rainfall,2023,Brahmaputra Basin,Brahmaputra Lower,"RESOURCESAT-2 LISS IV, 10m CARTODEM, Geomorphology 50K, LULC 10k(2018-2023), India-WRIS",LS_SIKKIM_2023.373,MultiPolygon
SK /MNG /78A6 /2023 /25,SIKKIM,MANGAN,78A6,27.5039,88.3999,44.441,30.581,123.404541016,1045.15093443,Active,Highly Dissected Structural Hills and Valleys,"BANDED MIGMATITE, GARNET BT GNEISS,MICA SCHIST",Evergreen Closed Forest,Rainfall,2023,Brahmaputra Basin,Brahmaputra Lower,"RESOURCESAT-2 LISS IV, 10m CARTODEM, Geomorphology 50K, LULC 10k(2018-2023), India-WRIS",LS_SIKKIM_2023.318,MultiPolygon
SK /MNG /78A10 /2023 /37,SIKKIM,MANGAN,78A10,27.5136,88.5647,315.344,60.929,44.6508789063,7587.51783576,Reactivated,Moderately Dissected Structural Hills and Valleys,"GARNET, KYANITE,SILLIMANITE,BIOTITE SCHIST",Evergreen Closed Forest,Rainfall,2023,Brahmaputra Basin,Brahmaputra Lower,"RESOURCESAT-2 LISS IV, 10m CARTODEM, Geomorphology 50K, LULC 10k(2018-2023), India-WRIS",LS_SIKKIM_2023.284,MultiPolygon
SK /MNG /78A10 /2023 /28,SIKKIM,MANGAN,78A10,27.5078,88.6518,84.51,37.671,37.0,2344.74629295,Active,Highly Dissected Structural Hills and Valleys,"BANDED MIGMATITE, GARNET BT GNEISS,MICA SCHIST",Evergreen Closed Forest,Rainfall,2023,Brahmaputra Basin,Brahmaputra Lower,"RESOURCESAT-2 LISS IV, 10m CARTODEM, Geomorphology 50K, LULC 10k(2018-2023), India-WRIS",LS_SIKKIM_2023.267,MultiPolygon
SK /MNG /78A6 /2023 /22,SIKKIM,MANGAN,78A6,27.5159,88.4113,116.1,49.78,14.005859375,2587.96598924,Active,Highly Dissected Structural Hills and Valleys,"BANDED MIGMATITE, GARNET BT GNEISS,MICA SCHIST",Wasteland - Dense Scrub Land,Rainfall,2023,Brahmaputra Basin,Brahmaputra Lower,"RESOURCESAT-2 LISS IV, 10m CARTODEM, Geomorphology 50K, LULC 10k(2018-2023), India-WRIS",LS_SIKKIM_2023.313,MultiPolygon
SK /MNG /78A6 /2023 /20,SIKKIM,MANGAN,78A6,27.5274,88.4168,374.251,60.342,53.5307617188,9331.47621597,Active,Highly Dissected Structural Hills and Valleys,"BANDED MIGMATITE, GARNET BT GNEISS,MICA SCHIST",Evergreen Closed Forest,Rainfall,2023,Brahmaputra Basin,Brahmaputra Lower,"RESOURCESAT-2 LISS IV, 10m CARTODEM, Geomorphology 50K, LULC 10k(2018-2023), India-WRIS",LS_SIKKIM_2023.311,MultiPolygon
SK /MNG /78A6 /2023 /21,SIKKIM,MANGAN,78A6,27.5299,88.4224,68.523,24.416,84.2377929688,1140.5296132,Active,Highly Dissected Structural Hills and Valleys,"BANDED MIGMATITE, GARNET BT GNEISS,MICA SCHIST",Evergreen Closed Forest,Rainfall,2023,Brahmaputra Basin,Brahmaputra Lower,"RESOURCESAT-2 LISS IV, 10m CARTODEM, Geomorphology 50K, LULC 10k(2018-2023), India-WRIS",LS_SIKKIM_2023.312,MultiPolygon
SK /MNG /78A10 /2023 /4,SIKKIM,MANGAN,78A10,27.5259,88.5379,99.241,65.994,173.18359375,4754.9084324,Active,Highly Dissected Structural Hills and Valleys,"GARNET, KYANITE,SILLIMANITE,BIOTITE SCHIST",Wasteland - Sparse Scrub Land,GLOF,2023,Brahmaputra Basin,Brahmaputra Lower,"RESOURCESAT-2 LISS IV, 10m CARTODEM, Geomorphology 50K, LULC 10k(2018-2023), India-WRIS",LS_SIKKIM_2023.243,MultiPolygon
SK /MNG /78A10 /2023 /52,SIKKIM,MANGAN,78A10,27.5278,88.5412,294.112,67.006,167.776855469,7413.16569524,Active,Moderately Dissected Structural Hills and Valleys,"GARNET, KYANITE,SILLIMANITE,BIOTITE SCHIST",Wasteland - Sparse Scrub Land,GLOF,2023,Brahmaputra Basin,Brahmaputra Lower,"RESOURCESAT-2 LISS IV, 10m CARTODEM, Geomorphology 50K, LULC 10k(2018-2023), India-WRIS",LS_SIKKIM_2023.332,MultiPolygon
SK /MNG /78A10 /2023 /33,SIKKIM,MANGAN,78A10,27.5255,88.5717,116.081,106.874,7.51318359375,6516.51115828,Active,Moderately Dissected Structural Hills and Valleys,"BANDED MIGMATITE, GARNET BT GNEISS,MICA SCHIST",Evergreen Closed Forest,GLOF,2023,Brahmaputra Basin,Brahmaputra Lower,"RESOURCESAT-2 LISS IV, 10m CARTODEM, Geomorphology 50K, LULC 10k(2018-2023), India-WRIS",LS_SIKKIM_2023.280,MultiPolygon
SK /MNG /78A10 /2023 /34,SIKKIM,MANGAN,78A10,27.5262,88.5679,250.284,70.31,57.7316894531,11214.6461754,Active,Moderately Dissected Structural Hills and Valleys,"BANDED MIGMATITE, GARNET BT GNEISS,MICA SCHIST",Evergreen Closed Forest,GLOF,2023,Brahmaputra Basin,Brahmaputra Lower,"RESOURCESAT-2 LISS IV, 10m CARTODEM, Geomorphology 50K, LULC 10k(2018-2023), India-WRIS",LS_SIKKIM_2023.281,MultiPolygon
SK /MNG /78A10 /2023 /53,SIKKIM,MANGAN,78A10,27.5285,88.5629,64.941,31.183,85.9899902344,1138.73628492,Active,Moderately Dissected Structural Hills and Valleys,"BANDED MIGMATITE, GARNET BT GNEISS,MICA SCHIST",Evergreen Open Forest,GLOF,2023,Brahmaputra Basin,Brahmaputra Lower,"RESOURCESAT-2 LISS IV, 10m CARTODEM, Geomorphology 50K, LULC 10k(2018-2023), India-WRIS",LS_SIKKIM_2023.333,MultiPolygon
SK /MNG /78A10 /2023 /31,SIKKIM,MANGAN,78A10,27.5282,88.5815,91.969,45.705,48.0,2657.60704986,Active,Moderately Dissected Structural Hills and Valleys,"BANDED MIGMATITE, GARNET BT GNEISS,MICA SCHIST",Evergreen Closed Forest,GLOF,2023,Brahmaputra Basin,Brahmaputra Lower,"RESOURCESAT-2 LISS IV, 10m CARTODEM, Geomorphology 50K, LULC 10k(2018-2023), India-WRIS",LS_SIKKIM_2023.278,MultiPolygon
SK /MNG /78A10 /2023 /32,SIKKIM,MANGAN,78A10,27.5282,88.5828,148.122,61.477,21.0,5233.94731835,Active,Moderately Dissected Structural Hills and Valleys,"BANDED MIGMATITE, GARNET BT GNEISS,MICA SCHIST",Evergreen Closed Forest,GLOF,2023,Brahmaputra Basin,Brahmaputra Lower,"RESOURCESAT-2 LISS IV, 10m CARTODEM, Geomorphology 50K, LULC 10k(2018-2023), India-WRIS",LS_SIKKIM_2023.279,MultiPolygon
SK /MNG /78A10 /2023 /38,SIKKIM,MANGAN,78A10,27.516,88.5867,103.12,47.384,12.0645141602,3548.48200175,Active,Moderately Dissected Structural Hills and Valleys,"BANDED MIGMATITE, GARNET BT GNEISS,MICA SCHIST",Evergreen Closed Forest,Rainfall,2023,Brahmaputra Basin,Brahmaputra Lower,"RESOURCESAT-2 LISS IV, 10m CARTODEM, Geomorphology 50K, LULC 10k(2018-2023), India-WRIS",LS_SIKKIM_2023.285,MultiPolygon
SK /MNG /78A10 /2023 /21,SIKKIM,MANGAN,78A10,27.5364,88.6043,471.284,349.946,47.5425415039,102961.057112,Active,Highly Dissected Structural Hills and Valleys,"QUARTZITE,MICA SCHIST, GNEISS,CALCGRANULITE",Evergreen Closed Forest,GLOF,2023,Brahmaputra Basin,Brahmaputra Lower,"RESOURCESAT-2 LISS IV, 10m CARTODEM, Geomorphology 50K, LULC 10k(2018-2023), India-WRIS",LS_SIKKIM_2023.260,MultiPolygon
SK /MNG /78A6 /2023 /14,SIKKIM,MANGAN,78A6,27.5518,88.3599,112.013,73.473,48.9309082031,6005.84684255,Active,Moderately Dissected Structural Hills and Valleys,"BANDED MIGMATITE, GARNET BT GNEISS,MICA SCHIST",Evergreen Closed Forest,Rainfall,2023,Brahmaputra Basin,Brahmaputra Lower,"RESOURCESAT-2 LISS IV, 10m CARTODEM, Geomorphology 50K, LULC 10k(2018-2023), India-WRIS",LS_SIKKIM_2023.301,MultiPolygon
SK /MNG /78A10 /2023 /39,SIKKIM,MANGAN,78A10,27.539,88.5095,73.791,37.041,83.7133789063,1966.16034758,Active,Moderately Dissected Structural Hills and Valleys,"GARNET, KYANITE,SILLIMANITE,BIOTITE SCHIST",Evergreen Closed Forest,Rainfall,2023,Brahmaputra Basin,Brahmaputra Lower,"RESOURCESAT-2 LISS IV, 10m CARTODEM, Geomorphology 50K, LULC 10k(2018-2023), India-WRIS",LS_SIKKIM_2023.305,MultiPolygon
SK /MNG /78A10 /2023 /7,SIKKIM,MANGAN,78A10,27.5463,88.6059,67.738,45.421,7.99755859375,2162.02273929,Active,Highly Dissected Structural Hills and Valleys,"QUARTZITE,MICA SCHIST, GNEISS,CALCGRANULITE",Wasteland - Dense Scrub Land,Rainfall,2023,Brahmaputra Basin,Brahmaputra Lower,"RESOURCESAT-2 LISS IV, 10m CARTODEM, Geomorphology 50K, LULC 10k(2018-2023), India-WRIS",LS_SIKKIM_2023.246,MultiPolygon
SK /MNG /78A10 /2023 /8,SIKKIM,MANGAN,78A10,27.5396,88.6076,139.289,42.986,10.0598144531,4021.00412305,Active,Highly Dissected Structural Hills and Valleys,CALC SILICATE ROCK,Wasteland - Sparse Scrub Land,GLOF,2023,Brahmaputra Basin,Brahmaputra Lower,"RESOURCESAT-2 LISS IV, 10m CARTODEM, Geomorphology 50K, LULC 10k(2018-2023), India-WRIS",LS_SIKKIM_2023.247,MultiPolygon
SK /MNG /78A10 /2023 /9,SIKKIM,MANGAN,78A10,27.5389,88.6045,100.922,56.299,23.3623046875,2433.12237123,Active,Highly Dissected Structural Hills and Valleys,"QUARTZITE,MICA SCHIST, GNEISS,CALCGRANULITE",Wasteland - Sparse Scrub Land,GLOF,2023,Brahmaputra Basin,Brahmaputra Lower,"RESOURCESAT-2 LISS IV, 10m CARTODEM, Geomorphology 50K, LULC 10k(2018-2023), India-WRIS",LS_SIKKIM_2023.248,MultiPolygon
SK /MNG /78A10 /2023 /17,SIKKIM,MANGAN,78A10,27.5458,88.6062,1616.25,199.892,21.2458496094,56177.1492908,Active,Highly Dissected Structural Hills and Valleys,"BANDED MIGMATITE, GARNET BT GNEISS,MICA SCHIST",Evergreen Open Forest,Rainfall,2023,Brahmaputra Basin,Brahmaputra Lower,"RESOURCESAT-2 LISS IV, 10m CARTODEM, Geomorphology 50K, LULC 10k(2018-2023), India-WRIS",LS_SIKKIM_2023.256,MultiPolygon
SK /MNG /78A10 /2023 /20,SIKKIM,MANGAN,78A10,27.5387,88.6085,423.358,122.141,19.2687988281,26218.824631,Active,Highly Dissected Structural Hills and Valleys,CALC SILICATE ROCK,Evergreen Closed Forest,GLOF,2023,Brahmaputra Basin,Brahmaputra Lower,"RESOURCESAT-2 LISS IV, 10m CARTODEM, Geomorphology 50K, LULC 10k(2018-2023), India-WRIS",LS_SIKKIM_2023.259,MultiPolygon
SK /MNG /78A10 /2023 /69,SIKKIM,MANGAN,78A10,27.5403,88.6017,401.693,67.88,408.0,10350.8855385,Active,Highly Dissected Structural Hills and Valleys,"BANDED MIGMATITE, GARNET BT GNEISS,MICA SCHIST",Wasteland - Sparse Scrub Land,Rainfall,2023,Brahmaputra Basin,Brahmaputra Lower,"RESOURCESAT-2 LISS IV, 10m CARTODEM, Geomorphology 50K, LULC 10k(2018-2023), India-WRIS",LS_SIKKIM_2023.395,MultiPolygon
SK /MNG /78A10 /2023 /6,SIKKIM,MANGAN,78A10,27.5489,88.6157,532.357,112.112,103.626831055,27369.3322387,Active,Highly Dissected Structural Hills and Valleys,CALC GRANULITE WITH /WITHOUT QUARTZITE,Evergreen Open Forest,Rainfall,2023,Brahmaputra Basin,Brahmaputra Lower,"RESOURCESAT-2 LISS IV, 10m CARTODEM, Geomorphology 50K, LULC 10k(2018-2023), India-WRIS",LS_SIKKIM_2023.245,MultiPolygon
SK /MNG /78A10 /2023 /18,SIKKIM,MANGAN,78A10,27.5539,88.6243,86.728,55.219,8.93139648438,3519.50606252,Active,Highly Dissected Structural Hills and Valleys,"QUARTZITE,MICA SCHIST, GNEISS,CALCGRANULITE",Wasteland - Dense Scrub Land,Rainfall,2023,Brahmaputra Basin,Brahmaputra Lower,"RESOURCESAT-2 LISS IV, 10m CARTODEM, Geomorphology 50K, LULC 10k(2018-2023), India-WRIS",LS_SIKKIM_2023.257,MultiPolygon
SK /MNG /78A10 /2023 /19,SIKKIM,MANGAN,78A10,27.5463,88.6243,145.287,33.999,24.2940673828,2482.11859246,Active,Highly Dissected Structural Hills and Valleys,"BANDED MIGMATITE, GARNET BT GNEISS,MICA SCHIST",Evergreen Open Forest,GLOF,2023,Brahmaputra Basin,Brahmaputra Lower,"RESOURCESAT-2 LISS IV, 10m CARTODEM, Geomorphology 50K, LULC 10k(2018-2023), India-WRIS",LS_SIKKIM_2023.258,MultiPolygon
SK /MNG /78A10 /2023 /23,SIKKIM,MANGAN,78A10,27.5453,88.6325,656.073,264.872,43.0697021484,104362.83224,Active,Highly Dissected Structural Hills and Valleys,"BANDED MIGMATITE, GARNET BT GNEISS,MICA SCHIST",Agriculture - Single crop Land,GLOF,2023,Brahmaputra Basin,Brahmaputra Lower,"RESOURCESAT-2 LISS IV, 10m CARTODEM, Geomorphology 50K, LULC 10k(2018-2023), India-WRIS",LS_SIKKIM_2023.262,MultiPolygon
SK /MNG /78A10 /2023 /24,SIKKIM,MANGAN,78A10,27.5445,88.6255,846.889,209.463,24.6812744141,103302.958342,Active,Highly Dissected Structural Hills and Valleys,"BANDED MIGMATITE, GARNET BT GNEISS,MICA SCHIST",Evergreen Closed Forest,GLOF,2023,Brahmaputra Basin,Brahmaputra Lower,"RESOURCESAT-2 LISS IV, 10m CARTODEM, Geomorphology 50K, LULC 10k(2018-2023), India-WRIS",LS_SIKKIM_2023.263,MultiPolygon
SK /MNG /78A10 /2023 /25,SIKKIM,MANGAN,78A10,27.5434,88.6252,81.171,72.223,131.659301758,3832.23771756,Active,Highly Dissected Structural Hills and Valleys,"BANDED MIGMATITE, GARNET BT GNEISS,MICA SCHIST",Evergreen Closed Forest,GLOF,2023,Brahmaputra Basin,Brahmaputra Lower,"RESOURCESAT-2 LISS IV, 10m CARTODEM, Geomorphology 50K, LULC 10k(2018-2023), India-WRIS",LS_SIKKIM_2023.264,MultiPolygon
SK /MNG /78A10 /2023 /30,SIKKIM,MANGAN,78A10,27.5443,88.6199,51.21,35.887,6.0,1233.73467489,Active,Moderately Dissected Structural Hills and Valleys,"BANDED MIGMATITE, GARNET BT GNEISS,MICA SCHIST",Evergreen Closed Forest,GLOF,2023,Brahmaputra Basin,Brahmaputra Lower,"RESOURCESAT-2 LISS IV, 10m CARTODEM, Geomorphology 50K, LULC 10k(2018-2023), India-WRIS",LS_SIKKIM_2023.277,MultiPolygon
SK /MNG /78A10 /2023 /61,SIKKIM,MANGAN,78A10,27.5432,88.6169,347.034,140.197,211.214111328,25010.6036671,Active,Moderately Dissected Structural Hills and Valleys,"BANDED MIGMATITE, GARNET BT GNEISS,MICA SCHIST",Evergreen Closed Forest,GLOF,2023,Brahmaputra Basin,Brahmaputra Lower,"RESOURCESAT-2 LISS IV, 10m CARTODEM, Geomorphology 50K, LULC 10k(2018-2023), India-WRIS",LS_SIKKIM_2023.371,MultiPolygon
SK /MNG /78A10 /2023 /16,SIKKIM,MANGAN,78A10,27.5506,88.6447,299.659,88.593,0.568481445313,14960.2754157,Active,Highly Dissected Structural Hills and Valleys,CALC GRANULITE WITH /WITHOUT QUARTZITE,Wasteland - Sparse Scrub Land,GLOF,2023,Brahmaputra Basin,Brahmaputra Lower,"RESOURCESAT-2 LISS IV, 10m CARTODEM, Geomorphology 50K, LULC 10k(2018-2023), India-WRIS",LS_SIKKIM_2023.255,MultiPolygon
SK /MNG /78A10 /2023 /22,SIKKIM,MANGAN,78A10,27.5449,88.6356,283.482,100.736,17.9633789063,15130.6253666,Active,Highly Dissected Structural Hills and Valleys,"BANDED MIGMATITE, GARNET BT GNEISS,MICA SCHIST",Evergreen Closed Forest,GLOF,2023,Brahmaputra Basin,Brahmaputra Lower,"RESOURCESAT-2 LISS IV, 10m CARTODEM, Geomorphology 50K, LULC 10k(2018-2023), India-WRIS",LS_SIKKIM_2023.261,MultiPolygon
SK /MNG /78A10 /2023 /26,SIKKIM,MANGAN,78A10,27.542,88.6599,288.62,100.61,20.2457275391,12788.9238692,Active,Highly Dissected Structural Hills and Valleys,CALC GRANULITE WITH /WITHOUT QUARTZITE,Evergreen Closed Forest,Rainfall,2023,Brahmaputra Basin,Brahmaputra Lower,"RESOURCESAT-2 LISS IV, 10m CARTODEM, Geomorphology 50K, LULC 10k(2018-2023), India-WRIS",LS_SIKKIM_2023.265,MultiPolygon
SK /MNG /78A10 /2023 /29,SIKKIM,MANGAN,78A10,27.5459,88.655,107.721,26.63,55.2169189453,1878.7576979,Active,Highly Dissected Structural Hills and Valleys,"QUARTZITE,MICA SCHIST, GNEISS,CALCGRANULITE",Evergreen Closed Forest,Rainfall,2023,Brahmaputra Basin,Brahmaputra Lower,"RESOURCESAT-2 LISS IV, 10m CARTODEM, Geomorphology 50K, LULC 10k(2018-2023), India-WRIS",LS_SIKKIM_2023.268,MultiPolygon
SK /MNG /78A6 /2023 /16,SIKKIM,MANGAN,78A6,27.557,88.3641,105.671,68.785,133.073730469,5553.2664431,Active,Moderately Dissected Structural Hills and Valleys,"BANDED MIGMATITE, GARNET BT GNEISS,MICA SCHIST",Evergreen Closed Forest,Rainfall,2023,Brahmaputra Basin,Brahmaputra Lower,"RESOURCESAT-2 LISS IV, 10m CARTODEM, Geomorphology 50K, LULC 10k(2018-2023), India-WRIS",LS_SIKKIM_2023.303,MultiPolygon
SK /MNG /78A6 /2023 /17,SIKKIM,MANGAN,78A6,27.5576,88.3657,175.224,130.869,227.116699219,13671.0431763,Active,Moderately Dissected Structural Hills and Valleys,"BANDED MIGMATITE, GARNET BT GNEISS,MICA SCHIST",Evergreen Closed Forest,Rainfall,2023,Brahmaputra Basin,Brahmaputra Lower,"RESOURCESAT-2 LISS IV, 10m CARTODEM, Geomorphology 50K, LULC 10k(2018-2023), India-WRIS",LS_SIKKIM_2023.304,MultiPolygon
SK /MNG /78A6 /2023 /19,SIKKIM,MANGAN,78A6,27.5632,88.4128,160.981,44.608,2.21160888672,4481.17688885,Active,Highly Dissected Structural Hills and Valleys,"BANDED MIGMATITE, GARNET BT GNEISS,MICA SCHIST",Evergreen Closed Forest,Rainfall,2023,Brahmaputra Basin,Brahmaputra Lower,"RESOURCESAT-2 LISS IV, 10m CARTODEM, Geomorphology 50K, LULC 10k(2018-2023), India-WRIS",LS_SIKKIM_2023.310,MultiPolygon
SK /MNG /78A6 /2023 /18,SIKKIM,MANGAN,78A6,27.562,88.412,288.12,97.634,47.9063110352,14172.3657889,Active,Highly Dissected Structural Hills and Valleys,"BANDED MIGMATITE, GARNET BT GNEISS,MICA SCHIST",Evergreen Closed Forest,Rainfall,2023,Brahmaputra Basin,Brahmaputra Lower,"RESOURCESAT-2 LISS IV, 10m CARTODEM, Geomorphology 50K, LULC 10k(2018-2023), India-WRIS",LS_SIKKIM_2023.309,MultiPolygon
SK /MNG /78A6 /2023 /3,SIKKIM,MANGAN,78A6,27.5659,88.4545,297.354,32.752,68.5434570313,6239.58019111,Active,Moderately Dissected Structural Hills and Valleys,"BANDED MIGMATITE, GARNET BT GNEISS,MICA SCHIST",Evergreen Closed Forest,Rainfall,2023,Brahmaputra Basin,Brahmaputra Lower,"RESOURCESAT-2 LISS IV, 10m CARTODEM, Geomorphology 50K, LULC 10k(2018-2023), India-WRIS",LS_SIKKIM_2023.290,MultiPolygon
SK /MNG /78A6 /2023 /4,SIKKIM,MANGAN,78A6,27.5638,88.4547,159.582,53.036,294.451293945,4926.05649986,Active,Moderately Dissected Structural Hills and Valleys,"BANDED MIGMATITE, GARNET BT GNEISS,MICA SCHIST",Evergreen Closed Forest,Rainfall,2023,Brahmaputra Basin,Brahmaputra Lower,"RESOURCESAT-2 LISS IV, 10m CARTODEM, Geomorphology 50K, LULC 10k(2018-2023), India-WRIS",LS_SIKKIM_2023.291,MultiPolygon
SK /MNG /78A6 /2023 /5,SIKKIM,MANGAN,78A6,27.5699,88.4554,95.603,27.447,65.0,1936.72211143,Active,Moderately Dissected Structural Hills and Valleys,"BANDED MIGMATITE, GARNET BT GNEISS,MICA SCHIST",Evergreen Closed Forest,Rainfall,2023,Brahmaputra Basin,Brahmaputra Lower,"RESOURCESAT-2 LISS IV, 10m CARTODEM, Geomorphology 50K, LULC 10k(2018-2023), India-WRIS",LS_SIKKIM_2023.292,MultiPolygon
SK /MNG /78A6 /2023 /6,SIKKIM,MANGAN,78A6,27.5703,88.4569,98.598,26.888,32.6920166016,1723.60751604,Active,Moderately Dissected Structural Hills and Valleys,"BANDED MIGMATITE, GARNET BT GNEISS,MICA SCHIST",Evergreen Closed Forest,Rainfall,2023,Brahmaputra Basin,Brahmaputra Lower,"RESOURCESAT-2 LISS IV, 10m CARTODEM, Geomorphology 50K, LULC 10k(2018-2023), India-WRIS",LS_SIKKIM_2023.293,MultiPolygon
SK /MNG /78A6 /2023 /7,SIKKIM,MANGAN,78A6,27.5704,88.4573,100.39,37.202,8.0859375,2077.04034171,Active,Moderately Dissected Structural Hills and Valleys,"BANDED MIGMATITE, GARNET BT GNEISS,MICA SCHIST",Evergreen Closed Forest,Rainfall,2023,Brahmaputra Basin,Brahmaputra Lower,"RESOURCESAT-2 LISS IV, 10m CARTODEM, Geomorphology 50K, LULC 10k(2018-2023), India-WRIS",LS_SIKKIM_2023.294,MultiPolygon
SK /MNG /78A6 /2023 /8,SIKKIM,MANGAN,78A6,27.5709,88.4556,187.993,50.065,193.0,3374.93192662,Active,Moderately Dissected Structural Hills and Valleys,"BANDED MIGMATITE, GARNET BT GNEISS,MICA SCHIST",Evergreen Closed Forest,Rainfall,2023,Brahmaputra Basin,Brahmaputra Lower,"RESOURCESAT-2 LISS IV, 10m CARTODEM, Geomorphology 50K, LULC 10k(2018-2023), India-WRIS",LS_SIKKIM_2023.295,MultiPolygon
SK /MNG /78A6 /2023 /9,SIKKIM,MANGAN,78A6,27.5703,88.4631,45.597,24.472,53.0,873.143262607,Active,Moderately Dissected Structural Hills and Valleys,"BANDED MIGMATITE, GARNET BT GNEISS,MICA SCHIST",Evergreen Closed Forest,Rainfall,2023,Brahmaputra Basin,Brahmaputra Lower,"RESOURCESAT-2 LISS IV, 10m CARTODEM, Geomorphology 50K, LULC 10k(2018-2023), India-WRIS",LS_SIKKIM_2023.296,MultiPolygon
SK /MNG /78A6 /2023 /10,SIKKIM,MANGAN,78A6,27.5721,88.4651,48.756,28.964,83.0550537109,1057.55513638,Active,Moderately Dissected Structural Hills and Valleys,"BANDED MIGMATITE, GARNET BT GNEISS,MICA SCHIST",Evergreen Closed Forest,Rainfall,2023,Brahmaputra Basin,Brahmaputra Lower,"RESOURCESAT-2 LISS IV, 10m CARTODEM, Geomorphology 50K, LULC 10k(2018-2023), India-WRIS",LS_SIKKIM_2023.297,MultiPolygon
SK /MNG /78A6 /2023 /11,SIKKIM,MANGAN,78A6,27.5649,88.4645,109.231,27.49,80.0,1780.43164278,Active,Moderately Dissected Structural Hills and Valleys,"BANDED MIGMATITE, GARNET BT GNEISS,MICA SCHIST",Evergreen Closed Forest,Rainfall,2023,Brahmaputra Basin,Brahmaputra Lower,"RESOURCESAT-2 LISS IV, 10m CARTODEM, Geomorphology 50K, LULC 10k(2018-2023), India-WRIS",LS_SIKKIM_2023.298,MultiPolygon
SK /MNG /78A6 /2023 /24,SIKKIM,MANGAN,78A6,27.5711,88.4634,50.695,23.264,55.0708007813,784.112987385,Active,Moderately Dissected Structural Hills and Valleys,"BANDED MIGMATITE, GARNET BT GNEISS,MICA SCHIST",Evergreen Closed Forest,Rainfall,2023,Brahmaputra Basin,Brahmaputra Lower,"RESOURCESAT-2 LISS IV, 10m CARTODEM, Geomorphology 50K, LULC 10k(2018-2023), India-WRIS",LS_SIKKIM_2023.317,MultiPolygon
SK /MNG /78A6 /2023 /27,SIKKIM,MANGAN,78A6,27.5641,88.455,113.959,28.909,76.0,2416.18837946,Active,Moderately Dissected Structural Hills and Valleys,"BANDED MIGMATITE, GARNET BT GNEISS,MICA SCHIST",Evergreen Closed Forest,Rainfall,2023,Brahmaputra Basin,Brahmaputra Lower,"RESOURCESAT-2 LISS IV, 10m CARTODEM, Geomorphology 50K, LULC 10k(2018-2023), India-WRIS",LS_SIKKIM_2023.374,MultiPolygon
SK /MNG /78A6 /2023 /28,SIKKIM,MANGAN,78A6,27.5697,88.4632,66.484,16.204,44.0,821.182991393,Active,Moderately Dissected Structural Hills and Valleys,"BANDED MIGMATITE, GARNET BT GNEISS,MICA SCHIST",Evergreen Closed Forest,Rainfall,2023,Brahmaputra Basin,Brahmaputra Lower,"RESOURCESAT-2 LISS IV, 10m CARTODEM, Geomorphology 50K, LULC 10k(2018-2023), India-WRIS",LS_SIKKIM_2023.393,MultiPolygon
SK /MNG /78A10 /2023 /5,SIKKIM,MANGAN,78A10,27.569,88.5998,108.211,32.423,33.2655029297,2383.7150802,Active,Highly Dissected Structural Hills and Valleys,"BANDED MIGMATITE, GARNET BT GNEISS,MICA SCHIST",Evergreen Closed Forest,Rainfall,2023,Brahmaputra Basin,Brahmaputra Lower,"RESOURCESAT-2 LISS IV, 10m CARTODEM, Geomorphology 50K, LULC 10k(2018-2023), India-WRIS",LS_SIKKIM_2023.244,MultiPolygon
SK /MNG /78A10 /2023 /14,SIKKIM,MANGAN,78A10,27.5601,88.6529,152.603,78.045,402.295776367,6402.00964948,Active,Highly Dissected Structural Hills and Valleys,"GARNET, KYANITE,SILLIMANITE,BIOTITE SCHIST",Evergreen Closed Forest,GLOF,2023,Brahmaputra Basin,Brahmaputra Lower,"RESOURCESAT-2 LISS IV, 10m CARTODEM, Geomorphology 50K, LULC 10k(2018-2023), India-WRIS",LS_SIKKIM_2023.253,MultiPolygon
SK /MNG /78A10 /2023 /15,SIKKIM,MANGAN,78A10,27.5593,88.6523,124.242,46.261,247.0,3717.9390414,Active,Highly Dissected Structural Hills and Valleys,"GARNET, KYANITE,SILLIMANITE,BIOTITE SCHIST",Evergreen Closed Forest,Rainfall,2023,Brahmaputra Basin,Brahmaputra Lower,"RESOURCESAT-2 LISS IV, 10m CARTODEM, Geomorphology 50K, LULC 10k(2018-2023), India-WRIS",LS_SIKKIM_2023.254,MultiPolygon
SK /MNG /78A10 /2023 /35,SIKKIM,MANGAN,78A10,27.571,88.6534,183.252,136.826,51.9294433594,13169.2745485,Active,Moderately Dissected Structural Hills and Valleys,CALC GRANULITE WITH /WITHOUT QUARTZITE,Evergreen Closed Forest,GLOF,2023,Brahmaputra Basin,Brahmaputra Lower,"RESOURCESAT-2 LISS IV, 10m CARTODEM, Geomorphology 50K, LULC 10k(2018-2023), India-WRIS",LS_SIKKIM_2023.282,MultiPolygon
SK /MNG /78A10 /2023 /54,SIKKIM,MANGAN,78A10,27.5631,88.6527,269.812,92.604,120.461181641,14520.8078045,Active,Moderately Dissected Structural Hills and Valleys,"QUARTZITE,MICA SCHIST, GNEISS,CALCGRANULITE",Evergreen Closed Forest,GLOF,2023,Brahmaputra Basin,Brahmaputra Lower,"RESOURCESAT-2 LISS IV, 10m CARTODEM, Geomorphology 50K, LULC 10k(2018-2023), India-WRIS",LS_SIKKIM_2023.334,MultiPolygon
SK /MNG /78A6 /2023 /13,SIKKIM,MANGAN,78A6,27.583,88.3448,71.19,49.258,73.443359375,1990.0737264,Active,Moderately Dissected Structural Hills and Valleys,"BANDED MIGMATITE, GARNET BT GNEISS,MICA SCHIST",Evergreen Open Forest,Rainfall,2023,Brahmaputra Basin,Brahmaputra Lower,"RESOURCESAT-2 LISS IV, 10m CARTODEM, Geomorphology 50K, LULC 10k(2018-2023), India-WRIS",LS_SIKKIM_2023.300,MultiPolygon
SK /MNG /78A6 /2023 /1,SIKKIM,MANGAN,78A6,27.5827,88.4526,113.531,48.04,84.7158203125,2969.06897276,Active,Moderately Dissected Structural Hills and Valleys,CALC SILICATE ROCK,Evergreen Closed Forest,Rainfall,2023,Brahmaputra Basin,Brahmaputra Lower,"RESOURCESAT-2 LISS IV, 10m CARTODEM, Geomorphology 50K, LULC 10k(2018-2023), India-WRIS",LS_SIKKIM_2023.288,MultiPolygon
SK /MNG /78A10 /2023 /10,SIKKIM,MANGAN,78A10,27.5899,88.6358,92.727,47.847,22.4780273438,2962.77917666,Active,Highly Dissected Structural Hills and Valleys,"BANDED MIGMATITE, GARNET BT GNEISS,MICA SCHIST",Evergreen Closed Forest,Rainfall,2023,Brahmaputra Basin,Brahmaputra Lower,"RESOURCESAT-2 LISS IV, 10m CARTODEM, Geomorphology 50K, LULC 10k(2018-2023), India-WRIS",LS_SIKKIM_2023.249,MultiPolygon
SK /MNG /78A10 /2023 /11,SIKKIM,MANGAN,78A10,27.5925,88.6429,113.012,42.229,18.5993652344,3551.74885071,Active,Highly Dissected Structural Hills and Valleys,"BANDED MIGMATITE, GARNET BT GNEISS,MICA SCHIST",Evergreen Closed Forest,Rainfall,2023,Brahmaputra Basin,Brahmaputra Lower,"RESOURCESAT-2 LISS IV, 10m CARTODEM, Geomorphology 50K, LULC 10k(2018-2023), India-WRIS",LS_SIKKIM_2023.250,MultiPolygon
SK /MNG /78A10 /2023 /13,SIKKIM,MANGAN,78A10,27.589,88.6445,49.158,25.152,62.7890625,900.475374123,Active,Highly Dissected Structural Hills and Valleys,"BANDED MIGMATITE, GARNET BT GNEISS,MICA SCHIST",Evergreen Closed Forest,Rainfall,2023,Brahmaputra Basin,Brahmaputra Lower,"RESOURCESAT-2 LISS IV, 10m CARTODEM, Geomorphology 50K, LULC 10k(2018-2023), India-WRIS",LS_SIKKIM_2023.252,MultiPolygon
SK /MNG /78A10 /2023 /59,SIKKIM,MANGAN,78A10,27.5833,88.6555,255.683,199.918,198.587402344,23103.0670848,Active,Highly Dissected Structural Hills and Valleys,CALC GRANULITE WITH /WITHOUT QUARTZITE,Evergreen Closed Forest,GLOF,2023,Brahmaputra Basin,Brahmaputra Lower,"RESOURCESAT-2 LISS IV, 10m CARTODEM, Geomorphology 50K, LULC 10k(2018-2023), India-WRIS",LS_SIKKIM_2023.369,MultiPolygon
SK /MNG /78A6 /2023 /12,SIKKIM,MANGAN,78A6,27.603,88.3702,35.489,22.251,15.8330078125,619.489886428,Active,Moderately Dissected Structural Hills and Valleys,UNMAPPED,Evergreen Closed Forest,Rainfall,2023,Brahmaputra Basin,Brahmaputra Lower,"RESOURCESAT-2 LISS IV, 10m CARTODEM, Geomorphology 50K, LULC 10k(2018-2023), India-WRIS",LS_SIKKIM_2023.299,MultiPolygon
SK /MNG /78A10 /2023 /50,SIKKIM,MANGAN,78A10,27.6123,88.6286,438.132,189.166,112.700927734,34365.0441338,Active,Moderately Dissected Structural Hills and Valleys,QUARTZITE,Evergreen Closed Forest,GLOF,2023,Brahmaputra Basin,Brahmaputra Lower,"RESOURCESAT-2 LISS IV, 10m CARTODEM, Geomorphology 50K, LULC 10k(2018-2023), India-WRIS",LS_SIKKIM_2023.330,MultiPolygon
SK /MNG /78A10 /2023 /42,SIKKIM,MANGAN,78A10,27.6113,88.6373,87.373,74.189,28.708984375,3746.93033354,Active,Highly Dissected Structural Hills and Valleys,QUARTZITE,Wasteland - Sparse Scrub Land,GLOF,2023,Brahmaputra Basin,Brahmaputra Lower,"RESOURCESAT-2 LISS IV, 10m CARTODEM, Geomorphology 50K, LULC 10k(2018-2023), India-WRIS",LS_SIKKIM_2023.322,MultiPolygon
SK /MNG /78A10 /2023 /2,SIKKIM,MANGAN,78A10,27.6197,88.6198,901.481,428.197,149.754882813,141915.229819,Active,Highly Dissected Structural Hills and Valleys,QUARTZITE,Evergreen Closed Forest,GLOF,2023,Brahmaputra Basin,Brahmaputra Lower,"RESOURCESAT-2 LISS IV, 10m CARTODEM, Geomorphology 50K, LULC 10k(2018-2023), India-WRIS",LS_SIKKIM_2023.241,MultiPolygon
SK /MNG /78A10 /2023 /40,SIKKIM,MANGAN,78A10,27.6164,88.627,118.053,78.258,42.8381347656,5953.4370799,Active,Highly Dissected Structural Hills and Valleys,QUARTZITE,Wasteland - Dense Scrub Land,GLOF,2023,Brahmaputra Basin,Brahmaputra Lower,"RESOURCESAT-2 LISS IV, 10m CARTODEM, Geomorphology 50K, LULC 10k(2018-2023), India-WRIS",LS_SIKKIM_2023.320,MultiPolygon
SK /MNG /78A10 /2023 /51,SIKKIM,MANGAN,78A10,27.6333,88.6148,2099.76,405.051,360.657470703,284076.743308,Active,Moderately Dissected Structural Hills and Valleys,QUARTZITE,Agriculture - Single crop Land,GLOF,2023,Brahmaputra Basin,Brahmaputra Lower,"RESOURCESAT-2 LISS IV, 10m CARTODEM, Geomorphology 50K, LULC 10k(2018-2023), India-WRIS",LS_SIKKIM_2023.331,MultiPolygon
SK /MNG /78A10 /2023 /60,SIKKIM,MANGAN,78A10,27.6276,88.6196,758.706,165.379,14.2487792969,67702.4096668,Active,Moderately Dissected Structural Hills and Valleys,QUARTZITE,Evergreen Closed Forest,GLOF,2023,Brahmaputra Basin,Brahmaputra Lower,"RESOURCESAT-2 LISS IV, 10m CARTODEM, Geomorphology 50K, LULC 10k(2018-2023), India-WRIS",LS_SIKKIM_2023.370,MultiPolygon
SK /MNG /78A10 /2023 /3,SIKKIM,MANGAN,78A10,27.6428,88.607,556.121,194.562,160.303466797,48782.4316191,Active,Highly Dissected Structural Hills and Valleys,QUARTZITE,Evergreen Closed Forest,GLOF,2023,Brahmaputra Basin,Brahmaputra Lower,"RESOURCESAT-2 LISS IV, 10m CARTODEM, Geomorphology 50K, LULC 10k(2018-2023), India-WRIS",LS_SIKKIM_2023.242,MultiPolygon
SK /MNG /78A10 /2023 /45,SIKKIM,MANGAN,78A10,27.6401,88.6129,1170.4,215.181,29.1037597656,135004.255993,Active,Highly Dissected Structural Hills and Valleys,QUARTZITE,Evergreen Closed Forest,GLOF,2023,Brahmaputra Basin,Brahmaputra Lower,"RESOURCESAT-2 LISS IV, 10m CARTODEM, Geomorphology 50K, LULC 10k(2018-2023), India-WRIS",LS_SIKKIM_2023.325,MultiPolygon
SK /MNG /78A10 /2023 /44,SIKKIM,MANGAN,78A10,27.6823,88.5913,142.31,61.882,142.394775391,6202.30661055,Active,Highly Dissected Structural Hills and Valleys,"BANDED MIGMATITE, GARNET BT GNEISS,MICA SCHIST",Evergreen Closed Forest,GLOF,2023,Brahmaputra Basin,Brahmaputra Lower,"RESOURCESAT-2 LISS IV, 10m CARTODEM, Geomorphology 50K, LULC 10k(2018-2023), India-WRIS",LS_SIKKIM_2023.324,MultiPolygon
SK /MNG /78A10 /2023 /68,SIKKIM,MANGAN,78A10,27.6892,88.5853,324.218,199.88,185.0,44466.9322399,Active,Highly Dissected Structural Hills and Valleys,"BANDED MIGMATITE, GARNET BT GNEISS,MICA SCHIST",Wasteland - Sparse Scrub Land,GLOF,2023,Brahmaputra Basin,Brahmaputra Lower,"RESOURCESAT-2 LISS IV, 10m CARTODEM, Geomorphology 50K, LULC 10k(2018-2023), India-WRIS",LS_SIKKIM_2023.394,MultiPolygon
SK /MNG /78A10 /2023 /48,SIKKIM,MANGAN,78A10,27.7132,88.5625,183.057,79.988,361.1484375,7070.20484833,Active,Moderately Dissected Structural Hills and Valleys,"BANDED MIGMATITE, GARNET BT GNEISS,MICA SCHIST",Evergreen Closed Forest,GLOF,2023,Brahmaputra Basin,Brahmaputra Lower,"RESOURCESAT-2 LISS IV, 10m CARTODEM, Geomorphology 50K, LULC 10k(2018-2023), India-WRIS",LS_SIKKIM_2023.328,MultiPolygon
SK /MNG /78A10 /2023 /62,SIKKIM,MANGAN,78A10,27.7053,88.5653,232.365,96.808,101.0,14776.919902,Active,Moderately Dissected Structural Hills and Valleys,"BANDED MIGMATITE, GARNET BT GNEISS,MICA SCHIST",Evergreen Closed Forest,GLOF,2023,Brahmaputra Basin,Brahmaputra Lower,"RESOURCESAT-2 LISS IV, 10m CARTODEM, Geomorphology 50K, LULC 10k(2018-2023), India-WRIS",LS_SIKKIM_2023.375,MultiPolygon
SK /MNG /78A10 /2023 /63,SIKKIM,MANGAN,78A10,27.7033,88.5667,164.886,97.484,117.0,8387.49271344,Active,Moderately Dissected Structural Hills and Valleys,"BANDED MIGMATITE, GARNET BT GNEISS,MICA SCHIST",Evergreen Closed Forest,GLOF,2023,Brahmaputra Basin,Brahmaputra Lower,"RESOURCESAT-2 LISS IV, 10m CARTODEM, Geomorphology 50K, LULC 10k(2018-2023), India-WRIS",LS_SIKKIM_2023.376,MultiPolygon
SK /MNG /78A10 /2023 /47,SIKKIM,MANGAN,78A10,27.7359,88.5514,2356.04,361.816,10.8718261719,270504.202804,Active,Moderately Dissected Structural Hills and Valleys,"BANDED MIGMATITE, GARNET BT GNEISS,MICA SCHIST",Wasteland - Dense Scrub Land,GLOF,2023,Brahmaputra Basin,Brahmaputra Lower,"RESOURCESAT-2 LISS IV, 10m CARTODEM, Geomorphology 50K, LULC 10k(2018-2023), India-WRIS",LS_SIKKIM_2023.327,MultiPolygon
SK /MNG /78A10 /2023 /49,SIKKIM,MANGAN,78A10,27.7208,88.5592,467.286,254.875,280.678710938,65947.8593165,Active,Moderately Dissected Structural Hills and Valleys,"BANDED MIGMATITE, GARNET BT GNEISS,MICA SCHIST",Evergreen Closed Forest,GLOF,2023,Brahmaputra Basin,Brahmaputra Lower,"RESOURCESAT-2 LISS IV, 10m CARTODEM, Geomorphology 50K, LULC 10k(2018-2023), India-WRIS",LS_SIKKIM_2023.329,MultiPolygon
SK /MNG /78A10 /2023 /58,SIKKIM,MANGAN,78A10,27.7276,88.5609,496.034,172.556,41.3247070313,53026.035976,Active,Highly Dissected Structural Hills and Valleys,"BANDED MIGMATITE, GARNET BT GNEISS,MICA SCHIST",Evergreen Closed Forest,GLOF,2023,Brahmaputra Basin,Brahmaputra Lower,"RESOURCESAT-2 LISS IV, 10m CARTODEM, Geomorphology 50K, LULC 10k(2018-2023), India-WRIS",LS_SIKKIM_2023.354,MultiPolygon
SK /MNG /78A10 /2023 /67,SIKKIM,MANGAN,78A10,27.7249,88.558,155.539,120.809,54.0,10499.4524263,Active,Moderately Dissected Structural Hills and Valleys,"BANDED MIGMATITE, GARNET BT GNEISS,MICA SCHIST",Evergreen Open Forest,GLOF,2023,Brahmaputra Basin,Brahmaputra Lower,"RESOURCESAT-2 LISS IV, 10m CARTODEM, Geomorphology 50K, LULC 10k(2018-2023), India-WRIS",LS_SIKKIM_2023.382,MultiPolygon
SK /MNG /78A10 /2023 /46,SIKKIM,MANGAN,78A10,27.7478,88.5464,386.798,196.055,82.6396484375,36939.666652,Active,Moderately Dissected Structural Hills and Valleys,"BANDED MIGMATITE, GARNET BT GNEISS,MICA SCHIST",Evergreen Open Forest,GLOF,2023,Brahmaputra Basin,Brahmaputra Lower,"RESOURCESAT-2 LISS IV, 10m CARTODEM, Geomorphology 50K, LULC 10k(2018-2023), India-WRIS",LS_SIKKIM_2023.326,MultiPolygon
SK /MNG /78A10 /2023 /57,SIKKIM,MANGAN,78A10,27.7419,88.5499,290.513,137.122,96.2385253906,28344.3873756,Active,Highly Dissected Structural Hills and Valleys,"BANDED MIGMATITE, GARNET BT GNEISS,MICA SCHIST",Evergreen Closed Forest,GLOF,2023,Brahmaputra Basin,Brahmaputra Lower,"RESOURCESAT-2 LISS IV, 10m CARTODEM, Geomorphology 50K, LULC 10k(2018-2023), India-WRIS",LS_SIKKIM_2023.353,MultiPolygon
SK /MNG /78A9 /2023 /3,SIKKIM,MANGAN,78A9,27.7536,88.5464,452.003,271.124,70.7854003906,79183.8355304,Active,Highly Dissected Structural Hills and Valleys,"BANDED MIGMATITE, GARNET BT GNEISS,MICA SCHIST",Evergreen Closed Forest,GLOF,2023,Brahmaputra Basin,Brahmaputra Lower,"RESOURCESAT-2 LISS IV, 10m CARTODEM, Geomorphology 50K, LULC 10k(2018-2023), India-WRIS",LS_SIKKIM_2023.355,MultiPolygon
SK /MNG /78A10 /2023 /66,SIKKIM,MANGAN,78A10,27.736,88.5524,62.122,48.863,42.0,2020.97808012,Active,Moderately Dissected Structural Hills and Valleys,"BANDED MIGMATITE, GARNET BT GNEISS,MICA SCHIST",Evergreen Closed Forest,GLOF,2023,Brahmaputra Basin,Brahmaputra Lower,"RESOURCESAT-2 LISS IV, 10m CARTODEM, Geomorphology 50K, LULC 10k(2018-2023), India-WRIS",LS_SIKKIM_2023.381,MultiPolygon
SK /MNG /78A9 /2023 /12,SIKKIM,MANGAN,78A9,27.7695,88.5148,500.348,350.499,160.0,101073.273277,Active,Moderately Dissected Structural Hills and Valleys,"BANDED MIGMATITE, GARNET BT GNEISS,MICA SCHIST",Evergreen Closed Forest,GLOF,2023,Brahmaputra Basin,Brahmaputra Lower,"RESOURCESAT-2 LISS IV, 10m CARTODEM, Geomorphology 50K, LULC 10k(2018-2023), India-WRIS",LS_SIKKIM_2023.386,MultiPolygon
SK /MNG /78A9 /2023 /14,SIKKIM,MANGAN,78A9,27.7741,88.5078,598.662,327.454,126.0,96199.7806492,Active,Moderately Dissected Structural Hills and Valleys,"BANDED MIGMATITE, GARNET BT GNEISS,MICA SCHIST",Evergreen Open Forest,GLOF,2023,Brahmaputra Basin,Brahmaputra Lower,"RESOURCESAT-2 LISS IV, 10m CARTODEM, Geomorphology 50K, LULC 10k(2018-2023), India-WRIS",LS_SIKKIM_2023.392,MultiPolygon
SK /MNG /78A9 /2023 /1,SIKKIM,MANGAN,78A9,27.7595,88.5294,492.56,463.791,84.7690429688,133692.723218,Active,Moderately Dissected Structural Hills and Valleys,"BANDED MIGMATITE, GARNET BT GNEISS,MICA SCHIST",Evergreen Open Forest,GLOF,2023,Brahmaputra Basin,Brahmaputra Lower,"RESOURCESAT-2 LISS IV, 10m CARTODEM, Geomorphology 50K, LULC 10k(2018-2023), India-WRIS",LS_SIKKIM_2023.351,MultiPolygon
SK /MNG /78A9 /2023 /2,SIKKIM,MANGAN,78A9,27.7643,88.5231,948.828,377.068,60.8193359375,184787.0125,Active,Moderately Dissected Structural Hills and Valleys,"BANDED MIGMATITE, GARNET BT GNEISS,MICA SCHIST",Evergreen Open Forest,GLOF,2023,Brahmaputra Basin,Brahmaputra Lower,"RESOURCESAT-2 LISS IV, 10m CARTODEM, Geomorphology 50K, LULC 10k(2018-2023), India-WRIS",LS_SIKKIM_2023.352,MultiPolygon
SK /MNG /78A9 /2023 /5,SIKKIM,MANGAN,78A9,27.7672,88.5246,126.808,82.677,136.502197266,6441.83138862,Active,Highly Dissected Structural Hills and Valleys,"BANDED MIGMATITE, GARNET BT GNEISS,MICA SCHIST",Evergreen Open Forest,GLOF,2023,Brahmaputra Basin,Brahmaputra Lower,"RESOURCESAT-2 LISS IV, 10m CARTODEM, Geomorphology 50K, LULC 10k(2018-2023), India-WRIS",LS_SIKKIM_2023.364,MultiPolygon
SK /MNG /78A9 /2023 /6,SIKKIM,MANGAN,78A9,27.7607,88.5333,357.967,231.363,103.823730469,60710.7991515,Active,Highly Dissected Structural Hills and Valleys,"BANDED MIGMATITE, GARNET BT GNEISS,MICA SCHIST",Evergreen Open Forest,GLOF,2023,Brahmaputra Basin,Brahmaputra Lower,"RESOURCESAT-2 LISS IV, 10m CARTODEM, Geomorphology 50K, LULC 10k(2018-2023), India-WRIS",LS_SIKKIM_2023.365,MultiPolygon
SK /MNG /78A9 /2023 /7,SIKKIM,MANGAN,78A9,27.7736,88.5144,571.381,285.039,102.73828125,93738.9411283,Active,Highly Dissected Structural Hills and Valleys,"BANDED MIGMATITE, GARNET BT GNEISS,MICA SCHIST",Evergreen Open Forest,GLOF,2023,Brahmaputra Basin,Brahmaputra Lower,"RESOURCESAT-2 LISS IV, 10m CARTODEM, Geomorphology 50K, LULC 10k(2018-2023), India-WRIS",LS_SIKKIM_2023.366,MultiPolygon
SK /MNG /78A9 /2023 /8,SIKKIM,MANGAN,78A9,27.7641,88.5283,692.945,433.548,99.0944824219,180603.78142,Active,Highly Dissected Structural Hills and Valleys,"BANDED MIGMATITE, GARNET BT GNEISS,MICA SCHIST",Evergreen Open Forest,GLOF,2023,Brahmaputra Basin,Brahmaputra Lower,"RESOURCESAT-2 LISS IV, 10m CARTODEM, Geomorphology 50K, LULC 10k(2018-2023), India-WRIS",LS_SIKKIM_2023.367,MultiPolygon
SK /MNG /78A9 /2023 /9,SIKKIM,MANGAN,78A9,27.7708,88.5191,690.596,274.897,3.81494140625,106653.14945,Active,Highly Dissected Structural Hills and Valleys,"BANDED MIGMATITE, GARNET BT GNEISS,MICA SCHIST",Evergreen Open Forest,GLOF,2023,Brahmaputra Basin,Brahmaputra Lower,"RESOURCESAT-2 LISS IV, 10m CARTODEM, Geomorphology 50K, LULC 10k(2018-2023), India-WRIS",LS_SIKKIM_2023.368,MultiPolygon
SK /MNG /78A9 /2023 /13,SIKKIM,MANGAN,78A9,27.7669,88.5234,373.218,173.174,114.0,44755.8495588,Active,Highly Dissected Structural Hills and Valleys,"BANDED MIGMATITE, GARNET BT GNEISS,MICA SCHIST",Evergreen Open Forest,GLOF,2023,Brahmaputra Basin,Brahmaputra Lower,"RESOURCESAT-2 LISS IV, 10m CARTODEM, Geomorphology 50K, LULC 10k(2018-2023), India-WRIS",LS_SIKKIM_2023.387,MultiPolygon
SK /MNG /78A9 /2023 /11,SIKKIM,MANGAN,78A9,27.7567,88.5378,443.506,168.625,125.0,51511.9579759,Active,Moderately Dissected Structural Hills and Valleys,"BANDED MIGMATITE, GARNET BT GNEISS,MICA SCHIST",Evergreen Open Forest,GLOF,2023,Brahmaputra Basin,Brahmaputra Lower,"RESOURCESAT-2 LISS IV, 10m CARTODEM, Geomorphology 50K, LULC 10k(2018-2023), India-WRIS",LS_SIKKIM_2023.379,MultiPolygon
SK /MNG /78A5 /2023 /7,SIKKIM,MANGAN,78A5,27.7917,88.4893,87.144,76.024,241.490478516,5004.31728041,Active,Moderately Dissected Structural Hills and Valleys,UNMAPPED,Evergreen Open Forest,GLOF,2023,Brahmaputra Basin,Brahmaputra Lower,"RESOURCESAT-2 LISS IV, 10m CARTODEM, Geomorphology 50K, LULC 10k(2018-2023), India-WRIS",LS_SIKKIM_2023.343,MultiPolygon
SK /MNG /78A5 /2023 /25,SIKKIM,MANGAN,78A5,27.7893,88.4902,489.027,150.529,76.0,48393.5200194,Active,Moderately Dissected Structural Hills and Valleys,"BANDED MIGMATITE, GARNET BT GNEISS,MICA SCHIST",Evergreen Open Forest,GLOF,2023,Brahmaputra Basin,Brahmaputra Lower,"RESOURCESAT-2 LISS IV, 10m CARTODEM, Geomorphology 50K, LULC 10k(2018-2023), India-WRIS",LS_SIKKIM_2023.389,MultiPolygon
SK /MNG /78A5 /2023 /26,SIKKIM,MANGAN,78A5,27.7881,88.4921,515.862,100.594,31.0,37559.9011985,Active,Highly Dissected Structural Hills and Valleys,"BANDED MIGMATITE, GARNET BT GNEISS,MICA SCHIST",Evergreen Open Forest,GLOF,2023,Brahmaputra Basin,Brahmaputra Lower,"RESOURCESAT-2 LISS IV, 10m CARTODEM, Geomorphology 50K, LULC 10k(2018-2023), India-WRIS",LS_SIKKIM_2023.390,MultiPolygon
SK /MNG /78A9 /2023 /4,SIKKIM,MANGAN,78A9,27.7789,88.5067,623.354,256.209,220.8046875,100626.191944,Active,Highly Dissected Structural Hills and Valleys,"BANDED MIGMATITE, GARNET BT GNEISS,MICA SCHIST",Evergreen Open Forest,GLOF,2023,Brahmaputra Basin,Brahmaputra Lower,"RESOURCESAT-2 LISS IV, 10m CARTODEM, Geomorphology 50K, LULC 10k(2018-2023), India-WRIS",LS_SIKKIM_2023.363,MultiPolygon
SK /MNG /78A5 /2023 /3,SIKKIM,MANGAN,78A5,27.8138,88.477,414.59,190.005,35.2580566406,41946.3146339,Active,Moderately Dissected Structural Hills and Valleys,UNMAPPED,Evergreen Open Forest,GLOF,2023,Brahmaputra Basin,Brahmaputra Lower,"RESOURCESAT-2 LISS IV, 10m CARTODEM, Geomorphology 50K, LULC 10k(2018-2023), India-WRIS",LS_SIKKIM_2023.339,MultiPolygon
SK /MNG /78A5 /2023 /4,SIKKIM,MANGAN,78A5,27.7988,88.4858,191.622,122.717,227.767822266,9920.99261024,Active,Moderately Dissected Structural Hills and Valleys,UNMAPPED,Evergreen Open Forest,GLOF,2023,Brahmaputra Basin,Brahmaputra Lower,"RESOURCESAT-2 LISS IV, 10m CARTODEM, Geomorphology 50K, LULC 10k(2018-2023), India-WRIS",LS_SIKKIM_2023.340,MultiPolygon
SK /MNG /78A5 /2023 /5,SIKKIM,MANGAN,78A5,27.8069,88.4807,181.121,150.241,88.5568847656,16302.1819343,Active,Moderately Dissected Structural Hills and Valleys,UNMAPPED,Evergreen Open Forest,GLOF,2023,Brahmaputra Basin,Brahmaputra Lower,"RESOURCESAT-2 LISS IV, 10m CARTODEM, Geomorphology 50K, LULC 10k(2018-2023), India-WRIS",LS_SIKKIM_2023.341,MultiPolygon
SK /MNG /78A5 /2023 /6,SIKKIM,MANGAN,78A5,27.8004,88.4855,68.09,46.665,201.275146484,2389.06063881,Active,Moderately Dissected Structural Hills and Valleys,UNMAPPED,Evergreen Open Forest,GLOF,2023,Brahmaputra Basin,Brahmaputra Lower,"RESOURCESAT-2 LISS IV, 10m CARTODEM, Geomorphology 50K, LULC 10k(2018-2023), India-WRIS",LS_SIKKIM_2023.342,MultiPolygon
SK /MNG /78A5 /2023 /11,SIKKIM,MANGAN,78A5,27.8092,88.4801,391.074,175.864,74.9014892578,35329.4323314,Active,Moderately Dissected Structural Hills and Valleys,UNMAPPED,Evergreen Open Forest,GLOF,2023,Brahmaputra Basin,Brahmaputra Lower,"RESOURCESAT-2 LISS IV, 10m CARTODEM, Geomorphology 50K, LULC 10k(2018-2023), India-WRIS",LS_SIKKIM_2023.347,MultiPolygon
SK /MNG /78A5 /2023 /14,SIKKIM,MANGAN,78A5,27.8094,88.482,83.925,38.731,2.96527099609,2391.21763658,Active,Moderately Dissected Structural Hills and Valleys,UNMAPPED,Evergreen Open Forest,GLOF,2023,Brahmaputra Basin,Brahmaputra Lower,"RESOURCESAT-2 LISS IV, 10m CARTODEM, Geomorphology 50K, LULC 10k(2018-2023), India-WRIS",LS_SIKKIM_2023.350,MultiPolygon
SK /MNG /78A5 /2023 /15,SIKKIM,MANGAN,78A5,27.8104,88.4817,140.597,50.933,128.979980469,4912.88452215,Active,Highly Dissected Structural Hills and Valleys,UNMAPPED,Evergreen Open Forest,GLOF,2023,Brahmaputra Basin,Brahmaputra Lower,"RESOURCESAT-2 LISS IV, 10m CARTODEM, Geomorphology 50K, LULC 10k(2018-2023), India-WRIS",LS_SIKKIM_2023.356,MultiPolygon
SK /MNG /78A5 /2023 /16,SIKKIM,MANGAN,78A5,27.8066,88.483,266.197,161.783,83.3342285156,26833.911966,Active,Highly Dissected Structural Hills and Valleys,UNMAPPED,Evergreen Open Forest,GLOF,2023,Brahmaputra Basin,Brahmaputra Lower,"RESOURCESAT-2 LISS IV, 10m CARTODEM, Geomorphology 50K, LULC 10k(2018-2023), India-WRIS",LS_SIKKIM_2023.357,MultiPolygon
SK /MNG /78A5 /2023 /17,SIKKIM,MANGAN,78A5,27.799,88.4875,284.698,264.251,16.8986816406,46754.0903195,Active,Highly Dissected Structural Hills and Valleys,UNMAPPED,Evergreen Open Forest,GLOF,2023,Brahmaputra Basin,Brahmaputra Lower,"RESOURCESAT-2 LISS IV, 10m CARTODEM, Geomorphology 50K, LULC 10k(2018-2023), India-WRIS",LS_SIKKIM_2023.358,MultiPolygon
SK /MNG /78A5 /2023 /18,SIKKIM,MANGAN,78A5,27.8052,88.4839,78.098,68.021,56.7814941406,3593.44858923,Active,Highly Dissected Structural Hills and Valleys,UNMAPPED,Evergreen Open Forest,GLOF,2023,Brahmaputra Basin,Brahmaputra Lower,"RESOURCESAT-2 LISS IV, 10m CARTODEM, Geomorphology 50K, LULC 10k(2018-2023), India-WRIS",LS_SIKKIM_2023.359,MultiPolygon
SK /MNG /78A5 /2023 /19,SIKKIM,MANGAN,78A5,27.8044,88.4843,90.824,52.877,33.8203125,3291.11685028,Active,Highly Dissected Structural Hills and Valleys,UNMAPPED,Evergreen Open Forest,GLOF,2023,Brahmaputra Basin,Brahmaputra Lower,"RESOURCESAT-2 LISS IV, 10m CARTODEM, Geomorphology 50K, LULC 10k(2018-2023), India-WRIS",LS_SIKKIM_2023.360,MultiPolygon
SK /MNG /78A5 /2023 /20,SIKKIM,MANGAN,78A5,27.8019,88.4871,183.165,98.964,52.8935546875,11692.9482499,Active,Highly Dissected Structural Hills and Valleys,UNMAPPED,Evergreen Open Forest,GLOF,2023,Brahmaputra Basin,Brahmaputra Lower,"RESOURCESAT-2 LISS IV, 10m CARTODEM, Geomorphology 50K, LULC 10k(2018-2023), India-WRIS",LS_SIKKIM_2023.361,MultiPolygon
SK /MNG /78A5 /2023 /21,SIKKIM,MANGAN,78A5,27.8019,88.486,91.306,34.586,31.373046875,2299.62397439,Active,Highly Dissected Structural Hills and Valleys,UNMAPPED,Evergreen Open Forest,GLOF,2023,Brahmaputra Basin,Brahmaputra Lower,"RESOURCESAT-2 LISS IV, 10m CARTODEM, Geomorphology 50K, LULC 10k(2018-2023), India-WRIS",LS_SIKKIM_2023.362,MultiPolygon
SK /MNG /78A5 /2023 /27,SIKKIM,MANGAN,78A5,27.8089,88.4821,69.97,57.004,20.0,2889.61578701,Active,Moderately Dissected Structural Hills and Valleys,UNMAPPED,Evergreen Open Forest,GLOF,2023,Brahmaputra Basin,Brahmaputra Lower,"RESOURCESAT-2 LISS IV, 10m CARTODEM, Geomorphology 50K, LULC 10k(2018-2023), India-WRIS",LS_SIKKIM_2023.391,MultiPolygon
SK /MNG /78A5 /2023 /1,SIKKIM,MANGAN,78A5,27.8259,88.4706,206.233,100.576,54.1264648438,13876.0310067,Active,Moderately Dissected Structural Hills and Valleys,UNMAPPED,Evergreen Open Forest,GLOF,2023,Brahmaputra Basin,Brahmaputra Lower,"RESOURCESAT-2 LISS IV, 10m CARTODEM, Geomorphology 50K, LULC 10k(2018-2023), India-WRIS",LS_SIKKIM_2023.337,MultiPolygon
SK /MNG /78A5 /2023 /8,SIKKIM,MANGAN,78A5,27.8276,88.4674,125.045,96.58,286.439453125,7927.15392167,Active,Moderately Dissected Structural Hills and Valleys,UNMAPPED,Evergreen Open Forest,GLOF,2023,Brahmaputra Basin,Brahmaputra Lower,"RESOURCESAT-2 LISS IV, 10m CARTODEM, Geomorphology 50K, LULC 10k(2018-2023), India-WRIS",LS_SIKKIM_2023.344,MultiPolygon
SK /MNG /78A5 /2023 /9,SIKKIM,MANGAN,78A5,27.8268,88.4677,74.616,46.549,228.122802734,2390.45988099,Active,Moderately Dissected Structural Hills and Valleys,UNMAPPED,Evergreen Open Forest,GLOF,2023,Brahmaputra Basin,Brahmaputra Lower,"RESOURCESAT-2 LISS IV, 10m CARTODEM, Geomorphology 50K, LULC 10k(2018-2023), India-WRIS",LS_SIKKIM_2023.345,MultiPolygon
SK /MNG /78A5 /2023 /10,SIKKIM,MANGAN,78A5,27.8337,88.468,126.332,46.368,147.423339844,3939.99081661,Active,Moderately Dissected Structural Hills and Valleys,UNMAPPED,Evergreen Open Forest,GLOF,2023,Brahmaputra Basin,Brahmaputra Lower,"RESOURCESAT-2 LISS IV, 10m CARTODEM, Geomorphology 50K, LULC 10k(2018-2023), India-WRIS",LS_SIKKIM_2023.346,MultiPolygon
SK /MNG /78A5 /2023 /22,SIKKIM,MANGAN,78A5,27.8338,88.4671,76.507,55.717,47.0,2820.36010329,Active,Moderately Dissected Structural Hills and Valleys,UNMAPPED,Evergreen Closed Forest,GLOF,2023,Brahmaputra Basin,Brahmaputra Lower,"RESOURCESAT-2 LISS IV, 10m CARTODEM, Geomorphology 50K, LULC 10k(2018-2023), India-WRIS",LS_SIKKIM_2023.383,MultiPolygon
SK /MNG /78A5 /2023 /2,SIKKIM,MANGAN,78A5,27.8174,88.4778,267.347,118.473,116.299072266,20651.9847082,Active,Moderately Dissected Structural Hills and Valleys,UNMAPPED,Evergreen Open Forest,GLOF,2023,Brahmaputra Basin,Brahmaputra Lower,"RESOURCESAT-2 LISS IV, 10m CARTODEM, Geomorphology 50K, LULC 10k(2018-2023), India-WRIS",LS_SIKKIM_2023.338,MultiPolygon
SK /MNG /78A5 /2023 /23,SIKKIM,MANGAN,78A5,27.8177,88.4745,309.689,104.63,63.0,21733.2450854,Active,Moderately Dissected Structural Hills and Valleys,UNMAPPED,Evergreen Closed Forest,GLOF,2023,Brahmaputra Basin,Brahmaputra Lower,"RESOURCESAT-2 LISS IV, 10m CARTODEM, Geomorphology 50K, LULC 10k(2018-2023), India-WRIS",LS_SIKKIM_2023.384,MultiPolygon
SK /MNG /78A5 /2023 /24,SIKKIM,MANGAN,78A5,27.8344,88.4666,69.636,45.164,55.0,2399.50614399,Active,Moderately Dissected Structural Hills and Valleys,UNMAPPED,Evergreen Closed Forest,GLOF,2023,Brahmaputra Basin,Brahmaputra Lower,"RESOURCESAT-2 LISS IV, 10m CARTODEM, Geomorphology 50K, LULC 10k(2018-2023), India-WRIS",LS_SIKKIM_2023.385,MultiPolygon
