record_id,source,State,Latitude,Longitude,date,year,month,nearest_inventory_distance_km,landslide_event
NEG_000001,pseudo_negative,Arunachal Pradesh,27.000628,91.991005,2014-08-27,2014,8,17.7349,0
NEG_000002,pseudo_negative,Arunachal Pradesh,26.812378,92.947831,2021-09-23,2021,9,21.0204,0
NEG_000003,pseudo_negative,Arunachal Pradesh,26.821776,93.243434,2016-11-12,2016,11,14.055,0
NEG_000004,pseudo_negative,Arunachal Pradesh,26.964602,94.09792,2016-05-14,2016,5,31.1954,0
NEG_000005,pseudo_negative,Arunachal Pradesh,26.939878,94.248009,2023-08-26,2023,8,40.5504,0
NEG_000006,pseudo_negative,Arunachal Pradesh,26.996234,95.051646,2006-11-30,2006,11,16.891,0
NEG_000007,pseudo_negative,Arunachal Pradesh,27.001854,95.574727,2013-05-15,2013,5,2.6975,0
NEG_000008,pseudo_negative,Arunachal Pradesh,26.829025,96.50146,2025-11-23,2025,11,59.6458,0
NEG_000009,pseudo_negative,Arunachal Pradesh,27.153456,91.948405,2006-05-15,2006,5,33.5162,0
NEG_000010,pseudo_negative,Arunachal Pradesh,27.099205,92.636566,2012-08-08,2012,8,1.0157,0
NEG_000011,pseudo_negative,Arunachal Pradesh,27.184286,93.481462,2018-06-22,2018,6,7.0856,0
NEG_000012,pseudo_negative,Arunachal Pradesh,27.293702,94.086714,2023-06-12,2023,6,26.3585,0
NEG_000013,pseudo_negative,Arunachal Pradesh,27.252228,94.295289,2023-01-07,2023,1,60.0672,0
NEG_000014,pseudo_negative,Arunachal Pradesh,27.281147,95.244864,2015-09-22,2015,9,19.0994,0
NEG_000015,pseudo_negative,Arunachal Pradesh,27.190313,95.807656,2005-05-05,2005,5,5.1585,0
NEG_000016,pseudo_negative,Arunachal Pradesh,27.248325,96.369491,2023-08-18,2023,8,15.6478,0
NEG_000017,pseudo_negative,Arunachal Pradesh,27.515925,92.062421,2006-06-17,2006,6,4.6567,0
NEG_000018,pseudo_negative,Arunachal Pradesh,27.348688,92.612291,2026-06-07,2026,6,15.5815,0
NEG_000019,pseudo_negative,Arunachal Pradesh,27.576485,93.108668,2023-05-02,2023,5,10.7572,0
NEG_000020,pseudo_negative,Arunachal Pradesh,27.421458,93.997772,2007-09-17,2007,9,19.7924,0
NEG_000021,pseudo_negative,Arunachal Pradesh,27.524121,94.461304,2014-05-26,2014,5,27.7582,0
NEG_000022,pseudo_negative,Arunachal Pradesh,27.346444,94.886973,2021-07-23,2021,7,36.4454,0
NEG_000023,pseudo_negative,Arunachal Pradesh,27.384815,95.765506,2025-08-05,2025,8,22.0234,0
NEG_000024,pseudo_negative,Arunachal Pradesh,27.463707,96.313407,2010-08-10,2010,8,9.0461,0
NEG_000025,pseudo_negative,Arunachal Pradesh,27.717278,91.772318,2012-11-04,2012,11,14.4206,0
NEG_000026,pseudo_negative,Arunachal Pradesh,27.868693,92.776037,2015-11-08,2015,11,37.986,0
NEG_000027,pseudo_negative,Arunachal Pradesh,27.83274,93.409368,2022-05-14,2022,5,6.3297,0
NEG_000028,pseudo_negative,Arunachal Pradesh,27.643775,94.147631,2007-05-15,2007,5,15.4453,0
NEG_000029,pseudo_negative,Arunachal Pradesh,27.70181,94.568915,2017-10-06,2017,10,10.2237,0
NEG_000030,pseudo_negative,Arunachal Pradesh,27.827137,95.278867,2019-08-14,2019,8,20.5243,0
NEG_000031,pseudo_negative,Arunachal Pradesh,27.778835,95.858154,2018-07-03,2018,7,43.6966,0
NEG_000032,pseudo_negative,Arunachal Pradesh,27.628606,96.383746,2009-05-11,2009,5,16.7327,0
NEG_000033,pseudo_negative,Arunachal Pradesh,27.922645,92.083631,2022-11-06,2022,11,38.4037,0
NEG_000034,pseudo_negative,Arunachal Pradesh,28.054922,92.556349,2018-04-18,2018,4,67.1849,0
NEG_000035,pseudo_negative,Arunachal Pradesh,28.159462,93.263307,2015-05-25,2015,5,30.3509,0
NEG_000036,pseudo_negative,Arunachal Pradesh,28.028779,93.891172,2014-07-30,2014,7,22.0031,0
NEG_000037,pseudo_negative,Arunachal Pradesh,28.025132,94.374502,2025-07-11,2025,7,10.319,0
NEG_000038,pseudo_negative,Arunachal Pradesh,28.015557,94.844363,2013-11-25,2013,11,13.1428,0
NEG_000039,pseudo_negative,Arunachal Pradesh,27.932849,95.7985,2011-08-04,2011,8,26.7195,0
NEG_000040,pseudo_negative,Arunachal Pradesh,27.971891,96.486749,2021-08-23,2021,8,6.6538,0
NEG_000041,pseudo_negative,Arunachal Pradesh,28.200774,92.288083,2026-05-08,2026,5,74.494,0
NEG_000042,pseudo_negative,Arunachal Pradesh,28.324592,92.571325,2011-09-25,2011,9,92.2993,0
NEG_000043,pseudo_negative,Arunachal Pradesh,28.258762,93.556315,2018-07-10,2018,7,42.5734,0
NEG_000044,pseudo_negative,Arunachal Pradesh,28.241821,94.168453,2008-05-06,2008,5,5.1342,0
NEG_000045,pseudo_negative,Arunachal Pradesh,28.291428,94.826159,2008-08-28,2008,8,3.7503,0
NEG_000046,pseudo_negative,Arunachal Pradesh,28.417623,95.387195,2007-06-16,2007,6,13.6512,0
NEG_000047,pseudo_negative,Arunachal Pradesh,28.384729,95.865511,2014-05-12,2014,5,5.6077,0
NEG_000048,pseudo_negative,Arunachal Pradesh,28.377744,96.239588,2005-05-30,2005,5,26.1199,0
NEG_000049,pseudo_negative,Arunachal Pradesh,28.481861,92.235222,2024-05-05,2024,5,102.3009,0
NEG_000050,pseudo_negative,Arunachal Pradesh,28.613851,92.884908,2005-06-06,2005,6,92.2042,0
NEG_000051,pseudo_negative,Arunachal Pradesh,28.663151,93.5681,2015-05-16,2015,5,79.1295,0
NEG_000052,pseudo_negative,Arunachal Pradesh,28.451725,93.728633,2011-08-05,2011,8,53.4993,0
NEG_000053,pseudo_negative,Arunachal Pradesh,28.481604,94.523532,2025-07-22,2025,7,9.3543,0
NEG_000054,pseudo_negative,Arunachal Pradesh,28.503189,95.33158,2005-08-23,2005,8,10.2801,0
NEG_000055,pseudo_negative,Arunachal Pradesh,28.484159,95.530592,2017-06-28,2017,6,24.131,0
NEG_000056,pseudo_negative,Arunachal Pradesh,28.531207,96.380379,2016-11-20,2016,11,33.1108,0
NEG_000057,pseudo_negative,Arunachal Pradesh,28.804118,92.29356,2015-07-01,2015,7,9999.0,0
NEG_000058,pseudo_negative,Arunachal Pradesh,28.900359,92.406312,2020-07-05,2020,7,145.5352,0
NEG_000059,pseudo_negative,Arunachal Pradesh,28.99237,93.334125,2008-09-28,2008,9,120.1923,0
NEG_000060,pseudo_negative,Arunachal Pradesh,28.854224,94.074261,2023-05-01,2023,5,42.925,0
NEG_000061,pseudo_negative,Arunachal Pradesh,28.954485,94.704398,2015-07-08,2015,7,17.4717,0
NEG_000062,pseudo_negative,Arunachal Pradesh,28.892616,95.371189,2021-06-19,2021,6,41.1074,0
NEG_000063,pseudo_negative,Arunachal Pradesh,28.828415,95.718707,2007-10-21,2007,10,13.6826,0
NEG_000064,pseudo_negative,Arunachal Pradesh,28.85049,96.230484,2010-08-08,2010,8,24.1416,0
NEG_000065,pseudo_negative,Arunachal Pradesh,27.012429,91.783294,2024-08-03,2024,8,36.0749,0
NEG_000066,pseudo_negative,Arunachal Pradesh,26.826778,92.85384,2012-05-10,2012,5,12.9627,0
NEG_000067,pseudo_negative,Arunachal Pradesh,27.041341,93.066075,2008-05-09,2008,5,15.0866,0
NEG_000068,pseudo_negative,Arunachal Pradesh,26.818281,93.598809,2020-05-02,2020,5,20.573,0
NEG_000069,pseudo_negative,Arunachal Pradesh,26.801081,94.576339,2016-06-21,2016,6,11.8534,0
NEG_000070,pseudo_negative,Arunachal Pradesh,26.874359,95.145041,2021-10-28,2021,10,7.195,0
NEG_000071,pseudo_negative,Arunachal Pradesh,26.798338,95.566546,2024-05-08,2024,5,9.7464,0
NEG_000072,pseudo_negative,Arunachal Pradesh,26.944488,96.33535,2011-06-02,2011,6,43.1423,0
NEG_000073,pseudo_negative,Arunachal Pradesh,27.208268,91.781049,2007-05-26,2007,5,34.3278,0
NEG_000074,pseudo_negative,Arunachal Pradesh,27.319341,92.402088,2023-11-26,2023,11,2.3104,0
NEG_000075,pseudo_negative,Arunachal Pradesh,27.334496,93.462377,2017-08-25,2017,8,4.6175,0
NEG_000076,pseudo_negative,Arunachal Pradesh,27.278952,93.669418,2023-07-17,2023,7,6.2666,0
NEG_000077,pseudo_negative,Arunachal Pradesh,27.300712,94.496428,2022-08-12,2022,8,44.9431,0
NEG_000078,pseudo_negative,Arunachal Pradesh,27.137017,94.917931,2014-07-15,2014,7,36.0174,0
NEG_000079,pseudo_negative,Arunachal Pradesh,27.16469,96.280081,2014-08-12,2014,8,16.5857,0
NEG_000080,pseudo_negative,Arunachal Pradesh,27.422367,92.308534,2019-07-29,2019,7,8.9325,0
NEG_000081,pseudo_negative,Arunachal Pradesh,27.431086,92.673756,2026-08-27,2026,8,16.2293,0
NEG_000082,pseudo_negative,Arunachal Pradesh,27.562912,93.2947,2021-06-19,2021,6,24.7094,0
NEG_000083,pseudo_negative,Arunachal Pradesh,27.543666,93.711665,2018-10-22,2018,10,8.6185,0
NEG_000084,pseudo_negative,Arunachal Pradesh,27.376737,94.590807,2018-08-03,2018,8,33.6036,0
NEG_000085,pseudo_negative,Arunachal Pradesh,27.363552,95.413653,2020-11-05,2020,11,19.8946,0
NEG_000086,pseudo_negative,Arunachal Pradesh,27.561941,95.823185,2014-09-24,2014,9,33.3421,0
NEG_000087,pseudo_negative,Arunachal Pradesh,27.602135,96.233936,2020-05-19,2020,5,21.5945,0
NEG_000088,pseudo_negative,Arunachal Pradesh,27.787715,91.824396,2007-07-18,2007,7,21.506,0
NEG_000089,pseudo_negative,Arunachal Pradesh,27.746126,92.665785,2021-09-23,2021,9,35.039,0
NEG_000090,pseudo_negative,Arunachal Pradesh,27.753373,93.336336,2008-05-29,2008,5,8.0298,0
NEG_000091,pseudo_negative,Arunachal Pradesh,27.799263,94.468913,2025-08-25,2025,8,22.5707,0
NEG_000092,pseudo_negative,Arunachal Pradesh,27.709475,95.390259,2022-05-24,2022,5,31.8267,0
NEG_000093,pseudo_negative,Arunachal Pradesh,27.717937,95.649319,2011-05-05,2011,5,50.5176,0
NEG_000094,pseudo_negative,Arunachal Pradesh,27.876322,96.348824,2021-08-12,2021,8,1.0998,0
NEG_000095,pseudo_negative,Arunachal Pradesh,28.047149,92.300616,2012-07-25,2012,7,60.0458,0
NEG_000096,pseudo_negative,Arunachal Pradesh,27.998234,92.954686,2005-11-22,2005,11,42.1694,0
NEG_000097,pseudo_negative,Arunachal Pradesh,27.92682,93.492579,2024-05-20,2024,5,6.874,0
NEG_000098,pseudo_negative,Arunachal Pradesh,28.056915,94.012828,2016-07-01,2016,7,19.3663,0
NEG_000099,pseudo_negative,Arunachal Pradesh,28.122586,94.392174,2026-07-15,2026,7,17.9638,0
NEG_000100,pseudo_negative,Arunachal Pradesh,27.977622,95.402758,2021-05-25,2021,5,13.9769,0
NEG_000101,pseudo_negative,Arunachal Pradesh,28.170116,96.000957,2020-09-09,2020,9,10.9009,0
NEG_000102,pseudo_negative,Arunachal Pradesh,27.92348,96.698246,2005-08-21,2005,8,23.0328,0
NEG_000103,pseudo_negative,Arunachal Pradesh,28.195983,92.276267,2023-05-01,2023,5,73.5319,0
NEG_000104,pseudo_negative,Arunachal Pradesh,28.210544,92.824018,2022-11-06,2022,11,63.5662,0
NEG_000105,pseudo_negative,Arunachal Pradesh,28.352677,92.985526,2005-05-01,2005,5,62.6099,0
NEG_000106,pseudo_negative,Arunachal Pradesh,28.338735,94.08467,2026-10-08,2026,10,17.1053,0
NEG_000107,pseudo_negative,Arunachal Pradesh,28.42787,95.311646,2023-09-21,2023,9,6.4733,0
NEG_000108,pseudo_negative,Arunachal Pradesh,28.182057,95.579175,2007-07-04,2007,7,6.3173,0
NEG_000109,pseudo_negative,Arunachal Pradesh,28.377301,96.468437,2006-05-27,2006,5,14.7236,0
NEG_000110,pseudo_negative,Arunachal Pradesh,28.651303,91.837939,2005-08-09,2005,8,9999.0,0
NEG_000111,pseudo_negative,Arunachal Pradesh,28.719312,92.721144,2016-08-02,2016,8,110.7717,0
NEG_000112,pseudo_negative,Arunachal Pradesh,28.459594,93.513507,2015-05-22,2015,5,63.2014,0
NEG_000113,pseudo_negative,Arunachal Pradesh,28.473266,93.699916,2013-07-31,2013,7,57.0749,0
NEG_000114,pseudo_negative,Arunachal Pradesh,28.664999,94.604523,2024-05-18,2024,5,13.8481,0
NEG_000115,pseudo_negative,Arunachal Pradesh,28.709846,95.018532,2014-08-18,2014,8,2.333,0
NEG_000116,pseudo_negative,Arunachal Pradesh,28.627656,96.039183,2008-07-05,2008,7,17.2479,0
NEG_000117,pseudo_negative,Arunachal Pradesh,28.559754,96.371404,2007-05-04,2007,5,36.0392,0
NEG_000118,pseudo_negative,Arunachal Pradesh,28.8018,91.907464,2018-08-14,2018,8,9999.0,0
NEG_000119,pseudo_negative,Arunachal Pradesh,28.90054,92.596784,2008-05-13,2008,5,134.234,0
NEG_000120,pseudo_negative,Arunachal Pradesh,28.887712,93.160409,2025-07-02,2025,7,111.3618,0
NEG_000121,pseudo_negative,Arunachal Pradesh,28.856094,93.726103,2007-07-18,2007,7,67.5945,0
NEG_000122,pseudo_negative,Arunachal Pradesh,28.919197,94.611708,2017-06-20,2017,6,20.8216,0
NEG_000123,pseudo_negative,Arunachal Pradesh,28.942855,95.172822,2009-08-14,2009,8,31.5771,0
NEG_000124,pseudo_negative,Arunachal Pradesh,28.824669,95.772787,2022-11-23,2022,11,9.1478,0
NEG_000125,pseudo_negative,Arunachal Pradesh,28.97986,96.389749,2021-09-16,2021,9,41.3706,0
NEG_000126,pseudo_negative,Arunachal Pradesh,26.873378,92.239126,2013-05-16,2013,5,11.6926,0
NEG_000127,pseudo_negative,Arunachal Pradesh,26.806253,92.864629,2023-05-02,2023,5,15.4224,0
NEG_000128,pseudo_negative,Arunachal Pradesh,26.878828,93.070721,2021-08-10,2021,8,20.036,0
NEG_000129,pseudo_negative,Arunachal Pradesh,26.790364,94.100667,2020-06-26,2020,6,31.8334,0
NEG_000130,pseudo_negative,Arunachal Pradesh,26.828838,94.582377,2019-06-04,2019,6,14.3065,0
NEG_000131,pseudo_negative,Arunachal Pradesh,27.051714,95.450715,2014-06-24,2014,6,6.7412,0
NEG_000132,pseudo_negative,Arunachal Pradesh,26.976732,95.892748,2021-08-13,2021,8,17.3316,0
NEG_000133,pseudo_negative,Arunachal Pradesh,26.789269,96.206337,2021-05-17,2021,5,57.0694,0
NEG_000134,pseudo_negative,Arunachal Pradesh,27.10917,92.238455,2025-07-31,2025,7,24.0014,0
NEG_000135,pseudo_negative,Arunachal Pradesh,27.295588,92.956983,2019-07-05,2019,7,7.9754,0
NEG_000136,pseudo_negative,Arunachal Pradesh,27.17194,93.012851,2023-07-24,2023,7,7.2048,0
NEG_000137,pseudo_negative,Arunachal Pradesh,27.193196,93.679456,2011-11-06,2011,11,2.8649,0
NEG_000138,pseudo_negative,Arunachal Pradesh,27.075591,94.353256,2009-07-10,2009,7,47.0637,0
NEG_000139,pseudo_negative,Arunachal Pradesh,27.225629,95.138045,2005-05-03,2005,5,27.1607,0
NEG_000140,pseudo_negative,Arunachal Pradesh,27.296839,95.850522,2017-08-21,2017,8,9.4813,0
NEG_000141,pseudo_negative,Arunachal Pradesh,27.274495,96.112351,2020-07-12,2020,7,1.3505,0
NEG_000142,pseudo_negative,Arunachal Pradesh,27.433882,92.243545,2012-08-15,2012,8,7.2913,0
NEG_000143,pseudo_negative,Arunachal Pradesh,27.576101,92.654677,2014-08-29,2014,8,27.5739,0
NEG_000144,pseudo_negative,Arunachal Pradesh,27.575619,93.175072,2017-07-16,2017,7,21.0261,0
NEG_000145,pseudo_negative,Arunachal Pradesh,27.369226,93.833794,2026-08-29,2026,8,3.7867,0
NEG_000146,pseudo_negative,Arunachal Pradesh,27.38931,94.419257,2011-04-06,2011,4,40.8995,0
NEG_000147,pseudo_negative,Arunachal Pradesh,27.596994,95.109975,2014-08-10,2014,8,19.5849,0
NEG_000148,pseudo_negative,Arunachal Pradesh,27.342179,95.626644,2008-08-22,2008,8,18.6989,0
NEG_000149,pseudo_negative,Arunachal Pradesh,27.612043,96.462426,2024-08-15,2024,8,15.8813,0
NEG_000150,pseudo_negative,Arunachal Pradesh,27.867239,92.166473,2011-09-29,2011,9,36.0965,0
NEG_000151,pseudo_negative,Arunachal Pradesh,27.857123,92.411422,2016-07-23,2016,7,50.1396,0
NEG_000152,pseudo_negative,Arunachal Pradesh,27.770252,93.370275,2014-11-30,2014,11,4.9252,0
NEG_000153,pseudo_negative,Arunachal Pradesh,27.6969,94.0425,2026-06-23,2026,6,6.3979,0
NEG_000154,pseudo_negative,Arunachal Pradesh,27.651385,94.233769,2016-07-25,2016,7,20.5443,0
NEG_000155,pseudo_negative,Arunachal Pradesh,27.890005,95.120414,2012-06-30,2012,6,6.0536,0
NEG_000156,pseudo_negative,Arunachal Pradesh,27.836875,95.50635,2009-09-17,2009,9,31.2124,0
NEG_000157,pseudo_negative,Arunachal Pradesh,27.873158,96.588338,2010-06-02,2010,6,21.4911,0
NEG_000158,pseudo_negative,Arunachal Pradesh,27.907496,91.785787,2025-08-21,2025,8,35.3492,0
NEG_000159,pseudo_negative,Arunachal Pradesh,28.108275,92.879238,2021-09-23,2021,9,53.3269,0
NEG_000160,pseudo_negative,Arunachal Pradesh,27.907569,93.109039,2007-10-20,2007,10,25.6832,0
NEG_000161,pseudo_negative,Arunachal Pradesh,27.895256,93.906067,2010-04-21,2010,4,7.2319,0
NEG_000162,pseudo_negative,Arunachal Pradesh,28.005156,94.765925,2018-05-21,2018,5,9.4616,0
NEG_000163,pseudo_negative,Arunachal Pradesh,28.130169,95.047602,2022-06-26,2022,6,5.4312,0
NEG_000164,pseudo_negative,Arunachal Pradesh,28.057486,95.700687,2007-11-09,2007,11,18.1238,0
NEG_000165,pseudo_negative,Arunachal Pradesh,27.94596,96.128978,2019-08-11,2019,8,20.0802,0
NEG_000166,pseudo_negative,Arunachal Pradesh,28.394538,92.339595,2019-06-09,2019,6,96.2809,0
NEG_000167,pseudo_negative,Arunachal Pradesh,28.208827,92.698311,2009-08-31,2009,8,75.6186,0
NEG_000168,pseudo_negative,Arunachal Pradesh,28.335769,93.207311,2015-07-29,2015,7,50.6678,0
NEG_000169,pseudo_negative,Arunachal Pradesh,28.208148,93.813138,2006-05-03,2006,5,43.413,0
NEG_000170,pseudo_negative,Arunachal Pradesh,28.175831,94.490501,2026-06-20,2026,6,12.7847,0
NEG_000171,pseudo_negative,Arunachal Pradesh,28.287353,95.428141,2026-07-24,2026,7,11.7576,0
NEG_000172,pseudo_negative,Arunachal Pradesh,28.249735,96.012038,2013-06-08,2013,6,7.2222,0
NEG_000173,pseudo_negative,Arunachal Pradesh,28.422683,96.405881,2026-08-24,2026,8,22.5086,0
NEG_000174,pseudo_negative,Arunachal Pradesh,28.628821,91.90415,2023-06-08,2023,6,9999.0,0
NEG_000175,pseudo_negative,Arunachal Pradesh,28.490912,92.884754,2005-07-09,2005,7,80.8248,0
NEG_000176,pseudo_negative,Arunachal Pradesh,28.667185,93.451044,2018-07-14,2018,7,85.2817,0
NEG_000177,pseudo_negative,Arunachal Pradesh,28.723326,94.005668,2010-11-25,2010,11,36.7573,0
NEG_000178,pseudo_negative,Arunachal Pradesh,28.665971,94.323573,2008-05-18,2008,5,15.4098,0
NEG_000179,pseudo_negative,Arunachal Pradesh,28.628678,95.425738,2022-07-16,2022,7,25.7651,0
NEG_000180,pseudo_negative,Arunachal Pradesh,28.457791,96.051126,2021-05-04,2021,5,14.2729,0
NEG_000181,pseudo_negative,Arunachal Pradesh,28.516008,96.116973,2026-07-15,2026,7,23.2596,0
NEG_000182,pseudo_negative,Arunachal Pradesh,28.811353,91.749474,2023-06-04,2023,6,9999.0,0
NEG_000183,pseudo_negative,Arunachal Pradesh,28.741555,92.775093,2014-06-07,2014,6,109.9145,0
NEG_000184,pseudo_negative,Arunachal Pradesh,28.833938,93.222404,2008-05-01,2008,5,104.4802,0
NEG_000185,pseudo_negative,Arunachal Pradesh,28.963717,93.58641,2007-07-16,2007,7,85.5378,0
NEG_000186,pseudo_negative,Arunachal Pradesh,28.817036,94.476832,2017-09-24,2017,9,33.4334,0
NEG_000187,pseudo_negative,Arunachal Pradesh,28.796891,95.0317,2018-07-08,2018,7,10.3454,0
NEG_000188,pseudo_negative,Arunachal Pradesh,28.914007,95.595657,2021-11-10,2021,11,21.4564,0
NEG_000189,pseudo_negative,Arunachal Pradesh,28.738244,96.363061,2024-05-23,2024,5,39.7092,0
NEG_000190,pseudo_negative,Arunachal Pradesh,26.799417,91.803796,2005-01-29,2005,1,33.0379,0
NEG_000191,pseudo_negative,Arunachal Pradesh,26.83845,92.359855,2008-08-04,2008,8,24.2086,0
NEG_000192,pseudo_negative,Arunachal Pradesh,26.853215,93.317419,2010-10-19,2010,10,12.0546,0
NEG_000193,pseudo_negative,Arunachal Pradesh,26.787611,94.116977,2016-05-20,2016,5,30.4316,0
NEG_000194,pseudo_negative,Arunachal Pradesh,27.000346,94.740931,2011-11-08,2011,11,29.1528,0
NEG_000195,pseudo_negative,Arunachal Pradesh,26.91215,95.206618,2025-06-30,2025,6,12.9795,0
NEG_000196,pseudo_negative,Arunachal Pradesh,27.011485,95.651784,2017-08-25,2017,8,6.7235,0
NEG_000197,pseudo_negative,Arunachal Pradesh,26.846213,96.333957,2018-05-10,2018,5,55.2251,0
NEG_000198,pseudo_negative,Arunachal Pradesh,27.071488,91.933474,2013-05-01,2013,5,27.3509,0
NEG_000199,pseudo_negative,Arunachal Pradesh,27.26405,92.781258,2011-06-23,2011,6,2.9527,0
NEG_000200,pseudo_negative,Arunachal Pradesh,27.309697,93.332748,2010-05-04,2010,5,16.3606,0
NEG_000201,pseudo_negative,Arunachal Pradesh,27.255163,93.693322,2022-12-16,2022,12,2.7443,0
NEG_000202,pseudo_negative,Arunachal Pradesh,27.064336,94.218597,2017-08-31,2017,8,39.1919,0
NEG_000203,pseudo_negative,Arunachal Pradesh,27.098371,95.389596,2007-07-28,2007,7,13.9269,0
NEG_000204,pseudo_negative,Arunachal Pradesh,27.235418,95.623634,2020-08-02,2020,8,9.469,0
NEG_000205,pseudo_negative,Arunachal Pradesh,27.144852,96.489363,2026-04-26,2026,4,31.6755,0
NEG_000206,pseudo_negative,Arunachal Pradesh,27.582158,92.498317,2018-07-19,2018,7,31.0972,0
NEG_000207,pseudo_negative,Arunachal Pradesh,27.449863,93.384918,2016-07-23,2016,7,19.3488,0
NEG_000208,pseudo_negative,Arunachal Pradesh,27.550182,94.197949,2008-07-13,2008,7,26.9003,0
NEG_000209,pseudo_negative,Arunachal Pradesh,27.343607,94.703907,2012-06-16,2012,6,35.4255,0
NEG_000210,pseudo_negative,Arunachal Pradesh,27.366205,95.384835,2019-08-13,2019,8,17.3212,0
NEG_000211,pseudo_negative,Arunachal Pradesh,27.38152,96.052231,2010-05-06,2010,5,9.197,0
NEG_000212,pseudo_negative,Arunachal Pradesh,27.57803,96.644375,2010-07-07,2010,7,24.0724,0
NEG_000213,pseudo_negative,Arunachal Pradesh,27.820207,92.264644,2019-07-12,2019,7,38.0187,0
NEG_000214,pseudo_negative,Arunachal Pradesh,27.822484,92.795606,2016-07-25,2016,7,32.5768,0
NEG_000215,pseudo_negative,Arunachal Pradesh,27.646053,93.525852,2020-09-26,2020,9,10.5005,0
NEG_000216,pseudo_negative,Arunachal Pradesh,27.644737,93.712906,2014-04-23,2014,4,7.4482,0
NEG_000217,pseudo_negative,Arunachal Pradesh,27.888256,94.443097,2022-11-22,2022,11,14.4729,0
NEG_000218,pseudo_negative,Arunachal Pradesh,27.726366,95.029609,2012-07-19,2012,7,10.0142,0
NEG_000219,pseudo_negative,Arunachal Pradesh,27.730384,95.828223,2017-07-29,2017,7,49.0175,0
NEG_000220,pseudo_negative,Arunachal Pradesh,27.671565,96.311032,2012-05-13,2012,5,23.0917,0
NEG_000221,pseudo_negative,Arunachal Pradesh,27.939113,92.143975,2006-11-11,2006,11,42.1602,0
NEG_000222,pseudo_negative,Arunachal Pradesh,27.961468,92.401971,2015-10-24,2015,10,58.6948,0
NEG_000223,pseudo_negative,Arunachal Pradesh,27.971027,93.088836,2026-07-06,2026,7,28.6605,0
NEG_000224,pseudo_negative,Arunachal Pradesh,28.023727,93.747177,2007-07-02,2007,7,26.9685,0
NEG_000225,pseudo_negative,Arunachal Pradesh,28.159676,94.614554,2019-05-16,2019,5,2.6177,0
NEG_000226,pseudo_negative,Arunachal Pradesh,27.963916,95.014442,2011-10-24,2011,10,6.0207,0
NEG_000227,pseudo_negative,Arunachal Pradesh,28.1437,96.066563,2018-11-30,2018,11,17.6441,0
NEG_000228,pseudo_negative,Arunachal Pradesh,27.913899,96.161966,2025-07-10,2025,7,16.6259,0
NEG_000229,pseudo_negative,Arunachal Pradesh,28.197794,92.244365,2021-07-20,2021,7,72.5054,0
NEG_000230,pseudo_negative,Arunachal Pradesh,28.216717,92.498062,2014-10-05,2014,10,85.2308,0
NEG_000231,pseudo_negative,Arunachal Pradesh,28.332727,93.420725,2021-06-09,2021,6,47.9784,0
NEG_000232,pseudo_negative,Arunachal Pradesh,28.283053,94.058852,2005-05-24,2005,5,16.4987,0
NEG_000233,pseudo_negative,Arunachal Pradesh,28.431676,94.283398,2010-05-28,2010,5,11.0031,0
NEG_000234,pseudo_negative,Arunachal Pradesh,28.244196,95.357951,2018-07-06,2018,7,11.1416,0
NEG_000235,pseudo_negative,Arunachal Pradesh,28.295516,95.606245,2024-10-23,2024,10,2.8869,0
NEG_000236,pseudo_negative,Arunachal Pradesh,28.413132,96.287444,2016-05-17,2016,5,30.3868,0
NEG_000237,pseudo_negative,Arunachal Pradesh,28.515657,91.818147,2005-11-29,2005,11,101.9968,0
NEG_000238,pseudo_negative,Arunachal Pradesh,28.663138,92.66269,2011-07-16,2011,7,109.264,0
NEG_000239,pseudo_negative,Arunachal Pradesh,28.596456,93.233583,2012-05-05,2012,5,78.2215,0
NEG_000240,pseudo_negative,Arunachal Pradesh,28.71157,93.88577,2023-05-30,2023,5,46.1204,0
NEG_000241,pseudo_negative,Arunachal Pradesh,28.601399,94.337606,2008-04-08,2008,4,8.6184,0
NEG_000242,pseudo_negative,Arunachal Pradesh,28.480807,95.401766,2005-08-10,2005,8,16.1864,0
NEG_000243,pseudo_negative,Arunachal Pradesh,28.576641,95.702873,2016-05-17,2016,5,14.9406,0
NEG_000244,pseudo_negative,Arunachal Pradesh,28.721638,96.585676,2022-07-23,2022,7,45.1319,0
NEG_000245,pseudo_negative,Arunachal Pradesh,28.767129,92.290981,2020-05-11,2020,5,9999.0,0
NEG_000246,pseudo_negative,Arunachal Pradesh,28.819615,92.835032,2019-08-20,2019,8,114.5563,0
NEG_000247,pseudo_negative,Arunachal Pradesh,28.944573,93.094979,2009-07-29,2009,7,9999.0,0
NEG_000248,pseudo_negative,Arunachal Pradesh,28.901754,93.587079,2017-05-31,2017,5,95.9476,0
NEG_000249,pseudo_negative,Arunachal Pradesh,28.74198,94.493603,2022-05-04,2022,5,25.0843,0
NEG_000250,pseudo_negative,Arunachal Pradesh,28.89989,95.075556,2008-06-28,2008,6,22.4009,0
NEG_000251,pseudo_negative,Arunachal Pradesh,28.925893,95.740634,2011-08-21,2011,8,7.8555,0
NEG_000252,pseudo_negative,Arunachal Pradesh,28.85572,96.66771,2016-05-11,2016,5,60.1696,0
NEG_000253,pseudo_negative,Arunachal Pradesh,26.974081,92.244496,2017-07-02,2017,7,15.2952,0
NEG_000254,pseudo_negative,Arunachal Pradesh,27.033453,92.807114,2011-07-31,2011,7,9.0796,0
NEG_000255,pseudo_negative,Arunachal Pradesh,26.969069,93.151343,2012-06-29,2012,6,10.7921,0
NEG_000256,pseudo_negative,Arunachal Pradesh,26.990812,93.83665,2024-08-18,2024,8,12.7739,0
NEG_000257,pseudo_negative,Arunachal Pradesh,26.927236,94.773055,2012-08-13,2012,8,20.4573,0
NEG_000258,pseudo_negative,Arunachal Pradesh,26.881108,95.085038,2015-05-14,2015,5,3.953,0
NEG_000259,pseudo_negative,Arunachal Pradesh,26.811699,95.86914,2007-08-21,2007,8,28.7509,0
NEG_000260,pseudo_negative,Arunachal Pradesh,26.791772,96.27949,2022-09-06,2022,9,60.9469,0
NEG_000261,pseudo_negative,Arunachal Pradesh,27.301559,91.871336,2025-05-21,2025,5,23.2285,0
NEG_000262,pseudo_negative,Arunachal Pradesh,27.139423,92.426708,2011-08-09,2011,8,11.3379,0
NEG_000263,pseudo_negative,Arunachal Pradesh,27.315321,93.089106,2026-08-17,2026,8,1.6007,0
NEG_000264,pseudo_negative,Arunachal Pradesh,27.327117,93.965485,2021-08-08,2021,8,14.1367,0
NEG_000265,pseudo_negative,Arunachal Pradesh,27.151979,94.816043,2016-08-13,2016,8,42.7717,0
NEG_000266,pseudo_negative,Arunachal Pradesh,27.069658,95.079998,2020-08-28,2020,8,24.8552,0
NEG_000267,pseudo_negative,Arunachal Pradesh,27.186166,96.036284,2023-06-26,2023,6,9.1862,0
NEG_000268,pseudo_negative,Arunachal Pradesh,27.214027,96.381152,2014-06-19,2014,6,18.5006,0
NEG_000269,pseudo_negative,Arunachal Pradesh,27.407781,92.286004,2025-10-29,2025,10,6.2029,0
NEG_000270,pseudo_negative,Arunachal Pradesh,27.611046,92.804233,2026-08-24,2026,8,15.0099,0
NEG_000271,pseudo_negative,Arunachal Pradesh,27.473248,93.247211,2020-08-08,2020,8,24.4759,0
NEG_000272,pseudo_negative,Arunachal Pradesh,27.420275,93.746162,2015-06-18,2015,6,10.5911,0
NEG_000273,pseudo_negative,Arunachal Pradesh,27.400761,94.716377,2011-05-27,2011,5,29.1014,0
NEG_000274,pseudo_negative,Arunachal Pradesh,27.342233,95.040192,2014-09-24,2014,9,23.1033,0
NEG_000275,pseudo_negative,Arunachal Pradesh,27.378461,95.935665,2018-06-04,2018,6,10.1201,0
NEG_000276,pseudo_negative,Arunachal Pradesh,27.616697,96.196085,2025-07-05,2025,7,25.5312,0
NEG_000277,pseudo_negative,Arunachal Pradesh,27.788685,92.298599,2011-05-31,2011,5,37.6202,0
NEG_000278,pseudo_negative,Arunachal Pradesh,27.655297,92.832716,2010-11-09,2010,11,16.0917,0
NEG_000279,pseudo_negative,Arunachal Pradesh,27.800811,93.032648,2020-05-26,2020,5,25.3961,0
NEG_000280,pseudo_negative,Arunachal Pradesh,27.73436,93.92945,2010-08-16,2010,8,2.4925,0
NEG_000281,pseudo_negative,Arunachal Pradesh,27.797829,94.825952,2005-07-31,2005,7,6.5913,0
NEG_000282,pseudo_negative,Arunachal Pradesh,27.643445,95.284085,2007-06-30,2007,6,21.0857,0
NEG_000283,pseudo_negative,Arunachal Pradesh,27.744803,95.718019,2009-08-02,2009,8,48.742,0
NEG_000284,pseudo_negative,Arunachal Pradesh,27.714931,96.566472,2019-09-25,2019,9,26.7974,0
NEG_000285,pseudo_negative,Arunachal Pradesh,28.009396,91.91795,2010-09-23,2010,9,45.7299,0
NEG_000286,pseudo_negative,Arunachal Pradesh,28.030053,92.896407,2010-10-05,2010,10,48.631,0
NEG_000287,pseudo_negative,Arunachal Pradesh,27.920621,93.058599,2011-05-17,2011,5,30.6934,0
NEG_000288,pseudo_negative,Arunachal Pradesh,27.908633,93.585965,2006-09-14,2006,9,11.625,0
NEG_000289,pseudo_negative,Arunachal Pradesh,27.903657,94.614391,2021-05-26,2021,5,8.9164,0
NEG_000290,pseudo_negative,Arunachal Pradesh,27.93468,95.366869,2010-07-26,2010,7,13.8032,0
NEG_000291,pseudo_negative,Arunachal Pradesh,28.120869,95.511292,2014-08-13,2014,8,6.8802,0
NEG_000292,pseudo_negative,Arunachal Pradesh,27.965305,96.544596,2009-08-16,2009,8,11.5795,0
NEG_000293,pseudo_negative,Arunachal Pradesh,28.29962,91.946814,2014-05-07,2014,5,78.1252,0
NEG_000294,pseudo_negative,Arunachal Pradesh,28.379046,92.414415,2021-05-03,2021,5,97.7152,0
NEG_000295,pseudo_negative,Arunachal Pradesh,28.219496,93.475503,2006-12-13,2006,12,36.2612,0
NEG_000296,pseudo_negative,Arunachal Pradesh,28.208935,93.992557,2008-06-14,2008,6,22.6749,0
NEG_000297,pseudo_negative,Arunachal Pradesh,28.413273,94.815712,2026-05-28,2026,5,11.7803,0
NEG_000298,pseudo_negative,Arunachal Pradesh,28.232083,95.239399,2025-08-09,2025,8,2.2232,0
NEG_000299,pseudo_negative,Arunachal Pradesh,28.400385,96.518572,2015-05-01,2015,5,13.2671,0
NEG_000300,pseudo_negative,Arunachal Pradesh,28.614454,92.020464,2018-07-09,2018,7,9999.0,0
NEG_000301,pseudo_negative,Arunachal Pradesh,28.657752,92.855052,2012-06-17,2012,6,97.8891,0
NEG_000302,pseudo_negative,Arunachal Pradesh,28.522829,93.287973,2008-07-10,2008,7,69.3501,0
NEG_000303,pseudo_negative,Arunachal Pradesh,28.635249,93.626785,2012-05-01,2012,5,72.6798,0
NEG_000304,pseudo_negative,Arunachal Pradesh,28.695581,94.610676,2022-11-06,2022,11,17.0986,0
NEG_000305,pseudo_negative,Arunachal Pradesh,28.578009,95.127337,2023-05-30,2023,5,1.8925,0
NEG_000306,pseudo_negative,Arunachal Pradesh,28.507454,95.818259,2015-08-07,2015,8,1.3337,0
NEG_000307,pseudo_negative,Arunachal Pradesh,28.507154,96.13791,2014-07-07,2014,7,24.3755,0
NEG_000308,pseudo_negative,Arunachal Pradesh,28.773571,91.801608,2019-06-26,2019,6,9999.0,0
NEG_000309,pseudo_negative,Arunachal Pradesh,28.824698,92.37479,2016-05-12,2016,5,141.3637,0
NEG_000310,pseudo_negative,Arunachal Pradesh,28.893854,93.090892,2022-11-27,2022,11,113.4764,0
NEG_000311,pseudo_negative,Arunachal Pradesh,28.752439,93.652514,2006-08-04,2006,8,79.3806,0
NEG_000312,pseudo_negative,Arunachal Pradesh,28.75857,94.738995,2026-09-23,2026,9,7.3084,0
NEG_000313,pseudo_negative,Arunachal Pradesh,28.870474,95.45147,2014-06-02,2014,6,45.0083,0
NEG_000314,pseudo_negative,Arunachal Pradesh,28.814501,96.044196,2006-09-18,2006,9,8.1909,0
NEG_000315,pseudo_negative,Arunachal Pradesh,28.771966,96.685501,2012-07-16,2012,7,51.1017,0
NEG_000316,pseudo_negative,Arunachal Pradesh,27.055163,91.954801,2022-08-13,2022,8,24.5865,0
NEG_000317,pseudo_negative,Arunachal Pradesh,26.821759,92.540295,2009-05-06,2009,5,18.8547,0
NEG_000318,pseudo_negative,Arunachal Pradesh,27.026158,93.329946,2017-06-11,2017,6,11.3094,0
NEG_000319,pseudo_negative,Arunachal Pradesh,26.905798,93.979861,2013-11-28,2013,11,26.9454,0
NEG_000320,pseudo_negative,Arunachal Pradesh,26.894713,94.413284,2010-07-14,2010,7,26.4136,0
NEG_000321,pseudo_negative,Arunachal Pradesh,26.914188,95.241068,2012-06-17,2012,6,9.8013,0
NEG_000322,pseudo_negative,Arunachal Pradesh,26.882041,95.689263,2016-05-03,2016,5,12.6276,0
NEG_000323,pseudo_negative,Arunachal Pradesh,26.986549,96.318435,2023-07-07,2023,7,38.2512,0
NEG_000324,pseudo_negative,Arunachal Pradesh,27.272456,91.878024,2016-11-25,2016,11,26.5064,0
NEG_000325,pseudo_negative,Arunachal Pradesh,27.228661,92.756886,2026-11-02,2026,11,2.9246,0
NEG_000326,pseudo_negative,Arunachal Pradesh,27.171916,93.53826,2025-01-18,2025,1,6.7338,0
NEG_000327,pseudo_negative,Arunachal Pradesh,27.073899,94.009293,2025-04-17,2025,4,18.5356,0
NEG_000328,pseudo_negative,Arunachal Pradesh,27.269111,94.738847,2010-07-16,2010,7,43.8544,0
NEG_000329,pseudo_negative,Arunachal Pradesh,27.064742,95.3207,2025-10-11,2025,10,14.095,0
NEG_000330,pseudo_negative,Arunachal Pradesh,27.166537,95.805375,2006-05-09,2006,5,3.0869,0
NEG_000331,pseudo_negative,Arunachal Pradesh,27.27782,96.385365,2009-11-17,2009,11,16.1599,0
NEG_000332,pseudo_negative,Arunachal Pradesh,27.606996,92.250495,2023-08-06,2023,8,18.8594,0
NEG_000333,pseudo_negative,Arunachal Pradesh,27.583337,92.57353,2007-09-04,2007,9,34.8152,0
NEG_000334,pseudo_negative,Arunachal Pradesh,27.473568,93.314419,2019-08-31,2019,8,25.8609,0
NEG_000335,pseudo_negative,Arunachal Pradesh,27.457843,93.816006,2007-05-13,2007,5,13.1656,0
NEG_000336,pseudo_negative,Arunachal Pradesh,27.560243,94.729864,2006-06-09,2006,6,11.6489,0
NEG_000337,pseudo_negative,Arunachal Pradesh,27.582281,94.845831,2025-07-17,2025,7,16.6704,0
NEG_000338,pseudo_negative,Arunachal Pradesh,27.531269,95.555272,2018-06-21,2018,6,32.3928,0
NEG_000339,pseudo_negative,Arunachal Pradesh,27.511493,96.101136,2017-07-15,2017,7,23.097,0
NEG_000340,pseudo_negative,Arunachal Pradesh,27.676435,91.804679,2017-06-06,2017,6,9.7351,0
NEG_000341,pseudo_negative,Arunachal Pradesh,27.643891,92.930209,2009-09-13,2009,9,8.8105,0
NEG_000342,pseudo_negative,Arunachal Pradesh,27.886925,93.013278,2017-10-21,2017,10,34.7879,0
NEG_000343,pseudo_negative,Arunachal Pradesh,27.792719,93.852767,2007-05-14,2007,5,7.0371,0
NEG_000344,pseudo_negative,Arunachal Pradesh,27.765128,94.826886,2015-05-30,2015,5,9.552,0
NEG_000345,pseudo_negative,Arunachal Pradesh,27.812537,95.018795,2016-05-28,2016,5,6.2319,0
NEG_000346,pseudo_negative,Arunachal Pradesh,27.876251,95.974978,2025-05-04,2025,5,35.6273,0
NEG_000347,pseudo_negative,Arunachal Pradesh,27.848236,96.173151,2020-11-17,2020,11,17.3242,0
NEG_000348,pseudo_negative,Arunachal Pradesh,28.051152,91.965075,2022-05-14,2022,5,50.9442,0
NEG_000349,pseudo_negative,Arunachal Pradesh,28.162284,92.5338,2022-05-06,2022,5,78.246,0
NEG_000350,pseudo_negative,Arunachal Pradesh,28.161072,93.021715,2019-08-27,2019,8,44.6315,0
NEG_000351,pseudo_negative,Arunachal Pradesh,28.123865,94.193267,2018-11-26,2018,11,11.8584,0
NEG_000352,pseudo_negative,Arunachal Pradesh,28.045123,95.169304,2026-11-27,2026,11,6.6176,0
NEG_000353,pseudo_negative,Arunachal Pradesh,28.089199,95.754232,2015-06-14,2015,6,11.9593,0
NEG_000354,pseudo_negative,Arunachal Pradesh,27.994147,96.319936,2007-05-03,2007,5,8.2186,0
NEG_000355,pseudo_negative,Arunachal Pradesh,28.386905,91.995484,2009-08-29,2009,8,88.3029,0
NEG_000356,pseudo_negative,Arunachal Pradesh,28.180679,92.438456,2023-11-07,2023,11,79.9076,0
NEG_000357,pseudo_negative,Arunachal Pradesh,28.231503,93.284136,2019-11-29,2019,11,37.4527,0
NEG_000358,pseudo_negative,Arunachal Pradesh,28.236392,93.616224,2012-05-05,2012,5,42.7168,0
NEG_000359,pseudo_negative,Arunachal Pradesh,28.224973,94.562284,2013-07-29,2013,7,11.23,0
NEG_000360,pseudo_negative,Arunachal Pradesh,28.392642,95.838194,2019-11-26,2019,11,5.2734,0
NEG_000361,pseudo_negative,Arunachal Pradesh,28.267281,96.132569,2015-07-08,2015,7,15.2897,0
NEG_000362,pseudo_negative,Arunachal Pradesh,28.709754,91.953293,2012-07-24,2012,7,9999.0,0
NEG_000363,pseudo_negative,Arunachal Pradesh,28.49849,92.540077,2009-08-21,2009,8,104.8752,0
NEG_000364,pseudo_negative,Arunachal Pradesh,28.568263,93.105372,2021-05-23,2021,5,78.3557,0
NEG_000365,pseudo_negative,Arunachal Pradesh,28.707255,93.702637,2023-07-04,2023,7,72.3716,0
NEG_000366,pseudo_negative,Arunachal Pradesh,28.591743,94.524692,2025-12-14,2025,12,9.4395,0
NEG_000367,pseudo_negative,Arunachal Pradesh,28.58253,95.128492,2025-05-14,2025,5,2.1286,0
NEG_000368,pseudo_negative,Arunachal Pradesh,28.612072,95.595479,2020-05-20,2020,5,25.1495,0
NEG_000369,pseudo_negative,Arunachal Pradesh,28.719639,96.368189,2015-07-28,2015,7,40.9668,0
NEG_000370,pseudo_negative,Arunachal Pradesh,28.741501,92.229682,2020-09-20,2020,9,9999.0,0
NEG_000371,pseudo_negative,Arunachal Pradesh,28.843366,92.737577,2009-08-27,2009,8,121.4794,0
NEG_000372,pseudo_negative,Arunachal Pradesh,28.821074,93.375522,2022-11-21,2022,11,104.6907,0
NEG_000373,pseudo_negative,Arunachal Pradesh,28.827509,93.850311,2018-07-26,2018,7,55.819,0
NEG_000374,pseudo_negative,Arunachal Pradesh,28.928771,94.494504,2016-08-07,2016,8,31.2573,0
NEG_000375,pseudo_negative,Arunachal Pradesh,28.761114,94.954551,2013-08-20,2013,8,4.2492,0
NEG_000376,pseudo_negative,Arunachal Pradesh,28.972557,95.62326,2017-11-04,2017,11,18.0583,0
NEG_000377,pseudo_negative,Arunachal Pradesh,28.767557,96.199245,2013-07-10,2013,7,23.8126,0
NEG_000378,pseudo_negative,Arunachal Pradesh,27.030777,92.191285,2008-05-22,2008,5,17.0715,0
NEG_000379,pseudo_negative,Arunachal Pradesh,26.88535,92.638248,2022-05-05,2022,5,8.5767,0
NEG_000380,pseudo_negative,Arunachal Pradesh,26.871684,93.042256,2020-08-18,2020,8,22.9512,0
NEG_000381,pseudo_negative,Arunachal Pradesh,26.805664,93.885205,2010-08-25,2010,8,33.8871,0
NEG_000382,pseudo_negative,Arunachal Pradesh,27.012015,94.487363,2014-05-26,2014,5,36.4045,0
NEG_000383,pseudo_negative,Arunachal Pradesh,26.886217,94.940711,2010-06-15,2010,6,11.0725,0
NEG_000384,pseudo_negative,Arunachal Pradesh,26.853018,95.921622,2008-05-10,2008,5,27.9665,0
NEG_000385,pseudo_negative,Arunachal Pradesh,26.822545,96.349396,2020-06-10,2020,6,58.2693,0
NEG_000386,pseudo_negative,Arunachal Pradesh,27.12858,92.19291,2006-07-29,2006,7,24.927,0
NEG_000387,pseudo_negative,Arunachal Pradesh,27.24129,92.880307,2018-08-31,2018,8,12.15,0
NEG_000388,pseudo_negative,Arunachal Pradesh,27.309631,93.528738,2016-07-25,2016,7,3.0106,0
NEG_000389,pseudo_negative,Arunachal Pradesh,27.195376,94.51605,2015-07-13,2015,7,58.3658,0
NEG_000390,pseudo_negative,Arunachal Pradesh,27.216135,95.351809,2026-05-04,2026,5,27.4344,0
NEG_000391,pseudo_negative,Arunachal Pradesh,27.338721,96.619675,2007-06-27,2007,6,21.2552,0
NEG_000392,pseudo_negative,Arunachal Pradesh,27.451385,91.884663,2023-11-19,2023,11,6.8303,0
NEG_000393,pseudo_negative,Arunachal Pradesh,27.435595,92.687184,2018-05-10,2018,5,15.8269,0
NEG_000394,pseudo_negative,Arunachal Pradesh,27.394206,92.999088,2018-06-29,2018,6,1.2929,0
NEG_000395,pseudo_negative,Arunachal Pradesh,27.571145,94.00986,2019-05-06,2019,5,15.6275,0
NEG_000396,pseudo_negative,Arunachal Pradesh,27.565016,94.373092,2025-05-29,2025,5,36.3059,0
NEG_000397,pseudo_negative,Arunachal Pradesh,27.52783,95.338024,2014-05-08,2014,5,12.8182,0
NEG_000398,pseudo_negative,Arunachal Pradesh,27.607256,95.618286,2005-07-14,2005,7,41.1527,0
NEG_000399,pseudo_negative,Arunachal Pradesh,27.410226,96.559204,2018-06-24,2018,6,12.1491,0
NEG_000400,pseudo_negative,Arunachal Pradesh,27.848351,91.850412,2019-07-01,2019,7,27.7525,0
NEG_000401,pseudo_negative,Arunachal Pradesh,27.89237,92.364438,2009-07-07,2009,7,50.6405,0
NEG_000402,pseudo_negative,Arunachal Pradesh,27.841377,93.01845,2008-08-13,2008,8,29.7552,0
NEG_000403,pseudo_negative,Arunachal Pradesh,27.719973,93.703217,2008-06-06,2008,6,7.7082,0
NEG_000404,pseudo_negative,Arunachal Pradesh,27.749846,94.744868,2016-08-20,2016,8,2.7106,0
NEG_000405,pseudo_negative,Arunachal Pradesh,27.889298,95.087334,2019-11-13,2019,11,6.8089,0
NEG_000406,pseudo_negative,Arunachal Pradesh,27.685172,95.907945,2006-05-24,2006,5,43.537,0
NEG_000407,pseudo_negative,Arunachal Pradesh,27.746748,96.201048,2008-07-06,2008,7,21.1272,0
NEG_000408,pseudo_negative,Arunachal Pradesh,27.974161,92.213398,2009-09-28,2009,9,48.6847,0
NEG_000409,pseudo_negative,Arunachal Pradesh,27.967681,92.511062,2007-05-08,2007,5,62.8022,0
NEG_000410,pseudo_negative,Arunachal Pradesh,28.155374,93.213337,2025-10-07,2025,10,31.9786,0
NEG_000411,pseudo_negative,Arunachal Pradesh,28.004558,93.607507,2006-08-06,2006,8,20.4656,0
NEG_000412,pseudo_negative,Arunachal Pradesh,28.110818,94.339609,2013-10-29,2013,10,16.7417,0
NEG_000413,pseudo_negative,Arunachal Pradesh,28.12895,94.972656,2016-10-02,2016,10,7.1618,0
NEG_000414,pseudo_negative,Arunachal Pradesh,27.978694,95.838896,2016-05-24,2016,5,21.4116,0
NEG_000415,pseudo_negative,Arunachal Pradesh,28.110246,96.660519,2007-07-23,2007,7,10.9637,0
NEG_000416,pseudo_negative,Arunachal Pradesh,28.413714,92.046157,2026-09-23,2026,9,91.7164,0
NEG_000417,pseudo_negative,Arunachal Pradesh,28.378454,92.519605,2014-05-04,2014,5,99.8846,0
NEG_000418,pseudo_negative,Arunachal Pradesh,28.310198,93.277611,2016-06-18,2016,6,46.1408,0
NEG_000419,pseudo_negative,Arunachal Pradesh,28.38885,94.154201,2022-08-08,2022,8,17.5444,0
NEG_000420,pseudo_negative,Arunachal Pradesh,28.358687,94.533967,2022-09-06,2022,9,14.2494,0
NEG_000421,pseudo_negative,Arunachal Pradesh,28.436962,95.280345,2022-11-28,2022,11,4.0655,0
NEG_000422,pseudo_negative,Arunachal Pradesh,28.26843,95.850918,2019-12-15,2019,12,3.4016,0
NEG_000423,pseudo_negative,Arunachal Pradesh,28.196916,96.332929,2018-05-28,2018,5,15.0695,0
NEG_000424,pseudo_negative,Arunachal Pradesh,28.666027,91.956078,2018-11-30,2018,11,9999.0,0
NEG_000425,pseudo_negative,Arunachal Pradesh,28.53131,92.819924,2009-08-11,2009,8,88.2252,0
NEG_000426,pseudo_negative,Arunachal Pradesh,28.630217,93.479542,2025-05-01,2025,5,81.5035,0
NEG_000427,pseudo_negative,Arunachal Pradesh,28.645015,93.93651,2018-05-16,2018,5,38.6702,0
NEG_000428,pseudo_negative,Arunachal Pradesh,28.544313,94.746914,2021-06-01,2021,6,11.031,0
NEG_000429,pseudo_negative,Arunachal Pradesh,28.709603,94.862587,2012-05-24,2012,5,3.4747,0
NEG_000430,pseudo_negative,Arunachal Pradesh,28.687854,95.918065,2021-05-28,2021,5,8.1607,0
NEG_000431,pseudo_negative,Arunachal Pradesh,28.594995,96.56137,2022-05-08,2022,5,31.4005,0
NEG_000432,pseudo_negative,Arunachal Pradesh,28.732321,92.314547,2014-08-23,2014,8,9999.0,0
NEG_000433,pseudo_negative,Arunachal Pradesh,28.930826,92.671377,2007-07-15,2007,7,9999.0,0
NEG_000434,pseudo_negative,Arunachal Pradesh,28.902149,93.088492,2005-09-27,2005,9,114.4279,0
NEG_000435,pseudo_negative,Arunachal Pradesh,28.821597,93.945903,2007-11-05,2007,11,48.2085,0
NEG_000436,pseudo_negative,Arunachal Pradesh,28.97483,94.782277,2023-05-11,2023,5,17.5731,0
NEG_000437,pseudo_negative,Arunachal Pradesh,28.783439,94.886944,2009-05-04,2009,5,2.7286,0
NEG_000438,pseudo_negative,Arunachal Pradesh,28.998903,95.49965,2005-09-04,2005,9,30.3043,0
NEG_000439,pseudo_negative,Arunachal Pradesh,28.885478,96.558348,2005-11-19,2005,11,56.016,0
NEG_000440,pseudo_negative,Arunachal Pradesh,26.963108,92.042837,2025-07-23,2025,7,11.1495,0
NEG_000441,pseudo_negative,Arunachal Pradesh,26.882133,92.631553,2006-09-06,2006,9,9.3127,0
NEG_000442,pseudo_negative,Arunachal Pradesh,26.858494,93.058603,2021-09-08,2021,9,22.071,0
NEG_000443,pseudo_negative,Arunachal Pradesh,26.87774,94.012799,2019-05-27,2019,5,31.3812,0
NEG_000444,pseudo_negative,Arunachal Pradesh,26.998155,94.399837,2021-08-07,2021,8,37.328,0
NEG_000445,pseudo_negative,Arunachal Pradesh,27.038246,95.014595,2026-06-18,2026,6,22.2629,0
NEG_000446,pseudo_negative,Arunachal Pradesh,26.939795,95.84073,2014-08-19,2014,8,15.4357,0
NEG_000447,pseudo_negative,Arunachal Pradesh,26.823705,96.507992,2018-08-21,2018,8,60.4693,0
NEG_000448,pseudo_negative,Arunachal Pradesh,27.083738,91.995961,2006-05-13,2006,5,24.7643,0
NEG_000449,pseudo_negative,Arunachal Pradesh,27.124806,92.614935,2023-05-24,2023,5,1.8569,0
NEG_000450,pseudo_negative,Arunachal Pradesh,27.293007,93.302841,2005-07-24,2005,7,19.2222,0
NEG_000451,pseudo_negative,Arunachal Pradesh,27.201467,93.971499,2020-07-29,2020,7,16.7049,0
NEG_000452,pseudo_negative,Arunachal Pradesh,27.209626,94.583097,2026-05-23,2026,5,61.4046,0
NEG_000453,pseudo_negative,Arunachal Pradesh,27.206034,95.130761,2016-07-29,2016,7,29.4522,0
NEG_000454,pseudo_negative,Arunachal Pradesh,27.192917,96.052636,2016-05-14,2016,5,8.5065,0
NEG_000455,pseudo_negative,Arunachal Pradesh,27.123296,96.135438,2017-07-01,2017,7,17.7978,0
NEG_000456,pseudo_negative,Arunachal Pradesh,27.553179,92.174425,2020-07-01,2020,7,9.2753,0
NEG_000457,pseudo_negative,Arunachal Pradesh,27.382879,92.926322,2026-08-06,2026,8,8.5015,0
NEG_000458,pseudo_negative,Arunachal Pradesh,27.430498,93.362466,2011-08-13,2011,8,19.122,0
NEG_000459,pseudo_negative,Arunachal Pradesh,27.404035,94.149617,2025-08-16,2025,8,37.9591,0
NEG_000460,pseudo_negative,Arunachal Pradesh,27.575468,94.830177,2022-05-07,2022,5,15.8374,0
NEG_000461,pseudo_negative,Arunachal Pradesh,27.409506,94.994579,2019-12-19,2019,12,24.2305,0
NEG_000462,pseudo_negative,Arunachal Pradesh,27.61439,95.781525,2012-10-20,2012,10,40.4413,0
NEG_000463,pseudo_negative,Arunachal Pradesh,27.598509,96.203101,2013-09-16,2013,9,23.7976,0
NEG_000464,pseudo_negative,Arunachal Pradesh,27.701047,91.991584,2010-11-30,2010,11,12.3258,0
NEG_000465,pseudo_negative,Arunachal Pradesh,27.868008,92.837517,2026-06-09,2026,6,35.3374,0
NEG_000466,pseudo_negative,Arunachal Pradesh,27.76864,93.312168,2008-08-16,2008,8,10.4868,0
NEG_000467,pseudo_negative,Arunachal Pradesh,27.730158,94.052102,2022-06-11,2022,6,3.2841,0
NEG_000468,pseudo_negative,Arunachal Pradesh,27.652314,94.325773,2016-07-27,2016,7,25.8263,0
NEG_000469,pseudo_negative,Arunachal Pradesh,27.680185,95.303697,2026-04-17,2026,4,25.5278,0
NEG_000470,pseudo_negative,Arunachal Pradesh,27.704691,95.563746,2010-05-21,2010,5,42.4717,0
NEG_000471,pseudo_negative,Arunachal Pradesh,27.635067,96.110376,2025-04-18,2025,4,36.2303,0
NEG_000472,pseudo_negative,Arunachal Pradesh,28.129064,91.8145,2016-07-19,2016,7,59.1617,0
NEG_000473,pseudo_negative,Arunachal Pradesh,28.016648,92.38508,2014-11-25,2014,11,62.2577,0
NEG_000474,pseudo_negative,Arunachal Pradesh,27.897061,93.074214,2018-07-29,2018,7,29.1109,0
NEG_000475,pseudo_negative,Arunachal Pradesh,27.93556,93.711906,2022-08-21,2022,8,19.304,0
NEG_000476,pseudo_negative,Arunachal Pradesh,28.060008,94.801735,2024-06-15,2024,6,8.3128,0
NEG_000477,pseudo_negative,Arunachal Pradesh,28.026169,95.054846,2021-05-07,2021,5,8.5354,0
NEG_000478,pseudo_negative,Arunachal Pradesh,27.991547,95.896485,2012-07-01,2012,7,20.9187,0
NEG_000479,pseudo_negative,Arunachal Pradesh,28.072354,96.456229,2018-09-24,2018,9,1.3319,0
NEG_000480,pseudo_negative,Arunachal Pradesh,28.368029,91.78175,2024-08-15,2024,8,85.9236,0
NEG_000481,pseudo_negative,Arunachal Pradesh,28.238942,92.366871,2024-07-07,2024,7,81.7391,0
NEG_000482,pseudo_negative,Arunachal Pradesh,28.285566,93.073008,2008-11-25,2008,11,51.5433,0
NEG_000483,pseudo_negative,Arunachal Pradesh,28.226697,94.164424,2016-11-01,2016,11,5.7977,0
NEG_000484,pseudo_negative,Arunachal Pradesh,28.434553,94.215778,2024-11-23,2024,11,13.8437,0
NEG_000485,pseudo_negative,Arunachal Pradesh,28.421807,95.435302,2009-05-18,2009,5,18.3725,0
NEG_000486,pseudo_negative,Arunachal Pradesh,28.406268,95.835728,2025-07-20,2025,7,3.8906,0
NEG_000487,pseudo_negative,Arunachal Pradesh,28.329297,96.171795,2019-05-23,2019,5,18.5013,0
NEG_000488,pseudo_negative,Arunachal Pradesh,28.649962,92.246346,2016-07-15,2016,7,9999.0,0
NEG_000489,pseudo_negative,Arunachal Pradesh,28.534326,92.943993,2007-06-22,2007,6,81.6527,0
NEG_000490,pseudo_negative,Arunachal Pradesh,28.496275,93.099727,2021-11-14,2021,11,71.0605,0
NEG_000491,pseudo_negative,Arunachal Pradesh,28.651171,93.71966,2025-06-26,2025,6,66.8379,0
NEG_000492,pseudo_negative,Arunachal Pradesh,28.683731,94.358764,2017-11-19,2017,11,17.9794,0
NEG_000493,pseudo_negative,Arunachal Pradesh,28.519284,95.262345,2019-05-31,2019,5,5.9455,0
NEG_000494,pseudo_negative,Arunachal Pradesh,28.472347,95.873315,2023-05-11,2023,5,1.4068,0
NEG_000495,pseudo_negative,Arunachal Pradesh,28.579491,96.545493,2008-06-09,2008,6,30.0156,0
NEG_000496,pseudo_negative,Arunachal Pradesh,28.958991,92.041558,2011-07-27,2011,7,9999.0,0
NEG_000497,pseudo_negative,Arunachal Pradesh,28.988699,92.745583,2009-11-04,2009,11,9999.0,0
NEG_000498,pseudo_negative,Arunachal Pradesh,28.860285,93.051198,2010-08-05,2010,8,110.8885,0
NEG_000499,pseudo_negative,Arunachal Pradesh,28.737912,93.764084,2015-07-05,2015,7,70.9135,0
NEG_000500,pseudo_negative,Arunachal Pradesh,28.83954,94.533211,2010-04-09,2010,4,24.7948,0
NEG_000501,pseudo_negative,Arunachal Pradesh,28.894934,95.063595,2012-05-21,2012,5,21.3973,0
NEG_000502,pseudo_negative,Arunachal Pradesh,28.728609,95.608135,2012-06-14,2012,6,26.2098,0
NEG_000503,pseudo_negative,Arunachal Pradesh,28.949189,96.311425,2023-08-17,2023,8,33.1192,0
NEG_000504,pseudo_negative,Arunachal Pradesh,26.792344,92.038483,2021-07-11,2021,7,13.6461,0
NEG_000505,pseudo_negative,Arunachal Pradesh,26.81407,92.827787,2023-04-29,2023,4,12.7688,0
NEG_000506,pseudo_negative,Arunachal Pradesh,26.865169,94.075999,2016-11-19,2016,11,36.4595,0
NEG_000507,pseudo_negative,Arunachal Pradesh,27.057966,94.23464,2013-07-14,2013,7,51.3676,0
NEG_000508,pseudo_negative,Arunachal Pradesh,26.826935,95.040289,2007-04-30,2007,4,3.2926,0
NEG_000509,pseudo_negative,Arunachal Pradesh,26.91161,95.978203,2016-07-11,2016,7,28.1929,0
NEG_000510,pseudo_negative,Arunachal Pradesh,27.057146,96.371845,2005-05-05,2005,5,31.2131,0
NEG_000511,pseudo_negative,Arunachal Pradesh,27.325038,91.883246,2022-05-16,2022,5,20.7507,0
NEG_000512,pseudo_negative,Arunachal Pradesh,27.180548,92.919491,2021-11-16,2021,11,14.9449,0
NEG_000513,pseudo_negative,Arunachal Pradesh,27.134905,93.277156,2020-07-27,2020,7,13.57,0
NEG_000514,pseudo_negative,Arunachal Pradesh,27.140624,94.118288,2023-07-13,2023,7,29.252,0
NEG_000515,pseudo_negative,Arunachal Pradesh,27.333654,94.324385,2020-04-10,2020,4,51.8197,0
NEG_000516,pseudo_negative,Arunachal Pradesh,27.171737,94.955547,2020-05-22,2020,5,41.9671,0
NEG_000517,pseudo_negative,Arunachal Pradesh,27.2501,95.617587,2016-06-11,2016,6,10.9154,0
NEG_000518,pseudo_negative,Arunachal Pradesh,27.261715,96.366635,2019-10-12,2019,10,14.8364,0
NEG_000519,pseudo_negative,Arunachal Pradesh,27.498543,91.850883,2005-06-28,2005,6,1.3271,0
NEG_000520,pseudo_negative,Arunachal Pradesh,27.350948,92.648331,2017-05-04,2017,5,13.3549,0
NEG_000521,pseudo_negative,Arunachal Pradesh,27.54705,93.04442,2011-11-25,2011,11,5.3001,0
NEG_000522,pseudo_negative,Arunachal Pradesh,27.50812,94.027934,2014-12-23,2014,12,21.2831,0
NEG_000523,pseudo_negative,Arunachal Pradesh,27.434735,94.309674,2007-07-17,2007,7,43.6503,0
NEG_000524,pseudo_negative,Arunachal Pradesh,27.389423,95.212648,2012-11-01,2012,11,7.5153,0
NEG_000525,pseudo_negative,Arunachal Pradesh,27.413422,95.47817,2025-05-04,2025,5,24.0073,0
NEG_000526,pseudo_negative,Arunachal Pradesh,27.416006,96.0966,2012-05-09,2012,5,13.3756,0
NEG_000527,pseudo_negative,Arunachal Pradesh,27.721933,91.957563,2026-06-11,2026,6,14.593,0
NEG_000528,pseudo_negative,Arunachal Pradesh,27.641931,92.356071,2009-08-07,2009,8,29.5464,0
NEG_000529,pseudo_negative,Arunachal Pradesh,27.891465,93.54114,2005-07-16,2005,7,6.8973,0
NEG_000530,pseudo_negative,Arunachal Pradesh,27.704198,94.067522,2006-10-24,2006,10,6.1282,0
NEG_000531,pseudo_negative,Arunachal Pradesh,27.865072,94.478714,2007-09-24,2007,9,15.2682,0
NEG_000532,pseudo_negative,Arunachal Pradesh,27.702503,95.409483,2015-12-03,2015,12,32.1323,0
NEG_000533,pseudo_negative,Arunachal Pradesh,27.830341,95.511612,2011-04-20,2011,4,32.0846,0
NEG_000534,pseudo_negative,Arunachal Pradesh,27.830368,96.573793,2022-10-19,2022,10,21.8648,0
NEG_000535,pseudo_negative,Arunachal Pradesh,27.921116,91.889544,2026-05-13,2026,5,35.7526,0
NEG_000536,pseudo_negative,Arunachal Pradesh,28.018133,92.505508,2026-07-13,2026,7,67.2203,0
NEG_000537,pseudo_negative,Arunachal Pradesh,28.137543,93.131333,2023-07-28,2023,7,35.0491,0
NEG_000538,pseudo_negative,Arunachal Pradesh,27.984789,93.898522,2006-05-13,2006,5,17.065,0
NEG_000539,pseudo_negative,Arunachal Pradesh,28.033216,94.302791,2021-07-11,2021,7,7.5475,0
NEG_000540,pseudo_negative,Arunachal Pradesh,28.008494,95.343901,2026-11-08,2026,11,7.3881,0
NEG_000541,pseudo_negative,Arunachal Pradesh,28.111321,96.055994,2017-05-26,2017,5,19.3692,0
NEG_000542,pseudo_negative,Arunachal Pradesh,28.039801,96.182005,2009-08-26,2009,8,19.87,0
NEG_000543,pseudo_negative,Arunachal Pradesh,28.243894,92.296543,2025-07-04,2025,7,79.2077,0
NEG_000544,pseudo_negative,Arunachal Pradesh,28.370614,92.377018,2012-09-18,2012,9,95.2904,0
NEG_000545,pseudo_negative,Arunachal Pradesh,28.189638,93.281949,2011-08-09,2011,8,32.9909,0
NEG_000546,pseudo_negative,Arunachal Pradesh,28.203803,94.16908,2010-05-28,2010,5,6.054,0
NEG_000547,pseudo_negative,Arunachal Pradesh,28.260459,94.574155,2012-07-23,2012,7,11.3956,0
NEG_000548,pseudo_negative,Arunachal Pradesh,28.214219,94.895755,2020-07-31,2020,7,1.3903,0
NEG_000549,pseudo_negative,Arunachal Pradesh,28.412566,95.753882,2021-05-29,2021,5,8.6891,0
NEG_000550,pseudo_negative,Arunachal Pradesh,28.202513,96.65499,2019-06-29,2019,6,9.7331,0
NEG_000551,pseudo_negative,Arunachal Pradesh,28.546221,91.999455,2021-05-13,2021,5,105.9301,0
NEG_000552,pseudo_negative,Arunachal Pradesh,28.696651,92.498095,2015-05-22,2015,5,122.7729,0
NEG_000553,pseudo_negative,Arunachal Pradesh,28.458597,93.370043,2007-08-11,2007,8,61.7335,0
NEG_000554,pseudo_negative,Arunachal Pradesh,28.473903,94.17705,2024-10-24,2024,10,14.2649,0
NEG_000555,pseudo_negative,Arunachal Pradesh,28.485658,94.407617,2025-07-12,2025,7,10.6832,0
NEG_000556,pseudo_negative,Arunachal Pradesh,28.530077,94.868657,2015-05-12,2015,5,2.6828,0
NEG_000557,pseudo_negative,Arunachal Pradesh,28.554738,95.576172,2020-08-09,2020,8,31.3486,0
NEG_000558,pseudo_negative,Arunachal Pradesh,28.555356,96.291218,2020-09-17,2020,9,40.3054,0
NEG_000559,pseudo_negative,Arunachal Pradesh,28.829713,92.083553,2010-07-30,2010,7,9999.0,0
NEG_000560,pseudo_negative,Arunachal Pradesh,28.976742,92.834543,2012-07-02,2012,7,9999.0,0
NEG_000561,pseudo_negative,Arunachal Pradesh,28.918177,93.577368,2022-05-15,2022,5,97.9527,0
NEG_000562,pseudo_negative,Assam,24.523291,91.136097,2020-07-24,2020,7,65.2106,0
NEG_000563,pseudo_negative,Assam,24.57896,91.882916,2018-08-20,2018,8,32.768,0
NEG_000564,pseudo_negative,Assam,24.589699,92.299903,2016-05-27,2016,5,12.9921,0
NEG_000565,pseudo_negative,Assam,24.521285,92.460089,2008-08-27,2008,8,5.4985,0
NEG_000566,pseudo_negative,Assam,24.474395,92.876537,2024-08-11,2024,8,4.6165,0
NEG_000567,pseudo_negative,Assam,24.399952,93.26455,2015-08-28,2015,8,3.3622,0
NEG_000568,pseudo_negative,Assam,24.398377,93.778226,2009-08-31,2009,8,6.6881,0
NEG_000569,pseudo_negative,Assam,24.540022,94.213307,2018-05-10,2018,5,4.7938,0
NEG_000570,pseudo_negative,Assam,24.925564,91.100364,2024-08-01,2024,8,30.1654,0
NEG_000571,pseudo_negative,Assam,25.001569,91.834554,2009-07-15,2009,7,22.0316,0
NEG_000572,pseudo_negative,Assam,24.824745,92.078012,2022-07-17,2022,7,25.1353,0
NEG_000573,pseudo_negative,Assam,24.880623,92.752274,2018-05-31,2018,5,7.7469,0
NEG_000574,pseudo_negative,Assam,24.807001,92.873367,2021-05-11,2021,5,9.9474,0
NEG_000575,pseudo_negative,Assam,24.734529,93.551868,2023-11-15,2023,11,3.9451,0
NEG_000576,pseudo_negative,Assam,24.685578,93.681667,2005-05-13,2005,5,1.2811,0
NEG_000577,pseudo_negative,Assam,24.764943,94.504014,2012-05-07,2012,5,4.6151,0
NEG_000578,pseudo_negative,Assam,25.217027,91.295263,2023-06-18,2023,6,6.4159,0
NEG_000579,pseudo_negative,Assam,25.166937,92.234472,2009-06-27,2009,6,1.1753,0
NEG_000580,pseudo_negative,Assam,25.214994,92.397042,2012-05-06,2012,5,3.2164,0
NEG_000581,pseudo_negative,Assam,25.270219,92.91937,2005-05-23,2005,5,8.6698,0
NEG_000582,pseudo_negative,Assam,25.31666,93.582487,2006-04-03,2006,4,3.3755,0
NEG_000583,pseudo_negative,Assam,25.038612,94.018761,2021-07-08,2021,7,1.1755,0
NEG_000584,pseudo_negative,Assam,25.166196,94.422379,2024-07-16,2024,7,4.0297,0
NEG_000585,pseudo_negative,Assam,25.705163,91.146196,2017-05-26,2017,5,3.0164,0
NEG_000586,pseudo_negative,Assam,25.59347,92.232523,2021-07-09,2021,7,2.1032,0
NEG_000587,pseudo_negative,Assam,25.490482,92.590861,2010-06-14,2010,6,8.0538,0
NEG_000588,pseudo_negative,Assam,25.469411,92.903426,2024-05-12,2024,5,3.1006,0
NEG_000589,pseudo_negative,Assam,25.664818,93.482467,2017-08-05,2017,8,18.7504,0
NEG_000590,pseudo_negative,Assam,25.656391,93.754754,2014-01-05,2014,1,6.1417,0
NEG_000591,pseudo_negative,Assam,25.380357,94.408121,2008-05-31,2008,5,4.6057,0
NEG_000592,pseudo_negative,Assam,25.966906,91.112657,2023-08-19,2023,8,14.2084,0
NEG_000593,pseudo_negative,Assam,25.832801,91.515065,2011-12-19,2011,12,4.5806,0
NEG_000594,pseudo_negative,Assam,25.797767,92.020097,2016-07-04,2016,7,2.9768,0
NEG_000595,pseudo_negative,Assam,25.914616,92.706916,2020-11-23,2020,11,4.9557,0
NEG_000596,pseudo_negative,Assam,25.986805,92.901889,2016-06-17,2016,6,4.2578,0
NEG_000597,pseudo_negative,Assam,25.822655,93.623803,2016-11-21,2016,11,4.0053,0
NEG_000598,pseudo_negative,Assam,25.852702,93.883267,2025-05-16,2025,5,7.9225,0
NEG_000599,pseudo_negative,Assam,25.790554,94.307584,2008-11-03,2008,11,4.0457,0
NEG_000600,pseudo_negative,Assam,26.096496,91.166701,2021-05-24,2021,5,11.9915,0
NEG_000601,pseudo_negative,Assam,26.364259,91.821355,2007-08-03,2007,8,2.6741,0
NEG_000602,pseudo_negative,Assam,26.271612,92.263434,2006-08-26,2006,8,23.4816,0
NEG_000603,pseudo_negative,Assam,26.255937,92.505595,2025-11-21,2025,11,16.5324,0
NEG_000604,pseudo_negative,Assam,26.256401,93.080614,2014-08-14,2014,8,7.5196,0
NEG_000605,pseudo_negative,Assam,26.397845,93.293178,2005-07-07,2005,7,5.6296,0
NEG_000606,pseudo_negative,Assam,26.219795,93.897893,2006-06-02,2006,6,15.7112,0
NEG_000607,pseudo_negative,Assam,26.254834,94.332247,2012-08-21,2012,8,4.7235,0
NEG_000608,pseudo_negative,Assam,26.619895,91.420495,2022-07-20,2022,7,49.7594,0
NEG_000609,pseudo_negative,Assam,26.607703,91.553743,2007-07-09,2007,7,38.933,0
NEG_000610,pseudo_negative,Assam,26.699709,92.229882,2012-08-03,2012,8,23.6542,0
NEG_000611,pseudo_negative,Assam,26.475118,92.681953,2024-08-26,2024,8,34.5553,0
NEG_000612,pseudo_negative,Assam,26.602588,92.941023,2020-10-14,2020,10,11.7088,0
NEG_000613,pseudo_negative,Assam,26.648095,93.447172,2010-05-12,2010,5,5.984,0
NEG_000614,pseudo_negative,Assam,26.447967,93.73568,2008-11-12,2008,11,11.0926,0
NEG_000615,pseudo_negative,Assam,26.572857,94.182116,2025-06-04,2025,6,15.9871,0
NEG_000616,pseudo_negative,Assam,27.024826,91.246131,2023-09-24,2023,9,82.9878,0
NEG_000617,pseudo_negative,Assam,26.781729,91.771201,2024-06-29,2024,6,36.7327,0
NEG_000618,pseudo_negative,Assam,26.76108,92.334548,2025-07-28,2025,7,25.4279,0
NEG_000619,pseudo_negative,Assam,26.933963,92.458149,2021-07-26,2021,7,18.3296,0
NEG_000620,pseudo_negative,Assam,26.755195,93.088615,2021-09-29,2021,9,19.826,0
NEG_000621,pseudo_negative,Assam,26.839107,93.247299,2018-11-29,2018,11,12.1009,0
NEG_000622,pseudo_negative,Assam,26.927121,93.92821,2024-07-15,2024,7,22.2723,0
NEG_000623,pseudo_negative,Assam,26.784705,94.122943,2020-09-07,2020,9,29.7793,0
NEG_000624,pseudo_negative,Assam,24.379768,91.179007,2025-05-18,2025,5,49.3452,0
NEG_000625,pseudo_negative,Assam,24.38576,91.75177,2022-08-12,2022,8,23.9607,0
NEG_000626,pseudo_negative,Assam,24.644061,92.0036,2026-11-28,2026,11,24.0554,0
NEG_000627,pseudo_negative,Assam,24.615397,92.637931,2016-08-20,2016,8,6.9174,0
NEG_000628,pseudo_negative,Assam,24.567602,92.802994,2005-08-30,2005,8,5.6117,0
NEG_000629,pseudo_negative,Assam,24.598974,93.38612,2012-07-01,2012,7,1.4169,0
NEG_000630,pseudo_negative,Assam,24.504386,93.840223,2016-05-11,2016,5,2.7347,0
NEG_000631,pseudo_negative,Assam,24.511406,94.242296,2006-05-31,2006,5,4.8762,0
NEG_000632,pseudo_negative,Assam,24.784579,91.20783,2017-07-17,2017,7,50.5251,0
NEG_000633,pseudo_negative,Assam,24.89634,91.917472,2012-08-09,2012,8,35.5773,0
NEG_000634,pseudo_negative,Assam,24.682973,92.051335,2010-04-14,2010,4,24.6243,0
NEG_000635,pseudo_negative,Assam,24.887349,92.658082,2007-07-24,2007,7,8.0808,0
NEG_000636,pseudo_negative,Assam,24.882616,92.965652,2015-05-02,2015,5,8.7256,0
NEG_000637,pseudo_negative,Assam,24.900221,93.651061,2013-07-01,2013,7,1.618,0
NEG_000638,pseudo_negative,Assam,24.862359,94.347127,2010-10-22,2010,10,1.926,0
NEG_000639,pseudo_negative,Assam,25.061373,91.478747,2013-09-01,2013,9,11.0647,0
NEG_000640,pseudo_negative,Assam,25.045665,91.593781,2012-07-01,2012,7,14.2674,0
NEG_000641,pseudo_negative,Assam,25.134508,92.010028,2009-06-14,2009,6,5.8828,0
NEG_000642,pseudo_negative,Assam,25.283937,92.750136,2022-05-21,2022,5,4.9776,0
NEG_000643,pseudo_negative,Assam,25.121069,93.187304,2015-06-03,2015,6,3.9728,0
NEG_000644,pseudo_negative,Assam,25.344234,93.631825,2014-08-13,2014,8,5.1226,0
NEG_000645,pseudo_negative,Assam,25.176714,93.975836,2015-05-01,2015,5,4.787,0
NEG_000646,pseudo_negative,Assam,25.231014,94.181135,2022-06-20,2022,6,5.7665,0
NEG_000647,pseudo_negative,Assam,25.669833,91.432929,2016-09-15,2016,9,11.3092,0
NEG_000648,pseudo_negative,Assam,25.457568,91.722178,2011-10-07,2011,10,2.2265,0
NEG_000649,pseudo_negative,Assam,25.647907,92.325483,2012-11-27,2012,11,9.3983,0
NEG_000650,pseudo_negative,Assam,25.442807,92.766717,2024-07-18,2024,7,3.1963,0
NEG_000651,pseudo_negative,Assam,25.557314,92.942742,2006-05-09,2006,5,13.3304,0
NEG_000652,pseudo_negative,Assam,25.392489,93.437235,2023-08-28,2023,8,2.7,0
NEG_000653,pseudo_negative,Assam,25.543727,93.836625,2010-05-15,2010,5,2.8787,0
NEG_000654,pseudo_negative,Assam,25.647862,94.166493,2020-08-23,2020,8,1.0733,0
NEG_000655,pseudo_negative,Assam,25.907175,91.451641,2010-11-09,2010,11,5.1747,0
NEG_000656,pseudo_negative,Assam,25.938113,92.301569,2006-07-31,2006,7,1.0181,0
NEG_000657,pseudo_negative,Assam,25.989613,92.686479,2006-11-14,2006,11,5.4635,0
NEG_000658,pseudo_negative,Assam,25.844947,93.038243,2016-05-04,2016,5,7.6958,0
NEG_000659,pseudo_negative,Assam,25.998849,93.394378,2025-05-13,2025,5,6.4789,0
NEG_000660,pseudo_negative,Assam,25.878462,93.998272,2013-05-28,2013,5,2.2135,0
NEG_000661,pseudo_negative,Assam,25.907159,94.281717,2011-07-20,2011,7,1.8297,0
NEG_000662,pseudo_negative,Assam,26.191264,91.284071,2011-07-19,2011,7,13.905,0
NEG_000663,pseudo_negative,Assam,26.216612,91.860836,2020-06-23,2020,6,1.3173,0
NEG_000664,pseudo_negative,Assam,26.329876,92.304701,2011-07-05,2011,7,27.0133,0
NEG_000665,pseudo_negative,Assam,26.15218,92.684162,2012-08-08,2012,8,8.1779,0
NEG_000666,pseudo_negative,Assam,26.14177,93.014965,2008-06-29,2008,6,21.5531,0
NEG_000667,pseudo_negative,Assam,26.355796,93.647371,2015-05-28,2015,5,8.8505,0
NEG_000668,pseudo_negative,Assam,26.336456,93.666742,2025-10-13,2025,10,6.9537,0
NEG_000669,pseudo_negative,Assam,26.291312,94.309771,2005-09-12,2005,9,5.2356,0
NEG_000670,pseudo_negative,Assam,26.643349,91.282582,2016-05-28,2016,5,50.8794,0
NEG_000671,pseudo_negative,Assam,26.457411,91.785832,2022-05-31,2022,5,10.9686,0
NEG_000672,pseudo_negative,Assam,26.484751,91.998674,2005-05-27,2005,5,19.5556,0
NEG_000673,pseudo_negative,Assam,26.572176,92.79202,2013-07-01,2013,7,25.6123,0
NEG_000674,pseudo_negative,Assam,26.575318,93.141936,2010-06-11,2010,6,2.8816,0
NEG_000675,pseudo_negative,Assam,26.456565,93.5419,2023-05-25,2023,5,9.8852,0
NEG_000676,pseudo_negative,Assam,26.534338,94.035591,2024-06-01,2024,6,27.0903,0
NEG_000677,pseudo_negative,Assam,26.590062,94.224648,2017-07-09,2017,7,11.5226,0
NEG_000678,pseudo_negative,Assam,26.806112,91.308816,2010-07-22,2010,7,71.7748,0
NEG_000679,pseudo_negative,Assam,26.775621,91.872223,2016-08-06,2016,8,27.7776,0
NEG_000680,pseudo_negative,Assam,26.867857,92.274324,2008-05-07,2008,5,15.237,0
NEG_000681,pseudo_negative,Assam,26.914917,92.381528,2025-08-07,2025,8,25.7825,0
NEG_000682,pseudo_negative,Assam,27.032293,92.830549,2017-09-27,2017,9,10.5541,0
NEG_000683,pseudo_negative,Assam,27.043433,93.523737,2016-07-21,2016,7,1.8181,0
NEG_000684,pseudo_negative,Assam,26.968633,94.04682,2018-06-04,2018,6,26.678,0
NEG_000685,pseudo_negative,Assam,26.768498,94.486348,2016-08-14,2016,8,10.6581,0
NEG_000686,pseudo_negative,Assam,24.619546,91.506523,2011-09-05,2011,9,56.4477,0
NEG_000687,pseudo_negative,Assam,24.635514,91.531324,2009-06-23,2009,6,56.9252,0
NEG_000688,pseudo_negative,Assam,24.553152,92.159175,2007-05-09,2007,5,7.1396,0
NEG_000689,pseudo_negative,Assam,24.369806,92.41169,2007-06-20,2007,6,11.3959,0
NEG_000690,pseudo_negative,Assam,24.404184,93.092416,2010-07-22,2010,7,2.6042,0
NEG_000691,pseudo_negative,Assam,24.651907,93.389605,2016-05-26,2016,5,5.5455,0
NEG_000692,pseudo_negative,Assam,24.584616,94.076532,2022-07-27,2022,7,3.7205,0
NEG_000693,pseudo_negative,Assam,24.545624,94.232873,2016-09-21,2016,9,6.3133,0
NEG_000694,pseudo_negative,Assam,25.018589,91.292891,2018-08-02,2018,8,21.1321,0
NEG_000695,pseudo_negative,Assam,24.715385,91.615266,2019-08-11,2019,8,50.1173,0
NEG_000696,pseudo_negative,Assam,24.737726,92.009925,2005-10-02,2005,10,31.9876,0
NEG_000697,pseudo_negative,Assam,24.913502,92.384532,2014-07-01,2014,7,10.6546,0
NEG_000698,pseudo_negative,Assam,24.771773,93.051639,2010-11-14,2010,11,2.7543,0
NEG_000699,pseudo_negative,Assam,24.773592,93.515474,2018-11-02,2018,11,4.8048,0
NEG_000700,pseudo_negative,Assam,25.012564,93.969672,2006-05-15,2006,5,4.9463,0
NEG_000701,pseudo_negative,Assam,24.954544,94.397023,2007-07-07,2007,7,3.1883,0
NEG_000702,pseudo_negative,Assam,25.178802,91.435994,2021-08-22,2021,8,2.1703,0
NEG_000703,pseudo_negative,Assam,25.243301,91.626281,2016-05-12,2016,5,2.6513,0
NEG_000704,pseudo_negative,Assam,25.290586,92.124444,2016-05-14,2016,5,1.3377,0
NEG_000705,pseudo_negative,Assam,25.091424,92.619306,2024-05-08,2024,5,11.4443,0
NEG_000706,pseudo_negative,Assam,25.283885,92.957255,2018-07-12,2018,7,6.0892,0
NEG_000707,pseudo_negative,Assam,25.300278,93.361933,2016-11-23,2016,11,4.1772,0
NEG_000708,pseudo_negative,Assam,25.247109,93.837948,2009-07-24,2009,7,1.4751,0
NEG_000709,pseudo_negative,Assam,25.162121,94.306576,2009-05-10,2009,5,1.2665,0
NEG_000710,pseudo_negative,Assam,25.507129,91.134937,2023-07-13,2023,7,2.1238,0
NEG_000711,pseudo_negative,Assam,25.68503,91.525902,2021-07-20,2021,7,7.3153,0
NEG_000712,pseudo_negative,Assam,25.37105,92.045833,2025-05-04,2025,5,3.5375,0
NEG_000713,pseudo_negative,Assam,25.458751,92.539381,2012-01-17,2012,1,4.019,0
NEG_000714,pseudo_negative,Assam,25.419885,92.836026,2011-06-17,2011,6,1.4993,0
NEG_000715,pseudo_negative,Assam,25.553184,93.319504,2014-11-01,2014,11,12.0119,0
NEG_000716,pseudo_negative,Assam,25.401414,93.707327,2009-11-05,2009,11,6.751,0
NEG_000717,pseudo_negative,Assam,26.0492,91.11976,2013-05-31,2013,5,17.2477,0
NEG_000718,pseudo_negative,Assam,25.923798,91.690393,2007-11-12,2007,11,2.698,0
NEG_000719,pseudo_negative,Assam,25.760388,92.366158,2015-08-12,2015,8,12.1703,0
NEG_000720,pseudo_negative,Assam,26.042719,92.392097,2013-07-29,2013,7,4.059,0
NEG_000721,pseudo_negative,Assam,25.951845,92.859859,2016-08-17,2016,8,5.7684,0
NEG_000722,pseudo_negative,Assam,25.866267,93.290862,2023-10-08,2023,10,14.1119,0
NEG_000723,pseudo_negative,Assam,25.720812,93.956725,2022-01-31,2022,1,1.2487,0
NEG_000724,pseudo_negative,Assam,26.074475,91.334598,2010-08-22,2010,8,14.8776,0
NEG_000725,pseudo_negative,Assam,26.179725,91.809177,2016-05-19,2016,5,1.1882,0
NEG_000726,pseudo_negative,Assam,26.247991,92.316809,2025-07-21,2025,7,18.853,0
NEG_000727,pseudo_negative,Assam,26.164689,92.404218,2025-03-08,2025,3,6.1708,0
NEG_000728,pseudo_negative,Assam,26.394037,92.891269,2007-05-26,2007,5,21.6079,0
NEG_000729,pseudo_negative,Assam,26.15159,93.403687,2007-09-10,2007,9,10.3039,0
NEG_000730,pseudo_negative,Assam,26.384059,94.028044,2025-09-05,2025,9,12.4122,0
NEG_000731,pseudo_negative,Assam,26.104808,94.472882,2022-06-16,2022,6,2.3776,0
NEG_000732,pseudo_negative,Assam,26.452801,91.086923,2012-11-08,2012,11,28.4215,0
NEG_000733,pseudo_negative,Assam,26.673595,91.925953,2025-08-04,2025,8,30.9298,0
NEG_000734,pseudo_negative,Assam,26.487331,92.171557,2012-05-10,2012,5,32.7316,0
NEG_000735,pseudo_negative,Assam,26.596547,92.445969,2010-08-15,2010,8,45.5821,0
NEG_000736,pseudo_negative,Assam,26.442854,93.194707,2025-09-16,2025,9,4.6887,0
NEG_000737,pseudo_negative,Assam,26.624156,93.528696,2009-10-23,2009,10,3.8169,0
NEG_000738,pseudo_negative,Assam,26.610258,93.772186,2021-08-04,2021,8,11.5658,0
NEG_000739,pseudo_negative,Assam,26.421532,94.184881,2015-07-02,2015,7,13.7658,0
NEG_000740,pseudo_negative,Assam,26.798806,91.343432,2018-09-24,2018,9,68.6941,0
NEG_000741,pseudo_negative,Assam,26.850261,91.745616,2024-07-18,2024,7,37.4736,0
NEG_000742,pseudo_negative,Assam,26.969435,92.028923,2023-05-31,2023,5,12.6222,0
NEG_000743,pseudo_negative,Assam,27.029478,92.621994,2015-08-08,2015,8,1.3036,0
NEG_000744,pseudo_negative,Assam,26.772646,93.127783,2019-05-19,2019,5,21.9073,0
NEG_000745,pseudo_negative,Assam,26.77093,93.546195,2010-11-09,2010,11,19.6563,0
NEG_000746,pseudo_negative,Assam,27.006322,93.952152,2016-08-09,2016,8,16.6903,0
NEG_000747,pseudo_negative,Assam,27.070492,94.120718,2017-05-11,2017,5,29.4904,0
NEG_000748,pseudo_negative,Assam,24.465093,91.399965,2018-07-15,2018,7,49.542,0
NEG_000749,pseudo_negative,Assam,24.437816,91.570925,2013-10-09,2013,10,35.732,0
NEG_000750,pseudo_negative,Assam,24.537227,92.100871,2015-05-25,2015,5,8.7879,0
NEG_000751,pseudo_negative,Assam,24.417033,92.466017,2008-08-31,2008,8,4.2847,0
NEG_000752,pseudo_negative,Assam,24.542527,92.798067,2011-08-06,2011,8,3.6373,0
NEG_000753,pseudo_negative,Assam,24.460427,93.620518,2019-07-24,2019,7,2.2986,0
NEG_000754,pseudo_negative,Assam,24.587955,94.070943,2008-08-15,2008,8,4.3021,0
NEG_000755,pseudo_negative,Assam,24.646288,94.188044,2009-05-28,2009,5,1.8633,0
NEG_000756,pseudo_negative,Assam,24.897963,91.417322,2018-07-20,2018,7,30.0753,0
NEG_000757,pseudo_negative,Assam,24.887238,91.57537,2023-05-07,2023,5,30.599,0
NEG_000758,pseudo_negative,Assam,24.880489,92.128259,2008-11-08,2008,11,25.3396,0
NEG_000759,pseudo_negative,Assam,24.815628,92.873897,2008-07-23,2008,7,10.8488,0
NEG_000760,pseudo_negative,Assam,24.679944,93.637545,2006-08-26,2006,8,2.1387,0
NEG_000761,pseudo_negative,Assam,24.974055,94.041548,2019-08-11,2019,8,3.2099,0
NEG_000762,pseudo_negative,Assam,24.884293,94.196025,2010-05-07,2010,5,4.0906,0
NEG_000763,pseudo_negative,Assam,25.246573,91.4165,2023-06-23,2023,6,1.8933,0
NEG_000764,pseudo_negative,Assam,25.089987,91.704761,2021-11-17,2021,11,8.9279,0
NEG_000765,pseudo_negative,Assam,25.320894,92.331444,2008-11-26,2008,11,4.4109,0
NEG_000766,pseudo_negative,Assam,25.179734,92.387757,2010-06-03,2010,6,1.6149,0
NEG_000767,pseudo_negative,Assam,25.347924,93.308189,2006-08-30,2006,8,3.1888,0
NEG_000768,pseudo_negative,Assam,25.240238,93.942651,2017-08-11,2017,8,6.6948,0
NEG_000769,pseudo_negative,Assam,25.083583,94.483306,2011-05-10,2011,5,1.9107,0
NEG_000770,pseudo_negative,Assam,25.609316,91.363162,2005-08-14,2005,8,5.3818,0
NEG_000771,pseudo_negative,Assam,25.419066,91.798912,2022-05-09,2022,5,2.36,0
NEG_000772,pseudo_negative,Assam,25.419992,92.081326,2022-07-11,2022,7,3.6871,0
NEG_000773,pseudo_negative,Assam,25.429731,92.450121,2011-05-17,2011,5,6.3318,0
NEG_000774,pseudo_negative,Assam,25.601637,93.200429,2007-11-13,2007,11,9.4733,0
NEG_000775,pseudo_negative,Assam,25.397968,93.242856,2011-08-23,2011,8,1.6668,0
NEG_000776,pseudo_negative,Assam,25.654801,93.677313,2006-06-24,2006,6,4.9995,0
NEG_000777,pseudo_negative,Assam,26.052413,91.109143,2010-08-26,2010,8,17.0864,0
NEG_000778,pseudo_negative,Assam,25.962426,91.815363,2008-05-27,2008,5,3.6086,0
NEG_000779,pseudo_negative,Assam,25.709209,92.195377,2011-05-11,2011,5,5.2654,0
NEG_000780,pseudo_negative,Assam,25.773117,92.509574,2006-05-03,2006,5,2.0116,0
NEG_000781,pseudo_negative,Assam,26.024828,92.929673,2022-11-30,2022,11,7.0104,0
NEG_000782,pseudo_negative,Assam,25.758092,93.530806,2006-08-19,2006,8,8.0374,0
NEG_000783,pseudo_negative,Assam,25.742097,93.733767,2016-08-03,2016,8,1.0702,0
NEG_000784,pseudo_negative,Assam,26.049163,94.36944,2008-11-22,2008,11,4.5402,0
NEG_000785,pseudo_negative,Assam,26.287607,91.099081,2007-06-27,2007,6,10.5146,0
NEG_000786,pseudo_negative,Assam,26.055292,91.727738,2018-05-30,2018,5,1.9145,0
NEG_000787,pseudo_negative,Assam,26.223291,92.013363,2005-05-02,2005,5,4.7347,0
NEG_000788,pseudo_negative,Assam,26.304506,92.737685,2008-06-05,2008,6,14.8445,0
NEG_000789,pseudo_negative,Assam,26.121045,92.807439,2010-08-18,2010,8,7.2898,0
NEG_000790,pseudo_negative,Assam,26.277215,93.390736,2010-05-18,2010,5,11.9651,0
NEG_000791,pseudo_negative,Assam,26.107,94.052256,2016-11-23,2016,11,3.0876,0
NEG_000792,pseudo_negative,Assam,26.369915,94.359759,2016-07-29,2016,7,4.5725,0
NEG_000793,pseudo_negative,Assam,26.399896,91.108675,2009-05-04,2009,5,22.2387,0
NEG_000794,pseudo_negative,Assam,26.519938,91.810886,2026-08-25,2026,8,16.5308,0
NEG_000795,pseudo_negative,Assam,26.449149,92.259386,2010-03-11,2010,3,35.8074,0
NEG_000796,pseudo_negative,Assam,26.495414,92.509082,2023-09-09,2023,9,43.8763,0
NEG_000797,pseudo_negative,Assam,26.660719,93.093987,2009-09-05,2009,9,9.3077,0
NEG_000798,pseudo_negative,Assam,26.632182,93.30794,2011-07-21,2011,7,12.3642,0
NEG_000799,pseudo_negative,Assam,26.550164,93.701012,2007-05-17,2007,5,4.6498,0
NEG_000800,pseudo_negative,Assam,26.455294,94.138281,2014-05-30,2014,5,17.4962,0
NEG_000801,pseudo_negative,Assam,26.866008,91.21988,2019-07-28,2019,7,82.0366,0
NEG_000802,pseudo_negative,Assam,27.060495,91.638903,2007-07-04,2007,7,54.3426,0
NEG_000803,pseudo_negative,Assam,26.862674,92.282528,2018-07-28,2018,7,16.1384,0
NEG_000804,pseudo_negative,Assam,27.078496,92.60439,2014-07-09,2014,7,1.5788,0
NEG_000805,pseudo_negative,Assam,26.756378,93.14046,2006-06-04,2006,6,20.3248,0
NEG_000806,pseudo_negative,Assam,26.938468,93.242864,2005-08-03,2005,8,1.7694,0
NEG_000807,pseudo_negative,Assam,26.768265,93.857404,2023-05-11,2023,5,28.9414,0
NEG_000808,pseudo_negative,Assam,26.808614,94.408618,2012-05-30,2012,5,19.0047,0
NEG_000809,pseudo_negative,Assam,24.660434,91.336728,2008-08-20,2008,8,57.6906,0
NEG_000810,pseudo_negative,Assam,24.5723,91.861683,2008-07-15,2008,7,33.9502,0
NEG_000811,pseudo_negative,Assam,24.441151,91.984002,2018-04-20,2018,4,15.7083,0
NEG_000812,pseudo_negative,Assam,24.424532,92.407793,2008-08-06,2008,8,9.4919,0
NEG_000813,pseudo_negative,Assam,24.546214,92.97636,2005-07-03,2005,7,3.9842,0
NEG_000814,pseudo_negative,Assam,24.451124,93.533178,2021-07-18,2021,7,6.6411,0
NEG_000815,pseudo_negative,Assam,24.497417,94.06704,2013-07-24,2013,7,6.7399,0
NEG_000816,pseudo_negative,Assam,24.494742,94.09283,2007-06-29,2007,6,4.9683,0
NEG_000817,pseudo_negative,Assam,24.762602,91.510126,2006-05-23,2006,5,44.0641,0
NEG_000818,pseudo_negative,Assam,24.69568,91.521307,2015-05-19,2015,5,51.4807,0
NEG_000819,pseudo_negative,Assam,24.996228,92.340377,2016-08-17,2016,8,8.5044,0
NEG_000820,pseudo_negative,Assam,24.775001,92.394827,2009-05-23,2009,5,5.9722,0
NEG_000821,pseudo_negative,Assam,24.703844,92.929296,2012-07-01,2012,7,3.2661,0
NEG_000822,pseudo_negative,Assam,24.91839,93.56784,2017-10-19,2017,10,5.9594,0
NEG_000823,pseudo_negative,Assam,24.814525,94.016679,2024-05-16,2024,5,6.865,0
NEG_000824,pseudo_negative,Assam,25.028236,91.185852,2014-06-12,2014,6,19.431,0
NEG_000825,pseudo_negative,Assam,25.200138,91.888815,2022-07-10,2022,7,3.0155,0
NEG_000826,pseudo_negative,Assam,25.136501,92.291041,2013-05-05,2013,5,5.0782,0
NEG_000827,pseudo_negative,Assam,25.192664,92.655329,2023-08-25,2023,8,13.6476,0
NEG_000828,pseudo_negative,Assam,25.286072,92.964214,2024-05-02,2024,5,5.3852,0
NEG_000829,pseudo_negative,Assam,25.032554,93.365406,2009-06-15,2009,6,7.725,0
NEG_000830,pseudo_negative,Assam,25.21253,93.858915,2017-08-22,2017,8,4.072,0
NEG_000831,pseudo_negative,Assam,25.128889,94.229842,2011-08-19,2011,8,5.6387,0
NEG_000832,pseudo_negative,Assam,25.472591,91.223409,2017-08-22,2017,8,3.6751,0
NEG_000833,pseudo_negative,Assam,25.410636,91.699374,2005-05-28,2005,5,2.1206,0
NEG_000834,pseudo_negative,Assam,25.658976,92.008821,2013-07-16,2013,7,3.3081,0
NEG_000835,pseudo_negative,Assam,25.367556,92.759677,2016-11-14,2016,11,5.7309,0
NEG_000836,pseudo_negative,Assam,25.46295,93.167145,2015-07-29,2015,7,6.351,0
NEG_000837,pseudo_negative,Assam,25.433958,93.518089,2026-11-17,2026,11,4.9724,0
NEG_000838,pseudo_negative,Assam,25.515551,93.768028,2024-08-05,2024,8,1.1796,0
NEG_000839,pseudo_negative,Assam,25.964276,91.479068,2023-05-03,2023,5,6.8407,0
NEG_000840,pseudo_negative,Assam,25.947555,91.788043,2023-09-03,2023,9,6.3812,0
NEG_000841,pseudo_negative,Assam,25.889434,92.327647,2006-09-27,2006,9,6.7372,0
NEG_000842,pseudo_negative,Assam,25.886839,92.475276,2024-05-16,2024,5,3.6776,0
NEG_000843,pseudo_negative,Assam,25.936136,92.853343,2016-05-16,2016,5,7.5728,0
NEG_000844,pseudo_negative,Assam,25.812215,93.323899,2014-09-19,2014,9,10.1532,0
NEG_000845,pseudo_negative,Assam,26.005771,94.228151,2011-06-20,2011,6,2.6119,0
NEG_000846,pseudo_negative,Assam,26.106962,91.308403,2019-10-03,2019,10,17.6826,0
NEG_000847,pseudo_negative,Assam,26.37254,91.862455,2020-07-18,2020,7,1.6931,0
NEG_000848,pseudo_negative,Assam,26.393341,92.045127,2021-07-03,2021,7,17.3027,0
NEG_000849,pseudo_negative,Assam,26.167173,92.505542,2014-08-01,2014,8,8.4283,0
NEG_000850,pseudo_negative,Assam,26.144842,92.876432,2006-06-02,2006,6,11.7651,0
NEG_000851,pseudo_negative,Assam,26.35691,93.368718,2005-08-22,2005,8,7.1052,0
NEG_000852,pseudo_negative,Assam,26.166936,94.005053,2005-07-22,2005,7,4.3722,0
NEG_000853,pseudo_negative,Assam,26.054129,94.09652,2008-09-30,2008,9,3.4332,0
NEG_000854,pseudo_negative,Assam,26.72198,91.468515,2005-09-01,2005,9,53.8457,0
NEG_000855,pseudo_negative,Assam,26.554232,91.848719,2012-06-01,2012,6,19.9811,0
NEG_000856,pseudo_negative,Assam,26.657752,92.27872,2006-06-19,2006,6,30.086,0
NEG_000857,pseudo_negative,Assam,26.505681,92.781689,2022-07-14,2022,7,27.3221,0
NEG_000858,pseudo_negative,Assam,26.589128,92.97141,2013-07-18,2013,7,8.3444,0
NEG_000859,pseudo_negative,Assam,26.683752,93.613992,2008-07-29,2008,7,11.1222,0
NEG_000860,pseudo_negative,Assam,26.551129,93.955173,2006-07-26,2006,7,27.8547,0
NEG_000861,pseudo_negative,Assam,26.640046,94.402755,2009-08-21,2009,8,6.8797,0
NEG_000862,pseudo_negative,Assam,26.815465,91.295425,2011-01-19,2011,1,73.4588,0
NEG_000863,pseudo_negative,Assam,27.038701,91.771786,2013-09-04,2013,9,38.2923,0
NEG_000864,pseudo_negative,Assam,26.990797,92.263841,2012-10-13,2012,10,17.9515,0
NEG_000865,pseudo_negative,Assam,26.886294,92.611887,2013-08-01,2013,8,9.4867,0
NEG_000866,pseudo_negative,Assam,26.991183,93.038947,2021-09-15,2021,9,21.2757,0
NEG_000867,pseudo_negative,Assam,26.978491,93.343608,2016-08-30,2016,8,9.1995,0
NEG_000868,pseudo_negative,Assam,27.084214,94.069168,2014-08-29,2014,8,24.2443,0
NEG_000869,pseudo_negative,Assam,26.953681,94.155261,2006-08-17,2006,8,36.7636,0
NEG_000870,pseudo_negative,Assam,24.5091,91.453918,2023-06-04,2023,6,49.2099,0
NEG_000871,pseudo_negative,Assam,24.503964,91.695638,2019-05-04,2019,5,37.753,0
NEG_000872,pseudo_negative,Assam,24.618338,92.146464,2015-04-02,2015,4,14.5005,0
NEG_000873,pseudo_negative,Assam,24.49276,92.437853,2018-09-22,2018,9,5.4644,0
NEG_000874,pseudo_negative,Assam,24.408207,93.049689,2022-06-05,2022,6,1.7568,0
NEG_000875,pseudo_negative,Assam,24.635988,93.457604,2016-05-28,2016,5,3.3649,0
NEG_000876,pseudo_negative,Assam,24.443289,93.854777,2014-12-15,2014,12,1.5547,0
NEG_000877,pseudo_negative,Assam,24.368944,94.446564,2015-07-27,2015,7,19.2838,0
NEG_000878,pseudo_negative,Assam,24.792983,91.30436,2011-09-09,2011,9,44.9174,0
NEG_000879,pseudo_negative,Assam,24.846176,91.907119,2016-07-20,2016,7,40.6422,0
NEG_000880,pseudo_negative,Assam,24.919559,92.154841,2006-05-29,2006,5,25.8631,0
NEG_000881,pseudo_negative,Assam,25.010009,92.715452,2022-07-27,2022,7,1.466,0
NEG_000882,pseudo_negative,Assam,24.937105,93.284634,2010-07-10,2010,7,10.1491,0
NEG_000883,pseudo_negative,Assam,24.785494,93.818809,2008-05-26,2008,5,3.7134,0
NEG_000884,pseudo_negative,Assam,24.931357,94.11307,2005-09-23,2005,9,3.6614,0
NEG_000885,pseudo_negative,Assam,25.157731,91.391457,2013-09-28,2013,9,3.2678,0
NEG_000886,pseudo_negative,Assam,25.15385,91.717873,2021-06-24,2021,6,3.2802,0
NEG_000887,pseudo_negative,Assam,25.296429,92.079481,2010-05-25,2010,5,3.6274,0
NEG_000888,pseudo_negative,Assam,25.034511,92.794935,2017-11-27,2017,11,1.3975,0
NEG_000889,pseudo_negative,Assam,25.347261,92.983757,2019-05-09,2019,5,4.1231,0
NEG_000890,pseudo_negative,Assam,25.192048,93.318743,2014-01-30,2014,1,1.7544,0
NEG_000891,pseudo_negative,Assam,25.068583,93.758585,2018-05-07,2018,5,5.7298,0
NEG_000892,pseudo_negative,Assam,25.245446,94.221827,2016-11-19,2016,11,9.7676,0
NEG_000893,pseudo_negative,Assam,25.571861,91.379482,2014-05-12,2014,5,4.5493,0
NEG_000894,pseudo_negative,Assam,25.47462,91.923591,2016-05-20,2016,5,5.8992,0
NEG_000895,pseudo_negative,Assam,25.519566,92.296929,2013-07-21,2013,7,4.9987,0
NEG_000896,pseudo_negative,Assam,25.669322,92.655566,2025-05-20,2025,5,12.3223,0
NEG_000897,pseudo_negative,Assam,25.400752,93.209511,2016-07-19,2016,7,3.6109,0
NEG_000898,pseudo_negative,Assam,25.567193,93.250936,2017-05-26,2017,5,15.8158,0
NEG_000899,pseudo_negative,Assam,25.64152,93.881956,2019-04-09,2019,4,3.0398,0
NEG_000900,pseudo_negative,Assam,25.72679,91.405769,2011-06-11,2011,6,13.7712,0
NEG_000901,pseudo_negative,Assam,25.811462,92.028968,2025-05-10,2025,5,4.0261,0
NEG_000902,pseudo_negative,Assam,25.818472,92.402954,2016-07-05,2016,7,7.2652,0
NEG_000903,pseudo_negative,Assam,26.01222,92.820481,2009-11-07,2009,11,4.4152,0
NEG_000904,pseudo_negative,Assam,26.015857,93.515605,2013-07-08,2013,7,7.4845,0
NEG_000905,pseudo_negative,Assam,25.781767,93.708068,2026-07-12,2026,7,4.2636,0
NEG_000906,pseudo_negative,Assam,25.833052,94.343232,2021-06-09,2021,6,1.9743,0
NEG_000907,pseudo_negative,Assam,26.32646,91.458235,2013-07-10,2013,7,25.808,0
NEG_000908,pseudo_negative,Assam,26.149715,91.533234,2006-05-23,2006,5,10.1833,0
NEG_000909,pseudo_negative,Assam,26.200599,92.147604,2006-05-06,2006,5,11.3473,0
NEG_000910,pseudo_negative,Assam,26.173803,92.775485,2018-06-19,2018,6,1.2719,0
NEG_000911,pseudo_negative,Assam,26.067206,93.053159,2018-07-03,2018,7,20.2151,0
NEG_000912,pseudo_negative,Assam,26.313106,93.405962,2011-05-10,2011,5,11.397,0
NEG_000913,pseudo_negative,Assam,26.062332,93.837239,2021-05-28,2021,5,9.1366,0
NEG_000914,pseudo_negative,Assam,26.251757,94.37472,2016-05-02,2016,5,3.9742,0
NEG_000915,pseudo_negative,Assam,26.512894,91.369009,2022-08-14,2022,8,41.0766,0
NEG_000916,pseudo_negative,Assam,26.697851,91.835355,2026-08-31,2026,8,35.5256,0
NEG_000917,pseudo_negative,Assam,26.692534,92.29558,2013-09-22,2013,9,27.8426,0
NEG_000918,pseudo_negative,Assam,26.720986,92.571049,2008-07-20,2008,7,27.2496,0
NEG_000919,pseudo_negative,Assam,26.69214,92.980776,2020-09-25,2020,9,16.0813,0
NEG_000920,pseudo_negative,Assam,26.730367,93.331115,2017-08-22,2017,8,20.508,0
NEG_000921,pseudo_negative,Assam,26.721536,94.041589,2014-07-18,2014,7,32.5882,0
NEG_000922,pseudo_negative,Assam,26.456342,94.499271,2009-08-08,2009,8,4.7647,0
NEG_000923,pseudo_negative,Assam,27.017951,91.270931,2019-05-07,2019,5,79.524,0
NEG_000924,pseudo_negative,Assam,27.038884,91.729248,2005-08-03,2005,8,42.1461,0
NEG_000925,pseudo_negative,Assam,26.829786,92.314447,2021-05-10,2021,5,20.1574,0
NEG_000926,pseudo_negative,Assam,26.772776,92.586614,2021-08-14,2021,8,21.529,0
NEG_000927,pseudo_negative,Assam,26.903735,92.943262,2015-05-09,2015,5,17.0858,0
NEG_000928,pseudo_negative,Assam,27.063491,93.295187,2008-06-30,2008,6,13.4213,0
NEG_000929,pseudo_negative,Assam,26.773994,93.759534,2022-09-02,2022,9,24.0932,0
NEG_000930,pseudo_negative,Assam,26.920272,94.225887,2009-08-21,2009,8,37.3714,0
NEG_000931,pseudo_negative,Assam,24.653602,91.493779,2013-09-21,2013,9,56.2475,0
NEG_000932,pseudo_negative,Assam,24.602753,91.720912,2015-05-22,2015,5,47.6489,0
NEG_000933,pseudo_negative,Assam,24.590889,92.351059,2019-09-03,2019,9,14.23,0
NEG_000934,pseudo_negative,Assam,24.651225,92.46434,2012-11-16,2012,11,3.4583,0
NEG_000935,pseudo_negative,Assam,24.660621,92.850731,2025-08-11,2025,8,4.6453,0
NEG_000936,pseudo_negative,Assam,24.405883,93.363618,2005-05-01,2005,5,4.4954,0
NEG_000937,pseudo_negative,Assam,24.523402,93.932826,2016-09-20,2016,9,11.7333,0
NEG_000938,pseudo_negative,Assam,24.472691,94.198678,2007-05-01,2007,5,2.0223,0
NEG_000939,pseudo_negative,Assam,24.782069,91.158227,2011-05-01,2011,5,46.2745,0
NEG_000940,pseudo_negative,Assam,24.904051,91.780168,2018-09-29,2018,9,30.8463,0
NEG_000941,pseudo_negative,Assam,24.870136,91.997842,2024-05-18,2024,5,33.6711,0
NEG_000942,pseudo_negative,Assam,24.822934,92.534647,2026-05-14,2026,5,3.7375,0
NEG_000943,pseudo_negative,Assam,24.910855,93.15629,2018-08-24,2018,8,8.4685,0
NEG_000944,pseudo_negative,Assam,24.859993,93.237769,2017-07-23,2017,7,1.0392,0
NEG_000945,pseudo_negative,Assam,24.767706,93.793452,2022-08-30,2022,8,1.5434,0
NEG_000946,pseudo_negative,Assam,25.161884,91.283344,2011-07-09,2011,7,6.6009,0
NEG_000947,pseudo_negative,Assam,25.255635,91.527495,2021-05-25,2021,5,3.7577,0
NEG_000948,pseudo_negative,Assam,25.254589,92.214316,2016-08-21,2016,8,1.4197,0
NEG_000949,pseudo_negative,Assam,25.271749,93.098228,2016-05-08,2016,5,4.7319,0
NEG_000950,pseudo_negative,Assam,25.165428,93.343447,2025-06-12,2025,6,1.7418,0
NEG_000951,pseudo_negative,Assam,25.22745,93.747192,2013-07-25,2013,7,6.5253,0
NEG_000952,pseudo_negative,Assam,25.262757,94.116382,2005-04-15,2005,4,1.1826,0
NEG_000953,pseudo_negative,Assam,25.597158,91.229148,2009-06-29,2009,6,1.7515,0
NEG_000954,pseudo_negative,Assam,25.577916,92.139033,2008-05-12,2008,5,4.9688,0
NEG_000955,pseudo_negative,Assam,25.402522,92.418784,2017-06-30,2017,6,3.2673,0
NEG_000956,pseudo_negative,Assam,25.364728,93.204278,2008-07-01,2008,7,1.2887,0
NEG_000957,pseudo_negative,Assam,25.611493,93.61637,2015-07-23,2015,7,9.0854,0
NEG_000958,pseudo_negative,Assam,25.700111,93.669815,2017-10-31,2017,10,1.2972,0
NEG_000959,pseudo_negative,Assam,25.684415,94.190657,2016-08-05,2016,8,1.4345,0
NEG_000960,pseudo_negative,Assam,25.886825,91.306049,2023-08-29,2023,8,6.8154,0
NEG_000961,pseudo_negative,Assam,25.816199,91.681815,2024-05-05,2024,5,2.5886,0
NEG_000962,pseudo_negative,Assam,25.758361,92.286121,2021-07-22,2021,7,14.9056,0
NEG_000963,pseudo_negative,Assam,25.83803,92.653875,2007-10-26,2007,10,3.1749,0
NEG_000964,pseudo_negative,Assam,25.89757,93.147266,2008-07-16,2008,7,9.6912,0
NEG_000965,pseudo_negative,Assam,26.007379,93.390016,2017-06-12,2017,6,5.6613,0
NEG_000966,pseudo_negative,Assam,25.887805,93.886443,2013-07-21,2013,7,10.765,0
NEG_000967,pseudo_negative,Assam,26.17311,91.47736,2006-07-07,2006,7,16.3292,0
NEG_000968,pseudo_negative,Assam,26.238845,91.865469,2007-11-05,2007,11,3.7237,0
NEG_000969,pseudo_negative,Assam,26.237056,92.190055,2010-05-16,2010,5,16.7639,0
NEG_000970,pseudo_negative,Assam,26.225215,92.48035,2014-08-11,2014,8,12.4351,0
NEG_000971,pseudo_negative,Assam,26.225424,92.835877,2012-05-03,2012,5,9.3423,0
NEG_000972,pseudo_negative,Assam,26.119616,93.485116,2023-11-06,2023,11,10.3137,0
NEG_000973,pseudo_negative,Assam,26.126125,93.692017,2024-06-27,2024,6,19.3872,0
NEG_000974,pseudo_negative,Assam,26.724326,91.388217,2007-08-03,2007,8,59.8544,0
NEG_000975,pseudo_negative,Assam,26.739745,91.91615,2019-06-04,2019,6,26.3415,0
NEG_000976,pseudo_negative,Assam,26.507466,91.994488,2007-05-22,2007,5,20.9312,0
NEG_000977,pseudo_negative,Assam,26.51758,92.406134,2014-05-16,2014,5,50.0496,0
NEG_000978,pseudo_negative,Assam,26.547661,92.857356,2018-05-30,2018,5,19.1453,0
NEG_000979,pseudo_negative,Assam,26.578628,93.308858,2017-05-03,2017,5,6.7004,0
NEG_000980,pseudo_negative,Assam,26.417539,93.7127,2020-08-16,2020,8,8.2113,0
NEG_000981,pseudo_negative,Assam,26.428769,94.270467,2006-05-19,2006,5,10.1291,0
NEG_000982,pseudo_negative,Assam,26.871827,91.112645,2014-07-07,2014,7,74.7493,0
NEG_000983,pseudo_negative,Assam,27.085077,91.937296,2024-07-31,2024,7,28.2337,0
NEG_000984,pseudo_negative,Assam,26.771335,92.077554,2005-03-08,2005,3,13.9007,0
NEG_000985,pseudo_negative,Assam,26.776354,92.561615,2020-05-11,2020,5,22.6492,0
NEG_000986,pseudo_negative,Assam,26.990467,92.948961,2025-05-27,2025,5,19.3634,0
NEG_000987,pseudo_negative,Assam,26.929183,93.303355,2006-05-16,2006,5,4.9814,0
NEG_000988,pseudo_negative,Assam,26.799234,93.915314,2011-05-09,2011,5,35.3999,0
NEG_000989,pseudo_negative,Assam,27.064153,94.09991,2014-07-18,2014,7,27.5584,0
NEG_000990,pseudo_negative,Assam,24.415901,91.275883,2026-08-03,2026,8,48.2929,0
NEG_000991,pseudo_negative,Assam,24.405931,91.593249,2014-11-10,2014,11,31.5286,0
NEG_000992,pseudo_negative,Assam,24.604147,92.344656,2014-08-21,2014,8,12.621,0
NEG_000993,pseudo_negative,Assam,24.49502,92.755302,2013-06-16,2013,6,1.587,0
NEG_000994,pseudo_negative,Assam,24.550317,93.029961,2022-06-04,2022,6,3.6162,0
NEG_000995,pseudo_negative,Assam,24.43753,93.587331,2016-09-12,2016,9,2.0074,0
NEG_000996,pseudo_negative,Assam,24.482039,93.975854,2020-11-05,2020,11,12.3983,0
NEG_000997,pseudo_negative,Assam,24.757619,91.195453,2012-08-12,2012,8,53.7116,0
NEG_000998,pseudo_negative,Assam,25.00182,91.797074,2008-07-17,2008,7,21.046,0
NEG_000999,pseudo_negative,Assam,24.959951,92.30299,2009-11-09,2009,11,13.5543,0
NEG_001000,pseudo_negative,Assam,24.810598,92.710261,2015-08-30,2015,8,2.4539,0
NEG_001001,pseudo_negative,Assam,24.730051,93.047101,2009-09-04,2009,9,7.3232,0
NEG_001002,pseudo_negative,Assam,24.771353,93.52236,2022-05-29,2022,5,4.992,0
NEG_001003,pseudo_negative,Assam,24.80982,93.930267,2018-05-14,2018,5,3.7903,0
NEG_001004,pseudo_negative,Assam,25.243088,91.327825,2006-07-05,2006,7,4.4271,0
NEG_001005,pseudo_negative,Assam,25.146617,91.62788,2011-06-22,2011,6,4.0495,0
NEG_001006,pseudo_negative,Assam,25.205475,92.334514,2011-08-17,2011,8,4.5191,0
NEG_001007,pseudo_negative,Assam,25.054014,93.123667,2017-05-26,2017,5,6.9779,0
NEG_001008,pseudo_negative,Assam,25.094819,93.362948,2009-08-19,2009,8,1.8313,0
NEG_001009,pseudo_negative,Assam,25.55709,91.212919,2011-05-29,2011,5,1.2163,0
NEG_001010,pseudo_negative,Assam,25.609605,91.822286,2017-07-29,2017,7,2.0517,0
NEG_001011,pseudo_negative,Assam,25.474978,92.293598,2024-07-24,2024,7,4.1647,0
NEG_001012,pseudo_negative,Assam,25.628867,92.482203,2024-10-19,2024,10,3.4872,0
NEG_001013,pseudo_negative,Assam,25.473723,93.003141,2020-09-29,2020,9,3.6583,0
NEG_001014,pseudo_negative,Assam,25.669969,93.389533,2014-05-31,2014,5,17.6109,0
NEG_001015,pseudo_negative,Assam,25.542967,93.858342,2017-11-24,2017,11,1.9442,0
NEG_001016,pseudo_negative,Assam,25.856329,91.300546,2008-04-16,2008,4,5.2715,0
NEG_001017,pseudo_negative,Assam,25.882406,91.877178,2021-09-22,2021,9,1.8621,0
NEG_001018,pseudo_negative,Assam,25.843588,92.165571,2022-06-02,2022,6,2.7539,0
NEG_001019,pseudo_negative,Assam,25.872533,92.476775,2006-08-01,2006,8,4.9601,0
NEG_001020,pseudo_negative,Assam,25.85897,92.974056,2026-07-08,2026,7,14.2551,0
NEG_001021,pseudo_negative,Assam,25.859984,93.427559,2020-01-19,2020,1,3.1028,0
NEG_001022,pseudo_negative,Assam,26.021955,93.683428,2019-05-14,2019,5,8.7657,0
NEG_001023,pseudo_negative,Assam,26.350371,91.251709,2008-05-20,2008,5,19.5591,0
NEG_001024,pseudo_negative,Assam,26.060479,91.683567,2013-07-17,2013,7,5.1886,0
NEG_001025,pseudo_negative,Assam,26.385549,92.24179,2011-06-30,2011,6,32.7957,0
NEG_001026,pseudo_negative,Assam,26.325902,92.60548,2012-11-19,2012,11,23.14,0
NEG_001027,pseudo_negative,Assam,26.279322,93.18109,2009-05-23,2009,5,3.6289,0
NEG_001028,pseudo_negative,Assam,26.294992,93.431986,2015-09-28,2015,9,14.5526,0
NEG_001029,pseudo_negative,Assam,26.089699,93.710351,2008-07-03,2008,7,15.0902,0
NEG_001030,pseudo_negative,Assam,26.589137,91.440054,2024-07-09,2024,7,45.8491,0
NEG_001031,pseudo_negative,Assam,26.439163,91.88945,2019-05-06,2019,5,8.4064,0
NEG_001032,pseudo_negative,Assam,26.469363,92.284381,2023-08-04,2023,8,39.1529,0
NEG_001033,pseudo_negative,Assam,26.655979,92.689265,2010-05-06,2010,5,30.1966,0
NEG_001034,pseudo_negative,Assam,26.553426,92.8827,2021-06-21,2021,6,16.5876,0
NEG_001035,pseudo_negative,Assam,26.553614,93.273079,2017-05-18,2017,5,3.4557,0
NEG_001036,pseudo_negative,Assam,26.632806,93.683463,2009-08-31,2009,8,6.6801,0
NEG_001037,pseudo_negative,Assam,26.461321,94.087523,2021-05-11,2021,5,18.0773,0
NEG_001038,pseudo_negative,Assam,26.818833,91.455851,2020-05-19,2020,5,62.7873,0
NEG_001039,pseudo_negative,Assam,26.935482,91.619986,2021-04-30,2021,4,49.8934,0
NEG_001040,pseudo_negative,Assam,26.99606,92.270139,2020-05-03,2020,5,18.8046,0
NEG_001041,pseudo_negative,Assam,26.876044,92.739433,2015-08-17,2015,8,5.3072,0
NEG_001042,pseudo_negative,Assam,27.013543,93.150796,2007-07-15,2007,7,12.8721,0
NEG_001043,pseudo_negative,Assam,26.991124,93.337295,2015-04-26,2015,4,9.2725,0
NEG_001044,pseudo_negative,Assam,26.811026,93.995865,2011-05-11,2011,5,36.8216,0
NEG_001045,pseudo_negative,Assam,26.807916,94.308921,2005-05-27,2005,5,23.3245,0
NEG_001046,pseudo_negative,Assam,24.339987,91.281195,2016-05-30,2016,5,40.3368,0
NEG_001047,pseudo_negative,Assam,24.660257,91.890766,2014-09-09,2014,9,34.0378,0
NEG_001048,pseudo_negative,Assam,24.566005,92.158222,2012-09-13,2012,9,8.5671,0
NEG_001049,pseudo_negative,Assam,24.602979,92.691774,2016-07-31,2016,7,2.2038,0
NEG_001050,pseudo_negative,Assam,24.607753,93.165518,2007-05-07,2007,5,1.4352,0
NEG_001051,pseudo_negative,Assam,24.469058,93.591575,2024-08-09,2024,8,1.5885,0
NEG_001052,pseudo_negative,Assam,24.33201,93.805245,2007-05-20,2007,5,2.0419,0
NEG_001053,pseudo_negative,Assam,24.638682,94.148449,2024-05-29,2024,5,2.4359,0
NEG_001054,pseudo_negative,Assam,25.017227,91.341008,2009-05-03,2009,5,19.6623,0
NEG_001055,pseudo_negative,Assam,24.700176,91.763159,2016-06-25,2016,6,50.8013,0
NEG_001056,pseudo_negative,Assam,24.827745,92.191417,2026-08-17,2026,8,16.7838,0
NEG_001057,pseudo_negative,Assam,24.837039,92.673316,2009-06-30,2009,6,7.102,0
NEG_001058,pseudo_negative,Assam,24.678551,92.849764,2013-06-17,2013,6,6.5849,0
NEG_001059,pseudo_negative,Assam,24.853789,93.994939,2010-09-08,2010,9,7.1471,0
NEG_001060,pseudo_negative,Assam,24.675394,94.347025,2014-09-29,2014,9,4.551,0
NEG_001061,pseudo_negative,Assam,25.313586,91.251964,2017-07-26,2017,7,3.9438,0
NEG_001062,pseudo_negative,Assam,25.232511,91.535626,2022-07-07,2022,7,4.8672,0
NEG_001063,pseudo_negative,Assam,25.039478,92.25662,2013-11-26,2013,11,9.3188,0
NEG_001064,pseudo_negative,Assam,25.054296,92.7701,2012-07-03,2012,7,1.9689,0
NEG_001065,pseudo_negative,Assam,25.308971,92.826061,2010-04-01,2010,4,1.4865,0
NEG_001066,pseudo_negative,Assam,25.195518,93.572232,2024-05-04,2024,5,5.3558,0
NEG_001067,pseudo_negative,Assam,25.215271,93.753365,2016-11-22,2016,11,5.2717,0
NEG_001068,pseudo_negative,Assam,25.283376,94.457368,2021-09-16,2021,9,5.9234,0
NEG_001069,pseudo_negative,Assam,25.427139,91.111151,2020-05-21,2020,5,4.0498,0
NEG_001070,pseudo_negative,Assam,25.671846,91.806722,2023-06-29,2023,6,5.3369,0
NEG_001071,pseudo_negative,Assam,25.53172,92.256724,2020-07-08,2020,7,4.3662,0
NEG_001072,pseudo_negative,Assam,25.591488,92.78685,2026-05-24,2026,5,6.0187,0
NEG_001073,pseudo_negative,Assam,25.527987,93.04823,2014-07-05,2014,7,6.2028,0
NEG_001074,pseudo_negative,Assam,25.462005,93.275368,2013-05-16,2013,5,5.1861,0
NEG_001075,pseudo_negative,Assam,25.613603,94.165147,2020-04-27,2020,4,2.0185,0
NEG_001076,pseudo_negative,Assam,25.888942,91.219033,2011-07-07,2011,7,1.9221,0
NEG_001077,pseudo_negative,Assam,25.999305,91.902592,2016-05-10,2016,5,1.1259,0
NEG_001078,pseudo_negative,Assam,25.957274,92.188293,2016-08-07,2016,8,9.7235,0
NEG_001079,pseudo_negative,Assam,25.887884,92.647405,2006-07-12,2006,7,2.1169,0
NEG_001080,pseudo_negative,Assam,25.771118,93.120111,2012-09-05,2012,9,5.1712,0
NEG_001081,pseudo_negative,Assam,25.984127,93.54438,2016-05-01,2016,5,7.8413,0
NEG_001082,pseudo_negative,Assam,25.870437,93.908167,2017-06-28,2017,6,7.9449,0
NEG_001083,pseudo_negative,Assam,26.010687,94.151515,2015-05-12,2015,5,2.0579,0
NEG_001084,pseudo_negative,Assam,26.309843,91.14642,2018-09-08,2018,9,11.9244,0
NEG_001085,pseudo_negative,Assam,26.23819,91.516367,2011-07-01,2011,7,18.1443,0
NEG_001086,pseudo_negative,Assam,26.158955,92.016163,2016-05-20,2016,5,1.981,0
NEG_001087,pseudo_negative,Assam,26.258017,92.529936,2016-05-06,2016,5,17.8353,0
NEG_001088,pseudo_negative,Assam,26.135471,92.808715,2026-11-10,2026,11,6.1935,0
NEG_001089,pseudo_negative,Assam,26.340492,93.383858,2021-07-18,2021,7,8.5703,0
NEG_001090,pseudo_negative,Assam,26.339587,93.75422,2011-06-09,2011,6,1.5461,0
NEG_001091,pseudo_negative,Assam,26.701408,91.472665,2017-07-04,2017,7,51.9356,0
NEG_001092,pseudo_negative,Assam,26.530162,91.720078,2011-04-17,2011,4,21.3434,0
NEG_001093,pseudo_negative,Assam,26.689107,92.356129,2018-08-21,2018,8,32.1637,0
NEG_001094,pseudo_negative,Assam,26.580729,92.510656,2019-08-05,2019,8,43.8407,0
NEG_001095,pseudo_negative,Assam,26.414148,93.149245,2021-07-14,2021,7,8.3233,0
NEG_001096,pseudo_negative,Assam,26.511478,93.639833,2019-05-06,2019,5,7.3728,0
NEG_001097,pseudo_negative,Assam,26.455735,93.935156,2026-05-31,2026,5,19.0538,0
NEG_001098,pseudo_negative,Assam,26.710962,94.200875,2005-05-21,2005,5,18.5309,0
NEG_001099,pseudo_negative,Assam,26.914444,91.362357,2013-05-17,2013,5,76.8807,0
NEG_001100,pseudo_negative,Assam,27.029229,91.9261,2014-08-15,2014,8,24.6789,0
NEG_001101,pseudo_negative,Assam,27.016095,92.042379,2013-05-27,2013,5,15.9538,0
NEG_001102,pseudo_negative,Assam,27.011066,92.41545,2021-07-09,2021,7,16.376,0
NEG_001103,pseudo_negative,Assam,26.924537,93.160356,2009-05-31,2009,5,9.9663,0
NEG_001104,pseudo_negative,Assam,26.837103,93.377685,2026-07-15,2026,7,14.3302,0
NEG_001105,pseudo_negative,Assam,27.038781,93.983164,2014-07-01,2014,7,17.2811,0
NEG_001106,pseudo_negative,Assam,26.956662,94.27877,2005-06-04,2005,6,39.8775,0
NEG_001107,pseudo_negative,Assam,24.47144,91.162302,2013-06-23,2013,6,58.8886,0
NEG_001108,pseudo_negative,Assam,24.532595,91.731379,2023-05-28,2023,5,40.3997,0
NEG_001109,pseudo_negative,Assam,24.368881,92.067589,2019-06-13,2019,6,6.1625,0
NEG_001110,pseudo_negative,Assam,24.59267,92.472515,2021-07-03,2021,7,7.8324,0
NEG_001111,pseudo_negative,Assam,24.596185,93.160412,2014-07-23,2014,7,2.8199,0
NEG_001112,pseudo_negative,Assam,24.579222,93.516436,2023-07-08,2023,7,5.8145,0
NEG_001113,pseudo_negative,Assam,24.59523,93.788857,2018-07-21,2018,7,6.4256,0
NEG_001114,pseudo_negative,Assam,24.502996,94.120073,2005-10-21,2005,10,2.3117,0
NEG_001115,pseudo_negative,Assam,24.723112,91.238745,2025-04-02,2025,4,54.8068,0
NEG_001116,pseudo_negative,Assam,25.015634,91.721841,2008-05-12,2008,5,17.3695,0
NEG_001117,pseudo_negative,Assam,25.012307,92.046991,2007-05-23,2007,5,17.4269,0
NEG_001118,pseudo_negative,Assam,24.698647,92.66021,2010-08-01,2010,8,1.3496,0
NEG_001119,pseudo_negative,Assam,24.760683,93.11565,2023-08-24,2023,8,2.3415,0
NEG_001120,pseudo_negative,Assam,25.015802,93.756935,2005-09-09,2005,9,6.1974,0
NEG_001121,pseudo_negative,Assam,24.729653,94.364554,2026-05-24,2026,5,1.7427,0
NEG_001122,pseudo_negative,Assam,25.210172,91.328636,2016-10-10,2016,10,5.0444,0
NEG_001123,pseudo_negative,Manipur,23.867493,93.023048,2014-05-27,2014,5,2.3182,0
NEG_001124,pseudo_negative,Manipur,23.942706,93.413244,2019-09-21,2019,9,6.9117,0
NEG_001125,pseudo_negative,Manipur,24.025786,93.847859,2019-08-21,2019,8,3.8734,0
NEG_001126,pseudo_negative,Manipur,23.978306,94.281644,2023-07-08,2023,7,18.2479,0
NEG_001127,pseudo_negative,Manipur,23.998132,94.354425,2013-11-07,2013,11,23.1361,0
NEG_001128,pseudo_negative,Manipur,23.930123,94.577691,2025-06-10,2025,6,45.5982,0
NEG_001129,pseudo_negative,Manipur,24.203918,93.150478,2019-08-31,2019,8,4.9472,0
NEG_001130,pseudo_negative,Manipur,24.22162,93.241421,2025-05-27,2025,5,3.2401,0
NEG_001131,pseudo_negative,Manipur,24.084882,93.618,2008-06-26,2008,6,4.7622,0
NEG_001132,pseudo_negative,Manipur,24.215917,93.730595,2022-05-11,2022,5,8.0994,0
NEG_001133,pseudo_negative,Manipur,24.091712,93.977395,2017-07-14,2017,7,1.9917,0
NEG_001134,pseudo_negative,Manipur,24.109988,94.294199,2021-11-20,2021,11,13.0578,0
NEG_001135,pseudo_negative,Manipur,24.085548,94.450228,2011-06-26,2011,6,24.4138,0
NEG_001136,pseudo_negative,Manipur,24.105331,94.596665,2013-07-09,2013,7,35.689,0
NEG_001137,pseudo_negative,Manipur,24.365844,93.001859,2020-05-21,2020,5,3.8793,0
NEG_001138,pseudo_negative,Manipur,24.369161,93.325319,2008-05-06,2008,5,1.7634,0
NEG_001139,pseudo_negative,Manipur,24.336979,93.396277,2005-05-15,2005,5,4.1321,0
NEG_001140,pseudo_negative,Manipur,24.353629,93.850947,2020-05-29,2020,5,6.0655,0
NEG_001141,pseudo_negative,Manipur,24.362167,93.957872,2009-09-26,2009,9,1.8252,0
NEG_001142,pseudo_negative,Manipur,24.319833,94.108543,2019-10-13,2019,10,2.8638,0
NEG_001143,pseudo_negative,Manipur,24.49396,94.332681,2026-05-18,2026,5,10.2224,0
NEG_001144,pseudo_negative,Manipur,24.448817,94.745208,2013-05-15,2013,5,39.2832,0
NEG_001145,pseudo_negative,Manipur,24.654571,93.033155,2019-06-25,2019,6,2.9877,0
NEG_001146,pseudo_negative,Manipur,24.722679,93.230446,2020-06-05,2020,6,2.7105,0
NEG_001147,pseudo_negative,Manipur,24.529169,93.460199,2005-05-21,2005,5,6.5246,0
NEG_001148,pseudo_negative,Manipur,24.546781,93.654287,2020-10-03,2020,10,1.3824,0
NEG_001149,pseudo_negative,Manipur,24.738626,93.862749,2012-08-24,2012,8,6.5783,0
NEG_001150,pseudo_negative,Manipur,24.750788,94.159491,2005-07-09,2005,7,4.7912,0
NEG_001151,pseudo_negative,Manipur,24.718459,94.474341,2005-05-15,2005,5,8.393,0
NEG_001152,pseudo_negative,Manipur,24.688611,94.731091,2014-08-13,2014,8,16.3271,0
NEG_001153,pseudo_negative,Manipur,24.843699,93.049112,2010-09-16,2010,9,4.1209,0
NEG_001154,pseudo_negative,Manipur,24.976693,93.269363,2021-06-11,2021,6,10.5816,0
NEG_001155,pseudo_negative,Manipur,24.771415,93.721673,2014-06-06,2014,6,2.1657,0
NEG_001156,pseudo_negative,Manipur,24.93432,93.908212,2010-11-19,2010,11,9.4341,0
NEG_001157,pseudo_negative,Manipur,24.882106,94.124356,2023-08-11,2023,8,5.9204,0
NEG_001158,pseudo_negative,Manipur,24.868211,94.342088,2014-07-14,2014,7,2.7394,0
NEG_001159,pseudo_negative,Manipur,24.813087,94.675889,2022-06-03,2022,6,8.4273,0
NEG_001160,pseudo_negative,Manipur,25.121293,93.261533,2008-11-10,2008,11,1.29,0
NEG_001161,pseudo_negative,Manipur,25.060954,93.450036,2024-08-29,2024,8,2.2549,0
NEG_001162,pseudo_negative,Manipur,25.138945,93.635395,2012-08-05,2012,8,2.5821,0
NEG_001163,pseudo_negative,Manipur,25.030123,93.903585,2015-05-25,2015,5,10.7036,0
NEG_001164,pseudo_negative,Manipur,24.998367,94.088473,2016-08-14,2016,8,6.7585,0
NEG_001165,pseudo_negative,Manipur,25.027184,94.657043,2005-07-12,2005,7,4.3903,0
NEG_001166,pseudo_negative,Manipur,25.425145,93.064253,2015-12-13,2015,12,5.1589,0
NEG_001167,pseudo_negative,Manipur,25.227274,93.380586,2012-07-16,2012,7,3.1812,0
NEG_001168,pseudo_negative,Manipur,25.424648,93.511753,2008-05-14,2008,5,3.9081,0
NEG_001169,pseudo_negative,Manipur,25.364025,93.753997,2021-08-07,2021,8,10.3247,0
NEG_001170,pseudo_negative,Manipur,25.360632,93.942737,2019-07-01,2019,7,9.277,0
NEG_001171,pseudo_negative,Manipur,25.213646,94.097267,2015-05-14,2015,5,1.148,0
NEG_001172,pseudo_negative,Manipur,25.275756,94.457672,2017-12-10,2017,12,6.4467,0
NEG_001173,pseudo_negative,Manipur,25.423343,94.669701,2013-10-30,2013,10,5.0796,0
NEG_001174,pseudo_negative,Manipur,25.516091,93.110933,2012-08-05,2012,8,1.1856,0
NEG_001175,pseudo_negative,Manipur,25.555758,93.17187,2021-11-09,2021,11,8.6199,0
NEG_001176,pseudo_negative,Manipur,25.515385,93.437444,2026-07-06,2026,7,6.4457,0
NEG_001177,pseudo_negative,Manipur,25.63675,93.796948,2017-05-14,2017,5,4.7296,0
NEG_001178,pseudo_negative,Manipur,25.453237,93.957627,2015-08-26,2015,8,3.1918,0
NEG_001179,pseudo_negative,Manipur,25.536756,94.215777,2015-07-14,2015,7,2.0308,0
NEG_001180,pseudo_negative,Manipur,25.561845,94.463481,2024-11-16,2024,11,5.7726,0
NEG_001181,pseudo_negative,Manipur,25.541232,94.53986,2009-07-08,2009,7,4.8194,0
NEG_001182,pseudo_negative,Manipur,23.954534,93.065962,2012-05-23,2012,5,2.5377,0
NEG_001183,pseudo_negative,Manipur,23.983177,93.328576,2026-06-13,2026,6,2.36,0
NEG_001184,pseudo_negative,Manipur,23.87122,93.490469,2023-11-24,2023,11,12.2186,0
NEG_001185,pseudo_negative,Manipur,23.966754,93.692365,2005-08-22,2005,8,13.4837,0
NEG_001186,pseudo_negative,Manipur,23.906534,94.040612,2024-03-03,2024,3,5.2195,0
NEG_001187,pseudo_negative,Manipur,23.858329,94.11574,2005-07-28,2005,7,11.2038,0
NEG_001188,pseudo_negative,Manipur,23.893337,94.406041,2010-06-12,2010,6,33.9819,0
NEG_001189,pseudo_negative,Manipur,23.861769,94.685801,2014-09-05,2014,9,58.7911,0
NEG_001190,pseudo_negative,Manipur,24.080359,93.6126,2016-08-15,2016,8,4.6705,0
NEG_001191,pseudo_negative,Manipur,24.065734,93.687654,2022-11-16,2022,11,11.9627,0
NEG_001192,pseudo_negative,Manipur,24.127961,94.362439,2009-08-14,2009,8,14.5852,0
NEG_001193,pseudo_negative,Manipur,24.160224,94.591993,2016-08-22,2016,8,32.7675,0
NEG_001194,pseudo_negative,Manipur,24.38002,93.478949,2018-08-05,2018,8,2.4057,0
NEG_001195,pseudo_negative,Manipur,24.429589,93.701699,2020-10-27,2020,10,6.2942,0
NEG_001196,pseudo_negative,Manipur,24.38148,94.308133,2012-05-07,2012,5,5.872,0
NEG_001197,pseudo_negative,Manipur,24.3926,94.369474,2019-07-22,2019,7,11.9727,0
NEG_001198,pseudo_negative,Manipur,24.341635,94.651701,2018-09-27,2018,9,41.2604,0
NEG_001199,pseudo_negative,Manipur,24.636043,93.005786,2024-10-06,2024,10,1.0433,0
NEG_001200,pseudo_negative,Manipur,24.68473,93.298505,2012-05-28,2012,5,3.9864,0
NEG_001201,pseudo_negative,Manipur,24.678353,93.445484,2022-07-04,2022,7,6.8287,0
NEG_001202,pseudo_negative,Manipur,24.610371,93.838718,2024-09-10,2024,9,9.8536,0
NEG_001203,pseudo_negative,Manipur,24.693636,94.004441,2017-06-28,2017,6,8.8401,0
NEG_001204,pseudo_negative,Manipur,24.610895,94.116866,2021-10-09,2021,10,6.3428,0
NEG_001205,pseudo_negative,Manipur,24.630411,94.386038,2023-07-07,2023,7,1.736,0
NEG_001206,pseudo_negative,Manipur,24.686227,94.601606,2016-08-24,2016,8,10.0618,0
NEG_001207,pseudo_negative,Manipur,24.932935,92.997216,2015-05-20,2015,5,3.4742,0
NEG_001208,pseudo_negative,Manipur,24.83531,93.333211,2026-05-20,2026,5,7.3111,0
NEG_001209,pseudo_negative,Manipur,24.949241,93.408232,2010-11-18,2010,11,4.2214,0
NEG_001210,pseudo_negative,Manipur,24.873945,93.806679,2006-09-18,2006,9,2.7777,0
NEG_001211,pseudo_negative,Manipur,24.902532,94.009733,2017-08-08,2017,8,1.9706,0
NEG_001212,pseudo_negative,Manipur,24.806308,94.303783,2018-05-08,2018,5,1.8777,0
NEG_001213,pseudo_negative,Manipur,24.949317,94.363607,2006-08-12,2006,8,3.7861,0
NEG_001214,pseudo_negative,Manipur,24.788072,94.572505,2006-05-16,2006,5,2.8688,0
NEG_001215,pseudo_negative,Manipur,25.036165,92.942107,2005-06-12,2005,6,4.8993,0
NEG_001216,pseudo_negative,Manipur,24.989053,93.309695,2017-05-20,2017,5,9.2171,0
NEG_001217,pseudo_negative,Manipur,25.115992,93.718043,2006-05-15,2006,5,4.0534,0
NEG_001218,pseudo_negative,Manipur,25.168912,94.060555,2007-05-29,2007,5,7.227,0
NEG_001219,pseudo_negative,Manipur,25.053462,94.116792,2010-06-10,2010,6,2.9747,0
NEG_001220,pseudo_negative,Manipur,25.127727,94.351444,2009-05-29,2009,5,1.2427,0
NEG_001221,pseudo_negative,Manipur,24.98346,94.731187,2010-06-22,2010,6,12.617,0
NEG_001222,pseudo_negative,Manipur,25.349438,92.990975,2025-07-06,2025,7,3.9988,0
NEG_001223,pseudo_negative,Manipur,25.293616,93.308326,2012-08-07,2012,8,1.3279,0
NEG_001224,pseudo_negative,Manipur,25.388916,93.434065,2025-07-02,2025,7,2.4447,0
NEG_001225,pseudo_negative,Manipur,25.390566,93.772498,2023-06-22,2023,6,8.0479,0
NEG_001226,pseudo_negative,Manipur,25.266376,93.973395,2006-08-07,2006,8,4.7158,0
NEG_001227,pseudo_negative,Manipur,25.257626,94.146583,2023-07-16,2023,7,2.1386,0
NEG_001228,pseudo_negative,Manipur,25.350671,94.40795,2018-09-28,2018,9,6.5643,0
NEG_001229,pseudo_negative,Manipur,25.414776,94.679781,2012-08-20,2012,8,5.4559,0
NEG_001230,pseudo_negative,Manipur,25.542811,93.013451,2021-04-18,2021,4,10.0591,0
NEG_001231,pseudo_negative,Manipur,25.45332,93.515737,2011-05-20,2011,5,4.3717,0
NEG_001232,pseudo_negative,Manipur,25.648979,93.667447,2017-08-28,2017,8,5.8226,0
NEG_001233,pseudo_negative,Manipur,25.498086,93.886507,2008-06-10,2008,6,3.0008,0
NEG_001234,pseudo_negative,Manipur,25.499248,94.307945,2018-09-07,2018,9,5.9544,0
NEG_001235,pseudo_negative,Manipur,25.49458,94.63239,2015-05-18,2015,5,2.4871,0
NEG_001236,pseudo_negative,Manipur,24.018175,93.002637,2006-07-18,2006,7,2.7196,0
NEG_001237,pseudo_negative,Manipur,23.968833,93.180686,2017-05-06,2017,5,4.2327,0
NEG_001238,pseudo_negative,Manipur,23.899585,93.429111,2009-07-29,2009,7,7.7598,0
NEG_001239,pseudo_negative,Manipur,23.973656,93.705618,2013-07-09,2013,7,11.9838,0
NEG_001240,pseudo_negative,Manipur,23.897805,93.930495,2010-07-15,2010,7,8.2689,0
NEG_001241,pseudo_negative,Manipur,24.056761,94.13109,2013-05-16,2013,5,4.1649,0
NEG_001242,pseudo_negative,Manipur,23.910631,94.471768,2023-07-06,2023,7,41.5516,0
NEG_001243,pseudo_negative,Manipur,23.925997,94.547993,2023-07-29,2023,7,43.859,0
NEG_001244,pseudo_negative,Manipur,24.240972,93.034933,2021-06-29,2021,6,1.2831,0
NEG_001245,pseudo_negative,Manipur,24.155343,93.341079,2023-06-11,2023,6,1.7063,0
NEG_001246,pseudo_negative,Manipur,24.289557,93.522764,2005-08-22,2005,8,4.5564,0
NEG_001247,pseudo_negative,Manipur,24.251108,93.820624,2010-06-17,2010,6,3.2244,0
NEG_001248,pseudo_negative,Manipur,24.065628,93.992236,2021-07-26,2021,7,2.8875,0
NEG_001249,pseudo_negative,Manipur,24.098319,94.145857,2017-09-16,2017,9,1.0162,0
NEG_001250,pseudo_negative,Manipur,24.099943,94.447788,2021-11-23,2021,11,23.2637,0
NEG_001251,pseudo_negative,Manipur,24.087261,94.747479,2008-08-19,2008,8,50.4057,0
NEG_001252,pseudo_negative,Manipur,24.303138,93.055418,2020-06-19,2020,6,5.1517,0
NEG_001253,pseudo_negative,Manipur,24.390191,93.294431,2022-05-18,2022,5,4.1474,0
NEG_001254,pseudo_negative,Manipur,24.391996,93.444824,2022-11-28,2022,11,6.1,0
NEG_001255,pseudo_negative,Manipur,24.359781,93.664047,2019-07-07,2019,7,1.1623,0
NEG_001256,pseudo_negative,Manipur,24.492214,93.966157,2016-05-02,2016,5,13.6411,0
NEG_001257,pseudo_negative,Manipur,24.343135,94.272345,2020-07-20,2020,7,1.9418,0
NEG_001258,pseudo_negative,Manipur,24.364233,94.520138,2010-09-10,2010,9,25.8597,0
NEG_001259,pseudo_negative,Manipur,24.497144,94.646447,2017-05-28,2017,5,31.231,0
NEG_001260,pseudo_negative,Manipur,24.672812,92.960059,2026-05-15,2026,5,4.168,0
NEG_001261,pseudo_negative,Manipur,24.535584,93.168883,2014-08-11,2014,8,3.4723,0
NEG_001262,pseudo_negative,Manipur,24.625999,93.464879,2026-11-30,2026,11,2.1124,0
NEG_001263,pseudo_negative,Manipur,24.670603,94.019392,2016-08-12,2016,8,11.4885,0
NEG_001264,pseudo_negative,Manipur,24.549726,94.155829,2019-08-23,2019,8,2.3309,0
NEG_001265,pseudo_negative,Manipur,24.713997,94.318883,2021-05-06,2021,5,4.2407,0
NEG_001266,pseudo_negative,Manipur,24.565383,94.537208,2005-07-16,2005,7,17.8287,0
NEG_001267,pseudo_negative,Manipur,24.903062,93.027773,2017-08-01,2017,8,4.9824,0
NEG_001268,pseudo_negative,Manipur,24.764007,93.365548,2012-07-01,2012,7,2.2109,0
NEG_001269,pseudo_negative,Manipur,24.957667,93.526612,2021-08-19,2021,8,2.3349,0
NEG_001270,pseudo_negative,Manipur,24.954312,94.074286,2019-06-14,2019,6,6.748,0
NEG_001271,pseudo_negative,Manipur,24.925044,94.203958,2026-05-08,2026,5,1.706,0
NEG_001272,pseudo_negative,Manipur,24.790692,94.540727,2026-11-02,2026,11,2.8252,0
NEG_001273,pseudo_negative,Manipur,24.998683,92.956688,2024-05-14,2024,5,2.1042,0
NEG_001274,pseudo_negative,Manipur,25.203656,93.375768,2012-07-13,2012,7,3.1659,0
NEG_001275,pseudo_negative,Manipur,25.068292,93.404701,2012-05-10,2012,5,2.5552,0
NEG_001276,pseudo_negative,Manipur,25.005459,93.751994,2024-05-04,2024,5,4.9444,0
NEG_001277,pseudo_negative,Manipur,25.092573,93.952987,2025-01-05,2025,1,4.4982,0
NEG_001278,pseudo_negative,Manipur,25.026331,94.133956,2026-11-25,2026,11,2.3021,0
NEG_001279,pseudo_negative,Manipur,25.075394,94.400557,2021-08-23,2021,8,2.145,0
NEG_001280,pseudo_negative,Manipur,25.024296,94.560788,2020-07-14,2020,7,2.9176,0
NEG_001281,pseudo_negative,Manipur,25.282732,93.227618,2026-08-15,2026,8,1.4176,0
NEG_001282,pseudo_negative,Manipur,25.329601,93.442005,2017-09-04,2017,9,3.6751,0
NEG_001283,pseudo_negative,Manipur,25.32267,93.638269,2013-09-08,2013,9,2.7916,0
NEG_001284,pseudo_negative,Manipur,25.385429,94.051847,2026-07-19,2026,7,3.7739,0
NEG_001285,pseudo_negative,Manipur,25.310536,94.124403,2026-08-21,2026,8,3.374,0
NEG_001286,pseudo_negative,Manipur,25.247927,94.510158,2023-05-12,2023,5,3.6393,0
NEG_001287,pseudo_negative,Manipur,25.287786,94.734587,2007-07-29,2007,7,15.879,0
NEG_001288,pseudo_negative,Manipur,25.662942,93.139584,2018-10-26,2018,10,2.2139,0
NEG_001289,pseudo_negative,Manipur,25.5306,93.340533,2025-08-18,2025,8,8.7679,0
NEG_001290,pseudo_negative,Manipur,25.483582,93.562848,2021-06-29,2021,6,6.9692,0
NEG_001291,pseudo_negative,Manipur,25.669812,93.710381,2025-05-07,2025,5,4.3087,0
NEG_001292,pseudo_negative,Manipur,25.623461,93.97865,2023-08-10,2023,8,2.2057,0
NEG_001293,pseudo_negative,Manipur,25.641361,94.460562,2025-08-24,2025,8,1.9189,0
NEG_001294,pseudo_negative,Manipur,25.671018,94.59128,2011-05-09,2011,5,2.4476,0
NEG_001295,pseudo_negative,Manipur,23.957632,93.079866,2021-06-22,2021,6,3.9428,0
NEG_001296,pseudo_negative,Manipur,24.060074,93.463233,2026-05-06,2026,5,3.3684,0
NEG_001297,pseudo_negative,Manipur,23.928005,93.681315,2026-08-11,2026,8,14.5427,0
NEG_001298,pseudo_negative,Manipur,23.909486,93.942446,2016-11-02,2016,11,6.7725,0
NEG_001299,pseudo_negative,Manipur,23.923736,94.154992,2015-08-03,2015,8,9.1182,0
NEG_001300,pseudo_negative,Manipur,24.029004,94.317582,2012-05-05,2012,5,18.3174,0
NEG_001301,pseudo_negative,Manipur,23.968749,94.746302,2021-06-14,2021,6,56.6199,0
NEG_001302,pseudo_negative,Manipur,24.236806,93.10933,2011-05-08,2011,5,1.0105,0
NEG_001303,pseudo_negative,Manipur,24.142805,93.344896,2012-08-22,2012,8,3.1519,0
NEG_001304,pseudo_negative,Manipur,24.251455,93.459261,2024-05-11,2024,5,3.7413,0
NEG_001305,pseudo_negative,Manipur,24.260512,93.756912,2023-05-10,2023,5,6.6221,0
NEG_001306,pseudo_negative,Manipur,24.22703,94.022869,2007-05-21,2007,5,4.1279,0
NEG_001307,pseudo_negative,Manipur,24.270757,94.25191,2016-08-21,2016,8,3.2619,0
NEG_001308,pseudo_negative,Manipur,24.268716,94.519883,2018-07-19,2018,7,23.6154,0
NEG_001309,pseudo_negative,Manipur,24.14417,94.723008,2014-05-20,2014,5,45.9771,0
NEG_001310,pseudo_negative,Manipur,24.494516,93.385082,2010-09-13,2010,9,1.858,0
NEG_001311,pseudo_negative,Manipur,24.481552,93.468055,2018-12-05,2018,12,9.3011,0
NEG_001312,pseudo_negative,Manipur,24.297712,93.760311,2006-08-21,2006,8,2.4785,0
NEG_001313,pseudo_negative,Manipur,24.34964,94.016676,2008-09-07,2008,9,3.7963,0
NEG_001314,pseudo_negative,Manipur,24.341229,94.239037,2024-05-25,2024,5,1.4851,0
NEG_001315,pseudo_negative,Manipur,24.345576,94.485859,2019-05-03,2019,5,21.8992,0
NEG_001316,pseudo_negative,Manipur,24.395693,94.748343,2009-06-17,2009,6,46.2153,0
NEG_001317,pseudo_negative,Manipur,24.746517,93.045741,2007-06-14,2007,6,5.4903,0
NEG_001318,pseudo_negative,Manipur,24.593043,93.242302,2013-05-22,2013,5,2.9758,0
NEG_001319,pseudo_negative,Manipur,24.678199,93.441947,2018-05-12,2018,5,7.0804,0
NEG_001320,pseudo_negative,Manipur,24.648465,93.790415,2016-05-11,2016,5,7.1678,0
NEG_001321,pseudo_negative,Manipur,24.573306,94.038689,2024-09-09,2024,9,5.7284,0
NEG_001322,pseudo_negative,Manipur,24.597425,94.123202,2020-07-23,2020,7,5.8223,0
NEG_001323,pseudo_negative,Manipur,24.52833,94.527096,2015-06-05,2015,6,19.5979,0
NEG_001324,pseudo_negative,Manipur,24.609772,94.647837,2021-01-25,2021,1,19.192,0
NEG_001325,pseudo_negative,Manipur,24.966318,93.087307,2025-09-29,2025,9,5.2431,0
NEG_001326,pseudo_negative,Manipur,24.965251,93.305081,2005-07-12,2005,7,11.7463,0
NEG_001327,pseudo_negative,Manipur,24.920059,93.645043,2016-05-26,2016,5,1.2397,0
NEG_001328,pseudo_negative,Manipur,24.968962,93.887602,2006-09-04,2006,9,10.0918,0
NEG_001329,pseudo_negative,Manipur,24.940108,94.248626,2011-05-30,2011,5,2.2139,0
NEG_001330,pseudo_negative,Manipur,24.941939,94.388475,2021-07-17,2021,7,3.0963,0
NEG_001331,pseudo_negative,Manipur,24.752848,94.667227,2016-05-24,2016,5,7.1006,0
NEG_001332,pseudo_negative,Manipur,25.022938,93.31533,2014-05-06,2014,5,5.822,0
NEG_001333,pseudo_negative,Manipur,25.139754,93.421308,2005-08-04,2005,8,5.2887,0
NEG_001334,pseudo_negative,Manipur,24.994592,93.808753,2008-05-25,2008,5,7.2705,0
NEG_001335,pseudo_negative,Manipur,25.101297,93.874166,2013-05-20,2013,5,3.905,0
NEG_001336,pseudo_negative,Manipur,25.030161,94.639062,2016-12-18,2016,12,3.8863,0
NEG_001337,pseudo_negative,Manipur,25.218223,92.940072,2013-06-11,2013,6,4.2452,0
NEG_001338,pseudo_negative,Manipur,25.415101,93.428715,2018-08-13,2018,8,2.5536,0
NEG_001339,pseudo_negative,Manipur,25.284268,93.775339,2024-06-08,2024,6,8.7105,0
NEG_001340,pseudo_negative,Manipur,25.410471,93.909256,2025-06-29,2025,6,9.8031,0
NEG_001341,pseudo_negative,Manipur,25.21767,94.138291,2023-07-06,2023,7,1.9084,0
NEG_001342,pseudo_negative,Manipur,25.238217,94.450958,2012-06-27,2012,6,8.2238,0
NEG_001343,pseudo_negative,Manipur,25.251067,94.62745,2024-08-25,2024,8,7.6522,0
NEG_001344,pseudo_negative,Manipur,25.465926,93.062496,2006-06-15,2006,6,6.2495,0
NEG_001345,pseudo_negative,Manipur,25.483181,93.440018,2014-07-05,2014,7,4.4803,0
NEG_001346,pseudo_negative,Manipur,25.544835,93.681006,2009-08-14,2009,8,3.7099,0
NEG_001347,pseudo_negative,Manipur,25.507522,94.060838,2025-05-10,2025,5,6.0775,0
NEG_001348,pseudo_negative,Manipur,25.521675,94.500072,2022-06-16,2022,6,5.1938,0
NEG_001349,pseudo_negative,Manipur,25.636051,94.707749,2014-08-10,2014,8,2.383,0
NEG_001350,pseudo_negative,Manipur,23.915098,92.94024,2007-07-30,2007,7,1.7432,0
NEG_001351,pseudo_negative,Manipur,23.967864,93.304828,2005-06-17,2005,6,2.3019,0
NEG_001352,pseudo_negative,Manipur,24.053827,93.537827,2021-07-21,2021,7,2.1203,0
NEG_001353,pseudo_negative,Manipur,23.896316,93.638773,2012-05-11,2012,5,12.9609,0
NEG_001354,pseudo_negative,Manipur,23.982529,94.052574,2024-06-10,2024,6,1.5238,0
NEG_001355,pseudo_negative,Manipur,23.984435,94.114204,2010-06-28,2010,6,5.9021,0
NEG_001356,pseudo_negative,Manipur,23.853314,94.348032,2025-05-29,2025,5,33.1286,0
NEG_001357,pseudo_negative,Manipur,23.98257,94.571842,2021-10-07,2021,10,41.2176,0
NEG_001358,pseudo_negative,Manipur,24.094478,92.944276,2020-10-16,2020,10,2.6193,0
NEG_001359,pseudo_negative,Manipur,24.135475,93.197258,2007-08-31,2007,8,7.5367,0
NEG_001360,pseudo_negative,Manipur,24.256353,93.567578,2015-06-21,2015,6,1.9988,0
NEG_001361,pseudo_negative,Manipur,24.135095,93.787589,2021-11-22,2021,11,11.9054,0
NEG_001362,pseudo_negative,Manipur,24.19138,93.919315,2017-08-16,2017,8,2.3323,0
NEG_001363,pseudo_negative,Manipur,24.158683,94.260569,2011-01-19,2011,1,6.8184,0
NEG_001364,pseudo_negative,Manipur,24.191652,94.45268,2019-07-29,2019,7,18.3313,0
NEG_001365,pseudo_negative,Manipur,24.192718,94.644546,2026-05-17,2026,5,36.9552,0
NEG_001366,pseudo_negative,Manipur,24.497462,93.147604,2016-07-17,2016,7,2.8073,0
NEG_001367,pseudo_negative,Manipur,24.304009,93.304385,2017-08-14,2017,8,2.924,0
NEG_001368,pseudo_negative,Manipur,24.301606,93.558172,2022-08-09,2022,8,2.4302,0
NEG_001369,pseudo_negative,Manipur,24.435224,93.675826,2008-09-14,2008,9,5.205,0
NEG_001370,pseudo_negative,Manipur,24.430263,93.867807,2018-06-14,2018,6,1.803,0
NEG_001371,pseudo_negative,Manipur,24.438569,94.220306,2025-08-01,2025,8,1.2032,0
NEG_001372,pseudo_negative,Manipur,24.460041,94.483494,2006-06-02,2006,6,20.0083,0
NEG_001373,pseudo_negative,Manipur,24.387801,94.577225,2026-05-14,2026,5,32.3083,0
NEG_001374,pseudo_negative,Manipur,24.547207,93.092484,2016-08-09,2016,8,1.9445,0
NEG_001375,pseudo_negative,Manipur,24.532208,93.296348,2008-09-12,2008,9,4.5952,0
NEG_001376,pseudo_negative,Manipur,24.701728,93.481706,2010-05-20,2010,5,2.5638,0
NEG_001377,pseudo_negative,Manipur,24.621247,93.8938,2026-07-28,2026,7,12.7028,0
NEG_001378,pseudo_negative,Manipur,24.657225,94.162344,2013-05-09,2013,5,2.4439,0
NEG_001379,pseudo_negative,Manipur,24.731197,94.490502,2008-08-05,2008,8,8.5051,0
NEG_001380,pseudo_negative,Manipur,24.617544,94.539742,2011-05-17,2011,5,15.7067,0
NEG_001381,pseudo_negative,Manipur,24.799864,93.09872,2025-11-08,2025,11,3.014,0
NEG_001382,pseudo_negative,Manipur,24.902895,93.357821,2026-10-20,2026,10,9.3074,0
NEG_001383,pseudo_negative,Manipur,24.870348,93.830193,2017-07-06,2017,7,5.12,0
NEG_001384,pseudo_negative,Manipur,24.925302,93.936516,2023-06-27,2023,6,6.4545,0
NEG_001385,pseudo_negative,Manipur,24.791426,94.213347,2023-04-13,2023,4,4.7716,0
NEG_001386,pseudo_negative,Manipur,24.767589,94.352728,2026-11-24,2026,11,2.4627,0
NEG_001387,pseudo_negative,Manipur,24.877202,94.560303,2010-10-17,2010,10,1.3013,0
NEG_001388,pseudo_negative,Manipur,25.010416,93.373418,2019-05-27,2019,5,8.7401,0
NEG_001389,pseudo_negative,Manipur,25.171629,93.418234,2023-08-02,2023,8,5.4176,0
NEG_001390,pseudo_negative,Manipur,25.105428,93.71863,2022-09-28,2022,9,5.2271,0
NEG_001391,pseudo_negative,Manipur,24.99515,93.99262,2016-07-24,2016,7,2.8216,0
NEG_001392,pseudo_negative,Manipur,25.208335,94.236606,2019-05-04,2019,5,6.8325,0
NEG_001393,pseudo_negative,Manipur,25.172221,94.535491,2007-05-04,2007,5,1.0473,0
NEG_001394,pseudo_negative,Manipur,25.15774,94.550906,2011-11-03,2011,11,3.2784,0
NEG_001395,pseudo_negative,Manipur,25.396654,93.141025,2021-06-20,2021,6,1.2203,0
NEG_001396,pseudo_negative,Manipur,25.421042,93.236152,2008-11-09,2008,11,1.1213,0
NEG_001397,pseudo_negative,Manipur,25.369095,93.600309,2021-11-05,2021,11,3.6738,0
NEG_001398,pseudo_negative,Manipur,25.35341,93.776433,2006-06-28,2006,6,12.0249,0
NEG_001399,pseudo_negative,Manipur,25.378022,93.998151,2024-11-24,2024,11,6.1646,0
NEG_001400,pseudo_negative,Manipur,25.368919,94.095589,2005-11-06,2005,11,3.5031,0
NEG_001401,pseudo_negative,Manipur,25.435403,94.5288,2010-06-02,2010,6,2.4942,0
NEG_001402,pseudo_negative,Manipur,25.38726,94.707914,2009-08-03,2009,8,7.8618,0
NEG_001403,pseudo_negative,Manipur,25.475539,93.052468,2014-05-08,2014,5,6.3389,0
NEG_001404,pseudo_negative,Manipur,25.614173,93.608553,2023-07-15,2023,7,9.8928,0
NEG_001405,pseudo_negative,Manipur,25.523615,94.022307,2022-10-25,2022,10,5.858,0
NEG_001406,pseudo_negative,Manipur,25.49856,94.200343,2012-05-07,2012,5,2.8017,0
NEG_001407,pseudo_negative,Manipur,25.6094,94.556212,2013-12-31,2013,12,2.7569,0
NEG_001408,pseudo_negative,Manipur,23.937124,93.13749,2016-08-08,2016,8,1.6508,0
NEG_001409,pseudo_negative,Manipur,24.032552,93.353804,2022-07-26,2022,7,4.4306,0
NEG_001410,pseudo_negative,Manipur,23.860513,93.650137,2024-08-24,2024,8,16.7369,0
NEG_001411,pseudo_negative,Manipur,23.981953,94.170499,2024-08-13,2024,8,10.8121,0
NEG_001412,pseudo_negative,Manipur,24.005148,94.436889,2018-08-16,2018,8,29.8841,0
NEG_001413,pseudo_negative,Manipur,23.992475,94.725577,2013-08-02,2013,8,53.3956,0
NEG_001414,pseudo_negative,Manipur,24.216802,93.331428,2015-09-16,2015,9,2.7416,0
NEG_001415,pseudo_negative,Manipur,24.129545,93.442107,2012-06-11,2012,6,1.4117,0
NEG_001416,pseudo_negative,Manipur,24.220701,93.816905,2015-05-23,2015,5,3.9833,0
NEG_001417,pseudo_negative,Manipur,24.144742,93.888256,2015-05-22,2015,5,4.0976,0
NEG_001418,pseudo_negative,Manipur,24.181411,94.260728,2013-06-21,2013,6,4.2915,0
NEG_001419,pseudo_negative,Manipur,24.137059,94.457187,2018-05-18,2018,5,21.868,0
NEG_001420,pseudo_negative,Manipur,24.261721,94.653124,2024-05-15,2024,5,47.9621,0
NEG_001421,pseudo_negative,Manipur,24.3776,93.015895,2018-07-09,2018,7,4.0508,0
NEG_001422,pseudo_negative,Manipur,24.397247,93.370799,2020-05-30,2020,5,4.1388,0
NEG_001423,pseudo_negative,Manipur,24.296209,93.909428,2014-09-02,2014,9,2.8067,0
NEG_001424,pseudo_negative,Manipur,24.424692,94.19731,2014-05-18,2014,5,1.5813,0
NEG_001425,pseudo_negative,Manipur,24.429352,94.315191,2011-08-21,2011,8,5.6891,0
NEG_001426,pseudo_negative,Manipur,24.445798,94.611965,2013-08-26,2013,8,32.1364,0
NEG_001427,pseudo_negative,Manipur,24.550681,92.984499,2018-06-20,2018,6,4.6183,0
NEG_001428,pseudo_negative,Manipur,24.548639,93.203371,2006-07-06,2006,7,1.9434,0
NEG_001429,pseudo_negative,Manipur,24.661051,93.436292,2005-05-23,2005,5,6.1669,0
NEG_001430,pseudo_negative,Manipur,24.5929,93.675064,2015-11-24,2015,11,1.6456,0
NEG_001431,pseudo_negative,Manipur,24.634585,93.861716,2013-05-09,2013,5,12.6396,0
NEG_001432,pseudo_negative,Manipur,24.715276,94.099514,2007-08-30,2007,8,5.3626,0
NEG_001433,pseudo_negative,Manipur,24.640399,94.501422,2016-09-01,2016,9,11.2132,0
NEG_001434,pseudo_negative,Manipur,24.547988,94.727956,2014-05-17,2014,5,28.4894,0
NEG_001435,pseudo_negative,Manipur,24.943459,92.946229,2020-09-05,2020,9,1.8782,0
NEG_001436,pseudo_negative,Manipur,24.858595,93.369019,2017-08-20,2017,8,6.7974,0
NEG_001437,pseudo_negative,Manipur,24.873371,93.914287,2018-08-09,2018,8,3.7358,0
NEG_001438,pseudo_negative,Manipur,24.935324,94.257387,2022-06-27,2022,6,2.7291,0
NEG_001439,pseudo_negative,Manipur,24.858797,94.310327,2008-06-23,2008,6,1.9531,0
NEG_001440,pseudo_negative,Manipur,24.880854,94.574837,2016-09-25,2016,9,1.1448,0
NEG_001441,pseudo_negative,Manipur,25.184018,92.950475,2007-05-31,2007,5,4.169,0
NEG_001442,pseudo_negative,Manipur,25.053161,93.22489,2007-07-09,2007,7,6.8204,0
NEG_001443,pseudo_negative,Manipur,25.037121,93.485859,2018-09-20,2018,9,4.7624,0
NEG_001444,pseudo_negative,Manipur,25.141465,93.759624,2022-09-05,2022,9,3.1105,0
NEG_001445,pseudo_negative,Manipur,24.990462,93.912376,2008-08-02,2008,8,10.9232,0
NEG_001446,pseudo_negative,Manipur,25.066738,94.228854,2024-07-11,2024,7,1.4963,0
NEG_001447,pseudo_negative,Manipur,25.087378,94.318592,2016-08-14,2016,8,2.3974,0
NEG_001448,pseudo_negative,Manipur,25.107672,94.553398,2014-06-21,2014,6,1.2528,0
NEG_001449,pseudo_negative,Manipur,25.326875,93.238815,2026-05-22,2026,5,4.4017,0
NEG_001450,pseudo_negative,Manipur,25.390283,93.461392,2012-09-19,2012,9,2.6119,0
NEG_001451,pseudo_negative,Manipur,25.435482,94.130565,2019-06-23,2019,6,1.6609,0
NEG_001452,pseudo_negative,Manipur,25.249173,94.460048,2024-07-16,2024,7,7.9596,0
NEG_001453,pseudo_negative,Manipur,25.596307,93.023504,2017-06-02,2017,6,7.0367,0
NEG_001454,pseudo_negative,Manipur,25.661489,93.278233,2019-08-04,2019,8,15.4594,0
NEG_001455,pseudo_negative,Manipur,25.664564,93.603107,2026-06-18,2026,6,8.8754,0
NEG_001456,pseudo_negative,Manipur,25.547555,94.107268,2018-05-18,2018,5,2.7317,0
NEG_001457,pseudo_negative,Manipur,25.456668,94.421911,2018-10-21,2018,10,5.8421,0
NEG_001458,pseudo_negative,Manipur,25.622971,94.73171,2013-08-24,2013,8,1.2276,0
NEG_001459,pseudo_negative,Manipur,23.832335,93.082772,2016-05-04,2016,5,1.4155,0
NEG_001460,pseudo_negative,Manipur,24.001364,93.612417,2015-11-30,2015,11,4.7809,0
NEG_001461,pseudo_negative,Manipur,23.860623,93.824399,2007-10-26,2007,10,15.5045,0
NEG_001462,pseudo_negative,Manipur,23.864945,93.878764,2017-05-29,2017,5,13.7438,0
NEG_001463,pseudo_negative,Manipur,23.914921,94.184145,2010-04-04,2010,4,12.2393,0
NEG_001464,pseudo_negative,Manipur,24.059014,94.508105,2015-05-29,2015,5,30.8909,0
NEG_001465,pseudo_negative,Manipur,23.880706,94.633343,2013-01-15,2013,1,53.4841,0
NEG_001466,pseudo_negative,Manipur,24.239895,93.167273,2022-06-16,2022,6,1.2905,0
NEG_001467,pseudo_negative,Manipur,24.150855,93.189942,2011-07-09,2011,7,6.2578,0
NEG_001468,pseudo_negative,Manipur,24.159862,93.520352,2006-05-27,2006,5,2.7481,0
NEG_001469,pseudo_negative,Manipur,24.066748,93.632816,2025-07-05,2025,7,6.4218,0
NEG_001470,pseudo_negative,Manipur,24.246561,94.054353,2021-06-20,2021,6,1.6263,0
NEG_001471,pseudo_negative,Manipur,24.095971,94.171702,2023-10-11,2023,10,2.3008,0
NEG_001472,pseudo_negative,Manipur,24.172503,94.359778,2005-05-09,2005,5,11.4154,0
NEG_001473,pseudo_negative,Manipur,24.271994,94.547711,2014-05-01,2014,5,26.4518,0
NEG_001474,pseudo_negative,Manipur,24.477555,93.059368,2020-06-19,2020,6,4.1397,0
NEG_001475,pseudo_negative,Manipur,24.306572,93.363265,2006-04-06,2006,4,1.5294,0
NEG_001476,pseudo_negative,Manipur,24.422687,93.415059,2025-09-03,2025,9,6.3863,0
NEG_001477,pseudo_negative,Manipur,24.404005,93.679171,2023-08-11,2023,8,2.7872,0
NEG_001478,pseudo_negative,Manipur,24.306036,93.878693,2006-08-20,2006,8,3.9783,0
NEG_001479,pseudo_negative,Manipur,24.514781,94.165575,2014-07-03,2014,7,1.7491,0
NEG_001480,pseudo_negative,Manipur,24.437809,94.340032,2016-05-18,2016,5,8.2348,0
NEG_001481,pseudo_negative,Manipur,24.485355,94.726675,2020-11-13,2020,11,34.8163,0
NEG_001482,pseudo_negative,Manipur,24.74684,92.969474,2005-08-12,2005,8,7.1873,0
NEG_001483,pseudo_negative,Manipur,24.54067,93.255291,2015-11-08,2015,11,1.0711,0
NEG_001484,pseudo_negative,Manipur,24.615944,93.56998,2015-05-12,2015,5,3.667,0
NEG_001485,pseudo_negative,Manipur,24.719974,93.624194,2010-06-02,2010,6,3.1362,0
NEG_001486,pseudo_negative,Manipur,24.679369,93.930052,2026-06-02,2026,6,5.7844,0
NEG_001487,pseudo_negative,Manipur,24.577562,94.081401,2025-05-17,2025,5,2.8086,0
NEG_001488,pseudo_negative,Manipur,24.587357,94.45441,2011-05-23,2011,5,9.743,0
NEG_001489,pseudo_negative,Manipur,24.596963,94.592534,2011-05-30,2011,5,19.9975,0
NEG_001490,pseudo_negative,Manipur,24.795111,93.203768,2022-08-03,2022,8,1.1768,0
NEG_001491,pseudo_negative,Manipur,24.892508,93.544325,2013-06-24,2013,6,4.4223,0
NEG_001492,pseudo_negative,Manipur,24.963082,93.791294,2021-08-25,2021,8,3.7197,0
NEG_001493,pseudo_negative,Manipur,24.848837,94.102291,2017-05-14,2017,5,2.6927,0
NEG_001494,pseudo_negative,Manipur,24.752409,94.52061,2008-07-22,2008,7,6.1893,0
NEG_001495,pseudo_negative,Manipur,24.830081,94.666332,2011-08-28,2011,8,8.1151,0
NEG_001496,pseudo_negative,Manipur,25.120672,93.044942,2026-08-11,2026,8,1.1316,0
NEG_001497,pseudo_negative,Manipur,25.207868,93.264892,2017-07-13,2017,7,1.5168,0
NEG_001498,pseudo_negative,Manipur,25.144699,93.706005,2026-07-12,2026,7,1.0941,0
NEG_001499,pseudo_negative,Manipur,24.990333,93.972492,2013-08-26,2013,8,4.9068,0
NEG_001500,pseudo_negative,Manipur,25.027586,94.246181,2005-05-23,2005,5,1.7175,0
NEG_001501,pseudo_negative,Manipur,25.175341,94.56726,2024-07-07,2024,7,4.0193,0
NEG_001502,pseudo_negative,Manipur,25.22242,93.034769,2015-05-25,2015,5,1.1087,0
NEG_001503,pseudo_negative,Manipur,25.318211,93.393733,2006-07-16,2006,7,6.0885,0
NEG_001504,pseudo_negative,Manipur,25.340982,93.438481,2011-08-05,2011,8,4.8002,0
NEG_001505,pseudo_negative,Manipur,25.303425,93.690207,2025-10-01,2025,10,5.8584,0
NEG_001506,pseudo_negative,Manipur,25.219698,94.023153,2012-08-12,2012,8,2.529,0
NEG_001507,pseudo_negative,Manipur,25.269309,94.115601,2019-08-17,2019,8,1.7349,0
NEG_001508,pseudo_negative,Manipur,25.257287,94.407702,2013-05-14,2013,5,10.2493,0
NEG_001509,pseudo_negative,Manipur,25.342423,94.569509,2017-05-16,2017,5,3.7519,0
NEG_001510,pseudo_negative,Manipur,25.554482,93.011055,2010-07-15,2010,7,10.2437,0
NEG_001511,pseudo_negative,Manipur,25.65179,93.279754,2026-05-26,2026,5,15.8644,0
NEG_001512,pseudo_negative,Manipur,25.523736,93.413189,2018-08-14,2018,8,7.4148,0
NEG_001513,pseudo_negative,Manipur,25.635718,93.753146,2026-05-20,2026,5,5.7672,0
NEG_001514,pseudo_negative,Manipur,25.481106,94.100955,2010-11-29,2010,11,3.8334,0
NEG_001515,pseudo_negative,Manipur,25.584595,94.39454,2008-05-26,2008,5,3.7606,0
NEG_001516,pseudo_negative,Manipur,25.541546,94.617643,2011-11-28,2011,11,2.5399,0
NEG_001517,pseudo_negative,Manipur,23.979948,92.965252,2025-05-15,2025,5,3.1883,0
NEG_001518,pseudo_negative,Manipur,24.033862,93.199593,2019-08-02,2019,8,1.1728,0
NEG_001519,pseudo_negative,Manipur,23.934426,93.587241,2009-09-03,2009,9,6.3247,0
NEG_001520,pseudo_negative,Manipur,23.838601,93.6305,2022-05-15,2022,5,17.7249,0
NEG_001521,pseudo_negative,Manipur,23.966778,93.858019,2006-08-02,2006,8,5.3447,0
NEG_001522,pseudo_negative,Manipur,23.878417,94.22985,2009-05-24,2009,5,18.0935,0
NEG_001523,pseudo_negative,Manipur,24.007332,94.369407,2021-05-13,2021,5,26.613,0
NEG_001524,pseudo_negative,Manipur,24.023199,94.664096,2022-11-16,2022,11,46.3081,0
NEG_001525,pseudo_negative,Manipur,24.137437,93.143127,2016-11-22,2016,11,3.9885,0
NEG_001526,pseudo_negative,Manipur,24.26951,93.39402,2019-09-04,2019,9,4.0442,0
NEG_001527,pseudo_negative,Manipur,24.124618,93.844185,2022-07-07,2022,7,6.2916,0
NEG_001528,pseudo_negative,Manipur,24.180513,93.889034,2012-05-23,2012,5,1.1138,0
NEG_001529,pseudo_negative,Manipur,24.220047,94.273677,2006-08-11,2006,8,1.387,0
NEG_001530,pseudo_negative,Manipur,24.096492,94.501102,2005-05-30,2005,5,28.0529,0
NEG_001531,pseudo_negative,Manipur,24.219762,94.651577,2006-08-17,2006,8,37.1876,0
NEG_001532,pseudo_negative,Manipur,24.403344,93.076894,2026-06-07,2026,6,1.0506,0
NEG_001533,pseudo_negative,Manipur,24.49008,93.193094,2018-05-19,2018,5,5.8615,0
NEG_001534,pseudo_negative,Manipur,24.485772,93.528107,2010-05-13,2010,5,4.2464,0
NEG_001535,pseudo_negative,Manipur,24.391388,93.842466,2010-07-16,2010,7,3.1913,0
NEG_001536,pseudo_negative,Manipur,24.462673,93.938567,2010-06-13,2010,6,9.6735,0
NEG_001537,pseudo_negative,Manipur,24.325518,94.242937,2016-11-27,2016,11,1.0029,0
NEG_001538,pseudo_negative,Manipur,24.493665,94.41122,2014-08-09,2014,8,12.9261,0
NEG_001539,pseudo_negative,Manipur,24.51069,94.702022,2016-08-16,2016,8,31.3163,0
NEG_001540,pseudo_negative,Manipur,24.699098,93.149624,2007-07-24,2007,7,2.5193,0
NEG_001541,pseudo_negative,Manipur,24.584157,93.282022,2012-11-10,2012,11,1.8174,0
NEG_001542,pseudo_negative,Manipur,24.638148,93.50371,2017-08-11,2017,8,4.1348,0
NEG_001543,pseudo_negative,Manipur,24.721369,93.933999,2018-05-14,2018,5,1.2936,0
NEG_001544,pseudo_negative,Manipur,24.648614,94.240257,2015-05-28,2015,5,3.3195,0
NEG_001545,pseudo_negative,Manipur,24.745356,94.468692,2023-05-09,2023,5,7.7536,0
NEG_001546,pseudo_negative,Manipur,24.589336,94.735925,2010-07-10,2010,7,24.8862,0
NEG_001547,pseudo_negative,Manipur,24.914084,93.138842,2013-08-21,2013,8,6.6778,0
NEG_001548,pseudo_negative,Manipur,24.79143,93.368111,2016-05-09,2016,5,2.7517,0
NEG_001549,pseudo_negative,Manipur,24.976402,93.442047,2014-08-05,2014,8,4.9162,0
NEG_001550,pseudo_negative,Manipur,24.824958,93.654507,2013-08-19,2013,8,1.4634,0
NEG_001551,pseudo_negative,Manipur,24.934233,93.887594,2005-09-17,2005,9,9.1298,0
NEG_001552,pseudo_negative,Manipur,24.78861,94.127523,2007-07-01,2007,7,2.3803,0
NEG_001553,pseudo_negative,Manipur,24.79635,94.473349,2018-05-30,2018,5,3.4595,0
NEG_001554,pseudo_negative,Manipur,24.901036,94.584536,2014-08-01,2014,8,1.7257,0
NEG_001555,pseudo_negative,Manipur,25.081859,93.155899,2016-05-17,2016,5,7.0242,0
NEG_001556,pseudo_negative,Manipur,25.085492,93.214299,2007-08-28,2007,8,6.81,0
NEG_001557,pseudo_negative,Manipur,25.060488,93.516426,2020-09-21,2020,9,4.4051,0
NEG_001558,pseudo_negative,Manipur,25.000339,93.629234,2011-06-04,2011,6,3.3444,0
NEG_001559,pseudo_negative,Manipur,25.089393,93.88325,2025-07-13,2025,7,4.4959,0
NEG_001560,pseudo_negative,Manipur,25.007007,94.289194,2016-06-18,2016,6,2.8542,0
NEG_001561,pseudo_negative,Manipur,25.178692,94.667353,2021-11-15,2021,11,10.0035,0
NEG_001562,pseudo_negative,Manipur,25.371231,93.502932,2005-08-22,2005,8,5.0084,0
NEG_001563,pseudo_negative,Manipur,25.280283,93.689009,2025-05-16,2025,5,6.0457,0
NEG_001564,pseudo_negative,Manipur,25.365978,94.022411,2021-08-15,2021,8,3.6377,0
NEG_001565,pseudo_negative,Manipur,25.329842,94.242723,2025-08-07,2025,8,3.1116,0
NEG_001566,pseudo_negative,Manipur,25.376997,94.368993,2005-10-18,2005,10,4.7949,0
NEG_001567,pseudo_negative,Manipur,25.269734,94.704059,2018-10-30,2018,10,15.7795,0
NEG_001568,pseudo_negative,Manipur,25.535125,93.078463,2021-07-31,2021,7,4.1571,0
NEG_001569,pseudo_negative,Manipur,25.469124,93.178393,2024-07-25,2024,7,7.5947,0
NEG_001570,pseudo_negative,Manipur,25.499485,93.475347,2020-07-24,2020,7,2.2835,0
NEG_001571,pseudo_negative,Manipur,25.642706,93.791686,2005-11-30,2005,11,5.1568,0
NEG_001572,pseudo_negative,Manipur,25.501266,94.002419,2015-12-01,2015,12,4.4362,0
NEG_001573,pseudo_negative,Manipur,25.502754,94.23176,2012-05-27,2012,5,3.7212,0
NEG_001574,pseudo_negative,Manipur,25.637955,94.31099,2019-07-14,2019,7,2.6388,0
NEG_001575,pseudo_negative,Manipur,25.528806,94.669946,2019-06-28,2019,6,1.773,0
NEG_001576,pseudo_negative,Manipur,23.963447,93.14009,2025-05-24,2025,5,1.7427,0
NEG_001577,pseudo_negative,Manipur,24.047195,93.17867,2019-07-19,2019,7,3.0384,0
NEG_001578,pseudo_negative,Manipur,24.011165,93.429916,2022-08-06,2022,8,7.3782,0
NEG_001579,pseudo_negative,Manipur,23.864442,93.731148,2019-08-23,2019,8,17.5715,0
NEG_001580,pseudo_negative,Manipur,23.878518,93.921445,2006-07-31,2006,7,10.5783,0
NEG_001581,pseudo_negative,Manipur,23.840242,94.130238,2007-12-11,2007,12,13.6548,0
NEG_001582,pseudo_negative,Manipur,23.899733,94.314217,2005-05-16,2005,5,26.9426,0
NEG_001583,pseudo_negative,Manipur,23.893138,94.762527,2011-05-22,2011,5,62.6461,0
NEG_001584,pseudo_negative,Manipur,24.163741,92.979139,2015-08-04,2015,8,3.5456,0
NEG_001585,pseudo_negative,Manipur,24.26594,93.452318,2008-07-29,2008,7,3.7908,0
NEG_001586,pseudo_negative,Manipur,24.120004,93.816966,2026-07-02,2026,7,8.6453,0
NEG_001587,pseudo_negative,Manipur,24.226619,93.915976,2011-05-27,2011,5,1.4709,0
NEG_001588,pseudo_negative,Manipur,24.097218,94.395075,2014-05-27,2014,5,19.3443,0
NEG_001589,pseudo_negative,Manipur,24.262054,94.588617,2007-06-14,2007,6,30.5575,0
NEG_001590,pseudo_negative,Manipur,24.391695,93.325451,2020-07-18,2020,7,2.9571,0
NEG_001591,pseudo_negative,Manipur,24.432794,93.600918,2011-07-22,2011,7,2.0612,0
NEG_001592,pseudo_negative,Manipur,24.439385,93.762377,2012-08-14,2012,8,8.1488,0
NEG_001593,pseudo_negative,Manipur,24.392937,94.024893,2014-11-30,2014,11,4.4071,0
NEG_001594,pseudo_negative,Manipur,24.479827,94.217386,2018-05-24,2018,5,2.4178,0
NEG_001595,pseudo_negative,Manipur,24.401104,94.366872,2017-11-01,2017,11,11.4159,0
NEG_001596,pseudo_negative,Manipur,24.489759,94.653371,2019-08-08,2019,8,32.2705,0
NEG_001597,pseudo_negative,Manipur,24.621292,93.12319,2026-06-30,2026,6,4.734,0
NEG_001598,pseudo_negative,Manipur,24.577429,93.229005,2013-06-03,2013,6,1.3225,0
NEG_001599,pseudo_negative,Manipur,24.525139,93.422152,2026-05-09,2026,5,3.1691,0
NEG_001600,pseudo_negative,Manipur,24.689796,93.64818,2018-05-27,2018,5,1.0376,0
NEG_001601,pseudo_negative,Manipur,24.546142,93.854437,2015-05-23,2015,5,4.5661,0
NEG_001602,pseudo_negative,Manipur,24.638501,94.105617,2008-05-31,2008,5,5.8616,0
NEG_001603,pseudo_negative,Manipur,24.616022,94.502402,2025-05-08,2025,5,12.1422,0
NEG_001604,pseudo_negative,Manipur,24.707383,94.598561,2010-07-01,2010,7,7.7076,0
NEG_001605,pseudo_negative,Manipur,24.754388,93.147463,2026-08-20,2026,8,1.6202,0
NEG_001606,pseudo_negative,Manipur,24.797941,93.327644,2019-05-21,2019,5,3.4438,0
NEG_001607,pseudo_negative,Manipur,24.954425,93.528191,2009-05-25,2009,5,2.6894,0
NEG_001608,pseudo_negative,Manipur,24.934391,93.94016,2019-09-01,2019,9,6.3065,0
NEG_001609,pseudo_negative,Manipur,24.798979,94.157475,2021-05-20,2021,5,3.1686,0
NEG_001610,pseudo_negative,Manipur,24.768086,94.314059,2025-06-28,2025,6,4.2265,0
NEG_001611,pseudo_negative,Manipur,24.903699,94.761809,2018-07-21,2018,7,15.1323,0
NEG_001612,pseudo_negative,Manipur,25.101882,93.02595,2007-11-18,2007,11,2.0649,0
NEG_001613,pseudo_negative,Manipur,25.163421,93.264771,2014-11-10,2014,11,2.6424,0
NEG_001614,pseudo_negative,Manipur,25.013157,93.589799,2025-08-08,2025,8,1.8356,0
NEG_001615,pseudo_negative,Manipur,25.026172,94.044767,2005-06-12,2005,6,2.5659,0
NEG_001616,pseudo_negative,Manipur,25.09937,94.179379,2019-05-22,2019,5,6.1641,0
NEG_001617,pseudo_negative,Manipur,24.990183,94.640519,2017-11-20,2017,11,2.8947,0
NEG_001618,pseudo_negative,Manipur,25.349044,93.12801,2016-06-07,2016,6,1.0182,0
NEG_001619,pseudo_negative,Manipur,25.340788,93.504493,2017-05-14,2017,5,4.8936,0
NEG_001620,pseudo_negative,Manipur,25.417831,93.810664,2013-05-15,2013,5,8.4671,0
NEG_001621,pseudo_negative,Manipur,25.29125,93.880217,2015-07-23,2015,7,5.4917,0
NEG_001622,pseudo_negative,Manipur,25.266182,94.222231,2015-05-31,2015,5,8.7824,0
NEG_001623,pseudo_negative,Manipur,25.317873,94.420882,2014-07-06,2014,7,8.3716,0
NEG_001624,pseudo_negative,Manipur,25.351852,94.572111,2008-10-05,2008,10,2.9514,0
NEG_001625,pseudo_negative,Manipur,25.514361,93.083737,2005-09-19,2005,9,2.3316,0
NEG_001626,pseudo_negative,Manipur,25.613078,93.359712,2016-07-20,2016,7,16.9397,0
NEG_001627,pseudo_negative,Manipur,25.533293,93.482497,2013-05-13,2013,5,5.2501,0
NEG_001628,pseudo_negative,Manipur,25.540294,93.712905,2012-05-02,2012,5,1.348,0
NEG_001629,pseudo_negative,Manipur,25.615846,93.983923,2019-07-25,2019,7,2.2638,0
NEG_001630,pseudo_negative,Manipur,25.446022,94.67233,2009-06-24,2009,6,6.3878,0
NEG_001631,pseudo_negative,Manipur,23.843964,93.169962,2026-05-03,2026,5,1.9152,0
NEG_001632,pseudo_negative,Manipur,23.970734,93.515981,2021-08-15,2021,8,3.6067,0
NEG_001633,pseudo_negative,Manipur,23.833876,93.685892,2005-11-24,2005,11,21.3269,0
NEG_001634,pseudo_negative,Manipur,23.930982,93.870713,2012-11-24,2012,11,9.1511,0
NEG_001635,pseudo_negative,Manipur,23.925297,94.135658,2026-08-02,2026,8,7.2161,0
NEG_001636,pseudo_negative,Manipur,24.039611,94.462779,2019-08-10,2019,8,28.7364,0
NEG_001637,pseudo_negative,Manipur,24.021688,94.644736,2015-06-25,2015,6,44.7981,0
NEG_001638,pseudo_negative,Manipur,24.140662,93.072941,2024-11-14,2024,11,4.0755,0
NEG_001639,pseudo_negative,Manipur,24.179338,93.255865,2023-07-13,2023,7,4.1972,0
NEG_001640,pseudo_negative,Manipur,24.14807,93.711697,2017-05-20,2017,5,11.875,0
NEG_001641,pseudo_negative,Manipur,24.211352,93.967282,2007-08-15,2007,8,2.3902,0
NEG_001642,pseudo_negative,Manipur,24.235058,94.27314,2012-06-12,2012,6,2.1399,0
NEG_001643,pseudo_negative,Manipur,24.224942,94.440869,2008-07-20,2008,7,16.0078,0
NEG_001644,pseudo_negative,Manipur,24.238384,94.579567,2007-05-18,2007,5,29.7201,0
NEG_001645,pseudo_negative,Manipur,24.384571,93.091412,2011-06-15,2011,6,3.3934,0
NEG_001646,pseudo_negative,Manipur,24.494625,93.344263,2021-11-16,2021,11,2.4869,0
NEG_001647,pseudo_negative,Manipur,24.388513,93.575773,2021-05-06,2021,5,4.8145,0
NEG_001648,pseudo_negative,Manipur,24.406353,93.895974,2021-05-20,2021,5,5.3461,0
NEG_001649,pseudo_negative,Manipur,24.319203,94.301149,2013-11-20,2013,11,4.0201,0
NEG_001650,pseudo_negative,Manipur,24.403608,94.315815,2021-07-18,2021,7,6.5095,0
NEG_001651,pseudo_negative,Manipur,24.2942,94.732623,2020-08-20,2020,8,50.8549,0
NEG_001652,pseudo_negative,Manipur,24.634912,93.081016,2007-11-08,2007,11,5.8064,0
NEG_001653,pseudo_negative,Manipur,24.613441,93.205049,2010-08-02,2010,8,1.5444,0
NEG_001654,pseudo_negative,Manipur,24.747671,93.600337,2020-12-22,2020,12,2.383,0
NEG_001655,pseudo_negative,Manipur,24.659631,93.870321,2018-07-07,2018,7,9.839,0
NEG_001656,pseudo_negative,Manipur,24.567619,94.297595,2012-06-30,2012,6,5.7445,0
NEG_001657,pseudo_negative,Manipur,24.553264,94.613061,2022-06-08,2022,6,24.8822,0
NEG_001658,pseudo_negative,Manipur,24.801036,92.965618,2012-11-07,2012,11,8.0761,0
NEG_001659,pseudo_negative,Manipur,24.771133,93.242088,2015-06-16,2015,6,1.6539,0
NEG_001660,pseudo_negative,Manipur,24.870744,93.405967,2015-07-21,2015,7,4.3003,0
NEG_001661,pseudo_negative,Manipur,24.908378,93.753452,2012-06-14,2012,6,4.1767,0
NEG_001662,pseudo_negative,Manipur,24.803665,93.966164,2025-06-01,2025,6,6.9608,0
NEG_001663,pseudo_negative,Manipur,24.907665,94.104956,2026-08-02,2026,8,5.1356,0
NEG_001664,pseudo_negative,Manipur,24.843137,94.49104,2021-11-29,2021,11,2.217,0
NEG_001665,pseudo_negative,Manipur,24.849546,94.596506,2022-08-19,2022,8,2.3024,0
NEG_001666,pseudo_negative,Manipur,24.996562,93.215921,2009-05-05,2009,5,5.2812,0
NEG_001667,pseudo_negative,Manipur,25.195268,93.399224,2024-11-19,2024,11,4.8448,0
NEG_001668,pseudo_negative,Manipur,25.064822,93.744295,2020-06-21,2020,6,6.9711,0
NEG_001669,pseudo_negative,Manipur,25.091914,94.038458,2010-09-23,2010,9,4.0464,0
NEG_001670,pseudo_negative,Manipur,25.209333,94.164612,2014-08-24,2014,8,3.1024,0
NEG_001671,pseudo_negative,Manipur,25.135444,94.476914,2006-11-23,2006,11,1.6326,0
NEG_001672,pseudo_negative,Manipur,25.06235,94.685246,2006-08-09,2006,8,4.172,0
NEG_001673,pseudo_negative,Manipur,25.309036,93.284038,2017-05-11,2017,5,3.1535,0
NEG_001674,pseudo_negative,Manipur,25.272267,93.604063,2007-11-10,2007,11,1.2687,0
NEG_001675,pseudo_negative,Manipur,25.267881,93.788983,2026-08-18,2026,8,6.7356,0
NEG_001676,pseudo_negative,Manipur,25.360602,94.013294,2005-07-29,2005,7,3.714,0
NEG_001677,pseudo_negative,Manipur,25.227881,94.141922,2010-07-22,2010,7,3.0158,0
NEG_001678,pseudo_negative,Manipur,25.338623,94.444238,2026-09-12,2026,9,5.8165,0
NEG_001679,pseudo_negative,Manipur,25.378934,94.699115,2026-11-22,2026,11,7.1561,0
NEG_001680,pseudo_negative,Manipur,25.579789,93.160524,2013-08-04,2013,8,7.7142,0
NEG_001681,pseudo_negative,Manipur,25.607787,93.276855,2010-07-09,2010,7,16.2175,0
NEG_001682,pseudo_negative,Manipur,25.526654,93.603376,2011-05-12,2011,5,6.4358,0
NEG_001683,pseudo_negative,Manipur,25.575411,93.714398,2019-07-03,2019,7,1.0453,0
NEG_001684,pseudo_negative,Meghalaya,24.978653,90.123883,2016-07-19,2016,7,31.9782,0
NEG_001685,pseudo_negative,Meghalaya,25.016502,90.522669,2020-11-08,2020,11,24.1997,0
NEG_001686,pseudo_negative,Meghalaya,24.982405,90.746017,2020-05-26,2020,5,27.8041,0
NEG_001687,pseudo_negative,Meghalaya,25.018497,91.309116,2018-11-30,2018,11,20.6764,0
NEG_001688,pseudo_negative,Meghalaya,24.936362,91.665256,2026-08-10,2026,8,26.0057,0
NEG_001689,pseudo_negative,Meghalaya,24.988269,91.761933,2006-05-01,2006,5,21.3784,0
NEG_001690,pseudo_negative,Meghalaya,24.912849,92.165664,2021-07-29,2021,7,25.6573,0
NEG_001691,pseudo_negative,Meghalaya,25.020239,92.696092,2024-06-23,2024,6,3.6015,0
NEG_001692,pseudo_negative,Meghalaya,25.191526,90.314775,2013-11-23,2013,11,12.2299,0
NEG_001693,pseudo_negative,Meghalaya,25.148952,90.578711,2005-07-28,2005,7,8.6827,0
NEG_001694,pseudo_negative,Meghalaya,25.183132,90.754979,2010-07-01,2010,7,12.7151,0
NEG_001695,pseudo_negative,Meghalaya,25.064663,91.400185,2017-08-01,2017,8,13.5816,0
NEG_001696,pseudo_negative,Meghalaya,25.091917,91.732741,2016-04-12,2016,4,9.6057,0
NEG_001697,pseudo_negative,Meghalaya,25.05717,91.929327,2016-11-30,2016,11,16.6558,0
NEG_001698,pseudo_negative,Meghalaya,25.10699,92.241186,2018-07-04,2018,7,1.7219,0
NEG_001699,pseudo_negative,Meghalaya,25.149119,92.499026,2019-11-19,2019,11,8.3492,0
NEG_001700,pseudo_negative,Meghalaya,25.213535,90.142586,2010-05-07,2010,5,8.5606,0
NEG_001701,pseudo_negative,Meghalaya,25.240047,90.611375,2008-08-04,2008,8,2.8248,0
NEG_001702,pseudo_negative,Meghalaya,25.35578,91.047848,2007-05-21,2007,5,1.2583,0
NEG_001703,pseudo_negative,Meghalaya,25.227075,91.150344,2007-11-29,2007,11,2.7918,0
NEG_001704,pseudo_negative,Meghalaya,25.274693,91.517383,2014-06-16,2014,6,2.2424,0
NEG_001705,pseudo_negative,Meghalaya,25.370652,91.817866,2016-07-12,2016,7,4.3058,0
NEG_001706,pseudo_negative,Meghalaya,25.350917,92.461878,2025-06-18,2025,6,4.1062,0
NEG_001707,pseudo_negative,Meghalaya,25.401295,90.069902,2006-05-09,2006,5,2.388,0
NEG_001708,pseudo_negative,Meghalaya,25.434402,90.673221,2024-11-22,2024,11,4.4484,0
NEG_001709,pseudo_negative,Meghalaya,25.442469,90.974429,2007-05-21,2007,5,7.6554,0
NEG_001710,pseudo_negative,Meghalaya,25.422653,91.250279,2010-07-25,2010,7,7.5518,0
NEG_001711,pseudo_negative,Meghalaya,25.410478,91.741437,2013-11-04,2013,11,2.4972,0
NEG_001712,pseudo_negative,Meghalaya,25.503798,92.02514,2013-05-25,2013,5,4.3917,0
NEG_001713,pseudo_negative,Meghalaya,25.47547,92.333148,2008-05-24,2008,5,7.4715,0
NEG_001714,pseudo_negative,Meghalaya,25.402994,92.524886,2013-07-15,2013,7,4.2037,0
NEG_001715,pseudo_negative,Meghalaya,25.668814,90.32383,2025-05-21,2025,5,4.36,0
NEG_001716,pseudo_negative,Meghalaya,25.611331,90.513899,2006-02-07,2006,2,14.0957,0
NEG_001717,pseudo_negative,Meghalaya,25.588949,90.822855,2023-05-18,2023,5,2.9888,0
NEG_001718,pseudo_negative,Meghalaya,25.577881,91.087506,2025-07-20,2025,7,6.9473,0
NEG_001719,pseudo_negative,Meghalaya,25.588631,91.457498,2025-08-30,2025,8,4.1212,0
NEG_001720,pseudo_negative,Meghalaya,25.643475,91.921936,2022-11-25,2022,11,1.2359,0
NEG_001721,pseudo_negative,Meghalaya,25.595892,92.310757,2024-08-08,2024,8,4.0744,0
NEG_001722,pseudo_negative,Meghalaya,25.598532,92.417052,2011-10-30,2011,10,3.894,0
NEG_001723,pseudo_negative,Meghalaya,25.741679,90.400583,2024-07-10,2024,7,6.6671,0
NEG_001724,pseudo_negative,Meghalaya,25.831647,90.50355,2026-08-14,2026,8,7.8686,0
NEG_001725,pseudo_negative,Meghalaya,25.715934,90.878639,2005-08-10,2005,8,5.6207,0
NEG_001726,pseudo_negative,Meghalaya,25.716817,91.150581,2010-05-23,2010,5,3.8359,0
NEG_001727,pseudo_negative,Meghalaya,25.817874,91.775469,2022-08-27,2022,8,10.0345,0
NEG_001728,pseudo_negative,Meghalaya,25.749458,92.335515,2012-08-23,2012,8,15.4611,0
NEG_001729,pseudo_negative,Meghalaya,25.784646,92.661323,2005-07-31,2005,7,6.6645,0
NEG_001730,pseudo_negative,Meghalaya,25.985353,90.315521,2013-11-26,2013,11,23.7099,0
NEG_001731,pseudo_negative,Meghalaya,25.886522,90.45686,2026-07-19,2026,7,10.8646,0
NEG_001732,pseudo_negative,Meghalaya,25.947147,91.004711,2005-07-29,2005,7,13.7915,0
NEG_001733,pseudo_negative,Meghalaya,25.970779,91.138523,2015-04-17,2015,4,13.3009,0
NEG_001734,pseudo_negative,Meghalaya,25.936395,91.591057,2008-08-23,2008,8,2.0362,0
NEG_001735,pseudo_negative,Meghalaya,25.913061,91.745553,2012-11-04,2012,11,3.7428,0
NEG_001736,pseudo_negative,Meghalaya,26.003593,92.188296,2014-07-09,2014,7,7.634,0
NEG_001737,pseudo_negative,Meghalaya,25.966285,92.534518,2010-06-03,2010,6,1.3835,0
NEG_001738,pseudo_negative,Meghalaya,26.057895,90.1748,2011-08-06,2011,8,19.8489,0
NEG_001739,pseudo_negative,Meghalaya,26.100604,90.49223,2020-07-18,2020,7,12.093,0
NEG_001740,pseudo_negative,Meghalaya,26.143844,91.057712,2018-11-04,2018,11,10.9117,0
NEG_001741,pseudo_negative,Meghalaya,26.129206,91.304885,2006-06-12,2006,6,17.8981,0
NEG_001742,pseudo_negative,Meghalaya,26.016966,91.737658,2024-06-19,2024,6,6.0809,0
NEG_001743,pseudo_negative,Meghalaya,26.103356,91.757229,2024-08-06,2024,8,1.6647,0
NEG_001744,pseudo_negative,Meghalaya,26.098619,92.343324,2025-08-21,2025,8,9.256,0
NEG_001745,pseudo_negative,Meghalaya,26.146941,92.437684,2025-08-22,2025,8,3.069,0
NEG_001746,pseudo_negative,Meghalaya,24.936483,90.131417,2010-05-07,2010,5,36.313,0
NEG_001747,pseudo_negative,Meghalaya,24.976395,90.446848,2016-05-21,2016,5,32.0064,0
NEG_001748,pseudo_negative,Meghalaya,24.896626,90.844055,2023-12-06,2023,12,38.2835,0
NEG_001749,pseudo_negative,Meghalaya,24.940951,91.147002,2021-06-06,2021,6,28.5791,0
NEG_001750,pseudo_negative,Meghalaya,24.98957,91.670456,2026-08-12,2026,8,20.0663,0
NEG_001751,pseudo_negative,Meghalaya,24.969697,92.027691,2025-06-18,2025,6,22.477,0
NEG_001752,pseudo_negative,Meghalaya,25.005261,92.354395,2005-12-15,2005,12,6.7979,0
NEG_001753,pseudo_negative,Meghalaya,25.033436,92.480869,2023-08-25,2023,8,1.7527,0
NEG_001754,pseudo_negative,Meghalaya,25.138702,90.238227,2011-08-27,2011,8,13.0551,0
NEG_001755,pseudo_negative,Meghalaya,25.139167,90.417732,2011-11-14,2011,11,22.9836,0
NEG_001756,pseudo_negative,Meghalaya,25.167105,90.754008,2021-09-27,2021,9,13.1606,0
NEG_001757,pseudo_negative,Meghalaya,25.140608,91.080001,2021-05-18,2021,5,6.9054,0
NEG_001758,pseudo_negative,Meghalaya,25.104278,91.619102,2013-06-28,2013,6,8.6706,0
NEG_001759,pseudo_negative,Meghalaya,25.19091,92.051807,2012-05-01,2012,5,2.2637,0
NEG_001760,pseudo_negative,Meghalaya,25.166804,92.333179,2006-08-13,2006,8,3.9894,0
NEG_001761,pseudo_negative,Meghalaya,25.151119,92.663025,2008-05-23,2008,5,15.8565,0
NEG_001762,pseudo_negative,Meghalaya,25.238786,90.110302,2008-11-28,2008,11,10.6544,0
NEG_001763,pseudo_negative,Meghalaya,25.341395,90.440503,2012-05-18,2012,5,23.0099,0
NEG_001764,pseudo_negative,Meghalaya,25.27252,90.826538,2007-05-26,2007,5,11.3556,0
NEG_001765,pseudo_negative,Meghalaya,25.317116,91.402652,2019-05-22,2019,5,4.6784,0
NEG_001766,pseudo_negative,Meghalaya,25.359124,91.623857,2009-08-15,2009,8,2.3359,0
NEG_001767,pseudo_negative,Meghalaya,25.3545,91.903741,2012-07-17,2012,7,1.0858,0
NEG_001768,pseudo_negative,Meghalaya,25.225035,92.343323,2021-06-04,2021,6,4.9663,0
NEG_001769,pseudo_negative,Meghalaya,25.27548,92.508751,2007-08-13,2007,8,5.1899,0
NEG_001770,pseudo_negative,Meghalaya,25.423906,90.123653,2023-11-27,2023,11,7.9081,0
NEG_001771,pseudo_negative,Meghalaya,25.447537,90.511075,2009-05-02,2009,5,16.4828,0
NEG_001772,pseudo_negative,Meghalaya,25.491222,91.189688,2008-07-31,2008,7,1.0887,0
NEG_001773,pseudo_negative,Meghalaya,25.418353,91.551129,2017-11-07,2017,11,2.0079,0
NEG_001774,pseudo_negative,Meghalaya,25.431899,91.964427,2017-11-12,2017,11,4.3692,0
NEG_001775,pseudo_negative,Meghalaya,25.477043,92.243047,2005-11-04,2005,11,1.9178,0
NEG_001776,pseudo_negative,Meghalaya,25.461701,92.510433,2018-05-28,2018,5,2.4998,0
NEG_001777,pseudo_negative,Meghalaya,25.584874,90.245908,2005-07-11,2005,7,4.7309,0
NEG_001778,pseudo_negative,Meghalaya,25.576886,90.444988,2006-05-02,2006,5,7.7526,0
NEG_001779,pseudo_negative,Meghalaya,25.687435,90.929999,2007-06-15,2007,6,11.2444,0
NEG_001780,pseudo_negative,Meghalaya,25.64818,91.119886,2005-08-09,2005,8,1.5385,0
NEG_001781,pseudo_negative,Meghalaya,25.61136,91.666479,2020-09-27,2020,9,5.037,0
NEG_001782,pseudo_negative,Meghalaya,25.564025,91.774325,2026-09-06,2026,9,2.1621,0
NEG_001783,pseudo_negative,Meghalaya,25.681156,92.389759,2015-09-09,2015,9,9.9675,0
NEG_001784,pseudo_negative,Meghalaya,25.620538,92.690884,2011-05-17,2011,5,5.8649,0
NEG_001785,pseudo_negative,Meghalaya,25.707707,90.38698,2014-06-13,2014,6,6.4547,0
NEG_001786,pseudo_negative,Meghalaya,25.752189,90.528496,2018-05-30,2018,5,9.8084,0
NEG_001787,pseudo_negative,Meghalaya,25.714103,91.001895,2014-05-18,2014,5,5.5694,0
NEG_001788,pseudo_negative,Meghalaya,25.700521,91.14773,2025-03-09,2025,3,3.0101,0
NEG_001789,pseudo_negative,Meghalaya,25.72968,91.655816,2024-11-26,2024,11,2.0365,0
NEG_001790,pseudo_negative,Meghalaya,25.757584,91.850816,2018-08-31,2018,8,3.1659,0
NEG_001791,pseudo_negative,Meghalaya,25.781254,92.164698,2008-07-10,2008,7,2.7302,0
NEG_001792,pseudo_negative,Meghalaya,25.782013,92.419367,2005-07-30,2005,7,6.3341,0
NEG_001793,pseudo_negative,Meghalaya,25.950106,90.136726,2022-08-24,2022,8,31.9259,0
NEG_001794,pseudo_negative,Meghalaya,25.870801,90.601,2018-09-20,2018,9,15.0454,0
NEG_001795,pseudo_negative,Meghalaya,25.88861,91.03142,2020-05-15,2020,5,6.7772,0
NEG_001796,pseudo_negative,Meghalaya,25.872481,91.138861,2007-07-09,2007,7,3.9946,0
NEG_001797,pseudo_negative,Meghalaya,25.975727,91.470716,2020-05-31,2020,5,7.947,0
NEG_001798,pseudo_negative,Meghalaya,25.951747,92.055357,2025-08-26,2025,8,2.0371,0
NEG_001799,pseudo_negative,Meghalaya,25.970388,92.124239,2024-07-01,2024,7,6.7456,0
NEG_001800,pseudo_negative,Meghalaya,25.869896,92.534829,2007-11-07,2007,11,3.679,0
NEG_001801,pseudo_negative,Meghalaya,26.157342,90.340578,2023-05-23,2023,5,6.2042,0
NEG_001802,pseudo_negative,Meghalaya,26.023826,90.620763,2021-06-20,2021,6,3.2491,0
NEG_001803,pseudo_negative,Meghalaya,26.091944,90.901055,2016-06-08,2016,6,27.3073,0
NEG_001804,pseudo_negative,Meghalaya,26.083228,91.274894,2021-07-30,2021,7,14.823,0
NEG_001805,pseudo_negative,Meghalaya,26.133439,91.678864,2023-08-04,2023,8,2.4469,0
NEG_001806,pseudo_negative,Meghalaya,26.093457,91.935722,2021-11-02,2021,11,1.7833,0
NEG_001807,pseudo_negative,Meghalaya,26.169017,92.080371,2020-05-07,2020,5,4.5009,0
NEG_001808,pseudo_negative,Meghalaya,26.141489,92.615476,2012-09-06,2012,9,15.1114,0
NEG_001809,pseudo_negative,Meghalaya,24.949055,90.220414,2013-07-13,2013,7,33.9341,0
NEG_001810,pseudo_negative,Meghalaya,24.96939,90.493479,2012-11-13,2012,11,30.2042,0
NEG_001811,pseudo_negative,Meghalaya,24.973042,91.044424,2005-08-18,2005,8,24.2798,0
NEG_001812,pseudo_negative,Meghalaya,24.939441,91.337724,2013-04-08,2013,4,28.9411,0
NEG_001813,pseudo_negative,Meghalaya,24.918112,91.415322,2009-12-30,2009,12,27.9598,0
NEG_001814,pseudo_negative,Meghalaya,25.014675,91.779915,2005-08-28,2005,8,19.3982,0
NEG_001815,pseudo_negative,Meghalaya,24.945647,92.247754,2016-04-20,2016,4,17.8113,0
NEG_001816,pseudo_negative,Meghalaya,24.972825,92.660549,2017-07-06,2017,7,1.4271,0
NEG_001817,pseudo_negative,Meghalaya,25.138336,90.312599,2012-10-30,2012,10,16.2069,0
NEG_001818,pseudo_negative,Meghalaya,25.152622,90.59719,2007-07-19,2007,7,7.31,0
NEG_001819,pseudo_negative,Meghalaya,25.062375,90.971239,2015-07-23,2015,7,15.9467,0
NEG_001820,pseudo_negative,Meghalaya,25.192574,91.298135,2025-04-11,2025,4,6.5206,0
NEG_001821,pseudo_negative,Meghalaya,25.062343,91.52611,2005-05-15,2005,5,10.7085,0
NEG_001822,pseudo_negative,Meghalaya,25.083239,91.820882,2017-09-24,2017,9,13.1261,0
NEG_001823,pseudo_negative,Meghalaya,25.114321,92.137044,2020-05-04,2020,5,3.2669,0
NEG_001824,pseudo_negative,Meghalaya,25.11566,92.430059,2010-11-11,2010,11,4.2323,0
NEG_001825,pseudo_negative,Meghalaya,25.294854,90.34182,2007-05-05,2007,5,13.543,0
NEG_001826,pseudo_negative,Meghalaya,25.365336,90.530046,2009-11-20,2009,11,16.4787,0
NEG_001827,pseudo_negative,Meghalaya,25.301803,90.839375,2015-05-17,2015,5,8.4129,0
NEG_001828,pseudo_negative,Meghalaya,25.231421,91.074889,2011-08-28,2011,8,5.6417,0
NEG_001829,pseudo_negative,Meghalaya,25.261274,91.482272,2018-11-21,2018,11,3.0074,0
NEG_001830,pseudo_negative,Meghalaya,25.261404,91.851536,2018-11-26,2018,11,1.7704,0
NEG_001831,pseudo_negative,Meghalaya,25.360117,92.177578,2007-07-04,2007,7,6.7933,0
NEG_001832,pseudo_negative,Meghalaya,25.260862,92.711379,2025-08-02,2025,8,5.6961,0
NEG_001833,pseudo_negative,Meghalaya,25.519392,90.393507,2007-11-20,2007,11,5.0942,0
NEG_001834,pseudo_negative,Meghalaya,25.386063,90.5219,2005-11-01,2005,11,19.6576,0
NEG_001835,pseudo_negative,Meghalaya,25.518837,90.746323,2020-06-01,2020,6,5.8818,0
NEG_001836,pseudo_negative,Meghalaya,25.415422,91.356691,2017-09-05,2017,9,3.4159,0
NEG_001837,pseudo_negative,Meghalaya,25.462928,91.534699,2005-12-05,2005,12,5.3234,0
NEG_001838,pseudo_negative,Meghalaya,25.473126,91.891075,2005-11-12,2005,11,4.7771,0
NEG_001839,pseudo_negative,Meghalaya,25.505748,92.351415,2009-11-19,2009,11,5.4719,0
NEG_001840,pseudo_negative,Meghalaya,25.421962,92.650922,2016-08-13,2016,8,6.5717,0
NEG_001841,pseudo_negative,Meghalaya,25.694693,90.396143,2005-07-16,2005,7,5.2263,0
NEG_001842,pseudo_negative,Meghalaya,25.678506,90.732089,2020-05-25,2020,5,8.4192,0
NEG_001843,pseudo_negative,Meghalaya,25.586249,91.037772,2014-08-24,2014,8,3.2082,0
NEG_001844,pseudo_negative,Meghalaya,25.641679,91.211834,2011-09-13,2011,9,3.4476,0
NEG_001845,pseudo_negative,Meghalaya,25.581616,91.637868,2009-10-23,2009,10,3.6112,0
NEG_001846,pseudo_negative,Meghalaya,25.585806,91.992588,2015-05-04,2015,5,5.2149,0
NEG_001847,pseudo_negative,Meghalaya,25.601451,92.097735,2008-11-29,2008,11,4.3744,0
NEG_001848,pseudo_negative,Meghalaya,25.542309,92.696092,2015-08-16,2015,8,3.6073,0
NEG_001849,pseudo_negative,Meghalaya,25.837374,90.25938,2012-01-04,2012,1,20.2379,0
NEG_001850,pseudo_negative,Meghalaya,25.774763,90.719873,2017-06-18,2017,6,12.1479,0
NEG_001851,pseudo_negative,Meghalaya,25.699953,91.043952,2006-08-11,2006,8,1.0941,0
NEG_001852,pseudo_negative,Meghalaya,25.806439,91.157679,2015-06-02,2015,6,3.1615,0
NEG_001853,pseudo_negative,Meghalaya,25.7459,91.643044,2020-05-26,2020,5,2.4001,0
NEG_001854,pseudo_negative,Meghalaya,25.779789,91.757257,2015-08-07,2015,8,9.6638,0
NEG_001855,pseudo_negative,Meghalaya,25.822358,92.339744,2008-07-05,2008,7,13.5985,0
NEG_001856,pseudo_negative,Meghalaya,25.762849,92.747493,2024-11-20,2024,11,6.1404,0
NEG_001857,pseudo_negative,Meghalaya,25.878859,90.217063,2022-06-24,2022,6,23.5188,0
NEG_001858,pseudo_negative,Meghalaya,25.957066,90.573049,2016-05-31,2016,5,5.867,0
NEG_001859,pseudo_negative,Meghalaya,26.005682,90.871666,2012-07-15,2012,7,26.3357,0
NEG_001860,pseudo_negative,Meghalaya,25.898126,91.395861,2009-11-28,2009,11,1.3837,0
NEG_001861,pseudo_negative,Meghalaya,26.015567,91.632823,2017-10-15,2017,10,6.0258,0
NEG_001862,pseudo_negative,Meghalaya,25.859347,92.023633,2021-08-16,2021,8,1.7449,0
NEG_001863,pseudo_negative,Meghalaya,25.915573,92.202903,2005-07-01,2005,7,7.4383,0
NEG_001864,pseudo_negative,Meghalaya,25.921081,92.49021,2013-08-08,2013,8,1.1734,0
NEG_001865,pseudo_negative,Meghalaya,26.067075,90.344373,2009-07-04,2009,7,15.2765,0
NEG_001866,pseudo_negative,Meghalaya,26.041754,90.578599,2026-08-18,2026,8,3.3964,0
NEG_001867,pseudo_negative,Meghalaya,26.084678,90.907875,2009-07-06,2009,7,27.0838,0
NEG_001868,pseudo_negative,Meghalaya,26.075946,91.296019,2005-09-14,2005,9,14.0958,0
NEG_001869,pseudo_negative,Meghalaya,26.084448,91.487175,2009-05-09,2009,5,11.5312,0
NEG_001870,pseudo_negative,Meghalaya,26.102737,92.022451,2021-07-24,2021,7,1.7779,0
NEG_001871,pseudo_negative,Meghalaya,26.047545,92.368965,2010-06-02,2010,6,6.3177,0
NEG_001872,pseudo_negative,Meghalaya,26.153579,92.546716,2024-05-04,2024,5,11.2691,0
NEG_001873,pseudo_negative,Meghalaya,24.988636,90.116782,2022-07-21,2022,7,31.1355,0
NEG_001874,pseudo_negative,Meghalaya,24.945991,90.482184,2006-06-25,2006,6,33.0383,0
NEG_001875,pseudo_negative,Meghalaya,25.010862,90.884681,2010-07-03,2010,7,25.4741,0
NEG_001876,pseudo_negative,Meghalaya,24.973812,91.226122,2017-11-25,2017,11,25.2747,0
NEG_001877,pseudo_negative,Meghalaya,25.018616,91.603622,2005-08-17,2005,8,17.4007,0
NEG_001878,pseudo_negative,Meghalaya,24.938517,92.016064,2014-05-27,2014,5,26.0673,0
NEG_001879,pseudo_negative,Meghalaya,25.037244,92.364015,2025-11-13,2025,11,3.5975,0
NEG_001880,pseudo_negative,Meghalaya,24.911644,92.424168,2011-07-11,2011,7,9.0937,0
NEG_001881,pseudo_negative,Meghalaya,25.109265,90.381895,2021-05-08,2021,5,23.2855,0
NEG_001882,pseudo_negative,Meghalaya,25.154758,90.402632,2023-06-22,2023,6,21.8891,0
NEG_001883,pseudo_negative,Meghalaya,25.209809,90.968931,2014-05-02,2014,5,7.484,0
NEG_001884,pseudo_negative,Meghalaya,25.067,91.392157,2011-07-22,2011,7,13.324,0
NEG_001885,pseudo_negative,Meghalaya,25.08503,91.701226,2019-08-07,2019,8,9.4226,0
NEG_001886,pseudo_negative,Meghalaya,25.175386,91.842508,2014-05-16,2014,5,3.1278,0
NEG_001887,pseudo_negative,Meghalaya,25.113677,92.403077,2014-10-22,2014,10,1.7196,0
NEG_001888,pseudo_negative,Meghalaya,25.139631,92.494992,2012-07-23,2012,7,8.2384,0
NEG_001889,pseudo_negative,Meghalaya,25.241772,90.204163,2023-08-20,2023,8,1.7505,0
NEG_001890,pseudo_negative,Meghalaya,25.252427,90.695297,2006-05-12,2006,5,5.8106,0
NEG_001891,pseudo_negative,Meghalaya,25.244705,91.006768,2024-07-11,2024,7,6.8316,0
NEG_001892,pseudo_negative,Meghalaya,25.249152,91.302717,2016-06-24,2016,6,5.6486,0
NEG_001893,pseudo_negative,Meghalaya,25.365101,91.418328,2022-08-05,2022,8,4.4954,0
NEG_001894,pseudo_negative,Meghalaya,25.325982,91.827752,2022-06-17,2022,6,5.2369,0
NEG_001895,pseudo_negative,Meghalaya,25.302333,92.300456,2013-07-31,2013,7,4.6851,0
NEG_001896,pseudo_negative,Meghalaya,25.317443,92.608751,2025-05-10,2025,5,2.632,0
NEG_001897,pseudo_negative,Meghalaya,25.532506,90.135177,2025-05-25,2025,5,7.9143,0
NEG_001898,pseudo_negative,Meghalaya,25.503045,90.463661,2008-08-30,2008,8,11.3325,0
NEG_001899,pseudo_negative,Meghalaya,25.388385,90.969521,2012-06-19,2012,6,6.0709,0
NEG_001900,pseudo_negative,Meghalaya,25.415775,91.31368,2012-06-23,2012,6,4.5812,0
NEG_001901,pseudo_negative,Meghalaya,25.514583,91.498267,2020-08-03,2020,8,1.9847,0
NEG_001902,pseudo_negative,Meghalaya,25.391106,91.836471,2007-05-16,2007,5,3.5547,0
NEG_001903,pseudo_negative,Meghalaya,25.408432,92.315173,2010-09-17,2010,9,3.0046,0
NEG_001904,pseudo_negative,Meghalaya,25.467227,92.577009,2005-09-08,2005,9,6.896,0
NEG_001905,pseudo_negative,Meghalaya,25.566058,90.147048,2021-08-27,2021,8,8.874,0
NEG_001906,pseudo_negative,Meghalaya,25.632842,90.414397,2020-07-04,2020,7,3.9407,0
NEG_001907,pseudo_negative,Meghalaya,25.654268,90.892649,2011-05-01,2011,5,8.7584,0
NEG_001908,pseudo_negative,Meghalaya,25.628972,91.305444,2023-05-02,2023,5,1.6059,0
NEG_001909,pseudo_negative,Meghalaya,25.576403,91.436077,2015-05-17,2015,5,6.0948,0
NEG_001910,pseudo_negative,Meghalaya,25.638516,92.004446,2005-11-30,2005,11,4.0285,0
NEG_001911,pseudo_negative,Meghalaya,25.578338,92.089072,2007-08-11,2007,8,3.0967,0
NEG_001912,pseudo_negative,Meghalaya,25.544054,92.535486,2022-05-10,2022,5,3.3894,0
NEG_001913,pseudo_negative,Meghalaya,25.808349,90.286938,2006-11-17,2006,11,15.4585,0
NEG_001914,pseudo_negative,Meghalaya,25.711547,90.451568,2024-08-12,2024,8,8.8002,0
NEG_001915,pseudo_negative,Meghalaya,25.788755,90.761756,2021-06-29,2021,6,10.0718,0
NEG_001916,pseudo_negative,Meghalaya,25.752617,91.281756,2022-08-30,2022,8,3.0062,0
NEG_001917,pseudo_negative,Meghalaya,25.79433,92.021779,2005-06-16,2005,6,2.5701,0
NEG_001918,pseudo_negative,Meghalaya,25.853078,92.126515,2020-10-13,2020,10,3.0267,0
NEG_001919,pseudo_negative,Meghalaya,25.839549,92.743767,2020-05-28,2020,5,2.4403,0
NEG_001920,pseudo_negative,Meghalaya,26.004786,90.209444,2017-06-20,2017,6,23.2331,0
NEG_001921,pseudo_negative,Meghalaya,25.986148,90.594599,2006-05-27,2006,5,2.2078,0
NEG_001922,pseudo_negative,Meghalaya,25.885222,90.884688,2009-08-01,2009,8,15.7183,0
NEG_001923,pseudo_negative,Meghalaya,25.903052,91.259498,2022-05-03,2022,5,5.6085,0
NEG_001924,pseudo_negative,Meghalaya,25.955516,91.510628,2008-05-07,2008,5,3.6004,0
NEG_001925,pseudo_negative,Meghalaya,25.890011,91.952642,2026-06-06,2026,6,6.7992,0
NEG_001926,pseudo_negative,Meghalaya,25.965956,92.251577,2016-05-19,2016,5,5.2723,0
NEG_001927,pseudo_negative,Meghalaya,26.005259,92.553663,2024-11-09,2024,11,4.3172,0
NEG_001928,pseudo_negative,Meghalaya,26.121259,90.271786,2011-05-28,2011,5,8.9253,0
NEG_001929,pseudo_negative,Meghalaya,26.150539,90.628809,2013-05-12,2013,5,10.2362,0
NEG_001930,pseudo_negative,Meghalaya,26.032886,91.052709,2020-05-05,2020,5,21.0141,0
NEG_001931,pseudo_negative,Meghalaya,26.127009,91.310791,2015-09-05,2015,9,18.5342,0
NEG_001932,pseudo_negative,Meghalaya,26.097981,91.692776,2022-05-03,2022,5,3.0398,0
NEG_001933,pseudo_negative,Meghalaya,26.118321,91.793974,2015-03-17,2015,3,1.3357,0
NEG_001934,pseudo_negative,Meghalaya,26.141268,92.381061,2022-11-26,2022,11,6.3329,0
NEG_001935,pseudo_negative,Meghalaya,26.16104,92.563777,2020-11-12,2020,11,13.1557,0
NEG_001936,pseudo_negative,Meghalaya,25.041117,90.39222,2018-05-24,2018,5,29.6656,0
NEG_001937,pseudo_negative,Meghalaya,25.044009,90.719171,2023-10-21,2023,10,20.451,0
NEG_001938,pseudo_negative,Meghalaya,24.982399,91.053733,2010-10-03,2010,10,23.2745,0
NEG_001939,pseudo_negative,Meghalaya,24.90122,91.186278,2012-07-05,2012,7,33.3213,0
NEG_001940,pseudo_negative,Meghalaya,24.929593,91.727546,2026-11-17,2026,11,26.9055,0
NEG_001941,pseudo_negative,Meghalaya,24.936948,91.752347,2022-08-25,2022,8,26.5732,0
NEG_001942,pseudo_negative,Meghalaya,24.979881,92.35281,2013-08-27,2013,8,8.0949,0
NEG_001943,pseudo_negative,Meghalaya,25.047376,92.656293,2006-06-21,2006,6,8.5101,0
NEG_001944,pseudo_negative,Meghalaya,25.053208,90.146616,2016-08-24,2016,8,23.3799,0
NEG_001945,pseudo_negative,Meghalaya,25.105986,90.611265,2019-05-07,2019,5,11.7805,0
NEG_001946,pseudo_negative,Meghalaya,25.204939,90.875562,2014-07-08,2014,7,15.1223,0
NEG_001947,pseudo_negative,Meghalaya,25.114975,91.317293,2012-08-30,2012,8,11.2826,0
NEG_001948,pseudo_negative,Meghalaya,25.147746,91.530485,2008-06-17,2008,6,1.3214,0
NEG_001949,pseudo_negative,Meghalaya,25.053021,92.034268,2022-07-14,2022,7,14.6144,0
NEG_001950,pseudo_negative,Meghalaya,25.06625,92.360115,2017-06-06,2017,6,1.0633,0
NEG_001951,pseudo_negative,Meghalaya,25.187738,92.568396,2014-05-29,2014,5,16.2617,0
NEG_001952,pseudo_negative,Meghalaya,25.328202,90.393953,2011-08-18,2011,8,19.7971,0
NEG_001953,pseudo_negative,Meghalaya,25.276508,90.653465,2025-08-29,2025,8,4.3943,0
NEG_001954,pseudo_negative,Meghalaya,25.363632,90.934445,2005-06-18,2005,6,6.7845,0
NEG_001955,pseudo_negative,Meghalaya,25.327302,91.368443,2007-05-21,2007,5,3.7581,0
NEG_001956,pseudo_negative,Meghalaya,25.30073,91.661729,2014-05-30,2014,5,2.8218,0
NEG_001957,pseudo_negative,Meghalaya,25.233849,91.882202,2023-11-04,2023,11,1.6228,0
NEG_001958,pseudo_negative,Meghalaya,25.281498,92.258269,2026-07-08,2026,7,5.6342,0
NEG_001959,pseudo_negative,Meghalaya,25.37146,92.578767,2021-05-01,2021,5,1.9427,0
NEG_001960,pseudo_negative,Meghalaya,25.530995,90.397667,2018-08-07,2018,8,4.2552,0
NEG_001961,pseudo_negative,Meghalaya,25.386264,90.59511,2022-09-04,2022,9,9.6607,0
NEG_001962,pseudo_negative,Meghalaya,25.524753,90.794959,2017-05-15,2017,5,3.702,0
NEG_001963,pseudo_negative,Meghalaya,25.428362,91.094328,2007-12-09,2007,12,3.1578,0
NEG_001964,pseudo_negative,Meghalaya,25.381078,91.696303,2014-07-03,2014,7,4.0563,0
NEG_001965,pseudo_negative,Meghalaya,25.446499,92.056235,2022-05-07,2022,5,2.267,0
NEG_001966,pseudo_negative,Meghalaya,25.494113,92.322735,2009-04-21,2009,4,6.4641,0
NEG_001967,pseudo_negative,Meghalaya,25.41565,92.696623,2009-08-19,2009,8,8.2387,0
NEG_001968,pseudo_negative,Meghalaya,25.581959,90.15307,2024-08-30,2024,8,9.8308,0
NEG_001969,pseudo_negative,Meghalaya,25.55482,90.716005,2009-06-18,2009,6,6.3542,0
NEG_001970,pseudo_negative,Meghalaya,25.598208,90.980336,2013-07-12,2013,7,4.4283,0
NEG_001971,pseudo_negative,Meghalaya,25.686038,91.527578,2014-08-14,2014,8,7.1258,0
NEG_001972,pseudo_negative,Meghalaya,25.63876,92.382168,2005-09-25,2005,9,7.6963,0
NEG_001973,pseudo_negative,Meghalaya,25.783897,90.080592,2014-06-24,2014,6,16.1108,0
NEG_001974,pseudo_negative,Meghalaya,25.740356,90.488347,2012-06-09,2012,6,7.3425,0
NEG_001975,pseudo_negative,Meghalaya,25.792085,90.932738,2025-05-08,2025,5,7.7849,0
NEG_001976,pseudo_negative,Meghalaya,25.827649,91.103598,2018-07-16,2018,7,3.1406,0
NEG_001977,pseudo_negative,Meghalaya,25.787159,91.705257,2009-11-19,2009,11,4.4168,0
NEG_001978,pseudo_negative,Meghalaya,25.834873,91.815691,2021-06-08,2021,6,6.614,0
NEG_001979,pseudo_negative,Meghalaya,25.757841,92.264774,2009-05-08,2009,5,12.891,0
NEG_001980,pseudo_negative,Meghalaya,25.756216,92.64029,2022-11-21,2022,11,10.256,0
NEG_001981,pseudo_negative,Meghalaya,25.88802,90.197595,2023-08-30,2023,8,24.3067,0
NEG_001982,pseudo_negative,Meghalaya,25.950607,90.582427,2009-11-03,2009,11,6.2863,0
NEG_001983,pseudo_negative,Meghalaya,25.955941,90.928746,2021-06-17,2021,6,18.5266,0
NEG_001984,pseudo_negative,Meghalaya,25.896408,91.325949,2024-04-16,2024,4,6.7181,0
NEG_001985,pseudo_negative,Meghalaya,25.919594,91.719671,2026-07-12,2026,7,1.7808,0
NEG_001986,pseudo_negative,Meghalaya,25.955693,92.01265,2009-10-21,2009,10,4.4049,0
NEG_001987,pseudo_negative,Meghalaya,25.873822,92.389472,2023-07-29,2023,7,10.8255,0
NEG_001988,pseudo_negative,Meghalaya,25.955819,92.486191,2015-05-14,2015,5,2.7492,0
NEG_001989,pseudo_negative,Meghalaya,26.019589,90.394927,2023-08-09,2023,8,20.0504,0
NEG_001990,pseudo_negative,Meghalaya,26.064262,90.525707,2020-06-12,2020,6,7.9288,0
NEG_001991,pseudo_negative,Meghalaya,26.118387,91.059374,2020-11-13,2020,11,12.6971,0
NEG_001992,pseudo_negative,Meghalaya,26.123267,91.276221,2010-05-08,2010,5,15.7676,0
NEG_001993,pseudo_negative,Meghalaya,26.152827,91.600669,2007-09-13,2007,9,5.6661,0
NEG_001994,pseudo_negative,Meghalaya,26.06592,92.006591,2012-11-10,2012,11,2.7554,0
NEG_001995,pseudo_negative,Meghalaya,26.059079,92.125363,2022-05-22,2022,5,2.2713,0
NEG_001996,pseudo_negative,Meghalaya,26.168468,92.634763,2008-05-08,2008,5,12.7849,0
NEG_001997,pseudo_negative,Meghalaya,25.040625,90.269743,2025-05-28,2025,5,24.3815,0
NEG_001998,pseudo_negative,Meghalaya,25.040868,90.575851,2017-06-21,2017,6,19.6673,0
NEG_001999,pseudo_negative,Meghalaya,24.901804,91.058379,2008-06-30,2008,6,32.2484,0
NEG_002000,pseudo_negative,Meghalaya,25.043834,91.128767,2015-05-05,2015,5,17.1637,0
NEG_002001,pseudo_negative,Meghalaya,24.955122,91.425607,2016-05-13,2016,5,23.7172,0
NEG_002002,pseudo_negative,Meghalaya,25.009586,92.023284,2006-05-22,2006,5,19.0772,0
NEG_002003,pseudo_negative,Meghalaya,25.015416,92.162929,2019-07-24,2019,7,14.3743,0
NEG_002004,pseudo_negative,Meghalaya,24.95118,92.442794,2021-11-25,2021,11,4.3773,0
NEG_002005,pseudo_negative,Meghalaya,25.159749,90.389437,2018-05-29,2018,5,20.4636,0
NEG_002006,pseudo_negative,Meghalaya,25.170231,90.518553,2023-05-16,2023,5,12.2696,0
NEG_002007,pseudo_negative,Meghalaya,25.209333,90.980582,2024-06-09,2024,6,6.3479,0
NEG_002008,pseudo_negative,Meghalaya,25.120669,91.323335,2021-06-28,2021,6,10.4048,0
NEG_002009,pseudo_negative,Meghalaya,25.128699,91.607121,2014-07-13,2014,7,6.0735,0
NEG_002010,pseudo_negative,Meghalaya,25.069815,91.799897,2008-11-13,2008,11,13.7335,0
NEG_002011,pseudo_negative,Meghalaya,25.10893,92.163027,2026-11-23,2026,11,4.3829,0
NEG_002012,pseudo_negative,Meghalaya,25.126551,92.417664,2014-07-22,2014,7,2.9698,0
NEG_002013,pseudo_negative,Meghalaya,25.321526,90.158957,2025-06-01,2025,6,9.3622,0
NEG_002014,pseudo_negative,Meghalaya,25.326526,90.533254,2025-07-07,2025,7,14.4406,0
NEG_002015,pseudo_negative,Meghalaya,25.33416,90.776988,2014-08-22,2014,8,5.8292,0
NEG_002016,pseudo_negative,Meghalaya,25.272898,91.398102,2023-06-27,2023,6,1.6377,0
NEG_002017,pseudo_negative,Meghalaya,25.218373,91.511515,2026-07-07,2026,7,6.5723,0
NEG_002018,pseudo_negative,Meghalaya,25.360873,92.035692,2021-07-10,2021,7,2.9391,0
NEG_002019,pseudo_negative,Meghalaya,25.219248,92.26181,2025-11-02,2025,11,4.0084,0
NEG_002020,pseudo_negative,Meghalaya,25.352555,92.486652,2023-07-22,2023,7,2.5896,0
NEG_002021,pseudo_negative,Meghalaya,25.404704,90.61605,2026-08-03,2026,8,7.5939,0
NEG_002022,pseudo_negative,Meghalaya,25.408064,90.966756,2011-05-26,2011,5,7.4938,0
NEG_002023,pseudo_negative,Meghalaya,25.438175,91.318633,2015-07-06,2015,7,2.8621,0
NEG_002024,pseudo_negative,Meghalaya,25.481772,91.527115,2017-07-26,2017,7,3.4905,0
NEG_002025,pseudo_negative,Meghalaya,25.474573,91.790903,2009-05-01,2009,5,2.5834,0
NEG_002026,pseudo_negative,Meghalaya,25.519029,92.375394,2021-05-26,2021,5,4.0976,0
NEG_002027,pseudo_negative,Meghalaya,25.458272,92.681932,2007-05-21,2007,5,10.7822,0
NEG_002028,pseudo_negative,Meghalaya,25.67822,90.119683,2022-11-06,2022,11,6.1135,0
NEG_002029,pseudo_negative,Meghalaya,25.612252,90.526468,2013-11-17,2013,11,15.2721,0
NEG_002030,pseudo_negative,Meghalaya,25.553658,90.990921,2017-05-11,2017,5,7.1341,0
NEG_002031,pseudo_negative,Meghalaya,25.602189,91.25663,2011-06-07,2011,6,2.8622,0
NEG_002032,pseudo_negative,Meghalaya,25.636502,91.601497,2009-09-22,2009,9,2.3797,0
NEG_002033,pseudo_negative,Meghalaya,25.600135,91.885566,2019-07-16,2019,7,2.0182,0
NEG_002034,pseudo_negative,Meghalaya,25.551843,92.184115,2018-06-06,2018,6,2.6554,0
NEG_002035,pseudo_negative,Meghalaya,25.690712,92.610326,2017-07-14,2017,7,11.6395,0
NEG_002036,pseudo_negative,Meghalaya,25.8024,90.211721,2013-08-14,2013,8,15.0612,0
NEG_002037,pseudo_negative,Meghalaya,25.70476,90.582573,2019-08-17,2019,8,17.1388,0
NEG_002038,pseudo_negative,Meghalaya,25.852739,91.003943,2014-05-16,2014,5,5.0167,0
NEG_002039,pseudo_negative,Meghalaya,25.789426,91.352451,2020-09-28,2020,9,5.6289,0
NEG_002040,pseudo_negative,Meghalaya,25.725325,91.647178,2024-08-28,2024,8,2.752,0
NEG_002041,pseudo_negative,Meghalaya,25.805077,91.911471,2012-06-20,2012,6,3.6496,0
NEG_002042,pseudo_negative,Meghalaya,25.709246,92.356962,2019-10-30,2019,10,14.4781,0
NEG_002043,pseudo_negative,Meghalaya,25.748594,92.446163,2010-10-09,2010,10,7.3472,0
NEG_002044,pseudo_negative,Meghalaya,25.960807,90.390159,2008-07-11,2008,7,19.6366,0
NEG_002045,pseudo_negative,Meghalaya,25.982355,90.479857,2017-08-30,2017,8,11.8046,0
NEG_002046,pseudo_negative,Meghalaya,25.856793,90.74535,2014-08-28,2014,8,17.3999,0
NEG_002047,pseudo_negative,Meghalaya,25.978026,91.335578,2011-09-13,2011,9,6.3705,0
NEG_002048,pseudo_negative,Meghalaya,26.006033,91.465832,2020-06-23,2020,6,9.902,0
NEG_002049,pseudo_negative,Meghalaya,25.907136,91.882139,2025-04-26,2025,4,2.3639,0
NEG_002050,pseudo_negative,Meghalaya,25.925186,92.307409,2011-09-04,2011,9,2.3911,0
NEG_002051,pseudo_negative,Meghalaya,26.006734,92.445292,2026-11-05,2026,11,3.5455,0
NEG_002052,pseudo_negative,Meghalaya,26.047824,90.092252,2011-11-29,2011,11,26.4724,0
NEG_002053,pseudo_negative,Meghalaya,26.121329,90.586381,2005-08-29,2005,8,6.9612,0
NEG_002054,pseudo_negative,Meghalaya,26.121757,91.020028,2009-07-21,2009,7,15.3978,0
NEG_002055,pseudo_negative,Meghalaya,26.078625,91.241321,2020-06-16,2020,6,14.8156,0
NEG_002056,pseudo_negative,Meghalaya,26.088,91.677143,2022-04-13,2022,4,4.9286,0
NEG_002057,pseudo_negative,Meghalaya,26.061496,91.821396,2016-07-25,2016,7,1.6076,0
NEG_002058,pseudo_negative,Meghalaya,26.061061,92.351254,2007-05-01,2007,5,7.8788,0
NEG_002059,pseudo_negative,Meghalaya,26.148817,92.599561,2013-09-24,2013,9,16.1969,0
NEG_002060,pseudo_negative,Meghalaya,25.043529,90.087046,2011-08-25,2011,8,26.7248,0
NEG_002061,pseudo_negative,Meghalaya,24.925545,90.71399,2024-11-13,2024,11,32.7091,0
NEG_002062,pseudo_negative,Meghalaya,24.989452,90.913672,2005-11-05,2005,11,25.8288,0
NEG_002063,pseudo_negative,Meghalaya,24.981674,91.074527,2025-09-01,2025,9,23.5677,0
NEG_002064,pseudo_negative,Meghalaya,24.918306,91.608977,2013-05-22,2013,5,28.0197,0
NEG_002065,pseudo_negative,Meghalaya,24.983705,91.824254,2010-10-30,2010,10,23.6147,0
NEG_002066,pseudo_negative,Meghalaya,24.938551,92.256659,2022-11-16,2022,11,18.0876,0
NEG_002067,pseudo_negative,Meghalaya,24.955565,92.603445,2018-05-29,2018,5,3.8447,0
NEG_002068,pseudo_negative,Meghalaya,25.141218,90.101223,2015-06-19,2015,6,16.986,0
NEG_002069,pseudo_negative,Meghalaya,25.208186,90.540736,2012-09-05,2012,9,9.2048,0
NEG_002070,pseudo_negative,Meghalaya,25.184624,90.970086,2025-05-24,2025,5,7.1216,0
NEG_002071,pseudo_negative,Meghalaya,25.155918,91.085241,2025-11-06,2025,11,5.9865,0
NEG_002072,pseudo_negative,Meghalaya,25.171519,91.485464,2022-11-04,2022,11,1.3035,0
NEG_002073,pseudo_negative,Meghalaya,25.070856,91.829895,2006-01-06,2006,1,14.5781,0
NEG_002074,pseudo_negative,Meghalaya,25.103275,92.406112,2023-07-11,2023,7,2.7176,0
NEG_002075,pseudo_negative,Meghalaya,25.172595,92.599704,2025-08-24,2025,8,17.9483,0
NEG_002076,pseudo_negative,Meghalaya,25.311078,90.283767,2010-08-25,2010,8,9.3816,0
NEG_002077,pseudo_negative,Meghalaya,25.34049,90.450195,2012-08-22,2012,8,22.1169,0
NEG_002078,pseudo_negative,Meghalaya,25.261537,91.030394,2024-05-10,2024,5,5.6455,0
NEG_002079,pseudo_negative,Meghalaya,25.352582,91.155376,2017-06-13,2017,6,7.0585,0
NEG_002080,pseudo_negative,Meghalaya,25.357553,91.560821,2023-09-21,2023,9,4.0437,0
NEG_002081,pseudo_negative,Meghalaya,25.314183,92.060308,2025-06-25,2025,6,3.215,0
NEG_002082,pseudo_negative,Meghalaya,25.366021,92.255236,2019-05-01,2019,5,7.0292,0
NEG_002083,pseudo_negative,Meghalaya,25.313191,92.467399,2015-06-18,2015,6,3.8285,0
NEG_002084,pseudo_negative,Meghalaya,25.459705,90.066392,2016-06-26,2016,6,8.7025,0
NEG_002085,pseudo_negative,Meghalaya,25.396418,90.548289,2018-08-16,2018,8,14.3196,0
NEG_002086,pseudo_negative,Meghalaya,25.458128,90.751515,2013-07-28,2013,7,4.3106,0
NEG_002087,pseudo_negative,Meghalaya,25.386277,91.331823,2026-08-21,2026,8,6.6499,0
NEG_002088,pseudo_negative,Meghalaya,25.442452,91.545808,2024-05-17,2024,5,4.2038,0
NEG_002089,pseudo_negative,Meghalaya,25.421911,92.075141,2015-07-21,2015,7,3.793,0
NEG_002090,pseudo_negative,Meghalaya,25.409615,92.329276,2019-05-09,2019,5,4.2584,0
NEG_002091,pseudo_negative,Meghalaya,25.398723,92.659498,2020-05-20,2020,5,5.5756,0
NEG_002092,pseudo_negative,Meghalaya,25.552922,90.278465,2021-08-18,2021,8,5.1802,0
NEG_002093,pseudo_negative,Meghalaya,25.563035,90.645159,2006-08-30,2006,8,5.767,0
NEG_002094,pseudo_negative,Meghalaya,25.565939,90.964946,2020-05-11,2020,5,7.6335,0
NEG_002095,pseudo_negative,Meghalaya,25.58299,91.376373,2010-10-13,2010,10,5.0944,0
NEG_002096,pseudo_negative,Meghalaya,25.616111,91.58154,2013-08-01,2013,8,3.5336,0
NEG_002097,pseudo_negative,Meghalaya,25.576244,92.210876,2005-04-17,2005,4,1.1427,0
NEG_002098,pseudo_negative,Meghalaya,25.580139,92.746864,2009-06-02,2009,6,1.87,0
NEG_002099,pseudo_negative,Meghalaya,25.746589,90.193074,2018-05-22,2018,5,8.6165,0
NEG_002100,pseudo_negative,Meghalaya,25.768879,90.617735,2011-11-10,2011,11,17.9506,0
NEG_002101,pseudo_negative,Meghalaya,25.852262,90.777069,2009-05-11,2009,5,15.7576,0
NEG_002102,pseudo_negative,Meghalaya,25.724976,91.237243,2005-07-18,2005,7,2.1434,0
NEG_002103,pseudo_negative,Meghalaya,25.738744,91.501554,2025-11-30,2025,11,7.0672,0
NEG_002104,pseudo_negative,Meghalaya,25.707174,91.963951,2014-08-15,2014,8,4.446,0
NEG_002105,pseudo_negative,Meghalaya,25.790823,92.377613,2006-06-03,2006,6,9.95,0
NEG_002106,pseudo_negative,Meghalaya,25.853196,92.475947,2013-08-04,2013,8,4.8693,0
NEG_002107,pseudo_negative,Meghalaya,25.980331,90.29136,2022-08-25,2022,8,24.2128,0
NEG_002108,pseudo_negative,Meghalaya,25.877321,90.605439,2018-10-25,2018,10,14.3465,0
NEG_002109,pseudo_negative,Meghalaya,25.895055,90.779672,2013-05-25,2013,5,20.3027,0
NEG_002110,pseudo_negative,Meghalaya,25.860651,91.349402,2022-06-16,2022,6,2.2971,0
NEG_002111,pseudo_negative,Meghalaya,25.85736,91.419911,2007-07-25,2007,7,5.3712,0
NEG_002112,pseudo_negative,Meghalaya,25.879561,91.863935,2016-05-06,2016,5,2.2323,0
NEG_002113,pseudo_negative,Meghalaya,25.899883,92.263604,2015-06-07,2015,6,6.6661,0
NEG_002114,pseudo_negative,Meghalaya,25.93225,92.555727,2017-05-04,2017,5,4.608,0
NEG_002115,pseudo_negative,Meghalaya,26.021754,90.183273,2018-05-23,2018,5,22.7001,0
NEG_002116,pseudo_negative,Meghalaya,26.1424,90.641497,2013-04-01,2013,4,9.7574,0
NEG_002117,pseudo_negative,Meghalaya,26.047371,90.755742,2007-05-17,2007,5,15.1345,0
NEG_002118,pseudo_negative,Meghalaya,26.144915,91.237908,2023-08-23,2023,8,11.2518,0
NEG_002119,pseudo_negative,Meghalaya,26.097415,91.718583,2024-06-30,2024,6,2.3669,0
NEG_002120,pseudo_negative,Meghalaya,26.051917,92.257394,2018-07-12,2018,7,1.9241,0
NEG_002121,pseudo_negative,Meghalaya,26.13858,92.506731,2021-06-17,2021,6,6.9488,0
NEG_002122,pseudo_negative,Meghalaya,25.018324,90.280374,2013-08-01,2013,8,27.0436,0
NEG_002123,pseudo_negative,Meghalaya,24.919627,90.64445,2023-06-18,2023,6,32.3363,0
NEG_002124,pseudo_negative,Meghalaya,25.003732,91.024359,2005-07-25,2005,7,20.9269,0
NEG_002125,pseudo_negative,Meghalaya,25.008328,91.211381,2022-09-24,2022,9,21.5449,0
NEG_002126,pseudo_negative,Meghalaya,24.91435,91.487933,2009-05-09,2009,5,27.3598,0
NEG_002127,pseudo_negative,Meghalaya,24.955326,91.808406,2025-05-19,2025,5,26.3361,0
NEG_002128,pseudo_negative,Meghalaya,24.935641,92.302534,2023-07-13,2023,7,14.7075,0
NEG_002129,pseudo_negative,Meghalaya,25.020405,92.745152,2007-05-18,2007,5,1.2559,0
NEG_002130,pseudo_negative,Meghalaya,25.069365,90.390766,2017-08-22,2017,8,27.1255,0
NEG_002131,pseudo_negative,Meghalaya,25.16133,90.461611,2016-09-14,2016,9,18.006,0
NEG_002132,pseudo_negative,Meghalaya,25.191928,90.816553,2011-05-19,2011,5,18.5729,0
NEG_002133,pseudo_negative,Meghalaya,25.206683,91.157116,2015-05-23,2015,5,2.0194,0
NEG_002134,pseudo_negative,Meghalaya,25.151744,91.629288,2014-09-10,2014,9,3.4621,0
NEG_002135,pseudo_negative,Meghalaya,25.194979,92.030568,2008-08-11,2008,8,1.1831,0
NEG_002136,pseudo_negative,Meghalaya,25.142664,92.278073,2015-08-15,2015,8,4.1829,0
NEG_002137,pseudo_negative,Meghalaya,25.074623,92.551975,2008-05-06,2008,5,6.875,0
NEG_002138,pseudo_negative,Meghalaya,25.2339,90.13707,2013-07-25,2013,7,8.1426,0
NEG_002139,pseudo_negative,Meghalaya,25.217177,90.665944,2010-10-29,2010,10,3.4342,0
NEG_002140,pseudo_negative,Meghalaya,25.345505,91.069871,2012-11-18,2012,11,3.7379,0
NEG_002141,pseudo_negative,Meghalaya,25.365705,91.177597,2016-09-26,2016,9,4.9203,0
NEG_002142,pseudo_negative,Meghalaya,25.337925,91.708824,2006-06-12,2006,6,3.2482,0
NEG_002143,pseudo_negative,Meghalaya,25.316133,91.991217,2026-10-28,2026,10,3.3545,0
NEG_002144,pseudo_negative,Meghalaya,25.329182,92.400311,2016-11-06,2016,11,3.7367,0
NEG_002145,pseudo_negative,Meghalaya,25.223686,92.601228,2017-07-03,2017,7,12.2934,0
NEG_002146,pseudo_negative,Meghalaya,25.436544,90.093148,2017-08-21,2017,8,6.9383,0
NEG_002147,pseudo_negative,Meghalaya,25.40188,90.63437,2005-05-06,2005,5,5.7278,0
NEG_002148,pseudo_negative,Meghalaya,25.397574,90.937944,2012-08-25,2012,8,7.3957,0
NEG_002149,pseudo_negative,Meghalaya,25.503847,91.270967,2021-11-24,2021,11,1.244,0
NEG_002150,pseudo_negative,Meghalaya,25.43668,91.458373,2010-08-05,2010,8,3.9342,0
NEG_002151,pseudo_negative,Meghalaya,25.461747,91.805454,2011-11-27,2011,11,1.732,0
NEG_002152,pseudo_negative,Meghalaya,25.414568,92.148627,2017-06-07,2017,6,1.4479,0
NEG_002153,pseudo_negative,Meghalaya,25.510891,92.614765,2005-07-03,2005,7,9.2327,0
NEG_002154,pseudo_negative,Meghalaya,25.548955,90.202077,2015-08-13,2015,8,4.4039,0
NEG_002155,pseudo_negative,Meghalaya,25.62266,90.69488,2011-09-01,2011,9,9.7085,0
NEG_002156,pseudo_negative,Meghalaya,25.538091,90.839021,2026-08-28,2026,8,2.4925,0
NEG_002157,pseudo_negative,Meghalaya,25.650345,91.722604,2022-04-20,2022,4,6.8128,0
NEG_002158,pseudo_negative,Meghalaya,25.614673,91.794959,2020-08-02,2020,8,3.6579,0
NEG_002159,pseudo_negative,Meghalaya,25.659177,92.091304,2011-08-25,2011,8,2.5106,0
NEG_002160,pseudo_negative,Meghalaya,25.655174,92.496901,2009-05-13,2009,5,6.5232,0
NEG_002161,pseudo_negative,Meghalaya,25.73334,90.167371,2026-05-10,2026,5,7.1558,0
NEG_002162,pseudo_negative,Meghalaya,25.725284,90.703845,2008-06-24,2008,6,11.9297,0
NEG_002163,pseudo_negative,Meghalaya,25.84712,90.817085,2025-09-13,2025,9,14.5241,0
NEG_002164,pseudo_negative,Meghalaya,25.766088,91.151217,2023-07-12,2023,7,5.5901,0
NEG_002165,pseudo_negative,Meghalaya,25.794625,91.544167,2022-05-14,2022,5,6.7426,0
NEG_002166,pseudo_negative,Meghalaya,25.780932,91.817273,2009-08-27,2009,8,5.7275,0
NEG_002167,pseudo_negative,Meghalaya,25.760854,92.329953,2011-06-01,2011,6,15.4784,0
NEG_002168,pseudo_negative,Meghalaya,25.765673,92.572428,2010-11-23,2010,11,5.0415,0
NEG_002169,pseudo_negative,Meghalaya,25.916528,90.183414,2024-05-19,2024,5,27.4149,0
NEG_002170,pseudo_negative,Meghalaya,25.878217,90.724003,2018-11-25,2018,11,19.1906,0
NEG_002171,pseudo_negative,Meghalaya,25.890495,90.742886,2018-11-14,2018,11,19.5856,0
NEG_002172,pseudo_negative,Meghalaya,25.877731,91.111807,2011-08-03,2011,8,6.0107,0
NEG_002173,pseudo_negative,Meghalaya,25.981695,91.641406,2025-08-02,2025,8,6.5751,0
NEG_002174,pseudo_negative,Meghalaya,25.927546,91.796615,2010-07-10,2010,7,6.4791,0
NEG_002175,pseudo_negative,Meghalaya,25.908446,92.404625,2019-06-15,2019,6,8.042,0
NEG_002176,pseudo_negative,Meghalaya,25.963592,92.633082,2017-08-01,2017,8,3.0632,0
NEG_002177,pseudo_negative,Meghalaya,26.055195,90.191681,2010-07-22,2010,7,19.1,0
NEG_002178,pseudo_negative,Meghalaya,26.075244,90.457514,2025-06-16,2025,6,14.8163,0
NEG_002179,pseudo_negative,Meghalaya,26.162619,90.916222,2015-06-26,2015,6,23.2853,0
NEG_002180,pseudo_negative,Meghalaya,26.148895,91.091455,2007-05-10,2007,5,8.0328,0
NEG_002181,pseudo_negative,Meghalaya,26.021142,91.716402,2020-08-23,2020,8,5.8758,0
NEG_002182,pseudo_negative,Meghalaya,26.118594,92.356581,2015-08-19,2015,8,8.1966,0
NEG_002183,pseudo_negative,Meghalaya,26.061168,92.742552,2006-06-01,2006,6,12.5889,0
NEG_002184,pseudo_negative,Meghalaya,25.03391,90.126341,2023-06-05,2023,6,26.0643,0
NEG_002185,pseudo_negative,Meghalaya,24.96105,90.714558,2007-07-26,2007,7,28.9214,0
NEG_002186,pseudo_negative,Meghalaya,25.048507,90.952441,2020-05-28,2020,5,18.1902,0
NEG_002187,pseudo_negative,Meghalaya,24.970806,91.082455,2019-08-01,2019,8,24.8871,0
NEG_002188,pseudo_negative,Meghalaya,24.9113,91.591886,2023-04-21,2023,4,28.3115,0
NEG_002189,pseudo_negative,Meghalaya,24.964349,91.973213,2006-06-27,2006,6,26.1704,0
NEG_002190,pseudo_negative,Meghalaya,25.048706,92.362609,2009-06-20,2009,6,2.7719,0
NEG_002191,pseudo_negative,Meghalaya,25.006468,92.688669,2016-12-10,2016,12,4.1834,0
NEG_002192,pseudo_negative,Meghalaya,25.198712,90.228684,2023-07-23,2023,7,6.3237,0
NEG_002193,pseudo_negative,Meghalaya,25.175002,90.678849,2025-05-01,2025,5,6.1128,0
NEG_002194,pseudo_negative,Meghalaya,25.106861,91.044836,2015-11-12,2015,11,9.4069,0
NEG_002195,pseudo_negative,Meghalaya,25.127083,91.169414,2017-07-28,2017,7,8.4263,0
NEG_002196,pseudo_negative,Meghalaya,25.110716,91.422958,2024-05-04,2024,5,8.6872,0
NEG_002197,pseudo_negative,Meghalaya,25.111415,91.947434,2005-05-10,2005,5,10.5,0
NEG_002198,pseudo_negative,Meghalaya,25.095357,92.216346,2014-06-30,2014,6,4.0336,0
NEG_002199,pseudo_negative,Meghalaya,25.067165,92.609783,2005-09-28,2005,9,8.6367,0
NEG_002200,pseudo_negative,Meghalaya,25.347625,90.377252,2016-12-20,2016,12,19.3507,0
NEG_002201,pseudo_negative,Meghalaya,25.218724,90.681486,2025-11-26,2025,11,4.7969,0
NEG_002202,pseudo_negative,Meghalaya,25.290145,91.001259,2011-08-07,2011,8,3.9906,0
NEG_002203,pseudo_negative,Meghalaya,25.270957,91.272543,2020-06-21,2020,6,5.2297,0
NEG_002204,pseudo_negative,Meghalaya,25.248095,91.516006,2019-08-21,2019,8,4.8659,0
NEG_002205,pseudo_negative,Meghalaya,25.332389,91.786092,2012-08-26,2012,8,1.1032,0
NEG_002206,pseudo_negative,Meghalaya,25.218279,92.191821,2022-06-15,2022,6,1.2033,0
NEG_002207,pseudo_negative,Meghalaya,25.232231,92.484356,2024-05-01,2024,5,10.1117,0
NEG_002208,pseudo_negative,Meghalaya,25.416668,90.340923,2005-07-17,2005,7,14.8663,0
NEG_002209,pseudo_negative,Meghalaya,25.480218,90.583052,2013-05-05,2013,5,8.3954,0
NEG_002210,pseudo_negative,Meghalaya,25.40964,90.938237,2023-06-14,2023,6,6.6426,0
NEG_002211,pseudo_negative,Meghalaya,25.463278,91.398028,2013-07-10,2013,7,4.3135,0
NEG_002212,pseudo_negative,Meghalaya,25.451034,91.648543,2017-08-23,2017,8,5.1171,0
NEG_002213,pseudo_negative,Meghalaya,25.406268,91.894333,2011-06-25,2011,6,1.9562,0
NEG_002214,pseudo_negative,Meghalaya,25.531926,92.201616,2021-07-16,2021,7,3.964,0
NEG_002215,pseudo_negative,Meghalaya,25.443536,92.698548,2008-07-05,2008,7,8.601,0
NEG_002216,pseudo_negative,Meghalaya,25.633761,90.35141,2018-11-19,2018,11,2.1867,0
NEG_002217,pseudo_negative,Meghalaya,25.674468,90.518364,2008-11-26,2008,11,14.1322,0
NEG_002218,pseudo_negative,Meghalaya,25.575743,90.941679,2013-08-09,2013,8,8.9777,0
NEG_002219,pseudo_negative,Meghalaya,25.601849,91.605141,2005-08-01,2005,8,2.2846,0
NEG_002220,pseudo_negative,Meghalaya,25.614078,91.953447,2021-05-10,2021,5,3.2594,0
NEG_002221,pseudo_negative,Meghalaya,25.604355,92.395977,2020-08-08,2020,8,5.7727,0
NEG_002222,pseudo_negative,Meghalaya,25.542455,92.655752,2015-07-08,2015,7,6.774,0
NEG_002223,pseudo_negative,Meghalaya,25.754027,90.103629,2007-06-11,2007,6,12.0765,0
NEG_002224,pseudo_negative,Meghalaya,25.778806,90.727631,2021-11-15,2021,11,11.7562,0
NEG_002225,pseudo_negative,Meghalaya,25.769086,90.772998,2011-06-07,2011,6,7.6609,0
NEG_002226,pseudo_negative,Meghalaya,25.747223,91.363032,2005-07-22,2005,7,10.3986,0
NEG_002227,pseudo_negative,Meghalaya,25.773849,91.54137,2025-05-19,2025,5,4.9095,0
NEG_002228,pseudo_negative,Meghalaya,25.721082,91.845347,2011-08-06,2011,8,4.7863,0
NEG_002229,pseudo_negative,Meghalaya,25.698965,92.132954,2013-12-28,2013,12,1.525,0
NEG_002230,pseudo_negative,Meghalaya,25.773265,92.58101,2017-05-24,2017,5,5.2527,0
NEG_002231,pseudo_negative,Meghalaya,25.924077,90.099262,2018-11-13,2018,11,29.3857,0
NEG_002232,pseudo_negative,Meghalaya,25.97651,90.731891,2015-08-24,2015,8,14.0696,0
NEG_002233,pseudo_negative,Meghalaya,25.976605,90.958083,2018-06-14,2018,6,18.7156,0
NEG_002234,pseudo_negative,Meghalaya,25.939032,91.159226,2020-05-16,2020,5,9.2244,0
NEG_002235,pseudo_negative,Meghalaya,25.946291,91.490367,2010-07-10,2010,7,5.6982,0
NEG_002236,pseudo_negative,Meghalaya,25.881616,92.066579,2021-06-14,2021,6,4.896,0
NEG_002237,pseudo_negative,Meghalaya,25.860212,92.362177,2026-07-20,2026,7,11.1621,0
NEG_002238,pseudo_negative,Meghalaya,25.894942,92.664825,2005-06-29,2005,6,1.4494,0
NEG_002239,pseudo_negative,Meghalaya,26.037714,90.102405,2007-08-01,2007,8,26.439,0
NEG_002240,pseudo_negative,Meghalaya,26.17361,90.734499,2005-05-25,2005,5,17.9989,0
NEG_002241,pseudo_negative,Meghalaya,26.173019,90.846915,2006-08-11,2006,8,27.1758,0
NEG_002242,pseudo_negative,Meghalaya,26.023935,91.349589,2024-09-30,2024,9,10.7689,0
NEG_002243,pseudo_negative,Meghalaya,26.141548,91.539035,2025-09-02,2025,9,9.2546,0
NEG_002244,pseudo_negative,Meghalaya,26.034677,92.181594,2012-08-12,2012,8,4.5249,0
NEG_002245,pseudo_negative,Mizoram,22.285784,92.45837,2005-07-10,2005,7,13.6346,0
NEG_002246,pseudo_negative,Mizoram,22.029771,92.503446,2026-08-12,2026,8,16.1032,0
NEG_002247,pseudo_negative,Mizoram,22.178863,92.675046,2013-09-19,2013,9,1.976,0
NEG_002248,pseudo_negative,Mizoram,22.101543,92.826099,2017-09-22,2017,9,2.4684,0
NEG_002249,pseudo_negative,Mizoram,22.298488,92.959869,2012-11-17,2012,11,6.3171,0
NEG_002250,pseudo_negative,Mizoram,22.152244,93.148307,2013-05-31,2013,5,5.6349,0
NEG_002251,pseudo_negative,Mizoram,22.258069,93.367584,2013-08-05,2013,8,24.407,0
NEG_002252,pseudo_negative,Mizoram,22.178489,93.522389,2015-10-29,2015,10,40.4712,0
NEG_002253,pseudo_negative,Mizoram,22.379122,92.426849,2025-08-29,2025,8,16.6927,0
NEG_002254,pseudo_negative,Mizoram,22.560134,92.471336,2019-05-27,2019,5,7.1406,0
NEG_002255,pseudo_negative,Mizoram,22.463177,92.761717,2017-12-30,2017,12,3.2783,0
NEG_002256,pseudo_negative,Mizoram,22.522031,92.943346,2018-07-28,2018,7,4.1052,0
NEG_002257,pseudo_negative,Mizoram,22.493879,93.094217,2025-10-13,2025,10,2.7701,0
NEG_002258,pseudo_negative,Mizoram,22.594727,93.249056,2009-06-05,2009,6,20.6109,0
NEG_002259,pseudo_negative,Mizoram,22.391603,93.534918,2007-05-21,2007,5,41.3855,0
NEG_002260,pseudo_negative,Mizoram,22.960688,92.366877,2007-07-08,2007,7,11.0773,0
NEG_002261,pseudo_negative,Mizoram,22.69931,92.536239,2016-11-26,2016,11,1.2498,0
NEG_002262,pseudo_negative,Mizoram,22.810375,92.717959,2021-07-08,2021,7,4.8905,0
NEG_002263,pseudo_negative,Mizoram,22.780506,92.861373,2022-11-06,2022,11,2.362,0
NEG_002264,pseudo_negative,Mizoram,22.994043,92.979566,2025-05-25,2025,5,1.3951,0
NEG_002265,pseudo_negative,Mizoram,22.944595,93.125546,2014-08-05,2014,8,9.9212,0
NEG_002266,pseudo_negative,Mizoram,22.85331,93.318173,2015-05-17,2015,5,18.5392,0
NEG_002267,pseudo_negative,Mizoram,22.712133,93.483526,2006-05-20,2006,5,39.6201,0
NEG_002268,pseudo_negative,Mizoram,23.159882,92.404617,2013-09-20,2013,9,8.7211,0
NEG_002269,pseudo_negative,Mizoram,23.174151,92.549032,2005-06-18,2005,6,1.6667,0
NEG_002270,pseudo_negative,Mizoram,23.050357,92.619428,2017-05-26,2017,5,5.2069,0
NEG_002271,pseudo_negative,Mizoram,23.244844,92.862252,2005-09-12,2005,9,2.6894,0
NEG_002272,pseudo_negative,Mizoram,23.267837,92.931061,2006-07-25,2006,7,3.7508,0
NEG_002273,pseudo_negative,Mizoram,23.149281,93.19416,2010-06-21,2010,6,3.1435,0
NEG_002274,pseudo_negative,Mizoram,23.363873,93.336478,2017-05-19,2017,5,3.4482,0
NEG_002275,pseudo_negative,Mizoram,23.126439,93.459721,2005-07-20,2005,7,9.3807,0
NEG_002276,pseudo_negative,Mizoram,23.627042,92.350537,2013-09-22,2013,9,7.0008,0
NEG_002277,pseudo_negative,Mizoram,23.627723,92.583397,2009-05-28,2009,5,1.6249,0
NEG_002278,pseudo_negative,Mizoram,23.563145,92.806714,2017-05-31,2017,5,2.8656,0
NEG_002279,pseudo_negative,Mizoram,23.482812,92.954115,2023-07-15,2023,7,4.1911,0
NEG_002280,pseudo_negative,Mizoram,23.53534,93.225207,2005-07-15,2005,7,1.2161,0
NEG_002281,pseudo_negative,Mizoram,23.668761,93.362577,2010-03-08,2010,3,1.234,0
NEG_002282,pseudo_negative,Mizoram,23.581988,93.521148,2010-05-18,2010,5,14.5623,0
NEG_002283,pseudo_negative,Mizoram,23.957127,92.413369,2012-10-18,2012,10,4.4777,0
NEG_002284,pseudo_negative,Mizoram,23.971597,92.567511,2009-08-21,2009,8,9.3527,0
NEG_002285,pseudo_negative,Mizoram,23.946413,92.867416,2021-05-16,2021,5,1.7484,0
NEG_002286,pseudo_negative,Mizoram,23.943824,93.027285,2019-06-11,2019,6,1.2386,0
NEG_002287,pseudo_negative,Mizoram,23.790238,93.230446,2015-07-27,2015,7,6.3901,0
NEG_002288,pseudo_negative,Mizoram,23.842512,93.350082,2019-11-16,2019,11,2.2608,0
NEG_002289,pseudo_negative,Mizoram,23.725593,93.396007,2012-05-18,2012,5,2.6372,0
NEG_002290,pseudo_negative,Mizoram,24.248285,92.430642,2017-07-05,2017,7,5.4764,0
NEG_002291,pseudo_negative,Mizoram,24.276749,92.593126,2010-05-16,2010,5,4.7353,0
NEG_002292,pseudo_negative,Mizoram,24.30484,92.858937,2024-08-09,2024,8,2.5542,0
NEG_002293,pseudo_negative,Mizoram,24.234373,93.228347,2016-06-22,2016,6,3.2873,0
NEG_002294,pseudo_negative,Mizoram,24.284241,93.279957,2008-07-17,2008,7,3.9762,0
NEG_002295,pseudo_negative,Mizoram,24.127863,93.444422,2009-05-30,2009,5,1.4635,0
NEG_002296,pseudo_negative,Mizoram,24.652058,92.413034,2007-05-17,2007,5,8.5608,0
NEG_002297,pseudo_negative,Mizoram,24.450814,92.49202,2022-11-18,2022,11,1.4486,0
NEG_002298,pseudo_negative,Mizoram,24.677772,92.622674,2007-05-09,2007,5,3.7709,0
NEG_002299,pseudo_negative,Mizoram,24.710985,92.809538,2026-08-07,2026,8,5.5312,0
NEG_002300,pseudo_negative,Mizoram,24.569449,92.962419,2017-05-21,2017,5,2.4989,0
NEG_002301,pseudo_negative,Mizoram,24.388327,93.094662,2025-11-11,2025,11,3.395,0
NEG_002302,pseudo_negative,Mizoram,24.566433,93.352846,2019-08-10,2019,8,4.1917,0
NEG_002303,pseudo_negative,Mizoram,24.707781,93.445947,2025-08-31,2025,8,4.3143,0
NEG_002304,pseudo_negative,Mizoram,22.272574,92.348931,2026-07-20,2026,7,24.99,0
NEG_002305,pseudo_negative,Mizoram,22.153837,92.76496,2008-08-28,2008,8,1.6066,0
NEG_002306,pseudo_negative,Mizoram,22.047706,92.797987,2022-05-03,2022,5,7.9081,0
NEG_002307,pseudo_negative,Mizoram,22.349623,92.960306,2014-08-22,2014,8,3.3787,0
NEG_002308,pseudo_negative,Mizoram,22.232948,93.113851,2025-08-18,2025,8,1.4933,0
NEG_002309,pseudo_negative,Mizoram,22.212454,93.265067,2015-05-23,2015,5,13.9736,0
NEG_002310,pseudo_negative,Mizoram,22.21947,93.458066,2007-09-08,2007,9,33.8421,0
NEG_002311,pseudo_negative,Mizoram,22.416745,92.454041,2023-06-27,2023,6,12.4788,0
NEG_002312,pseudo_negative,Mizoram,22.460357,92.485614,2023-08-29,2023,8,8.748,0
NEG_002313,pseudo_negative,Mizoram,22.368123,92.697667,2026-07-03,2026,7,3.225,0
NEG_002314,pseudo_negative,Mizoram,22.529122,92.785953,2016-05-26,2016,5,1.974,0
NEG_002315,pseudo_negative,Mizoram,22.540095,93.02621,2015-07-30,2015,7,4.5038,0
NEG_002316,pseudo_negative,Mizoram,22.6669,93.136724,2015-05-27,2015,5,15.0978,0
NEG_002317,pseudo_negative,Mizoram,22.596102,93.250006,2008-11-30,2008,11,20.786,0
NEG_002318,pseudo_negative,Mizoram,22.506601,93.471602,2005-05-19,2005,5,37.0522,0
NEG_002319,pseudo_negative,Mizoram,22.922364,92.417849,2014-05-17,2014,5,4.5307,0
NEG_002320,pseudo_negative,Mizoram,23.00493,92.482149,2008-05-20,2008,5,8.3348,0
NEG_002321,pseudo_negative,Mizoram,22.817396,92.871906,2008-08-17,2008,8,2.7232,0
NEG_002322,pseudo_negative,Mizoram,22.922548,92.949192,2016-08-02,2016,8,2.2526,0
NEG_002323,pseudo_negative,Mizoram,22.915195,93.167886,2014-09-08,2014,9,14.3575,0
NEG_002324,pseudo_negative,Mizoram,22.720334,93.333947,2019-08-04,2019,8,33.3835,0
NEG_002325,pseudo_negative,Mizoram,22.835738,93.50158,2021-07-02,2021,7,30.1006,0
NEG_002326,pseudo_negative,Mizoram,23.081078,92.415351,2015-05-04,2015,5,13.2474,0
NEG_002327,pseudo_negative,Mizoram,23.272804,92.474196,2026-09-07,2026,9,2.604,0
NEG_002328,pseudo_negative,Mizoram,23.142222,92.854687,2024-05-24,2024,5,4.0125,0
NEG_002329,pseudo_negative,Mizoram,23.276605,92.942601,2007-08-29,2007,8,5.2752,0
NEG_002330,pseudo_negative,Mizoram,23.093388,93.289731,2020-07-23,2020,7,3.2605,0
NEG_002331,pseudo_negative,Mizoram,23.210784,93.420857,2010-06-21,2010,6,9.3997,0
NEG_002332,pseudo_negative,Mizoram,23.431256,92.455709,2014-07-16,2014,7,14.4747,0
NEG_002333,pseudo_negative,Mizoram,23.700709,92.520956,2019-08-30,2019,8,3.3694,0
NEG_002334,pseudo_negative,Mizoram,23.583201,92.654967,2011-07-02,2011,7,3.2689,0
NEG_002335,pseudo_negative,Mizoram,23.570458,93.0394,2005-08-06,2005,8,3.5081,0
NEG_002336,pseudo_negative,Mizoram,23.445422,93.44643,2010-08-30,2010,8,7.8848,0
NEG_002337,pseudo_negative,Mizoram,23.973211,92.459554,2020-06-07,2020,6,6.4744,0
NEG_002338,pseudo_negative,Mizoram,23.92455,92.468148,2026-09-18,2026,9,2.4514,0
NEG_002339,pseudo_negative,Mizoram,23.912957,92.66438,2023-05-23,2023,5,1.338,0
NEG_002340,pseudo_negative,Mizoram,24.00889,92.788743,2024-07-27,2024,7,1.1924,0
NEG_002341,pseudo_negative,Mizoram,23.85162,93.004846,2010-07-07,2010,7,3.7665,0
NEG_002342,pseudo_negative,Mizoram,23.993689,93.205596,2011-08-06,2011,8,3.5123,0
NEG_002343,pseudo_negative,Mizoram,23.99609,93.362888,2006-05-14,2006,5,4.0938,0
NEG_002344,pseudo_negative,Mizoram,24.02117,93.451833,2018-08-12,2018,8,4.9007,0
NEG_002345,pseudo_negative,Mizoram,24.133457,92.438875,2016-08-03,2016,8,2.6144,0
NEG_002346,pseudo_negative,Mizoram,24.37025,92.618122,2013-10-29,2013,10,5.4139,0
NEG_002347,pseudo_negative,Mizoram,24.138487,92.768014,2016-07-29,2016,7,3.0309,0
NEG_002348,pseudo_negative,Mizoram,24.243673,93.035706,2015-06-13,2015,6,1.5356,0
NEG_002349,pseudo_negative,Mizoram,24.367576,93.281084,2018-01-05,2018,1,1.4036,0
NEG_002350,pseudo_negative,Mizoram,24.413949,92.333504,2006-05-14,2006,5,8.8213,0
NEG_002351,pseudo_negative,Mizoram,24.630058,92.473348,2024-06-17,2024,6,4.0654,0
NEG_002352,pseudo_negative,Mizoram,24.538665,92.684352,2006-05-05,2006,5,3.1662,0
NEG_002353,pseudo_negative,Mizoram,24.403658,92.790962,2009-05-31,2009,5,1.0016,0
NEG_002354,pseudo_negative,Mizoram,24.485382,92.947174,2014-11-23,2014,11,4.6456,0
NEG_002355,pseudo_negative,Mizoram,24.648253,93.176518,2017-06-25,2017,6,2.6412,0
NEG_002356,pseudo_negative,Mizoram,24.671786,93.359607,2019-07-01,2019,7,2.3054,0
NEG_002357,pseudo_negative,Mizoram,24.471074,93.404027,2018-01-27,2018,1,4.1395,0
NEG_002358,pseudo_negative,Mizoram,22.266356,92.462565,2005-06-15,2005,6,13.6352,0
NEG_002359,pseudo_negative,Mizoram,22.224407,92.588623,2006-05-08,2006,5,2.0922,0
NEG_002360,pseudo_negative,Mizoram,22.224861,92.763881,2020-06-09,2020,6,5.028,0
NEG_002361,pseudo_negative,Mizoram,22.045969,93.018601,2019-05-01,2019,5,10.63,0
NEG_002362,pseudo_negative,Mizoram,22.229933,93.183759,2011-06-16,2011,6,6.4578,0
NEG_002363,pseudo_negative,Mizoram,22.214408,93.335656,2021-09-25,2021,9,21.2322,0
NEG_002364,pseudo_negative,Mizoram,22.244303,93.528772,2014-05-26,2014,5,40.8774,0
NEG_002365,pseudo_negative,Mizoram,22.680181,92.447674,2013-04-10,2013,4,9.964,0
NEG_002366,pseudo_negative,Mizoram,22.56118,92.532074,2026-07-24,2026,7,1.4859,0
NEG_002367,pseudo_negative,Mizoram,22.383207,92.656552,2016-05-28,2016,5,1.8619,0
NEG_002368,pseudo_negative,Mizoram,22.60595,92.818235,2025-07-15,2025,7,5.7589,0
NEG_002369,pseudo_negative,Mizoram,22.441776,93.028205,2013-05-22,2013,5,3.0204,0
NEG_002370,pseudo_negative,Mizoram,22.483561,93.196861,2006-07-23,2006,7,9.9822,0
NEG_002371,pseudo_negative,Mizoram,22.619786,93.252945,2014-08-04,2014,8,22.8538,0
NEG_002372,pseudo_negative,Mizoram,22.591329,93.516466,2013-07-06,2013,7,45.044,0
NEG_002373,pseudo_negative,Mizoram,22.917762,92.344536,2007-08-17,2007,8,11.8573,0
NEG_002374,pseudo_negative,Mizoram,22.767153,92.52237,2013-11-07,2013,11,3.029,0
NEG_002375,pseudo_negative,Mizoram,22.774693,92.637431,2011-05-02,2011,5,1.6739,0
NEG_002376,pseudo_negative,Mizoram,22.759439,92.867063,2022-05-01,2022,5,3.0094,0
NEG_002377,pseudo_negative,Mizoram,22.714423,92.98987,2012-08-02,2012,8,1.2621,0
NEG_002378,pseudo_negative,Mizoram,22.927071,93.194848,2010-10-07,2010,10,13.3105,0
NEG_002379,pseudo_negative,Mizoram,22.9277,93.245072,2005-08-14,2005,8,10.6572,0
NEG_002380,pseudo_negative,Mizoram,22.799693,93.449621,2019-05-20,2019,5,29.5624,0
NEG_002381,pseudo_negative,Mizoram,23.35844,92.336938,2009-01-01,2009,1,18.9432,0
NEG_002382,pseudo_negative,Mizoram,23.167006,92.600905,2021-11-25,2021,11,1.1379,0
NEG_002383,pseudo_negative,Mizoram,23.212294,92.688056,2008-05-12,2008,5,1.2943,0
NEG_002384,pseudo_negative,Mizoram,23.300144,93.116594,2020-08-23,2020,8,2.1623,0
NEG_002385,pseudo_negative,Mizoram,23.318835,93.237666,2017-07-06,2017,7,4.3822,0
NEG_002386,pseudo_negative,Mizoram,23.319168,93.539715,2015-05-19,2015,5,17.0447,0
NEG_002387,pseudo_negative,Mizoram,23.431874,92.408722,2016-07-07,2016,7,16.5813,0
NEG_002388,pseudo_negative,Mizoram,23.65126,92.524571,2013-05-12,2013,5,5.5634,0
NEG_002389,pseudo_negative,Mizoram,23.455323,92.726567,2018-05-12,2018,5,1.4256,0
NEG_002390,pseudo_negative,Mizoram,23.405281,92.787838,2025-08-21,2025,8,2.1166,0
NEG_002391,pseudo_negative,Mizoram,23.544544,93.004795,2007-07-05,2007,7,2.7637,0
NEG_002392,pseudo_negative,Mizoram,23.389819,93.224879,2020-07-02,2020,7,1.3942,0
NEG_002393,pseudo_negative,Mizoram,23.369788,93.357698,2012-11-05,2012,11,2.1185,0
NEG_002394,pseudo_negative,Mizoram,23.384434,93.517433,2012-05-21,2012,5,13.4702,0
NEG_002395,pseudo_negative,Mizoram,23.986497,92.597463,2016-06-06,2016,6,8.2315,0
NEG_002396,pseudo_negative,Mizoram,23.787124,92.63771,2026-06-20,2026,6,1.3902,0
NEG_002397,pseudo_negative,Mizoram,23.783039,92.906862,2010-09-23,2010,9,4.8458,0
NEG_002398,pseudo_negative,Mizoram,23.720219,93.068835,2008-07-18,2008,7,1.5139,0
NEG_002399,pseudo_negative,Mizoram,23.710566,93.220526,2012-09-17,2012,9,3.1475,0
NEG_002400,pseudo_negative,Mizoram,23.928163,93.359325,2014-11-21,2014,11,1.6363,0
NEG_002401,pseudo_negative,Mizoram,23.783073,93.421915,2018-07-23,2018,7,2.9032,0
NEG_002402,pseudo_negative,Mizoram,24.24655,92.41939,2005-09-17,2005,9,5.1765,0
NEG_002403,pseudo_negative,Mizoram,24.151979,92.597005,2013-08-04,2013,8,3.6242,0
NEG_002404,pseudo_negative,Mizoram,24.154667,92.820319,2013-06-17,2013,6,2.4453,0
NEG_002405,pseudo_negative,Mizoram,24.080819,93.065154,2015-07-07,2015,7,3.5898,0
NEG_002406,pseudo_negative,Mizoram,24.24508,93.08823,2007-11-03,2007,11,1.3203,0
NEG_002407,pseudo_negative,Mizoram,24.268599,93.241508,2009-07-25,2009,7,6.114,0
NEG_002408,pseudo_negative,Mizoram,24.069766,93.495813,2013-05-16,2013,5,1.3193,0
NEG_002409,pseudo_negative,Mizoram,24.677928,92.354985,2007-05-09,2007,5,7.2815,0
NEG_002410,pseudo_negative,Mizoram,24.640731,92.573404,2018-05-28,2018,5,7.9601,0
NEG_002411,pseudo_negative,Mizoram,24.647111,92.707246,2013-04-10,2013,4,3.8183,0
NEG_002412,pseudo_negative,Mizoram,24.658104,92.810381,2005-07-20,2005,7,4.678,0
NEG_002413,pseudo_negative,Mizoram,24.383294,93.081065,2012-07-26,2012,7,2.8363,0
NEG_002414,pseudo_negative,Mizoram,24.611339,93.155518,2009-05-24,2009,5,1.7523,0
NEG_002415,pseudo_negative,Mizoram,24.532391,93.288128,2010-07-15,2010,7,3.8544,0
NEG_002416,pseudo_negative,Mizoram,24.430072,93.541471,2018-02-01,2018,2,6.391,0
NEG_002417,pseudo_negative,Mizoram,22.145999,92.405778,2022-07-06,2022,7,21.3677,0
NEG_002418,pseudo_negative,Mizoram,22.263862,92.478909,2024-06-30,2024,6,12.1161,0
NEG_002419,pseudo_negative,Mizoram,22.23675,92.635869,2016-09-22,2016,9,1.5923,0
NEG_002420,pseudo_negative,Mizoram,22.055523,92.792595,2014-03-09,2014,3,7.7103,0
NEG_002421,pseudo_negative,Mizoram,22.352693,93.019934,2026-11-19,2026,11,2.5002,0
NEG_002422,pseudo_negative,Mizoram,22.300726,93.207647,2019-06-11,2019,6,7.2815,0
NEG_002423,pseudo_negative,Mizoram,22.118432,93.289851,2018-05-12,2018,5,18.7951,0
NEG_002424,pseudo_negative,Mizoram,22.140096,93.459686,2005-05-10,2005,5,34.5964,0
NEG_002425,pseudo_negative,Mizoram,22.483387,92.384246,2005-08-23,2005,8,17.6302,0
NEG_002426,pseudo_negative,Mizoram,22.425788,92.470047,2020-05-10,2020,5,10.6198,0
NEG_002427,pseudo_negative,Mizoram,22.490937,92.769974,2011-06-06,2011,6,2.2861,0
NEG_002428,pseudo_negative,Mizoram,22.602052,92.851774,2005-05-02,2005,5,2.5861,0
NEG_002429,pseudo_negative,Mizoram,22.672951,92.943478,2026-09-20,2026,9,5.392,0
NEG_002430,pseudo_negative,Mizoram,22.446958,93.193881,2020-05-06,2020,5,8.3892,0
NEG_002431,pseudo_negative,Mizoram,22.462607,93.390163,2017-05-07,2017,5,27.6314,0
NEG_002432,pseudo_negative,Mizoram,22.669726,93.415713,2023-08-28,2023,8,39.238,0
NEG_002433,pseudo_negative,Mizoram,22.88943,92.425997,2024-05-23,2024,5,3.4838,0
NEG_002434,pseudo_negative,Mizoram,23.032017,92.609804,2012-08-28,2012,8,6.2562,0
NEG_002435,pseudo_negative,Mizoram,22.699837,92.850275,2012-08-20,2012,8,1.0245,0
NEG_002436,pseudo_negative,Mizoram,22.909488,93.148063,2026-08-30,2026,8,13.9309,0
NEG_002437,pseudo_negative,Mizoram,22.695228,93.23992,2012-06-21,2012,6,25.2675,0
NEG_002438,pseudo_negative,Mizoram,22.978034,93.417425,2019-06-01,2019,6,13.9556,0
NEG_002439,pseudo_negative,Mizoram,23.280544,92.460023,2022-07-28,2022,7,3.9623,0
NEG_002440,pseudo_negative,Mizoram,23.30644,92.475246,2011-11-18,2011,11,6.2946,0
NEG_002441,pseudo_negative,Mizoram,23.165937,92.767003,2008-05-07,2008,5,2.3316,0
NEG_002442,pseudo_negative,Mizoram,23.137222,93.051085,2016-08-06,2016,8,1.2988,0
NEG_002443,pseudo_negative,Mizoram,23.220137,93.108959,2005-08-23,2005,8,1.6364,0
NEG_002444,pseudo_negative,Mizoram,23.206104,93.271135,2019-11-04,2019,11,1.2643,0
NEG_002445,pseudo_negative,Mizoram,23.253467,93.51565,2017-09-21,2017,9,18.2475,0
NEG_002446,pseudo_negative,Mizoram,23.42442,92.386723,2019-05-21,2019,5,18.2801,0
NEG_002447,pseudo_negative,Mizoram,23.420191,92.562267,2007-08-27,2007,8,5.7682,0
NEG_002448,pseudo_negative,Mizoram,23.381811,92.768598,2026-05-05,2026,5,1.1914,0
NEG_002449,pseudo_negative,Mizoram,23.685596,93.052083,2022-05-21,2022,5,1.3898,0
NEG_002450,pseudo_negative,Mizoram,23.495536,93.436674,2022-10-11,2022,10,6.4051,0
NEG_002451,pseudo_negative,Mizoram,23.710539,92.377321,2019-07-30,2019,7,3.5992,0
NEG_002452,pseudo_negative,Mizoram,23.858974,92.512614,2005-05-03,2005,5,1.7743,0
NEG_002453,pseudo_negative,Mizoram,23.737515,92.638336,2013-06-05,2013,6,2.9391,0
NEG_002454,pseudo_negative,Mizoram,23.710711,92.919853,2019-06-04,2019,6,4.0065,0
NEG_002455,pseudo_negative,Mizoram,24.003746,92.944003,2015-10-15,2015,10,2.3466,0
NEG_002456,pseudo_negative,Mizoram,23.894913,93.114413,2011-08-23,2011,8,2.0927,0
NEG_002457,pseudo_negative,Mizoram,23.829196,93.243473,2024-09-01,2024,9,4.6142,0
NEG_002458,pseudo_negative,Mizoram,23.815488,93.411983,2019-11-16,2019,11,3.282,0
NEG_002459,pseudo_negative,Mizoram,24.185104,92.568748,2005-11-15,2005,11,1.0749,0
NEG_002460,pseudo_negative,Mizoram,24.162938,92.825674,2011-09-15,2011,9,2.8495,0
NEG_002461,pseudo_negative,Mizoram,24.151647,93.042489,2008-07-05,2008,7,1.9278,0
NEG_002462,pseudo_negative,Mizoram,24.170948,93.165186,2005-11-04,2005,11,6.2864,0
NEG_002463,pseudo_negative,Mizoram,24.350149,93.363911,2024-05-28,2024,5,2.3295,0
NEG_002464,pseudo_negative,Mizoram,24.214349,93.439795,2023-05-28,2023,5,3.7682,0
NEG_002465,pseudo_negative,Mizoram,24.456002,92.41602,2013-08-03,2013,8,7.9487,0
NEG_002466,pseudo_negative,Mizoram,24.472258,92.566428,2018-08-28,2018,8,3.6455,0
NEG_002467,pseudo_negative,Mizoram,24.453552,92.626366,2013-05-02,2013,5,6.3784,0
NEG_002468,pseudo_negative,Mizoram,24.577422,92.826923,2012-05-08,2012,5,4.7447,0
NEG_002469,pseudo_negative,Mizoram,24.701843,92.945894,2018-07-10,2018,7,4.8016,0
NEG_002470,pseudo_negative,Mizoram,24.381944,93.224122,2013-08-04,2013,8,3.8689,0
NEG_002471,pseudo_negative,Mizoram,24.593971,93.361235,2022-08-21,2022,8,1.2508,0
NEG_002472,pseudo_negative,Mizoram,24.523921,93.466163,2019-07-22,2019,7,7.2585,0
NEG_002473,pseudo_negative,Mizoram,22.192593,92.341736,2026-06-08,2026,6,27.1034,0
NEG_002474,pseudo_negative,Mizoram,22.023133,92.528823,2024-07-01,2024,7,13.8467,0
NEG_002475,pseudo_negative,Mizoram,22.257539,92.705564,2005-01-22,2005,1,2.5237,0
NEG_002476,pseudo_negative,Mizoram,22.040056,92.880997,2014-08-25,2014,8,7.0079,0
NEG_002477,pseudo_negative,Mizoram,22.269537,93.193773,2023-05-23,2023,5,7.8799,0
NEG_002478,pseudo_negative,Mizoram,22.041348,93.292078,2015-08-17,2015,8,24.2892,0
NEG_002479,pseudo_negative,Mizoram,22.13293,93.433188,2024-05-25,2024,5,32.0997,0
NEG_002480,pseudo_negative,Mizoram,22.63435,92.337347,2016-06-11,2016,6,20.9757,0
NEG_002481,pseudo_negative,Mizoram,22.458453,92.464906,2010-06-08,2010,6,10.8408,0
NEG_002482,pseudo_negative,Mizoram,22.463216,92.740055,2026-06-02,2026,6,1.0934,0
NEG_002483,pseudo_negative,Mizoram,22.370057,92.916843,2005-11-24,2005,11,1.8669,0
NEG_002484,pseudo_negative,Mizoram,22.664486,92.976308,2014-06-21,2014,6,4.3464,0
NEG_002485,pseudo_negative,Mizoram,22.65708,93.145353,2014-11-12,2014,11,16.2451,0
NEG_002486,pseudo_negative,Mizoram,22.639714,93.385528,2007-05-03,2007,5,34.8099,0
NEG_002487,pseudo_negative,Mizoram,22.458908,93.456228,2007-06-15,2007,6,34.1646,0
NEG_002488,pseudo_negative,Mizoram,22.961495,92.344466,2020-10-22,2020,10,13.1439,0
NEG_002489,pseudo_negative,Mizoram,22.898485,92.519065,2014-05-06,2014,5,1.9833,0
NEG_002490,pseudo_negative,Mizoram,22.945882,92.691203,2014-11-02,2014,11,1.801,0
NEG_002491,pseudo_negative,Mizoram,22.921295,92.903494,2022-11-14,2022,11,1.2842,0
NEG_002492,pseudo_negative,Mizoram,22.762117,92.956133,2012-11-27,2012,11,3.9481,0
NEG_002493,pseudo_negative,Mizoram,22.863166,93.101358,2009-08-10,2009,8,7.9266,0
NEG_002494,pseudo_negative,Mizoram,22.980235,93.289999,2022-08-02,2022,8,4.1355,0
NEG_002495,pseudo_negative,Mizoram,22.944303,93.456176,2011-12-19,2011,12,19.3847,0
NEG_002496,pseudo_negative,Mizoram,23.114859,92.398461,2013-07-19,2013,7,11.6161,0
NEG_002497,pseudo_negative,Mizoram,23.32544,92.557793,2007-05-16,2007,5,8.5715,0
NEG_002498,pseudo_negative,Mizoram,23.041161,92.848586,2018-12-18,2018,12,4.4689,0
NEG_002499,pseudo_negative,Mizoram,23.272535,93.058562,2012-07-11,2012,7,2.9548,0
NEG_002500,pseudo_negative,Mizoram,23.360914,93.146378,2024-07-26,2024,7,2.5932,0
NEG_002501,pseudo_negative,Mizoram,23.107761,93.325935,2012-01-07,2012,1,2.9625,0
NEG_002502,pseudo_negative,Mizoram,23.111788,93.420532,2015-11-12,2015,11,5.9346,0
NEG_002503,pseudo_negative,Mizoram,23.500457,92.440487,2020-01-18,2020,1,8.2976,0
NEG_002504,pseudo_negative,Mizoram,23.433275,92.608165,2016-11-19,2016,11,3.2756,0
NEG_002505,pseudo_negative,Mizoram,23.630076,92.923799,2021-11-01,2021,11,2.8386,0
NEG_002506,pseudo_negative,Mizoram,23.501718,93.056926,2015-07-17,2015,7,2.1784,0
NEG_002507,pseudo_negative,Mizoram,23.558598,93.505349,2010-08-15,2010,8,12.4135,0
NEG_002508,pseudo_negative,Mizoram,23.870732,92.411791,2007-08-21,2007,8,3.937,0
NEG_002509,pseudo_negative,Mizoram,23.984775,92.547868,2023-08-06,2023,8,8.8781,0
NEG_002510,pseudo_negative,Mizoram,23.733014,92.652579,2024-07-25,2024,7,2.2292,0
NEG_002511,pseudo_negative,Mizoram,23.786341,92.930569,2017-05-04,2017,5,3.4817,0
NEG_002512,pseudo_negative,Mizoram,23.951919,93.201715,2021-05-18,2021,5,1.5696,0
NEG_002513,pseudo_negative,Mizoram,23.937033,93.485553,2022-09-01,2022,9,8.1063,0
NEG_002514,pseudo_negative,Mizoram,24.301973,92.357586,2007-08-20,2007,8,6.8954,0
NEG_002515,pseudo_negative,Mizoram,24.092702,92.494224,2016-11-21,2016,11,1.7952,0
NEG_002516,pseudo_negative,Mizoram,24.238831,92.706439,2019-07-21,2019,7,1.2415,0
NEG_002517,pseudo_negative,Mizoram,24.062671,92.834378,2018-09-28,2018,9,4.4714,0
NEG_002518,pseudo_negative,Mizoram,24.357305,92.951146,2019-08-16,2019,8,2.3182,0
NEG_002519,pseudo_negative,Mizoram,24.262754,93.431933,2021-04-16,2021,4,2.2036,0
NEG_002520,pseudo_negative,Mizoram,24.425636,92.390012,2011-11-10,2011,11,11.2489,0
NEG_002521,pseudo_negative,Mizoram,24.540871,92.477289,2025-08-01,2025,8,5.8153,0
NEG_002522,pseudo_negative,Mizoram,24.439658,92.647771,2006-05-14,2006,5,5.6324,0
NEG_002523,pseudo_negative,Mizoram,24.589825,92.848148,2015-09-04,2015,9,3.455,0
NEG_002524,pseudo_negative,Mizoram,24.525477,93.021856,2011-08-01,2011,8,3.2314,0
NEG_002525,pseudo_negative,Mizoram,24.477225,93.158263,2021-12-10,2021,12,3.1867,0
NEG_002526,pseudo_negative,Mizoram,24.459678,93.37726,2016-07-29,2016,7,2.076,0
NEG_002527,pseudo_negative,Mizoram,24.484363,93.44954,2005-08-31,2005,8,8.2725,0
NEG_002528,pseudo_negative,Mizoram,22.203808,92.315545,2020-05-27,2020,5,30.2027,0
NEG_002529,pseudo_negative,Mizoram,22.035848,92.506822,2016-11-15,2016,11,15.5506,0
NEG_002530,pseudo_negative,Mizoram,22.286572,92.649287,2007-09-12,2007,9,2.0207,0
NEG_002531,pseudo_negative,Mizoram,22.19784,92.800102,2025-08-13,2025,8,3.6798,0
NEG_002532,pseudo_negative,Mizoram,22.348365,93.029726,2008-08-01,2008,8,1.4077,0
NEG_002533,pseudo_negative,Mizoram,22.104642,93.215045,2007-05-12,2007,5,13.7529,0
NEG_002534,pseudo_negative,Mizoram,22.177885,93.275725,2022-07-08,2022,7,15.2041,0
NEG_002535,pseudo_negative,Mizoram,22.278902,93.51962,2011-05-13,2011,5,39.3214,0
NEG_002536,pseudo_negative,Mizoram,22.520692,92.37697,2021-11-06,2021,11,17.0581,0
NEG_002537,pseudo_negative,Mizoram,22.686075,92.472377,2013-08-25,2013,8,7.4296,0
NEG_002538,pseudo_negative,Mizoram,22.445607,92.716835,2007-05-04,2007,5,1.7978,0
NEG_002539,pseudo_negative,Mizoram,22.692601,92.87141,2026-07-08,2026,7,1.5234,0
NEG_002540,pseudo_negative,Mizoram,22.677958,92.995284,2022-10-28,2022,10,2.4546,0
NEG_002541,pseudo_negative,Mizoram,22.473517,93.189393,2022-09-20,2022,9,9.1058,0
NEG_002542,pseudo_negative,Mizoram,22.480863,93.24439,2025-08-06,2025,8,14.7986,0
NEG_002543,pseudo_negative,Mizoram,22.618917,93.507438,2012-05-19,2012,5,45.78,0
NEG_002544,pseudo_negative,Mizoram,22.700631,92.430753,2005-09-17,2005,9,10.1467,0
NEG_002545,pseudo_negative,Mizoram,22.749722,92.527289,2015-05-29,2015,5,1.3143,0
NEG_002546,pseudo_negative,Mizoram,22.715557,92.719663,2010-11-18,2010,11,2.1094,0
NEG_002547,pseudo_negative,Mizoram,23.000639,92.888866,2008-07-01,2008,7,3.5195,0
NEG_002548,pseudo_negative,Mizoram,22.997142,92.994501,2020-08-30,2020,8,1.0207,0
NEG_002549,pseudo_negative,Mizoram,22.731729,93.160563,2007-05-22,2007,5,16.31,0
NEG_002550,pseudo_negative,Mizoram,22.811082,93.347034,2010-06-05,2010,6,23.8013,0
NEG_002551,pseudo_negative,Mizoram,22.927573,93.510447,2006-11-16,2006,11,24.9794,0
NEG_002552,pseudo_negative,Mizoram,23.344402,92.383093,2022-09-05,2022,9,14.427,0
NEG_002553,pseudo_negative,Mizoram,23.114232,92.594509,2011-06-18,2011,6,3.2681,0
NEG_002554,pseudo_negative,Mizoram,23.21992,92.701034,2019-05-29,2019,5,2.4666,0
NEG_002555,pseudo_negative,Mizoram,23.291725,93.069536,2009-05-13,2009,5,1.5129,0
NEG_002556,pseudo_negative,Mizoram,23.303691,93.212066,2014-07-11,2014,7,3.4163,0
NEG_002557,pseudo_negative,Mizoram,23.305311,93.265975,2019-07-20,2019,7,2.6086,0
NEG_002558,pseudo_negative,Mizoram,23.091044,93.519077,2025-11-10,2025,11,16.1706,0
NEG_002559,pseudo_negative,Mizoram,23.561553,92.389434,2018-06-13,2018,6,8.265,0
NEG_002560,pseudo_negative,Mizoram,23.645576,92.568985,2014-07-24,2014,7,2.5438,0
NEG_002561,pseudo_negative,Mizoram,23.457804,92.632186,2009-07-25,2009,7,3.3311,0
NEG_002562,pseudo_negative,Mizoram,23.515061,93.033136,2008-11-19,2008,11,3.912,0
NEG_002563,pseudo_negative,Mizoram,23.577538,93.45685,2013-07-25,2013,7,8.2929,0
NEG_002564,pseudo_negative,Mizoram,23.783849,92.382948,2006-11-03,2006,11,2.374,0
NEG_002565,pseudo_negative,Mizoram,23.953619,92.581771,2012-09-27,2012,9,7.5545,0
NEG_002566,pseudo_negative,Mizoram,23.852701,92.637091,2015-11-12,2015,11,1.0589,0
NEG_002567,pseudo_negative,Mizoram,23.775969,92.957571,2009-05-28,2009,5,2.8676,0
NEG_002568,pseudo_negative,Mizoram,23.904082,93.140335,2009-08-10,2009,8,3.8033,0
NEG_002569,pseudo_negative,Mizoram,24.030752,93.356383,2025-07-16,2025,7,4.4806,0
NEG_002570,pseudo_negative,Mizoram,24.013239,93.479966,2026-08-16,2026,8,3.7771,0
NEG_002571,pseudo_negative,Mizoram,24.124409,92.31984,2012-08-27,2012,8,1.7196,0
NEG_002572,pseudo_negative,Mizoram,24.259017,92.784304,2019-11-30,2019,11,2.6072,0
NEG_002573,pseudo_negative,Mizoram,24.279916,93.210601,2024-11-24,2024,11,3.1017,0
NEG_002574,pseudo_negative,Mizoram,24.259268,93.285919,2024-09-15,2024,9,4.5939,0
NEG_002575,pseudo_negative,Mizoram,24.626351,92.378614,2009-05-26,2009,5,12.6115,0
NEG_002576,pseudo_negative,Mizoram,24.495056,92.505779,2024-08-22,2024,8,2.3135,0
NEG_002577,pseudo_negative,Mizoram,24.535647,92.692577,2018-08-05,2018,8,2.707,0
NEG_002578,pseudo_negative,Mizoram,24.716599,92.893264,2014-08-07,2014,8,1.2185,0
NEG_002579,pseudo_negative,Mizoram,24.48131,92.932209,2007-05-06,2007,5,4.5606,0
NEG_002580,pseudo_negative,Mizoram,24.4479,93.20477,2024-08-10,2024,8,4.6037,0
NEG_002581,pseudo_negative,Mizoram,24.545569,93.506524,2018-07-04,2018,7,5.4424,0
NEG_002582,pseudo_negative,Mizoram,22.188303,92.438304,2016-10-26,2016,10,17.61,0
NEG_002583,pseudo_negative,Mizoram,22.255462,92.546299,2009-10-26,2009,10,5.788,0
NEG_002584,pseudo_negative,Mizoram,22.315163,92.851973,2005-05-03,2005,5,5.3998,0
NEG_002585,pseudo_negative,Mizoram,22.281956,92.944711,2015-08-15,2015,8,5.9723,0
NEG_002586,pseudo_negative,Mizoram,22.316353,93.212722,2005-06-23,2005,6,7.4916,0
NEG_002587,pseudo_negative,Mizoram,22.067995,93.339711,2020-07-06,2020,7,26.1157,0
NEG_002588,pseudo_negative,Mizoram,22.35088,93.475674,2018-08-21,2018,8,34.6953,0
NEG_002589,pseudo_negative,Mizoram,22.637571,92.377156,2015-05-16,2015,5,16.993,0
NEG_002590,pseudo_negative,Mizoram,22.564791,92.510049,2007-08-16,2007,8,3.4878,0
NEG_002591,pseudo_negative,Mizoram,22.363327,92.705837,2005-05-06,2005,5,2.6289,0
NEG_002592,pseudo_negative,Mizoram,22.369111,92.799326,2014-12-31,2014,12,1.6906,0
NEG_002593,pseudo_negative,Mizoram,22.600275,93.022014,2012-11-24,2012,11,5.4952,0
NEG_002594,pseudo_negative,Mizoram,22.532612,93.087385,2011-11-22,2011,11,7.1272,0
NEG_002595,pseudo_negative,Mizoram,22.444466,93.307879,2013-06-11,2013,6,18.9407,0
NEG_002596,pseudo_negative,Mizoram,22.600798,93.449134,2018-09-29,2018,9,39.6658,0
NEG_002597,pseudo_negative,Mizoram,22.704126,92.436374,2023-07-24,2023,7,9.4594,0
NEG_002598,pseudo_negative,Mizoram,22.862423,92.593383,2022-05-14,2022,5,4.3625,0
NEG_002599,pseudo_negative,Mizoram,22.80037,92.659719,2026-05-22,2026,5,3.1481,0
NEG_002600,pseudo_negative,Mizoram,22.912343,92.845102,2017-07-27,2017,7,1.7154,0
NEG_002601,pseudo_negative,Mizoram,23.008513,93.066572,2018-08-06,2018,8,3.9895,0
NEG_002602,pseudo_negative,Mizoram,22.767212,93.209046,2005-06-20,2005,6,18.7477,0
NEG_002603,pseudo_negative,Mizoram,22.778852,93.302647,2017-09-25,2017,9,26.5439,0
NEG_002604,pseudo_negative,Mizoram,22.706059,93.437383,2009-08-14,2009,8,38.0033,0
NEG_002605,pseudo_negative,Mizoram,23.082647,92.361764,2022-07-28,2022,7,16.7916,0
NEG_002606,pseudo_negative,Mizoram,23.28327,92.539231,2023-08-15,2023,8,3.8762,0
NEG_002607,pseudo_negative,Mizoram,23.119706,92.657342,2025-10-31,2025,10,2.0768,0
NEG_002608,pseudo_negative,Mizoram,23.281114,92.794336,2006-05-01,2006,5,2.8616,0
NEG_002609,pseudo_negative,Mizoram,23.208682,93.231506,2008-07-05,2008,7,2.4963,0
NEG_002610,pseudo_negative,Mizoram,23.094016,93.283634,2010-10-30,2010,10,3.8157,0
NEG_002611,pseudo_negative,Mizoram,23.066543,93.42924,2006-05-19,2006,5,9.8624,0
NEG_002612,pseudo_negative,Mizoram,23.555194,92.400238,2005-06-09,2005,6,7.2985,0
NEG_002613,pseudo_negative,Mizoram,23.446887,92.608844,2019-08-13,2019,8,1.9643,0
NEG_002614,pseudo_negative,Mizoram,23.403822,92.784223,2019-08-24,2019,8,2.0104,0
NEG_002615,pseudo_negative,Mizoram,23.459007,92.982365,2026-05-30,2026,5,2.2683,0
NEG_002616,pseudo_negative,Mizoram,23.431389,93.148331,2021-08-09,2021,8,1.9773,0
NEG_002617,pseudo_negative,Mizoram,23.602604,93.317594,2025-07-19,2025,7,2.8248,0
NEG_002618,pseudo_negative,Mizoram,23.626149,93.397213,2008-08-10,2008,8,4.8955,0
NEG_002619,pseudo_negative,Mizoram,23.818216,92.322125,2025-08-11,2025,8,3.6238,0
NEG_002620,pseudo_negative,Mizoram,23.789399,92.89749,2005-11-07,2005,11,4.704,0
NEG_002621,pseudo_negative,Mizoram,23.976673,93.160125,2010-07-15,2010,7,4.1888,0
NEG_002622,pseudo_negative,Mizoram,23.911671,93.348192,2016-05-28,2016,5,2.7085,0
NEG_002623,pseudo_negative,Mizoram,23.919818,93.496676,2023-07-21,2023,7,8.6108,0
NEG_002624,pseudo_negative,Mizoram,24.176324,92.427702,2023-05-10,2023,5,2.7461,0
NEG_002625,pseudo_negative,Mizoram,24.228556,92.505703,2009-05-02,2009,5,4.6446,0
NEG_002626,pseudo_negative,Mizoram,24.278889,92.769017,2016-05-15,2016,5,4.1559,0
NEG_002627,pseudo_negative,Mizoram,24.320414,92.813525,2018-07-31,2018,7,2.683,0
NEG_002628,pseudo_negative,Mizoram,24.122883,93.004127,2009-09-11,2009,9,3.8638,0
NEG_002629,pseudo_negative,Mizoram,24.080096,93.214249,2024-10-24,2024,10,4.8596,0
NEG_002630,pseudo_negative,Mizoram,24.22018,93.521931,2008-05-12,2008,5,2.3885,0
NEG_002631,pseudo_negative,Mizoram,24.480189,92.34735,2021-07-27,2021,7,10.8722,0
NEG_002632,pseudo_negative,Mizoram,24.612419,92.612927,2012-08-10,2012,8,8.2357,0
NEG_002633,pseudo_negative,Mizoram,24.389473,92.634849,2025-06-05,2025,6,4.6924,0
NEG_002634,pseudo_negative,Mizoram,24.51776,92.846808,2026-05-08,2026,5,1.5254,0
NEG_002635,pseudo_negative,Mizoram,24.610388,92.931203,2022-11-25,2022,11,5.673,0
NEG_002636,pseudo_negative,Mizoram,24.60347,93.337021,2025-11-28,2025,11,3.1086,0
NEG_002637,pseudo_negative,Mizoram,24.525764,93.485983,2022-01-25,2022,1,6.623,0
NEG_002638,pseudo_negative,Mizoram,22.197815,92.410796,2007-06-22,2007,6,20.0333,0
NEG_002639,pseudo_negative,Mizoram,22.11975,92.492508,2013-11-17,2013,11,13.5556,0
NEG_002640,pseudo_negative,Mizoram,22.322302,92.67435,2008-09-08,2008,9,1.8232,0
NEG_002641,pseudo_negative,Mizoram,22.264607,92.851181,2024-05-13,2024,5,8.9783,0
NEG_002642,pseudo_negative,Mizoram,22.284905,93.022879,2025-11-12,2025,11,2.8061,0
NEG_002643,pseudo_negative,Mizoram,22.242573,93.225401,2026-07-15,2026,7,10.9017,0
NEG_002644,pseudo_negative,Mizoram,22.336224,93.384506,2019-09-29,2019,9,25.214,0
NEG_002645,pseudo_negative,Mizoram,22.176015,93.423181,2005-11-12,2005,11,30.3038,0
NEG_002646,pseudo_negative,Mizoram,22.480062,92.426828,2005-11-28,2005,11,13.9864,0
NEG_002647,pseudo_negative,Mizoram,22.677143,92.550082,2008-12-16,2008,12,1.066,0
NEG_002648,pseudo_negative,Mizoram,22.431012,92.647728,2024-08-30,2024,8,2.4678,0
NEG_002649,pseudo_negative,Mizoram,22.538347,92.79355,2016-11-16,2016,11,2.8189,0
NEG_002650,pseudo_negative,Mizoram,22.560814,92.99002,2005-11-17,2005,11,3.711,0
NEG_002651,pseudo_negative,Mizoram,22.665393,93.143707,2014-05-19,2014,5,15.8336,0
NEG_002652,pseudo_negative,Mizoram,22.509595,93.270273,2014-07-17,2014,7,17.9598,0
NEG_002653,pseudo_negative,Mizoram,22.471385,93.432725,2012-05-05,2012,5,32.1102,0
NEG_002654,pseudo_negative,Mizoram,22.934844,92.344218,2012-12-04,2012,12,12.1753,0
NEG_002655,pseudo_negative,Mizoram,22.782493,92.602726,2017-08-19,2017,8,1.5519,0
NEG_002656,pseudo_negative,Mizoram,22.884051,92.64669,2014-09-26,2014,9,5.1944,0
NEG_002657,pseudo_negative,Mizoram,22.812781,92.891092,2005-11-17,2005,11,2.2074,0
NEG_002658,pseudo_negative,Mizoram,22.991465,93.231473,2022-05-24,2022,5,5.3362,0
NEG_002659,pseudo_negative,Mizoram,22.967206,93.33629,2022-11-11,2022,11,7.7514,0
NEG_002660,pseudo_negative,Mizoram,22.885619,93.522395,2021-06-21,2021,6,28.7656,0
NEG_002661,pseudo_negative,Mizoram,23.361167,92.398156,2019-06-16,2019,6,14.9217,0
NEG_002662,pseudo_negative,Mizoram,23.078199,92.57033,2017-11-13,2017,11,1.4765,0
NEG_002663,pseudo_negative,Mizoram,23.357819,92.737289,2017-08-08,2017,8,2.4152,0
NEG_002664,pseudo_negative,Mizoram,23.198743,93.072171,2010-05-12,2010,5,1.7982,0
NEG_002665,pseudo_negative,Mizoram,23.367928,93.163868,2007-11-26,2007,11,2.6052,0
NEG_002666,pseudo_negative,Mizoram,23.207127,93.306682,2008-10-18,2008,10,2.2871,0
NEG_002667,pseudo_negative,Mizoram,23.357672,93.441402,2005-05-23,2005,5,6.1394,0
NEG_002668,pseudo_negative,Mizoram,23.57573,92.43425,2021-07-28,2021,7,3.6988,0
NEG_002669,pseudo_negative,Mizoram,23.494351,92.503517,2019-06-05,2019,6,8.2012,0
NEG_002670,pseudo_negative,Mizoram,23.6638,92.683434,2013-08-10,2013,8,1.1343,0
NEG_002671,pseudo_negative,Mizoram,23.442334,92.81273,2019-05-30,2019,5,2.3025,0
NEG_002672,pseudo_negative,Mizoram,23.509492,93.016594,2007-05-08,2007,5,3.801,0
NEG_002673,pseudo_negative,Mizoram,23.444446,93.13523,2012-07-28,2012,7,3.3745,0
NEG_002674,pseudo_negative,Mizoram,23.510571,93.296009,2021-05-30,2021,5,2.0759,0
NEG_002675,pseudo_negative,Mizoram,23.663765,93.441223,2018-06-29,2018,6,9.2256,0
NEG_002676,pseudo_negative,Mizoram,23.734956,92.390288,2005-08-08,2005,8,5.8812,0
NEG_002677,pseudo_negative,Mizoram,23.928769,92.57037,2020-08-06,2020,8,7.9669,0
NEG_002678,pseudo_negative,Mizoram,23.812037,92.772958,2008-08-23,2008,8,4.0805,0
NEG_002679,pseudo_negative,Mizoram,23.999559,92.864145,2019-05-18,2019,5,3.7676,0
NEG_002680,pseudo_negative,Mizoram,23.935789,92.985391,2015-09-02,2015,9,4.357,0
NEG_002681,pseudo_negative,Mizoram,23.724496,93.185733,2016-07-05,2016,7,1.9371,0
NEG_002682,pseudo_negative,Mizoram,23.996851,93.250903,2024-08-21,2024,8,2.6954,0
NEG_002683,pseudo_negative,Mizoram,23.999698,93.417381,2008-07-25,2008,7,9.1366,0
NEG_002684,pseudo_negative,Mizoram,24.189017,92.365855,2007-07-12,2007,7,3.6385,0
NEG_002685,pseudo_negative,Mizoram,24.080428,92.530013,2011-07-21,2011,7,2.0322,0
NEG_002686,pseudo_negative,Mizoram,24.100344,92.674826,2005-08-14,2005,8,4.8811,0
NEG_002687,pseudo_negative,Mizoram,24.272599,92.939468,2008-06-29,2008,6,1.6171,0
NEG_002688,pseudo_negative,Mizoram,24.163931,93.116342,2009-09-03,2009,9,6.0178,0
NEG_002689,pseudo_negative,Mizoram,24.125534,93.279969,2017-11-06,2017,11,1.1326,0
NEG_002690,pseudo_negative,Mizoram,24.307914,93.534278,2020-11-26,2020,11,2.4939,0
NEG_002691,pseudo_negative,Mizoram,24.543418,92.336329,2021-06-10,2021,6,14.1034,0
NEG_002692,pseudo_negative,Mizoram,24.623752,92.468351,2020-08-05,2020,8,4.9294,0
NEG_002693,pseudo_negative,Mizoram,24.423442,92.626231,2010-08-04,2010,8,6.9533,0
NEG_002694,pseudo_negative,Mizoram,24.4288,92.79575,2012-08-08,2012,8,2.1343,0
NEG_002695,pseudo_negative,Mizoram,24.449391,92.933012,2023-10-29,2023,10,7.522,0
NEG_002696,pseudo_negative,Mizoram,24.44415,93.122904,2021-08-06,2021,8,2.4133,0
NEG_002697,pseudo_negative,Mizoram,24.466145,93.38013,2017-08-26,2017,8,2.734,0
NEG_002698,pseudo_negative,Mizoram,24.384808,93.527141,2008-09-22,2008,9,1.7984,0
NEG_002699,pseudo_negative,Mizoram,22.044234,92.419393,2025-11-25,2025,11,23.7799,0
NEG_002700,pseudo_negative,Mizoram,22.21585,92.542823,2022-08-14,2022,8,6.469,0
NEG_002701,pseudo_negative,Mizoram,22.096685,92.775876,2015-10-20,2015,10,5.9435,0
NEG_002702,pseudo_negative,Mizoram,22.04226,92.988931,2009-07-30,2009,7,10.9279,0
NEG_002703,pseudo_negative,Mizoram,22.09445,93.136538,2005-05-13,2005,5,11.756,0
NEG_002704,pseudo_negative,Mizoram,22.242951,93.327749,2011-08-21,2011,8,20.9083,0
NEG_002705,pseudo_negative,Mizoram,22.025625,93.417648,2015-05-06,2015,5,35.4124,0
NEG_002706,pseudo_negative,Mizoram,22.605548,92.328548,2023-05-21,2023,5,21.7114,0
NEG_002707,pseudo_negative,Mizoram,22.397317,92.48948,2005-08-16,2005,8,10.1399,0
NEG_002708,pseudo_negative,Mizoram,22.5653,92.892634,2021-05-10,2021,5,1.3016,0
NEG_002709,pseudo_negative,Mizoram,22.410015,92.941686,2012-06-27,2012,6,1.1076,0
NEG_002710,pseudo_negative,Mizoram,22.533976,93.200614,2016-08-12,2016,8,12.4909,0
NEG_002711,pseudo_negative,Mizoram,22.383271,93.310572,2008-05-03,2008,5,18.6577,0
NEG_002712,pseudo_negative,Mizoram,22.456372,93.501499,2009-08-21,2009,8,38.6953,0
NEG_002713,pseudo_negative,Mizoram,22.715634,92.463448,2017-09-02,2017,9,6.4016,0
NEG_002714,pseudo_negative,Mizoram,22.944564,92.555748,2025-08-14,2025,8,4.5786,0
NEG_002715,pseudo_negative,Mizoram,22.944425,92.639954,2007-05-25,2007,5,6.8398,0
NEG_002716,pseudo_negative,Mizoram,22.863682,92.872755,2025-07-26,2025,7,2.2558,0
NEG_002717,pseudo_negative,Mizoram,22.774713,93.003302,2016-07-08,2016,7,2.6841,0
NEG_002718,pseudo_negative,Mizoram,22.850848,93.202438,2012-05-08,2012,5,17.2365,0
NEG_002719,pseudo_negative,Mizoram,22.854787,93.244123,2022-06-07,2022,6,18.4635,0
NEG_002720,pseudo_negative,Mizoram,22.859324,93.432311,2020-10-18,2020,10,23.2424,0
NEG_002721,pseudo_negative,Mizoram,23.21565,92.354284,2020-05-02,2020,5,13.4012,0
NEG_002722,pseudo_negative,Mizoram,23.048955,92.647422,2012-06-10,2012,6,2.3666,0
NEG_002723,pseudo_negative,Mizoram,23.355562,92.804623,2012-06-02,2012,6,1.0712,0
NEG_002724,pseudo_negative,Mizoram,23.077557,92.947093,2010-06-13,2010,6,4.9374,0
NEG_002725,pseudo_negative,Mizoram,23.063145,93.175235,2015-05-16,2015,5,3.9098,0
NEG_002726,pseudo_negative,Mizoram,23.356566,93.534531,2025-05-14,2025,5,15.4175,0
NEG_002727,pseudo_negative,Mizoram,23.651274,92.365778,2023-07-06,2023,7,4.5962,0
NEG_002728,pseudo_negative,Mizoram,23.534719,92.59562,2026-10-23,2026,10,2.3294,0
NEG_002729,pseudo_negative,Mizoram,23.538355,92.925629,2017-10-30,2017,10,4.8125,0
NEG_002730,pseudo_negative,Mizoram,23.631187,93.016719,2015-10-09,2015,10,1.7369,0
NEG_002731,pseudo_negative,Mizoram,23.505814,93.326821,2025-05-18,2025,5,1.7063,0
NEG_002732,pseudo_negative,Mizoram,23.404954,93.425038,2008-03-11,2008,3,4.0988,0
NEG_002733,pseudo_negative,Mizoram,23.940628,92.348246,2019-06-11,2019,6,2.2119,0
NEG_002734,pseudo_negative,Mizoram,23.879685,92.59713,2019-06-05,2019,6,5.5216,0
NEG_002735,pseudo_negative,Mizoram,23.940484,92.625604,2013-11-25,2013,11,2.8671,0
NEG_002736,pseudo_negative,Mizoram,23.846361,92.991626,2008-04-04,2008,4,5.0238,0
NEG_002737,pseudo_negative,Mizoram,23.913754,93.418689,2006-05-11,2006,5,7.8229,0
NEG_002738,pseudo_negative,Mizoram,24.279447,92.389752,2006-05-23,2006,5,5.3232,0
NEG_002739,pseudo_negative,Mizoram,24.18791,92.613674,2007-07-02,2007,7,1.2149,0
NEG_002740,pseudo_negative,Mizoram,24.058024,92.641417,2005-05-15,2005,5,2.4808,0
NEG_002741,pseudo_negative,Mizoram,24.219421,92.915621,2012-05-07,2012,5,3.3287,0
NEG_002742,pseudo_negative,Mizoram,24.342185,93.1292,2015-11-19,2015,11,2.5054,0
NEG_002743,pseudo_negative,Mizoram,24.102323,93.359948,2015-09-19,2015,9,4.1435,0
NEG_002744,pseudo_negative,Mizoram,24.101985,93.457731,2022-11-04,2022,11,3.8486,0
NEG_002745,pseudo_negative,Mizoram,24.402944,92.32011,2007-06-27,2007,6,7.9952,0
NEG_002746,pseudo_negative,Mizoram,24.583226,92.50877,2012-05-21,2012,5,7.351,0
NEG_002747,pseudo_negative,Mizoram,24.536614,92.70114,2012-05-11,2012,5,2.9314,0
NEG_002748,pseudo_negative,Mizoram,24.429098,92.882183,2019-06-06,2019,6,6.6189,0
NEG_002749,pseudo_negative,Mizoram,24.495465,92.997699,2021-07-22,2021,7,6.6176,0
NEG_002750,pseudo_negative,Mizoram,24.675698,93.186889,2025-08-26,2025,8,2.9974,0
NEG_002751,pseudo_negative,Mizoram,24.43194,93.387306,2026-07-25,2026,7,3.4544,0
NEG_002752,pseudo_negative,Mizoram,24.437541,93.417373,2025-07-20,2025,7,6.0095,0
NEG_002753,pseudo_negative,Mizoram,22.248034,92.367498,2011-05-16,2011,5,23.6129,0
NEG_002754,pseudo_negative,Mizoram,22.072365,92.476066,2006-07-26,2006,7,17.1576,0
NEG_002755,pseudo_negative,Mizoram,22.27938,92.851755,2021-11-25,2021,11,9.2311,0
NEG_002756,pseudo_negative,Mizoram,22.263514,92.943852,2016-05-21,2016,5,3.99,0
NEG_002757,pseudo_negative,Mizoram,22.046055,93.188913,2011-05-26,2011,5,18.1618,0
NEG_002758,pseudo_negative,Mizoram,22.045018,93.373194,2018-04-04,2018,4,30.4063,0
NEG_002759,pseudo_negative,Mizoram,22.263283,93.52159,2010-07-16,2010,7,39.7632,0
NEG_002760,pseudo_negative,Mizoram,22.471055,92.346816,2011-10-24,2011,10,21.6993,0
NEG_002761,pseudo_negative,Mizoram,22.465787,92.506662,2017-05-09,2017,5,6.7413,0
NEG_002762,pseudo_negative,Mizoram,22.452233,92.622735,2014-05-25,2014,5,2.1119,0
NEG_002763,pseudo_negative,Mizoram,22.590256,92.857024,2012-11-26,2012,11,1.414,0
NEG_002764,pseudo_negative,Mizoram,22.481323,92.941189,2018-04-23,2018,4,1.3497,0
NEG_002765,pseudo_negative,Mizoram,22.432626,93.090159,2006-01-28,2006,1,1.302,0
NEG_002766,pseudo_negative,Mizoram,22.52365,93.301786,2024-06-20,2024,6,21.4939,0
NEG_002767,pseudo_negative,Mizoram,22.652183,93.504087,2024-06-13,2024,6,46.4451,0
NEG_002768,pseudo_negative,Mizoram,22.970078,92.426881,2011-06-12,2011,6,7.0316,0
NEG_002769,pseudo_negative,Mizoram,22.707919,92.477002,2010-04-02,2010,4,5.6722,0
NEG_002770,pseudo_negative,Mizoram,22.746377,92.751107,2020-10-25,2020,10,5.6685,0
NEG_002771,pseudo_negative,Mizoram,22.736612,93.035462,2020-07-09,2020,7,5.8869,0
NEG_002772,pseudo_negative,Mizoram,23.01692,93.21635,2015-08-08,2015,8,5.272,0
NEG_002773,pseudo_negative,Mizoram,22.729918,93.240454,2022-05-01,2022,5,23.348,0
NEG_002774,pseudo_negative,Mizoram,22.929273,93.446803,2026-12-01,2026,12,19.3788,0
NEG_002775,pseudo_negative,Mizoram,23.212158,92.37081,2021-07-17,2021,7,11.9241,0
NEG_002776,pseudo_negative,Mizoram,23.331006,92.665356,2011-01-16,2011,1,2.5466,0
NEG_002777,pseudo_negative,Mizoram,23.322297,92.820391,2023-12-09,2023,12,1.4845,0
NEG_002778,pseudo_negative,Mizoram,23.109844,93.478673,2007-05-13,2007,5,11.6197,0
NEG_002779,pseudo_negative,Mizoram,23.660069,92.312422,2016-09-27,2016,9,5.0716,0
NEG_002780,pseudo_negative,Mizoram,23.395178,92.576104,2025-08-24,2025,8,6.9819,0
NEG_002781,pseudo_negative,Mizoram,23.564501,92.626446,2009-08-02,2009,8,2.2436,0
NEG_002782,pseudo_negative,Mizoram,23.405213,92.810501,2016-05-16,2016,5,3.3065,0
NEG_002783,pseudo_negative,Mizoram,23.492145,93.498139,2022-06-18,2022,6,12.4472,0
NEG_002784,pseudo_negative,Mizoram,23.800253,92.410775,2013-10-05,2013,10,5.2903,0
NEG_002785,pseudo_negative,Mizoram,23.901486,92.481602,2025-07-22,2025,7,2.6471,0
NEG_002786,pseudo_negative,Mizoram,23.949803,92.864714,2011-07-27,2011,7,2.2063,0
NEG_002787,pseudo_negative,Mizoram,23.855946,92.956799,2013-07-05,2013,7,2.6853,0
NEG_002788,pseudo_negative,Mizoram,23.856153,93.327902,2009-12-26,2009,12,1.956,0
NEG_002789,pseudo_negative,Mizoram,23.815814,93.529964,2016-05-25,2016,5,14.0796,0
NEG_002790,pseudo_negative,Mizoram,24.157138,92.343818,2005-07-21,2005,7,2.0026,0
NEG_002791,pseudo_negative,Mizoram,24.211356,92.582272,2026-06-10,2026,6,2.9012,0
NEG_002792,pseudo_negative,Mizoram,24.306335,92.806676,2026-05-04,2026,5,2.2634,0
NEG_002793,pseudo_negative,Mizoram,24.348404,93.185489,2018-05-13,2018,5,3.2949,0
NEG_002794,pseudo_negative,Mizoram,24.172828,93.309822,2021-05-23,2021,5,1.0448,0
NEG_002795,pseudo_negative,Mizoram,24.330789,93.410407,2024-12-09,2024,12,5.2464,0
NEG_002796,pseudo_negative,Mizoram,24.445968,92.325615,2012-06-20,2012,6,7.6593,0
NEG_002797,pseudo_negative,Mizoram,24.412777,92.464965,2019-07-03,2019,7,4.663,0
NEG_002798,pseudo_negative,Mizoram,24.459695,92.73882,2006-05-27,2006,5,2.4307,0
NEG_002799,pseudo_negative,Mizoram,24.495502,92.795792,2024-05-09,2024,5,2.6573,0
NEG_002800,pseudo_negative,Mizoram,24.548995,93.185979,2005-06-25,2005,6,1.3387,0
NEG_002801,pseudo_negative,Mizoram,24.452383,93.387387,2008-08-10,2008,8,2.8199,0
NEG_002802,pseudo_negative,Mizoram,22.097078,92.331839,2005-07-16,2005,7,30.097,0
NEG_002803,pseudo_negative,Mizoram,22.280933,92.573977,2009-11-28,2009,11,2.6856,0
NEG_002804,pseudo_negative,Mizoram,22.156686,92.867154,2008-05-19,2008,5,1.5175,0
NEG_002805,pseudo_negative,Nagaland,25.442811,93.595598,2012-09-11,2012,9,8.4001,0
NEG_002806,pseudo_negative,Nagaland,25.409398,93.85021,2025-07-18,2025,7,12.4337,0
NEG_002807,pseudo_negative,Nagaland,25.366066,94.081979,2024-08-11,2024,8,2.187,0
NEG_002808,pseudo_negative,Nagaland,25.352074,94.383493,2024-07-24,2024,7,4.958,0
NEG_002809,pseudo_negative,Nagaland,25.384375,94.468605,2008-08-23,2008,8,1.302,0
NEG_002810,pseudo_negative,Nagaland,25.467536,94.793151,2012-08-15,2012,8,10.0385,0
NEG_002811,pseudo_negative,Nagaland,25.41346,94.955099,2007-09-15,2007,9,19.1012,0
NEG_002812,pseudo_negative,Nagaland,25.322931,95.079974,2013-11-09,2013,11,34.2101,0
NEG_002813,pseudo_negative,Nagaland,25.634579,93.59877,2025-07-13,2025,7,11.0876,0
NEG_002814,pseudo_negative,Nagaland,25.593024,95.216235,2026-07-23,2026,7,33.5516,0
NEG_002815,pseudo_negative,Nagaland,25.90699,93.695748,2026-09-12,2026,9,6.3543,0
NEG_002816,pseudo_negative,Nagaland,25.779676,93.844985,2005-07-04,2005,7,2.502,0
NEG_002817,pseudo_negative,Nagaland,25.844862,93.96966,2012-08-15,2012,8,1.1675,0
NEG_002818,pseudo_negative,Nagaland,25.864311,94.180325,2026-06-03,2026,6,1.1983,0
NEG_002819,pseudo_negative,Nagaland,25.91175,94.572799,2022-08-10,2022,8,1.4493,0
NEG_002820,pseudo_negative,Nagaland,25.756517,94.935595,2017-06-18,2017,6,3.3113,0
NEG_002821,pseudo_negative,Nagaland,25.74662,95.044604,2019-08-15,2019,8,9.569,0
NEG_002822,pseudo_negative,Nagaland,26.089695,93.559124,2015-06-26,2015,6,15.5759,0
NEG_002823,pseudo_negative,Nagaland,26.14452,93.761736,2009-11-26,2009,11,18.429,0
NEG_002824,pseudo_negative,Nagaland,26.019374,94.322793,2006-07-18,2006,7,1.1851,0
NEG_002825,pseudo_negative,Nagaland,26.150485,94.447559,2023-11-13,2023,11,4.0651,0
NEG_002826,pseudo_negative,Nagaland,26.00437,94.633965,2018-08-10,2018,8,1.056,0
NEG_002827,pseudo_negative,Nagaland,26.122831,94.84189,2020-07-20,2020,7,3.224,0
NEG_002828,pseudo_negative,Nagaland,26.083183,95.178416,2013-06-29,2013,6,9.5015,0
NEG_002829,pseudo_negative,Nagaland,26.214121,93.645656,2021-07-14,2021,7,17.2458,0
NEG_002830,pseudo_negative,Nagaland,26.16629,93.76824,2008-05-29,2008,5,19.0536,0
NEG_002831,pseudo_negative,Nagaland,26.27438,94.115515,2019-05-01,2019,5,1.5736,0
NEG_002832,pseudo_negative,Nagaland,26.230164,94.278144,2014-08-11,2014,8,4.0421,0
NEG_002833,pseudo_negative,Nagaland,26.198896,94.390275,2024-06-01,2024,6,2.6906,0
NEG_002834,pseudo_negative,Nagaland,26.161207,94.931744,2026-08-18,2026,8,4.6406,0
NEG_002835,pseudo_negative,Nagaland,26.284463,95.035099,2005-06-19,2005,6,4.804,0
NEG_002836,pseudo_negative,Nagaland,26.519818,93.560723,2014-08-23,2014,8,7.9381,0
NEG_002837,pseudo_negative,Nagaland,26.494795,93.77423,2006-08-21,2006,8,14.1774,0
NEG_002838,pseudo_negative,Nagaland,26.460995,94.025967,2020-06-05,2020,6,19.7623,0
NEG_002839,pseudo_negative,Nagaland,26.517941,94.257083,2023-08-22,2023,8,10.7021,0
NEG_002840,pseudo_negative,Nagaland,26.499336,94.530379,2020-07-19,2020,7,2.6106,0
NEG_002841,pseudo_negative,Nagaland,26.400483,94.783164,2016-07-30,2016,7,4.4784,0
NEG_002842,pseudo_negative,Nagaland,26.553097,95.032906,2005-08-16,2005,8,2.8101,0
NEG_002843,pseudo_negative,Nagaland,26.493031,95.084634,2025-07-02,2025,7,6.0661,0
NEG_002844,pseudo_negative,Nagaland,26.730311,93.590291,2010-08-25,2010,8,15.6669,0
NEG_002845,pseudo_negative,Nagaland,26.711289,93.797966,2024-05-15,2024,5,20.2848,0
NEG_002846,pseudo_negative,Nagaland,26.618122,93.971807,2005-05-04,2005,5,34.8532,0
NEG_002847,pseudo_negative,Nagaland,26.687361,94.26396,2015-10-09,2015,10,12.3077,0
NEG_002848,pseudo_negative,Nagaland,26.67593,94.584334,2006-04-20,2006,4,3.1044,0
NEG_002849,pseudo_negative,Nagaland,26.756515,94.786333,2025-07-20,2025,7,4.1296,0
NEG_002850,pseudo_negative,Nagaland,26.660942,94.92139,2023-07-24,2023,7,6.2952,0
NEG_002851,pseudo_negative,Nagaland,26.60348,95.045917,2023-05-04,2023,5,3.2484,0
NEG_002852,pseudo_negative,Nagaland,26.850782,93.712933,2009-06-08,2009,6,21.9422,0
NEG_002853,pseudo_negative,Nagaland,26.82075,93.854176,2013-07-20,2013,7,32.7494,0
NEG_002854,pseudo_negative,Nagaland,26.971998,94.167575,2005-09-26,2005,9,36.9872,0
NEG_002855,pseudo_negative,Nagaland,26.850433,94.293918,2023-09-11,2023,9,28.2205,0
NEG_002856,pseudo_negative,Nagaland,26.810128,94.431608,2025-08-02,2025,8,17.6346,0
NEG_002857,pseudo_negative,Nagaland,26.917355,94.601684,2018-06-16,2018,6,22.7356,0
NEG_002858,pseudo_negative,Nagaland,26.938904,94.825556,2008-08-02,2008,8,21.0368,0
NEG_002859,pseudo_negative,Nagaland,26.897246,95.213014,2014-11-18,2014,11,11.9375,0
NEG_002860,pseudo_negative,Nagaland,25.38708,93.606027,2021-05-31,2021,5,5.2339,0
NEG_002861,pseudo_negative,Nagaland,25.487004,93.738692,2010-05-16,2010,5,1.9707,0
NEG_002862,pseudo_negative,Nagaland,25.328696,94.20398,2012-05-11,2012,5,1.7967,0
NEG_002863,pseudo_negative,Nagaland,25.342841,94.692467,2012-05-15,2012,5,8.5312,0
NEG_002864,pseudo_negative,Nagaland,25.379634,94.971671,2009-09-19,2009,9,23.2143,0
NEG_002865,pseudo_negative,Nagaland,25.405899,95.164505,2012-10-28,2012,10,34.1324,0
NEG_002866,pseudo_negative,Nagaland,25.72028,93.57815,2012-09-30,2012,9,10.0574,0
NEG_002867,pseudo_negative,Nagaland,25.694295,93.880516,2023-07-31,2023,7,2.7445,0
NEG_002868,pseudo_negative,Nagaland,25.68128,94.331034,2024-06-06,2024,6,1.9753,0
NEG_002869,pseudo_negative,Nagaland,25.610758,94.546476,2016-09-22,2016,9,3.7079,0
NEG_002870,pseudo_negative,Nagaland,25.69299,94.729814,2017-08-05,2017,8,2.5623,0
NEG_002871,pseudo_negative,Nagaland,25.713439,94.956197,2008-12-28,2008,12,8.347,0
NEG_002872,pseudo_negative,Nagaland,25.603899,95.189708,2009-07-17,2009,7,30.7525,0
NEG_002873,pseudo_negative,Nagaland,25.786653,93.573165,2011-08-06,2011,8,2.9476,0
NEG_002874,pseudo_negative,Nagaland,25.766355,93.829453,2017-07-17,2017,7,1.0297,0
NEG_002875,pseudo_negative,Nagaland,25.91429,94.048192,2012-12-03,2012,12,1.0317,0
NEG_002876,pseudo_negative,Nagaland,25.912227,94.31127,2017-05-24,2017,5,3.6454,0
NEG_002877,pseudo_negative,Nagaland,25.895818,94.429679,2005-05-16,2005,5,1.1495,0
NEG_002878,pseudo_negative,Nagaland,25.886416,95.097298,2024-06-16,2024,6,13.4939,0
NEG_002879,pseudo_negative,Nagaland,26.10516,93.568964,2019-06-29,2019,6,16.974,0
NEG_002880,pseudo_negative,Nagaland,25.965946,93.788143,2008-07-03,2008,7,5.9387,0
NEG_002881,pseudo_negative,Nagaland,25.996327,94.143938,2019-05-17,2019,5,2.0083,0
NEG_002882,pseudo_negative,Nagaland,26.038042,94.210946,2014-06-06,2014,6,3.5992,0
NEG_002883,pseudo_negative,Nagaland,26.139058,94.745114,2022-05-29,2022,5,3.5565,0
NEG_002884,pseudo_negative,Nagaland,26.122242,94.895468,2008-09-05,2008,9,2.7962,0
NEG_002885,pseudo_negative,Nagaland,25.956774,95.120865,2013-08-26,2013,8,10.4532,0
NEG_002886,pseudo_negative,Nagaland,26.259422,93.596453,2024-12-03,2024,12,16.9222,0
NEG_002887,pseudo_negative,Nagaland,26.188183,93.791387,2016-11-08,2016,11,16.967,0
NEG_002888,pseudo_negative,Nagaland,26.310394,94.051253,2019-05-30,2019,5,5.9688,0
NEG_002889,pseudo_negative,Nagaland,26.337367,94.181638,2016-05-13,2016,5,7.9587,0
NEG_002890,pseudo_negative,Nagaland,26.359219,94.582448,2016-05-19,2016,5,1.9842,0
NEG_002891,pseudo_negative,Nagaland,26.209351,94.698144,2018-04-10,2018,4,1.4142,0
NEG_002892,pseudo_negative,Nagaland,26.288099,94.949766,2021-07-29,2021,7,5.4514,0
NEG_002893,pseudo_negative,Nagaland,26.223448,95.143925,2018-08-07,2018,8,5.6607,0
NEG_002894,pseudo_negative,Nagaland,26.519229,93.553177,2012-10-10,2012,10,8.1295,0
NEG_002895,pseudo_negative,Nagaland,26.46434,93.85117,2020-07-23,2020,7,13.9861,0
NEG_002896,pseudo_negative,Nagaland,26.373872,94.126192,2017-05-29,2017,5,8.3712,0
NEG_002897,pseudo_negative,Nagaland,26.384594,94.320335,2014-06-19,2014,6,5.6965,0
NEG_002898,pseudo_negative,Nagaland,26.471337,94.536821,2013-05-16,2013,5,1.1142,0
NEG_002899,pseudo_negative,Nagaland,26.377992,94.695834,2025-07-29,2025,7,1.5083,0
NEG_002900,pseudo_negative,Nagaland,26.440081,95.143412,2006-08-04,2006,8,9.1753,0
NEG_002901,pseudo_negative,Nagaland,26.712278,93.691709,2007-07-11,2007,7,15.3943,0
NEG_002902,pseudo_negative,Nagaland,26.601886,93.944709,2005-08-03,2005,8,28.1803,0
NEG_002903,pseudo_negative,Nagaland,26.713306,93.986484,2016-05-12,2016,5,35.6673,0
NEG_002904,pseudo_negative,Nagaland,26.682458,94.383671,2018-12-14,2018,12,9.7606,0
NEG_002905,pseudo_negative,Nagaland,26.593146,94.469611,2015-10-28,2015,10,2.1658,0
NEG_002906,pseudo_negative,Nagaland,26.634103,94.747666,2023-08-28,2023,8,4.3727,0
NEG_002907,pseudo_negative,Nagaland,26.697372,94.850134,2007-08-03,2007,8,3.8459,0
NEG_002908,pseudo_negative,Nagaland,26.670768,95.084801,2018-06-09,2018,6,2.8272,0
NEG_002909,pseudo_negative,Nagaland,26.8773,93.604371,2018-05-13,2018,5,17.0446,0
NEG_002910,pseudo_negative,Nagaland,26.954096,93.867885,2021-07-05,2021,7,17.3267,0
NEG_002911,pseudo_negative,Nagaland,26.860947,94.082232,2009-08-19,2009,8,37.2244,0
NEG_002912,pseudo_negative,Nagaland,26.919298,94.190918,2011-04-10,2011,4,38.4663,0
NEG_002913,pseudo_negative,Nagaland,26.868817,94.477604,2020-05-23,2020,5,21.1345,0
NEG_002914,pseudo_negative,Nagaland,26.905517,94.667261,2007-08-12,2007,8,23.4956,0
NEG_002915,pseudo_negative,Nagaland,26.789318,94.891255,2018-08-13,2018,8,7.2772,0
NEG_002916,pseudo_negative,Nagaland,26.815813,95.238162,2014-09-30,2014,9,7.3001,0
NEG_002917,pseudo_negative,Nagaland,25.384035,93.663522,2024-10-03,2024,10,10.8921,0
NEG_002918,pseudo_negative,Nagaland,25.428917,93.774336,2015-09-10,2015,9,4.7473,0
NEG_002919,pseudo_negative,Nagaland,25.502427,94.06474,2020-08-15,2020,8,5.6215,0
NEG_002920,pseudo_negative,Nagaland,25.493289,94.333927,2014-08-12,2014,8,5.5776,0
NEG_002921,pseudo_negative,Nagaland,25.499757,94.417575,2025-05-13,2025,5,2.868,0
NEG_002922,pseudo_negative,Nagaland,25.406689,94.767917,2024-07-07,2024,7,15.1166,0
NEG_002923,pseudo_negative,Nagaland,25.329431,95.011212,2008-07-26,2008,7,29.9621,0
NEG_002924,pseudo_negative,Nagaland,25.468303,95.055805,2011-08-27,2011,8,21.1983,0
NEG_002925,pseudo_negative,Nagaland,25.565,94.10788,2010-05-03,2010,5,3.0213,0
NEG_002926,pseudo_negative,Nagaland,25.626122,94.38347,2018-08-09,2018,8,2.2652,0
NEG_002927,pseudo_negative,Nagaland,25.636977,94.566824,2006-07-09,2006,7,3.0936,0
NEG_002928,pseudo_negative,Nagaland,25.72663,94.672859,2013-11-14,2013,11,4.6337,0
NEG_002929,pseudo_negative,Nagaland,25.592468,95.208353,2019-08-29,2019,8,32.9944,0
NEG_002930,pseudo_negative,Nagaland,25.866292,93.604315,2008-05-01,2008,5,3.9988,0
NEG_002931,pseudo_negative,Nagaland,25.767473,93.761244,2015-05-21,2015,5,3.1307,0
NEG_002932,pseudo_negative,Nagaland,25.788553,94.200108,2017-05-05,2017,5,2.7636,0
NEG_002933,pseudo_negative,Nagaland,25.848283,94.548659,2017-08-27,2017,8,1.8484,0
NEG_002934,pseudo_negative,Nagaland,25.867243,94.797177,2010-08-17,2010,8,1.9165,0
NEG_002935,pseudo_negative,Nagaland,25.822296,94.887926,2015-05-11,2015,5,1.2553,0
NEG_002936,pseudo_negative,Nagaland,25.902186,95.04531,2006-10-21,2006,10,8.595,0
NEG_002937,pseudo_negative,Nagaland,26.047621,93.535177,2021-06-13,2021,6,11.49,0
NEG_002938,pseudo_negative,Nagaland,26.148913,93.885637,2013-07-23,2013,7,9.4854,0
NEG_002939,pseudo_negative,Nagaland,25.947086,94.494981,2012-08-28,2012,8,2.2957,0
NEG_002940,pseudo_negative,Nagaland,26.048198,94.801143,2018-05-06,2018,5,5.2185,0
NEG_002941,pseudo_negative,Nagaland,26.086125,95.086518,2025-08-31,2025,8,1.3746,0
NEG_002942,pseudo_negative,Nagaland,26.29176,93.568191,2007-09-16,2007,9,17.7647,0
NEG_002943,pseudo_negative,Nagaland,26.330434,93.857568,2012-08-17,2012,8,6.967,0
NEG_002944,pseudo_negative,Nagaland,26.261536,94.042682,2016-05-03,2016,5,3.7716,0
NEG_002945,pseudo_negative,Nagaland,26.309685,94.173906,2009-11-02,2009,11,5.4821,0
NEG_002946,pseudo_negative,Nagaland,26.298007,94.385676,2022-08-10,2022,8,1.1237,0
NEG_002947,pseudo_negative,Nagaland,26.238574,94.702307,2018-05-15,2018,5,3.1947,0
NEG_002948,pseudo_negative,Nagaland,26.369089,93.550968,2021-05-27,2021,5,18.4781,0
NEG_002949,pseudo_negative,Nagaland,26.4172,93.766046,2012-07-23,2012,7,6.9101,0
NEG_002950,pseudo_negative,Nagaland,26.555255,94.096004,2014-08-17,2014,8,28.4173,0
NEG_002951,pseudo_negative,Nagaland,26.367822,94.374099,2019-05-30,2019,5,4.7077,0
NEG_002952,pseudo_negative,Nagaland,26.489816,94.428418,2011-09-17,2011,9,1.1433,0
NEG_002953,pseudo_negative,Nagaland,26.503348,94.972033,2017-08-07,2017,8,4.9399,0
NEG_002954,pseudo_negative,Nagaland,26.495445,95.198526,2015-05-31,2015,5,11.3965,0
NEG_002955,pseudo_negative,Nagaland,26.608934,93.551365,2016-07-05,2016,7,1.6903,0
NEG_002956,pseudo_negative,Nagaland,26.749264,93.833201,2020-06-21,2020,6,25.7668,0
NEG_002957,pseudo_negative,Nagaland,26.633288,94.132737,2025-06-20,2025,6,20.9341,0
NEG_002958,pseudo_negative,Nagaland,26.756657,94.276348,2011-07-06,2011,7,18.532,0
NEG_002959,pseudo_negative,Nagaland,26.706964,94.464132,2008-07-27,2008,7,7.6212,0
NEG_002960,pseudo_negative,Nagaland,26.664021,94.786603,2016-07-15,2016,7,4.1642,0
NEG_002961,pseudo_negative,Nagaland,26.588475,94.895516,2023-05-13,2023,5,6.6471,0
NEG_002962,pseudo_negative,Nagaland,26.688936,95.064437,2016-07-07,2016,7,1.0604,0
NEG_002963,pseudo_negative,Nagaland,26.830289,93.658291,2012-06-21,2012,6,22.5984,0
NEG_002964,pseudo_negative,Nagaland,26.792605,93.842007,2008-07-03,2008,7,30.0788,0
NEG_002965,pseudo_negative,Nagaland,26.925174,94.086493,2023-11-14,2023,11,32.7097,0
NEG_002966,pseudo_negative,Nagaland,26.795585,94.358823,2017-07-25,2017,7,21.6817,0
NEG_002967,pseudo_negative,Nagaland,26.806193,94.418462,2019-05-29,2019,5,18.167,0
NEG_002968,pseudo_negative,Nagaland,26.955866,94.709765,2008-08-15,2008,8,25.7138,0
NEG_002969,pseudo_negative,Nagaland,26.819095,94.909758,2015-05-30,2015,5,8.1598,0
NEG_002970,pseudo_negative,Nagaland,26.965716,95.248279,2009-07-02,2009,7,12.5498,0
NEG_002971,pseudo_negative,Nagaland,25.357495,93.654409,2018-11-30,2018,11,6.9637,0
NEG_002972,pseudo_negative,Nagaland,25.513762,93.782316,2009-05-17,2009,5,2.1289,0
NEG_002973,pseudo_negative,Nagaland,25.508487,93.993709,2020-03-05,2020,3,3.29,0
NEG_002974,pseudo_negative,Nagaland,25.359597,94.209599,2009-10-03,2009,10,1.538,0
NEG_002975,pseudo_negative,Nagaland,25.483703,94.439782,2006-07-25,2006,7,5.4095,0
NEG_002976,pseudo_negative,Nagaland,25.482774,94.670788,2011-06-17,2011,6,2.4039,0
NEG_002977,pseudo_negative,Nagaland,25.360785,94.943757,2021-08-24,2021,8,24.2258,0
NEG_002978,pseudo_negative,Nagaland,25.395776,95.14548,2011-05-24,2011,5,33.1817,0
NEG_002979,pseudo_negative,Nagaland,25.544276,93.601336,2005-06-07,2005,6,7.2967,0
NEG_002980,pseudo_negative,Nagaland,25.548813,93.864178,2019-09-21,2019,9,1.4901,0
NEG_002981,pseudo_negative,Nagaland,25.723373,94.325601,2016-05-17,2016,5,1.4448,0
NEG_002982,pseudo_negative,Nagaland,25.664032,94.51269,2022-09-21,2022,9,1.465,0
NEG_002983,pseudo_negative,Nagaland,25.660133,95.025979,2017-01-29,2017,1,14.9535,0
NEG_002984,pseudo_negative,Nagaland,25.661675,95.071923,2025-06-09,2025,6,17.9401,0
NEG_002985,pseudo_negative,Nagaland,25.837135,93.522349,2026-04-08,2026,4,4.5382,0
NEG_002986,pseudo_negative,Nagaland,25.87188,93.928448,2011-07-31,2011,7,6.2591,0
NEG_002987,pseudo_negative,Nagaland,25.790861,94.136816,2007-11-04,2007,11,1.9915,0
NEG_002988,pseudo_negative,Nagaland,25.756933,94.388699,2022-07-17,2022,7,2.2483,0
NEG_002989,pseudo_negative,Nagaland,25.911745,94.739818,2015-05-14,2015,5,2.515,0
NEG_002990,pseudo_negative,Nagaland,25.836573,94.852386,2012-08-21,2012,8,3.6766,0
NEG_002991,pseudo_negative,Nagaland,25.904982,95.130524,2014-09-09,2014,9,16.1472,0
NEG_002992,pseudo_negative,Nagaland,26.08779,93.672784,2020-10-17,2020,10,15.8182,0
NEG_002993,pseudo_negative,Nagaland,25.991665,93.823034,2011-05-25,2011,5,10.1509,0
NEG_002994,pseudo_negative,Nagaland,26.112093,94.028611,2023-05-04,2023,5,2.174,0
NEG_002995,pseudo_negative,Nagaland,26.004169,94.409922,2011-05-08,2011,5,4.6624,0
NEG_002996,pseudo_negative,Nagaland,26.096518,94.64756,2020-04-07,2020,4,2.1451,0
NEG_002997,pseudo_negative,Nagaland,26.068255,94.966099,2013-07-21,2013,7,5.765,0
NEG_002998,pseudo_negative,Nagaland,26.144874,95.135541,2015-08-27,2015,8,6.3559,0
NEG_002999,pseudo_negative,Nagaland,26.169379,93.695134,2020-08-19,2020,8,20.115,0
NEG_003000,pseudo_negative,Nagaland,26.189315,93.830773,2024-05-28,2024,5,16.2097,0
NEG_003001,pseudo_negative,Nagaland,26.15194,94.008054,2018-09-15,2018,9,2.7093,0
NEG_003002,pseudo_negative,Nagaland,26.246452,94.469256,2026-05-08,2026,5,1.0431,0
NEG_003003,pseudo_negative,Nagaland,26.271636,95.043411,2018-07-22,2018,7,3.2292,0
NEG_003004,pseudo_negative,Nagaland,26.536762,93.667536,2025-05-01,2025,5,4.2175,0
NEG_003005,pseudo_negative,Nagaland,26.412965,93.888008,2015-08-16,2015,8,12.5234,0
NEG_003006,pseudo_negative,Nagaland,26.465862,94.02316,2015-05-04,2015,5,20.371,0
NEG_003007,pseudo_negative,Nagaland,26.442602,94.287794,2016-05-30,2016,5,8.7812,0
NEG_003008,pseudo_negative,Nagaland,26.497658,94.417744,2006-03-23,2006,3,1.2471,0
NEG_003009,pseudo_negative,Nagaland,26.495548,94.636243,2024-07-06,2024,7,2.8052,0
NEG_003010,pseudo_negative,Nagaland,26.437338,94.91904,2019-11-10,2019,11,4.6612,0
NEG_003011,pseudo_negative,Nagaland,26.419749,95.150525,2009-08-27,2009,8,9.6289,0
NEG_003012,pseudo_negative,Nagaland,26.633934,93.639432,2005-07-03,2005,7,6.596,0
NEG_003013,pseudo_negative,Nagaland,26.656473,93.90005,2014-05-27,2014,5,25.271,0
NEG_003014,pseudo_negative,Nagaland,26.583872,94.036818,2013-06-17,2013,6,36.0176,0
NEG_003015,pseudo_negative,Nagaland,26.69739,94.277891,2015-06-29,2015,6,12.4649,0
NEG_003016,pseudo_negative,Nagaland,26.584071,94.450041,2020-05-19,2020,5,3.9179,0
NEG_003017,pseudo_negative,Nagaland,26.622772,94.674369,2024-11-23,2024,11,3.2411,0
NEG_003018,pseudo_negative,Nagaland,26.639661,94.859411,2006-06-13,2006,6,10.3032,0
NEG_003019,pseudo_negative,Nagaland,26.7724,95.133624,2005-11-21,2005,11,2.5873,0
NEG_003020,pseudo_negative,Nagaland,26.905012,93.573913,2020-06-19,2020,6,12.9889,0
NEG_003021,pseudo_negative,Nagaland,26.862116,93.947913,2012-07-09,2012,7,29.6362,0
NEG_003022,pseudo_negative,Nagaland,26.807646,93.990982,2007-08-19,2007,8,36.9385,0
NEG_003023,pseudo_negative,Nagaland,26.906548,94.239762,2014-07-02,2014,7,35.5099,0
NEG_003024,pseudo_negative,Nagaland,26.879116,94.551374,2005-10-20,2005,10,20.6826,0
NEG_003025,pseudo_negative,Nagaland,26.936954,94.680056,2024-08-20,2024,8,25.4288,0
NEG_003026,pseudo_negative,Nagaland,26.973041,94.908457,2017-06-20,2017,6,21.0345,0
NEG_003027,pseudo_negative,Nagaland,26.927583,95.230504,2008-05-29,2008,5,11.3655,0
NEG_003028,pseudo_negative,Nagaland,25.364193,93.683209,2017-11-19,2017,11,8.9533,0
NEG_003029,pseudo_negative,Nagaland,25.386959,93.919526,2016-05-22,2016,5,10.8248,0
NEG_003030,pseudo_negative,Nagaland,25.348089,94.104305,2023-09-05,2023,9,2.6518,0
NEG_003031,pseudo_negative,Nagaland,25.437447,94.271669,2013-11-09,2013,11,5.6955,0
NEG_003032,pseudo_negative,Nagaland,25.481361,94.727216,2011-08-30,2011,8,7.0342,0
NEG_003033,pseudo_negative,Nagaland,25.429758,94.876322,2023-08-09,2023,8,15.6192,0
NEG_003034,pseudo_negative,Nagaland,25.39131,95.19088,2022-07-30,2022,7,37.2386,0
NEG_003035,pseudo_negative,Nagaland,25.549555,93.664102,2020-09-01,2020,9,3.922,0
NEG_003036,pseudo_negative,Nagaland,25.647528,94.064026,2017-05-11,2017,5,1.349,0
NEG_003037,pseudo_negative,Nagaland,25.55745,94.454977,2006-07-06,2006,7,5.6933,0
NEG_003038,pseudo_negative,Nagaland,25.550829,94.960972,2007-07-09,2007,7,8.6681,0
NEG_003039,pseudo_negative,Nagaland,25.570859,95.191207,2015-05-30,2015,5,33.4214,0
NEG_003040,pseudo_negative,Nagaland,25.934674,93.590321,2019-08-18,2019,8,9.1795,0
NEG_003041,pseudo_negative,Nagaland,25.778229,93.832345,2009-08-03,2009,8,1.2517,0
NEG_003042,pseudo_negative,Nagaland,25.793735,94.368249,2012-08-05,2012,8,2.3205,0
NEG_003043,pseudo_negative,Nagaland,25.75637,94.742701,2023-07-08,2023,7,2.9972,0
NEG_003044,pseudo_negative,Nagaland,25.940124,94.885456,2026-05-02,2026,5,4.9932,0
NEG_003045,pseudo_negative,Nagaland,25.761638,95.133497,2019-06-23,2019,6,16.9372,0
NEG_003046,pseudo_negative,Nagaland,25.97466,93.658528,2009-07-10,2009,7,7.4647,0
NEG_003047,pseudo_negative,Nagaland,26.138174,93.799178,2020-09-16,2020,9,14.7881,0
NEG_003048,pseudo_negative,Nagaland,26.08794,94.114846,2024-07-24,2024,7,1.4181,0
NEG_003049,pseudo_negative,Nagaland,26.055638,94.323992,2010-08-22,2010,8,1.4343,0
NEG_003050,pseudo_negative,Nagaland,26.023695,94.563889,2006-05-08,2006,5,1.3632,0
NEG_003051,pseudo_negative,Nagaland,26.016023,94.655833,2009-05-21,2009,5,2.2491,0
NEG_003052,pseudo_negative,Nagaland,26.080629,94.928102,2019-05-05,2019,5,6.5856,0
NEG_003053,pseudo_negative,Nagaland,26.052663,95.19183,2011-05-13,2011,5,11.0454,0
NEG_003054,pseudo_negative,Nagaland,26.213148,93.540564,2020-11-01,2020,11,21.7198,0
NEG_003055,pseudo_negative,Nagaland,26.171921,93.763191,2013-08-27,2013,8,18.9433,0
NEG_003056,pseudo_negative,Nagaland,26.242407,94.092696,2012-05-29,2012,5,2.1827,0
NEG_003057,pseudo_negative,Nagaland,26.202489,94.354564,2005-12-25,2005,12,5.9464,0
NEG_003058,pseudo_negative,Nagaland,26.217056,94.589042,2014-08-11,2014,8,3.4578,0
NEG_003059,pseudo_negative,Nagaland,26.3351,94.637878,2008-07-07,2008,7,4.0598,0
NEG_003060,pseudo_negative,Nagaland,26.327024,94.834216,2020-06-26,2020,6,1.8561,0
NEG_003061,pseudo_negative,Nagaland,26.236214,95.106814,2010-05-29,2010,5,2.4258,0
NEG_003062,pseudo_negative,Nagaland,26.478606,93.55202,2015-09-28,2015,9,9.2021,0
NEG_003063,pseudo_negative,Nagaland,26.407955,93.800568,2016-06-12,2016,6,6.1266,0
NEG_003064,pseudo_negative,Nagaland,26.529047,94.07443,2022-08-14,2022,8,25.714,0
NEG_003065,pseudo_negative,Nagaland,26.454448,94.196298,2007-06-04,2007,6,16.0147,0
NEG_003066,pseudo_negative,Nagaland,26.48454,94.413917,2017-05-18,2017,5,2.3489,0
NEG_003067,pseudo_negative,Nagaland,26.503744,94.607067,2010-05-15,2010,5,5.5094,0
NEG_003068,pseudo_negative,Nagaland,26.428019,94.820515,2011-08-15,2011,8,4.3009,0
NEG_003069,pseudo_negative,Nagaland,26.38023,95.192288,2019-07-19,2019,7,14.3504,0
NEG_003070,pseudo_negative,Nagaland,26.691356,93.592618,2015-09-22,2015,9,11.3986,0
NEG_003071,pseudo_negative,Nagaland,26.728448,93.794446,2010-05-21,2010,5,21.5377,0
NEG_003072,pseudo_negative,Nagaland,26.66976,93.952951,2024-08-07,2024,8,30.7117,0
NEG_003073,pseudo_negative,Nagaland,26.748398,94.179174,2015-08-18,2015,8,22.9705,0
NEG_003074,pseudo_negative,Nagaland,26.76044,94.526402,2016-05-04,2016,5,8.1975,0
NEG_003075,pseudo_negative,Nagaland,26.759592,95.016193,2016-06-29,2016,6,1.9855,0
NEG_003076,pseudo_negative,Nagaland,26.715732,95.176677,2015-05-02,2015,5,2.5164,0
NEG_003077,pseudo_negative,Nagaland,26.817378,93.600166,2024-10-30,2024,10,20.739,0
NEG_003078,pseudo_negative,Nagaland,26.835361,93.85078,2012-05-06,2012,5,31.3652,0
NEG_003079,pseudo_negative,Nagaland,26.78796,94.091309,2016-09-20,2016,9,32.3605,0
NEG_003080,pseudo_negative,Nagaland,26.955334,94.203177,2012-05-24,2012,5,41.7807,0
NEG_003081,pseudo_negative,Nagaland,26.852023,94.49622,2008-05-02,2008,5,18.8076,0
NEG_003082,pseudo_negative,Nagaland,26.830732,94.62853,2014-06-29,2014,6,12.7471,0
NEG_003083,pseudo_negative,Nagaland,26.878473,95.03259,2025-06-17,2025,6,5.7527,0
NEG_003084,pseudo_negative,Nagaland,26.96742,95.081441,2016-07-06,2016,7,13.4905,0
NEG_003085,pseudo_negative,Nagaland,25.410512,93.692301,2016-08-02,2016,8,6.7682,0
NEG_003086,pseudo_negative,Nagaland,25.469318,93.946311,2026-05-05,2026,5,4.1771,0
NEG_003087,pseudo_negative,Nagaland,25.515339,94.088719,2010-05-02,2010,5,4.2913,0
NEG_003088,pseudo_negative,Nagaland,25.484833,94.291257,2009-10-18,2009,10,7.0185,0
NEG_003089,pseudo_negative,Nagaland,25.371871,94.419449,2007-11-19,2007,11,4.1285,0
NEG_003090,pseudo_negative,Nagaland,25.376884,94.748247,2014-05-05,2014,5,12.0359,0
NEG_003091,pseudo_negative,Nagaland,25.508919,94.842651,2021-09-01,2021,9,7.6508,0
NEG_003092,pseudo_negative,Nagaland,25.397067,95.119094,2023-05-25,2023,5,30.9819,0
NEG_003093,pseudo_negative,Nagaland,25.664313,93.587782,2015-08-04,2015,8,10.2889,0
NEG_003094,pseudo_negative,Nagaland,25.720075,94.13594,2005-05-10,2005,5,1.9016,0
NEG_003095,pseudo_negative,Nagaland,25.714631,94.266497,2021-09-22,2021,9,3.7281,0
NEG_003096,pseudo_negative,Nagaland,25.586983,94.410513,2009-08-20,2009,8,2.3499,0
NEG_003097,pseudo_negative,Nagaland,25.585429,94.727365,2008-06-24,2008,6,3.4706,0
NEG_003098,pseudo_negative,Nagaland,25.579643,94.973887,2015-11-24,2015,11,8.6728,0
NEG_003099,pseudo_negative,Nagaland,25.559985,95.225591,2010-08-24,2010,8,36.7127,0
NEG_003100,pseudo_negative,Nagaland,25.801841,93.524798,2011-05-16,2011,5,6.2167,0
NEG_003101,pseudo_negative,Nagaland,25.79702,93.936631,2019-11-05,2019,11,1.8679,0
NEG_003102,pseudo_negative,Nagaland,25.841426,94.133611,2024-08-09,2024,8,1.5745,0
NEG_003103,pseudo_negative,Nagaland,25.852379,94.368371,2016-05-06,2016,5,1.6511,0
NEG_003104,pseudo_negative,Nagaland,25.933804,94.405944,2024-05-20,2024,5,1.7741,0
NEG_003105,pseudo_negative,Nagaland,25.752854,94.730055,2016-07-18,2016,7,2.0427,0
NEG_003106,pseudo_negative,Nagaland,25.835168,94.97764,2008-05-31,2008,5,2.009,0
NEG_003107,pseudo_negative,Nagaland,25.803996,95.10318,2014-06-23,2014,6,12.818,0
NEG_003108,pseudo_negative,Nagaland,26.084831,93.616397,2009-09-19,2009,9,18.351,0
NEG_003109,pseudo_negative,Nagaland,26.051072,93.83892,2014-07-09,2014,7,9.2133,0
NEG_003110,pseudo_negative,Nagaland,25.998851,94.134755,2026-05-13,2026,5,2.7405,0
NEG_003111,pseudo_negative,Nagaland,25.994193,94.284146,2009-06-28,2009,6,1.9945,0
NEG_003112,pseudo_negative,Nagaland,26.145223,94.783686,2007-08-05,2007,8,4.575,0
NEG_003113,pseudo_negative,Nagaland,26.108722,94.983185,2024-08-16,2024,8,4.2571,0
NEG_003114,pseudo_negative,Nagaland,26.163546,93.599883,2020-06-02,2020,6,22.4993,0
NEG_003115,pseudo_negative,Nagaland,26.323922,93.91872,2022-05-02,2022,5,13.1007,0
NEG_003116,pseudo_negative,Nagaland,26.290924,94.060478,2008-09-05,2008,9,4.9381,0
NEG_003117,pseudo_negative,Nagaland,26.196841,94.185469,2010-08-24,2010,8,2.0042,0
NEG_003118,pseudo_negative,Nagaland,26.233768,94.534527,2007-04-28,2007,4,1.7053,0
NEG_003119,pseudo_negative,Nagaland,26.282169,94.648123,2021-07-15,2021,7,3.8119,0
NEG_003120,pseudo_negative,Nagaland,26.232842,94.858301,2008-06-25,2008,6,3.8824,0
NEG_003121,pseudo_negative,Nagaland,26.336024,95.110016,2014-07-27,2014,7,8.2848,0
NEG_003122,pseudo_negative,Nagaland,26.439457,93.672206,2025-07-25,2025,7,12.103,0
NEG_003123,pseudo_negative,Nagaland,26.447715,93.861024,2015-07-19,2015,7,13.0223,0
NEG_003124,pseudo_negative,Nagaland,26.516662,94.038799,2023-08-15,2023,8,25.1136,0
NEG_003125,pseudo_negative,Nagaland,26.564222,94.224932,2023-05-08,2023,5,12.1143,0
NEG_003126,pseudo_negative,Nagaland,26.502505,94.481856,2019-05-13,2019,5,3.782,0
NEG_003127,pseudo_negative,Nagaland,26.544361,94.696767,2023-05-19,2023,5,2.098,0
NEG_003128,pseudo_negative,Nagaland,26.435664,95.135573,2009-06-08,2009,6,8.3197,0
NEG_003129,pseudo_negative,Nagaland,26.568251,93.595902,2020-05-04,2020,5,3.2203,0
NEG_003130,pseudo_negative,Nagaland,26.567887,93.886743,2023-08-29,2023,8,22.2664,0
NEG_003131,pseudo_negative,Nagaland,26.586915,94.166336,2013-07-31,2013,7,17.3288,0
NEG_003132,pseudo_negative,Nagaland,26.589336,94.324392,2013-09-29,2013,9,1.9531,0
NEG_003133,pseudo_negative,Nagaland,26.696485,94.516822,2019-05-31,2019,5,2.5497,0
NEG_003134,pseudo_negative,Nagaland,26.597987,94.780571,2009-06-05,2009,6,1.8284,0
NEG_003135,pseudo_negative,Nagaland,26.625368,94.869779,2022-07-01,2022,7,10.0452,0
NEG_003136,pseudo_negative,Nagaland,26.650216,95.152588,2010-11-10,2010,11,2.7201,0
NEG_003137,pseudo_negative,Nagaland,26.897186,93.727805,2025-01-11,2025,1,18.1562,0
NEG_003138,pseudo_negative,Nagaland,26.936598,93.915063,2008-08-02,2008,8,20.7506,0
NEG_003139,pseudo_negative,Nagaland,26.911644,93.983889,2021-05-18,2021,5,26.6459,0
NEG_003140,pseudo_negative,Nagaland,26.777884,94.355993,2005-09-15,2005,9,19.7888,0
NEG_003141,pseudo_negative,Nagaland,26.924484,94.599596,2025-07-14,2025,7,23.5549,0
NEG_003142,pseudo_negative,Nagaland,26.83294,94.736108,2006-08-16,2006,8,12.939,0
NEG_003143,pseudo_negative,Nagaland,26.848453,94.845436,2021-09-26,2021,9,11.1263,0
NEG_003144,pseudo_negative,Nagaland,26.847309,95.182587,2025-08-16,2025,8,10.088,0
NEG_003145,pseudo_negative,Nagaland,25.402799,93.635801,2008-05-02,2008,5,8.6632,0
NEG_003146,pseudo_negative,Nagaland,25.48407,93.818682,2026-05-02,2026,5,6.961,0
NEG_003147,pseudo_negative,Nagaland,25.407253,94.107589,2008-08-12,2008,8,2.4211,0
NEG_003148,pseudo_negative,Nagaland,25.499903,94.242325,2012-05-25,2012,5,4.0637,0
NEG_003149,pseudo_negative,Nagaland,25.408018,94.405858,2026-05-02,2026,5,4.6693,0
NEG_003150,pseudo_negative,Nagaland,25.343577,94.781633,2017-11-17,2017,11,16.2589,0
NEG_003151,pseudo_negative,Nagaland,25.433484,94.95307,2021-07-06,2021,7,17.0012,0
NEG_003152,pseudo_negative,Nagaland,25.401797,95.234708,2023-05-29,2023,5,40.4709,0
NEG_003153,pseudo_negative,Nagaland,25.658047,93.657968,2007-05-18,2007,5,5.2351,0
NEG_003154,pseudo_negative,Nagaland,25.665078,93.908947,2007-07-11,2007,7,2.5562,0
NEG_003155,pseudo_negative,Nagaland,25.552089,94.213623,2007-09-09,2007,9,2.2175,0
NEG_003156,pseudo_negative,Nagaland,25.613161,94.822815,2014-05-30,2014,5,1.1888,0
NEG_003157,pseudo_negative,Nagaland,25.635289,95.087023,2008-09-23,2008,9,21.1909,0
NEG_003158,pseudo_negative,Nagaland,25.819307,93.662351,2011-09-28,2011,9,3.57,0
NEG_003159,pseudo_negative,Nagaland,25.822976,93.831635,2015-04-27,2015,4,2.56,0
NEG_003160,pseudo_negative,Nagaland,25.796077,94.520765,2021-06-06,2021,6,1.0789,0
NEG_003161,pseudo_negative,Nagaland,25.83377,94.650272,2022-05-31,2022,5,5.1285,0
NEG_003162,pseudo_negative,Nagaland,25.913254,94.91878,2016-05-05,2016,5,3.3523,0
NEG_003163,pseudo_negative,Nagaland,25.840697,95.109767,2010-11-08,2010,11,13.6447,0
NEG_003164,pseudo_negative,Nagaland,26.040555,93.720801,2005-05-06,2005,5,9.5419,0
NEG_003165,pseudo_negative,Nagaland,26.068082,93.794536,2019-05-06,2019,5,13.3399,0
NEG_003166,pseudo_negative,Nagaland,25.960223,94.115211,2022-11-09,2022,11,2.753,0
NEG_003167,pseudo_negative,Nagaland,25.982396,94.245202,2019-07-12,2019,7,2.3638,0
NEG_003168,pseudo_negative,Nagaland,26.125069,94.565235,2014-06-01,2014,6,2.5607,0
NEG_003169,pseudo_negative,Nagaland,26.116208,94.600999,2016-05-17,2016,5,3.3422,0
NEG_003170,pseudo_negative,Nagaland,26.030053,94.908014,2025-11-12,2025,11,4.4006,0
NEG_003171,pseudo_negative,Nagaland,26.055722,95.228722,2006-06-22,2006,6,14.6144,0
NEG_003172,pseudo_negative,Nagaland,26.254338,93.604284,2008-05-26,2008,5,16.6313,0
NEG_003173,pseudo_negative,Nagaland,26.346237,93.861674,2012-07-19,2012,7,7.3062,0
NEG_003174,pseudo_negative,Nagaland,26.266982,94.096728,2013-05-21,2013,5,2.8813,0
NEG_003175,pseudo_negative,Nagaland,26.272781,94.245241,2026-07-20,2026,7,2.3683,0
NEG_003176,pseudo_negative,Nagaland,26.246753,94.720174,2021-08-21,2021,8,3.9611,0
NEG_003177,pseudo_negative,Nagaland,26.307331,94.861846,2019-08-04,2019,8,1.4041,0
NEG_003178,pseudo_negative,Nagaland,26.200885,95.058116,2018-06-04,2018,6,3.1583,0
NEG_003179,pseudo_negative,Nagaland,26.565247,93.553998,2021-11-09,2021,11,3.282,0
NEG_003180,pseudo_negative,Nagaland,26.559337,93.785665,2016-05-28,2016,5,12.318,0
NEG_003181,pseudo_negative,Nagaland,26.517466,93.955195,2016-05-13,2016,5,25.0561,0
NEG_003182,pseudo_negative,Nagaland,26.505528,94.172045,2012-08-15,2012,8,18.7837,0
NEG_003183,pseudo_negative,Nagaland,26.369125,94.578776,2008-05-12,2008,5,1.7506,0
NEG_003184,pseudo_negative,Nagaland,26.406221,94.674225,2019-07-07,2019,7,2.0726,0
NEG_003185,pseudo_negative,Nagaland,26.490778,94.910852,2008-09-13,2008,9,6.1247,0
NEG_003186,pseudo_negative,Nagaland,26.421899,95.167977,2019-05-28,2019,5,11.3681,0
NEG_003187,pseudo_negative,Nagaland,26.695593,93.724943,2018-11-16,2018,11,14.7464,0
NEG_003188,pseudo_negative,Nagaland,26.631292,93.858187,2011-01-10,2011,1,20.4116,0
NEG_003189,pseudo_negative,Nagaland,26.773912,94.004282,2010-08-31,2010,8,38.5541,0
NEG_003190,pseudo_negative,Nagaland,26.754535,94.377675,2025-12-18,2025,12,17.4021,0
NEG_003191,pseudo_negative,Nagaland,26.726187,94.49801,2012-05-21,2012,5,6.2953,0
NEG_003192,pseudo_negative,Nagaland,26.569241,94.656472,2022-05-14,2022,5,2.7787,0
NEG_003193,pseudo_negative,Nagaland,26.673624,94.95939,2022-11-20,2022,11,4.6004,0
NEG_003194,pseudo_negative,Nagaland,26.767481,95.2259,2009-05-20,2009,5,4.9593,0
NEG_003195,pseudo_negative,Nagaland,26.970254,93.557803,2018-06-05,2018,6,9.3454,0
NEG_003196,pseudo_negative,Nagaland,26.893504,93.88352,2015-09-01,2015,9,24.2394,0
NEG_003197,pseudo_negative,Nagaland,26.81079,94.01648,2021-06-10,2021,6,37.8254,0
NEG_003198,pseudo_negative,Nagaland,26.932261,94.177426,2006-04-06,2006,4,39.825,0
NEG_003199,pseudo_negative,Nagaland,26.935982,94.597438,2009-08-21,2009,8,24.8471,0
NEG_003200,pseudo_negative,Nagaland,26.962911,94.656076,2026-07-03,2026,7,29.1583,0
NEG_003201,pseudo_negative,Nagaland,26.828497,94.914668,2014-06-14,2014,6,8.8085,0
NEG_003202,pseudo_negative,Nagaland,26.875392,95.115525,2026-10-04,2026,10,4.8899,0
NEG_003203,pseudo_negative,Nagaland,25.467367,93.528931,2023-05-04,2023,5,4.1789,0
NEG_003204,pseudo_negative,Nagaland,25.334652,93.748959,2021-10-05,2021,10,12.4155,0
NEG_003205,pseudo_negative,Nagaland,25.493713,94.121692,2009-08-20,2009,8,2.0755,0
NEG_003206,pseudo_negative,Nagaland,25.475088,94.360836,2021-08-23,2021,8,3.9579,0
NEG_003207,pseudo_negative,Nagaland,25.488701,94.505044,2012-05-07,2012,5,2.585,0
NEG_003208,pseudo_negative,Nagaland,25.356973,94.822302,2006-11-10,2006,11,22.8889,0
NEG_003209,pseudo_negative,Nagaland,25.400474,95.085418,2024-06-13,2024,6,28.1558,0
NEG_003210,pseudo_negative,Nagaland,25.6692,93.657166,2019-07-01,2019,7,4.2329,0
NEG_003211,pseudo_negative,Nagaland,25.53687,93.882631,2013-11-29,2013,11,1.4528,0
NEG_003212,pseudo_negative,Nagaland,25.572047,94.112936,2009-10-25,2009,10,2.6333,0
NEG_003213,pseudo_negative,Nagaland,25.583229,94.266041,2018-04-07,2018,4,1.8868,0
NEG_003214,pseudo_negative,Nagaland,25.666115,94.478044,2018-10-08,2018,10,1.4231,0
NEG_003215,pseudo_negative,Nagaland,25.632221,94.815993,2021-10-25,2021,10,1.0383,0
NEG_003216,pseudo_negative,Nagaland,25.689839,94.840048,2007-11-02,2007,11,1.0959,0
NEG_003217,pseudo_negative,Nagaland,25.558036,95.117919,2007-05-19,2007,5,23.2698,0
NEG_003218,pseudo_negative,Nagaland,25.783627,93.620797,2007-08-12,2007,8,4.5731,0
NEG_003219,pseudo_negative,Nagaland,25.752456,93.841857,2018-08-06,2018,8,2.932,0
NEG_003220,pseudo_negative,Nagaland,25.760993,93.995109,2025-05-25,2025,5,1.8145,0
NEG_003221,pseudo_negative,Nagaland,25.889831,94.227608,2019-06-08,2019,6,1.2671,0
NEG_003222,pseudo_negative,Nagaland,25.787461,94.716974,2018-09-12,2018,9,2.327,0
NEG_003223,pseudo_negative,Nagaland,25.942413,94.930989,2014-06-14,2014,6,6.7006,0
NEG_003224,pseudo_negative,Nagaland,25.938863,95.137821,2009-11-06,2009,11,12.9982,0
NEG_003225,pseudo_negative,Nagaland,26.143796,93.6142,2024-08-11,2024,8,22.741,0
NEG_003226,pseudo_negative,Nagaland,26.116413,93.84397,2019-06-10,2019,6,9.7053,0
NEG_003227,pseudo_negative,Nagaland,26.105974,94.191265,2010-09-12,2010,9,2.1746,0
NEG_003228,pseudo_negative,Nagaland,26.028255,94.44849,2005-05-30,2005,5,1.1991,0
NEG_003229,pseudo_negative,Nagaland,26.128019,94.614377,2007-08-13,2007,8,1.8775,0
NEG_003230,pseudo_negative,Nagaland,26.021185,94.932725,2012-07-07,2012,7,6.9202,0
NEG_003231,pseudo_negative,Nagaland,25.972319,95.205449,2026-07-19,2026,7,15.0739,0
NEG_003232,pseudo_negative,Nagaland,26.163258,93.628047,2014-05-18,2014,5,23.0359,0
NEG_003233,pseudo_negative,Nagaland,26.292527,93.752787,2023-08-07,2023,8,6.2447,0
NEG_003234,pseudo_negative,Nagaland,26.182465,94.005468,2019-08-21,2019,8,6.0227,0
NEG_003235,pseudo_negative,Nagaland,26.162599,94.195942,2010-08-14,2010,8,2.2574,0
NEG_003236,pseudo_negative,Nagaland,26.246082,94.524656,2016-11-23,2016,11,3.2621,0
NEG_003237,pseudo_negative,Nagaland,26.224521,94.636219,2022-05-09,2022,5,3.7784,0
NEG_003238,pseudo_negative,Nagaland,26.233727,95.00579,2007-05-11,2007,5,1.885,0
NEG_003239,pseudo_negative,Nagaland,26.26037,95.247789,2024-09-06,2024,9,14.2581,0
NEG_003240,pseudo_negative,Nagaland,26.530295,93.606766,2010-07-20,2010,7,7.3075,0
NEG_003241,pseudo_negative,Nagaland,26.413871,93.828315,2015-08-03,2015,8,8.0514,0
NEG_003242,pseudo_negative,Nagaland,26.531506,94.01884,2019-05-18,2019,5,27.2962,0
NEG_003243,pseudo_negative,Nagaland,26.385883,94.312043,2008-09-05,2008,9,6.3651,0
NEG_003244,pseudo_negative,Nagaland,26.415827,94.561721,2014-06-12,2014,6,2.539,0
NEG_003245,pseudo_negative,Nagaland,26.515191,94.711272,2019-10-07,2019,10,2.4424,0
NEG_003246,pseudo_negative,Nagaland,26.430021,94.839368,2006-07-13,2006,7,2.4159,0
NEG_003247,pseudo_negative,Nagaland,26.485995,95.213991,2005-05-17,2005,5,13.2592,0
NEG_003248,pseudo_negative,Nagaland,26.621252,93.541801,2018-05-23,2018,5,3.0628,0
NEG_003249,pseudo_negative,Nagaland,26.692669,93.865246,2007-05-25,2007,5,24.0203,0
NEG_003250,pseudo_negative,Nagaland,26.609059,94.149022,2007-07-18,2007,7,19.014,0
NEG_003251,pseudo_negative,Nagaland,26.722108,94.363693,2010-11-08,2010,11,13.6459,0
NEG_003252,pseudo_negative,Nagaland,26.589508,94.596132,2015-05-06,2015,5,4.6783,0
NEG_003253,pseudo_negative,Nagaland,26.586997,94.774705,2008-06-30,2008,6,1.1201,0
NEG_003254,pseudo_negative,Nagaland,26.634522,94.877461,2025-09-05,2025,9,9.3345,0
NEG_003255,pseudo_negative,Nagaland,26.579552,95.242564,2023-05-29,2023,5,10.4588,0
NEG_003256,pseudo_negative,Nagaland,26.884356,93.734646,2018-08-27,2018,8,19.7161,0
NEG_003257,pseudo_negative,Nagaland,26.779131,93.750974,2011-06-24,2011,6,24.2785,0
NEG_003258,pseudo_negative,Nagaland,26.913182,94.112187,2012-05-14,2012,5,35.5435,0
NEG_003259,pseudo_negative,Nagaland,26.854717,94.356887,2007-05-11,2007,5,26.2475,0
NEG_003260,pseudo_negative,Nagaland,26.973508,94.531922,2013-09-17,2013,9,30.9165,0
NEG_003261,pseudo_negative,Nagaland,26.859794,94.81393,2026-05-27,2026,5,12.3103,0
NEG_003262,pseudo_negative,Nagaland,26.85147,94.876761,2025-08-21,2025,8,12.336,0
NEG_003263,pseudo_negative,Nagaland,26.8829,95.242146,2014-09-15,2014,9,8.6419,0
NEG_003264,pseudo_negative,Nagaland,25.458406,93.632027,2022-08-02,2022,8,4.6627,0
NEG_003265,pseudo_negative,Nagaland,25.45519,93.763188,2017-07-25,2017,7,2.5804,0
NEG_003266,pseudo_negative,Nagaland,25.389105,94.130516,2014-08-11,2014,8,1.9358,0
NEG_003267,pseudo_negative,Nagaland,25.450068,94.17999,2026-05-14,2026,5,3.5604,0
NEG_003268,pseudo_negative,Nagaland,25.324207,94.810463,2025-06-12,2025,6,19.754,0
NEG_003269,pseudo_negative,Nagaland,25.512751,94.922362,2010-08-20,2010,8,7.8293,0
NEG_003270,pseudo_negative,Nagaland,25.502673,95.061389,2022-12-03,2022,12,19.9409,0
NEG_003271,pseudo_negative,Nagaland,25.531201,93.673106,2012-07-19,2012,7,2.0058,0
NEG_003272,pseudo_negative,Nagaland,25.692432,93.950755,2026-08-02,2026,8,2.183,0
NEG_003273,pseudo_negative,Nagaland,25.714643,94.267372,2026-10-06,2026,10,3.7783,0
NEG_003274,pseudo_negative,Nagaland,25.725033,94.40628,2015-05-24,2015,5,2.7775,0
NEG_003275,pseudo_negative,Nagaland,25.530753,94.657299,2011-05-27,2011,5,1.7602,0
NEG_003276,pseudo_negative,Nagaland,25.556474,94.976924,2006-05-13,2006,5,10.0057,0
NEG_003277,pseudo_negative,Nagaland,25.577087,95.205125,2025-08-20,2025,8,33.9149,0
NEG_003278,pseudo_negative,Nagaland,25.757166,93.619038,2016-05-25,2016,5,6.777,0
NEG_003279,pseudo_negative,Nagaland,25.934838,94.273016,2026-05-19,2026,5,4.7627,0
NEG_003280,pseudo_negative,Nagaland,25.86347,94.504821,2026-06-28,2026,6,1.9813,0
NEG_003281,pseudo_negative,Nagaland,25.899169,94.666718,2021-11-18,2021,11,1.7072,0
NEG_003282,pseudo_negative,Nagaland,25.866591,94.970894,2017-11-27,2017,11,1.8562,0
NEG_003283,pseudo_negative,Nagaland,25.780098,95.075678,2011-12-18,2011,12,10.7995,0
NEG_003284,pseudo_negative,Nagaland,26.046111,93.591539,2010-05-17,2010,5,15.3098,0
NEG_003285,pseudo_negative,Nagaland,25.981169,93.768387,2007-08-01,2007,8,4.809,0
NEG_003286,pseudo_negative,Nagaland,26.050695,94.2385,2012-06-12,2012,6,1.1217,0
NEG_003287,pseudo_negative,Nagaland,25.945222,94.533576,2008-05-04,2008,5,3.6592,0
NEG_003288,pseudo_negative,Nagaland,25.98389,94.672595,2012-06-05,2012,6,2.1011,0
NEG_003289,pseudo_negative,Nagaland,25.994877,94.830382,2006-06-27,2006,6,2.8669,0
NEG_003290,pseudo_negative,Nagaland,25.964168,95.146089,2022-09-04,2022,9,11.1126,0
NEG_003291,pseudo_negative,Nagaland,26.164693,93.62045,2025-05-30,2025,5,23.2594,0
NEG_003292,pseudo_negative,Nagaland,26.193702,93.866007,2012-06-30,2012,6,14.824,0
NEG_003293,pseudo_negative,Nagaland,26.28652,93.985312,2007-05-20,2007,5,10.046,0
NEG_003294,pseudo_negative,Nagaland,26.279183,94.187742,2019-05-17,2019,5,4.3257,0
NEG_003295,pseudo_negative,Nagaland,26.293381,94.546405,2007-12-27,2007,12,3.1632,0
NEG_003296,pseudo_negative,Nagaland,26.247239,94.745933,2022-11-01,2022,11,2.594,0
NEG_003297,pseudo_negative,Nagaland,26.279692,94.908239,2013-08-14,2013,8,4.3458,0
NEG_003298,pseudo_negative,Nagaland,26.324875,95.208001,2019-06-16,2019,6,12.5436,0
NEG_003299,pseudo_negative,Nagaland,26.55565,93.657108,2026-08-17,2026,8,2.1724,0
NEG_003300,pseudo_negative,Nagaland,26.490142,93.890352,2023-10-18,2023,10,18.5419,0
NEG_003301,pseudo_negative,Nagaland,26.53784,94.047995,2022-07-06,2022,7,27.1578,0
NEG_003302,pseudo_negative,Nagaland,26.488248,94.281724,2017-05-28,2017,5,7.7926,0
NEG_003303,pseudo_negative,Nagaland,26.419078,94.571942,2023-07-30,2023,7,3.32,0
NEG_003304,pseudo_negative,Nagaland,26.39941,94.691828,2018-07-15,2018,7,3.3098,0
NEG_003305,pseudo_negative,Nagaland,26.416366,94.884735,2011-08-21,2011,8,1.9782,0
NEG_003306,pseudo_negative,Nagaland,26.496831,95.114905,2024-06-11,2024,6,6.037,0
NEG_003307,pseudo_negative,Nagaland,26.764338,93.605449,2011-07-19,2011,7,19.6134,0
NEG_003308,pseudo_negative,Nagaland,26.748784,93.815991,2010-10-14,2010,10,24.6357,0
NEG_003309,pseudo_negative,Nagaland,26.600353,94.080864,2010-11-12,2010,11,25.7647,0
NEG_003310,pseudo_negative,Nagaland,26.716652,94.170856,2010-08-27,2010,8,21.2316,0
NEG_003311,pseudo_negative,Nagaland,26.683361,94.435814,2010-08-05,2010,8,9.5041,0
NEG_003312,pseudo_negative,Nagaland,26.658247,94.787232,2019-08-09,2019,8,4.4391,0
NEG_003313,pseudo_negative,Nagaland,26.618591,94.954714,2010-06-02,2010,6,1.7797,0
NEG_003314,pseudo_negative,Nagaland,26.602787,95.164337,2007-09-10,2007,9,4.3509,0
NEG_003315,pseudo_negative,Nagaland,26.798251,93.640248,2020-04-18,2020,4,24.0439,0
NEG_003316,pseudo_negative,Nagaland,26.781938,93.80283,2006-11-19,2006,11,26.9245,0
NEG_003317,pseudo_negative,Nagaland,26.79331,94.1044,2025-08-22,2025,8,31.7777,0
NEG_003318,pseudo_negative,Nagaland,26.881581,94.377593,2021-09-16,2021,9,27.1823,0
NEG_003319,pseudo_negative,Nagaland,26.828948,94.559082,2010-11-30,2010,11,15.3928,0
NEG_003320,pseudo_negative,Nagaland,26.837571,94.783889,2007-08-03,2007,8,10.6734,0
NEG_003321,pseudo_negative,Nagaland,26.845472,94.959547,2012-01-13,2012,1,6.3602,0
NEG_003322,pseudo_negative,Nagaland,26.822464,95.042503,2026-09-13,2026,9,2.9758,0
NEG_003323,pseudo_negative,Nagaland,25.474987,93.690556,2026-06-25,2026,6,3.463,0
NEG_003324,pseudo_negative,Nagaland,25.426849,93.846114,2024-08-04,2024,8,11.0269,0
NEG_003325,pseudo_negative,Nagaland,25.47129,94.084469,2016-05-24,2016,5,4.0603,0
NEG_003326,pseudo_negative,Nagaland,25.479846,94.213572,2012-05-28,2012,5,5.2303,0
NEG_003327,pseudo_negative,Nagaland,25.423937,94.490108,2018-06-09,2018,6,1.7795,0
NEG_003328,pseudo_negative,Nagaland,25.360354,94.724208,2008-06-28,2008,6,10.2048,0
NEG_003329,pseudo_negative,Nagaland,25.427272,95.003479,2007-09-14,2007,9,20.3247,0
NEG_003330,pseudo_negative,Nagaland,25.414474,95.128516,2009-05-05,2009,5,30.5909,0
NEG_003331,pseudo_negative,Nagaland,25.656255,93.698862,2020-11-05,2020,11,5.0723,0
NEG_003332,pseudo_negative,Nagaland,25.714974,94.146154,2012-05-17,2012,5,1.611,0
NEG_003333,pseudo_negative,Nagaland,25.673492,94.643157,2014-06-15,2014,6,6.2151,0
NEG_003334,pseudo_negative,Nagaland,25.633867,94.940365,2017-11-30,2017,11,6.0373,0
NEG_003335,pseudo_negative,Nagaland,25.673763,95.066577,2017-11-28,2017,11,16.5578,0
NEG_003336,pseudo_negative,Nagaland,25.920884,93.623559,2009-08-06,2009,8,9.2963,0
NEG_003337,pseudo_negative,Nagaland,25.817501,93.810684,2022-07-13,2022,7,1.9472,0
NEG_003338,pseudo_negative,Nagaland,25.806088,94.101538,2017-07-21,2017,7,3.2729,0
NEG_003339,pseudo_negative,Nagaland,25.748077,94.371046,2024-07-13,2024,7,1.1987,0
NEG_003340,pseudo_negative,Nagaland,25.831512,94.463681,2013-03-21,2013,3,2.9479,0
NEG_003341,pseudo_negative,Nagaland,25.918146,94.623103,2025-08-31,2025,8,1.8801,0
NEG_003342,pseudo_negative,Nagaland,25.750624,94.938742,2017-11-10,2017,11,4.0076,0
NEG_003343,pseudo_negative,Nagaland,25.893651,95.142952,2014-12-14,2014,12,17.7691,0
NEG_003344,pseudo_negative,Nagaland,26.08289,93.631107,2026-06-12,2026,6,17.3026,0
NEG_003345,pseudo_negative,Nagaland,26.090783,93.863287,2018-07-27,2018,7,6.7732,0
NEG_003346,pseudo_negative,Nagaland,26.06524,94.055583,2017-07-24,2017,7,1.5997,0
NEG_003347,pseudo_negative,Nagaland,26.121189,94.239278,2018-11-21,2018,11,1.6984,0
NEG_003348,pseudo_negative,Nagaland,26.103993,94.458834,2017-05-22,2017,5,3.4346,0
NEG_003349,pseudo_negative,Nagaland,25.956466,94.772047,2022-04-25,2022,4,2.1409,0
NEG_003350,pseudo_negative,Nagaland,26.141081,94.913548,2009-09-28,2009,9,4.5331,0
NEG_003351,pseudo_negative,Nagaland,26.131298,95.213508,2023-08-31,2023,8,13.6754,0
NEG_003352,pseudo_negative,Nagaland,26.199075,93.60422,2012-05-24,2012,5,20.9927,0
NEG_003353,pseudo_negative,Nagaland,26.333695,94.05696,2018-11-26,2018,11,6.4796,0
NEG_003354,pseudo_negative,Nagaland,26.239518,94.319174,2006-09-07,2006,9,5.6697,0
NEG_003355,pseudo_negative,Nagaland,26.156924,94.69418,2024-09-06,2024,9,5.9935,0
NEG_003356,pseudo_negative,Nagaland,26.353583,95.229822,2026-05-19,2026,5,16.2112,0
NEG_003357,pseudo_negative,Nagaland,26.526954,93.671679,2010-06-30,2010,6,5.3541,0
NEG_003358,pseudo_negative,Nagaland,26.371628,93.952034,2022-05-26,2022,5,16.641,0
NEG_003359,pseudo_negative,Nagaland,26.510014,93.952532,2005-06-17,2005,6,24.2815,0
NEG_003360,pseudo_negative,Nagaland,26.438567,94.221437,2018-07-09,2018,7,13.2241,0
NEG_003361,pseudo_negative,Nagaland,26.410928,94.485606,2010-08-18,2010,8,3.0416,0
NEG_003362,pseudo_negative,Nagaland,26.499953,94.653273,2010-09-02,2010,9,1.0643,0
NEG_003363,pseudo_negative,Nagaland,26.540454,95.028776,2025-08-30,2025,8,4.1783,0
NEG_003364,pseudo_negative,Nagaland,26.545011,95.130195,2018-11-24,2018,11,2.8804,0
NEG_003365,pseudo_negative,Sikkim,27.039262,87.993057,2025-06-12,2025,6,7.5051,0
NEG_003366,pseudo_negative,Sikkim,26.989539,88.171339,2021-05-22,2021,5,1.2649,0
NEG_003367,pseudo_negative,Sikkim,27.011632,88.36802,2011-08-17,2011,8,1.8143,0
NEG_003368,pseudo_negative,Sikkim,26.992317,88.662463,2010-07-08,2010,7,1.9896,0
NEG_003369,pseudo_negative,Sikkim,27.014567,88.788862,2019-06-28,2019,6,2.2172,0
NEG_003370,pseudo_negative,Sikkim,27.1268,88.045385,2021-10-23,2021,10,3.6941,0
NEG_003371,pseudo_negative,Sikkim,27.173018,88.68038,2007-05-13,2007,5,1.5828,0
NEG_003372,pseudo_negative,Sikkim,27.122823,88.749508,2010-05-04,2010,5,2.5252,0
NEG_003373,pseudo_negative,Sikkim,27.266033,87.988734,2017-08-14,2017,8,8.7457,0
NEG_003374,pseudo_negative,Sikkim,27.289937,88.163203,2010-08-21,2010,8,2.1738,0
NEG_003375,pseudo_negative,Sikkim,27.236216,88.392955,2022-06-14,2022,6,1.4914,0
NEG_003376,pseudo_negative,Sikkim,27.236618,88.715442,2020-06-11,2020,6,1.5869,0
NEG_003377,pseudo_negative,Sikkim,27.260604,88.870897,2021-05-01,2021,5,6.1265,0
NEG_003378,pseudo_negative,Sikkim,27.352131,87.964214,2011-07-16,2011,7,13.0852,0
NEG_003379,pseudo_negative,Sikkim,27.402691,88.150399,2017-06-01,2017,6,7.6804,0
NEG_003380,pseudo_negative,Sikkim,27.386475,88.227177,2022-07-29,2022,7,2.6155,0
NEG_003381,pseudo_negative,Sikkim,27.305265,88.351687,2015-12-29,2015,12,1.6651,0
NEG_003382,pseudo_negative,Sikkim,27.394533,88.488622,2011-05-24,2011,5,2.7483,0
NEG_003383,pseudo_negative,Sikkim,27.339101,88.66331,2023-07-31,2023,7,1.7591,0
NEG_003384,pseudo_negative,Sikkim,27.351997,88.729683,2007-05-13,2007,5,2.3964,0
NEG_003385,pseudo_negative,Sikkim,27.39402,88.831612,2023-05-22,2023,5,2.3986,0
NEG_003386,pseudo_negative,Sikkim,27.465558,87.976025,2010-07-13,2010,7,21.5738,0
NEG_003387,pseudo_negative,Sikkim,27.484647,88.186531,2023-08-11,2023,8,14.2438,0
NEG_003388,pseudo_negative,Sikkim,27.514864,88.230942,2012-11-26,2012,11,15.242,0
NEG_003389,pseudo_negative,Sikkim,27.508581,88.393337,2009-07-23,2009,7,10.7384,0
NEG_003390,pseudo_negative,Sikkim,27.479592,88.571594,2005-09-08,2005,9,3.8936,0
NEG_003391,pseudo_negative,Sikkim,27.469048,88.597281,2025-09-20,2025,9,3.0871,0
NEG_003392,pseudo_negative,Sikkim,27.476291,88.808019,2008-11-11,2008,11,10.2903,0
NEG_003393,pseudo_negative,Sikkim,27.485508,88.930578,2017-07-09,2017,7,16.4173,0
NEG_003394,pseudo_negative,Sikkim,27.631625,87.946752,2025-09-13,2025,9,39.3841,0
NEG_003395,pseudo_negative,Sikkim,27.612417,88.175279,2014-11-23,2014,11,27.3911,0
NEG_003396,pseudo_negative,Sikkim,27.58397,88.273337,2019-08-27,2019,8,21.205,0
NEG_003397,pseudo_negative,Sikkim,27.538072,88.367592,2024-08-18,2024,8,12.8588,0
NEG_003398,pseudo_negative,Sikkim,27.589219,88.546603,2010-05-26,2010,5,4.8167,0
NEG_003399,pseudo_negative,Sikkim,27.597622,88.645536,2026-07-08,2026,7,1.1634,0
NEG_003400,pseudo_negative,Sikkim,27.589798,88.805469,2024-05-15,2024,5,10.6069,0
NEG_003401,pseudo_negative,Sikkim,27.5827,88.934993,2013-06-18,2013,6,22.3935,0
NEG_003402,pseudo_negative,Sikkim,27.748786,87.960046,2010-07-11,2010,7,50.7014,0
NEG_003403,pseudo_negative,Sikkim,27.727587,88.173264,2011-09-02,2011,9,38.4739,0
NEG_003404,pseudo_negative,Sikkim,27.725566,88.307648,2016-09-28,2016,9,28.2665,0
NEG_003405,pseudo_negative,Sikkim,27.66413,88.36085,2008-08-30,2008,8,19.6897,0
NEG_003406,pseudo_negative,Sikkim,27.743368,88.667159,2009-05-28,2009,5,9.4766,0
NEG_003407,pseudo_negative,Sikkim,27.729854,88.82429,2007-05-02,2007,5,9.7093,0
NEG_003408,pseudo_negative,Sikkim,27.734074,88.894649,2026-05-03,2026,5,16.2371,0
NEG_003409,pseudo_negative,Sikkim,27.795483,87.981038,2017-08-28,2017,8,54.8566,0
NEG_003410,pseudo_negative,Sikkim,27.843079,88.068923,2012-06-13,2012,6,54.3654,0
NEG_003411,pseudo_negative,Sikkim,27.856634,88.315163,2005-11-13,2005,11,25.3972,0
NEG_003412,pseudo_negative,Sikkim,27.759605,88.362354,2023-06-24,2023,6,17.8115,0
NEG_003413,pseudo_negative,Sikkim,27.864632,88.475651,2013-05-25,2013,5,14.4515,0
NEG_003414,pseudo_negative,Sikkim,27.780776,88.631403,2016-08-30,2016,8,9.3864,0
NEG_003415,pseudo_negative,Sikkim,27.831508,88.702977,2012-05-02,2012,5,16.516,0
NEG_003416,pseudo_negative,Sikkim,27.852894,88.858709,2020-08-11,2020,8,21.9566,0
NEG_003417,pseudo_negative,Sikkim,27.014665,87.992392,2011-07-01,2011,7,8.2016,0
NEG_003418,pseudo_negative,Sikkim,27.009657,88.779329,2015-05-07,2015,5,2.9143,0
NEG_003419,pseudo_negative,Sikkim,27.02722,88.907419,2026-10-26,2026,10,3.5922,0
NEG_003420,pseudo_negative,Sikkim,27.135966,88.008615,2019-09-28,2019,9,7.2426,0
NEG_003421,pseudo_negative,Sikkim,27.165089,88.193581,2009-08-13,2009,8,1.4017,0
NEG_003422,pseudo_negative,Sikkim,27.124527,88.721631,2013-05-18,2013,5,3.3576,0
NEG_003423,pseudo_negative,Sikkim,27.281051,87.993031,2013-10-19,2013,10,8.4015,0
NEG_003424,pseudo_negative,Sikkim,27.228032,88.17935,2015-06-05,2015,6,2.0791,0
NEG_003425,pseudo_negative,Sikkim,27.189683,88.265296,2015-08-30,2015,8,1.3721,0
NEG_003426,pseudo_negative,Sikkim,27.286575,88.507767,2022-12-09,2022,12,3.1745,0
NEG_003427,pseudo_negative,Sikkim,27.182759,88.724369,2010-07-26,2010,7,4.0154,0
NEG_003428,pseudo_negative,Sikkim,27.289328,88.839296,2011-08-20,2011,8,1.9004,0
NEG_003429,pseudo_negative,Sikkim,27.366518,88.007539,2009-08-18,2009,8,10.7049,0
NEG_003430,pseudo_negative,Sikkim,27.394562,88.109886,2026-08-15,2026,8,8.5057,0
NEG_003431,pseudo_negative,Sikkim,27.406483,88.34573,2014-08-08,2014,8,1.2975,0
NEG_003432,pseudo_negative,Sikkim,27.303519,88.452247,2023-05-02,2023,5,1.5887,0
NEG_003433,pseudo_negative,Sikkim,27.344277,88.680074,2026-07-11,2026,7,2.8707,0
NEG_003434,pseudo_negative,Sikkim,27.344664,88.877677,2014-06-11,2014,6,4.0125,0
NEG_003435,pseudo_negative,Sikkim,27.41169,88.052766,2024-10-31,2024,10,13.2622,0
NEG_003436,pseudo_negative,Sikkim,27.411067,88.162494,2018-05-18,2018,5,7.8618,0
NEG_003437,pseudo_negative,Sikkim,27.518471,88.292618,2016-11-05,2016,11,13.6781,0
NEG_003438,pseudo_negative,Sikkim,27.425022,88.37872,2018-05-05,2018,5,3.4965,0
NEG_003439,pseudo_negative,Sikkim,27.522519,88.520533,2014-09-08,2014,9,1.9748,0
NEG_003440,pseudo_negative,Sikkim,27.511796,88.691285,2026-11-28,2026,11,5.8629,0
NEG_003441,pseudo_negative,Sikkim,27.48442,88.745204,2023-05-29,2023,5,11.6762,0
NEG_003442,pseudo_negative,Sikkim,27.429957,88.883707,2023-08-09,2023,8,8.7074,0
NEG_003443,pseudo_negative,Sikkim,27.631125,88.002609,2025-07-18,2025,7,36.9219,0
NEG_003444,pseudo_negative,Sikkim,27.608218,88.079979,2026-08-02,2026,8,31.2057,0
NEG_003445,pseudo_negative,Sikkim,27.588213,88.245806,2026-05-11,2026,5,22.2596,0
NEG_003446,pseudo_negative,Sikkim,27.605089,88.374505,2020-11-14,2020,11,14.4316,0
NEG_003447,pseudo_negative,Sikkim,27.611691,88.475775,2017-05-21,2017,5,8.768,0
NEG_003448,pseudo_negative,Sikkim,27.54873,88.665465,2010-05-04,2010,5,1.2503,0
NEG_003449,pseudo_negative,Sikkim,27.630286,88.79544,2009-11-28,2009,11,7.9314,0
NEG_003450,pseudo_negative,Sikkim,27.56246,88.908904,2019-08-12,2019,8,21.1042,0
NEG_003451,pseudo_negative,Sikkim,27.682463,87.94046,2005-09-03,2005,9,45.0372,0
NEG_003452,pseudo_negative,Sikkim,27.651827,88.143273,2022-08-27,2022,8,32.752,0
NEG_003453,pseudo_negative,Sikkim,27.689991,88.220583,2009-07-29,2009,7,32.2914,0
NEG_003454,pseudo_negative,Sikkim,27.689062,88.440572,2026-07-07,2026,7,11.481,0
NEG_003455,pseudo_negative,Sikkim,27.654681,88.463774,2022-08-13,2022,8,11.0241,0
NEG_003456,pseudo_negative,Sikkim,27.681355,88.66235,2015-10-25,2015,10,6.2525,0
NEG_003457,pseudo_negative,Sikkim,27.647276,88.799935,2022-08-05,2022,8,7.2775,0
NEG_003458,pseudo_negative,Sikkim,27.685151,88.918475,2010-08-07,2010,8,17.697,0
NEG_003459,pseudo_negative,Sikkim,27.772482,87.961835,2009-06-19,2009,6,52.8474,0
NEG_003460,pseudo_negative,Sikkim,27.839472,88.154153,2010-08-20,2010,8,47.8513,0
NEG_003461,pseudo_negative,Sikkim,27.849916,88.309776,2014-07-03,2014,7,25.5298,0
NEG_003462,pseudo_negative,Sikkim,27.844685,88.348549,2018-05-09,2018,5,21.8786,0
NEG_003463,pseudo_negative,Sikkim,27.824244,88.494396,2023-08-21,2023,8,9.6246,0
NEG_003464,pseudo_negative,Sikkim,27.834066,88.606855,2006-08-24,2006,8,11.3458,0
NEG_003465,pseudo_negative,Sikkim,27.773077,88.727146,2018-11-10,2018,11,9.7067,0
NEG_003466,pseudo_negative,Sikkim,27.795748,88.831173,2016-04-05,2016,4,15.1856,0
NEG_003467,pseudo_negative,Sikkim,26.993684,88.041458,2017-09-14,2017,9,5.9867,0
NEG_003468,pseudo_negative,Sikkim,27.045813,88.355769,2010-08-16,2010,8,1.0013,0
NEG_003469,pseudo_negative,Sikkim,27.03572,88.791215,2015-11-27,2015,11,1.1612,0
NEG_003470,pseudo_negative,Sikkim,26.979282,88.910045,2010-05-31,2010,5,7.7625,0
NEG_003471,pseudo_negative,Sikkim,27.117644,88.0558,2010-11-04,2010,11,3.1617,0
NEG_003472,pseudo_negative,Sikkim,27.15241,88.329538,2019-11-19,2019,11,1.0296,0
NEG_003473,pseudo_negative,Sikkim,27.13768,88.655203,2026-08-18,2026,8,1.0116,0
NEG_003474,pseudo_negative,Sikkim,27.133774,88.707124,2019-08-03,2019,8,1.7818,0
NEG_003475,pseudo_negative,Sikkim,27.201119,88.041955,2006-08-30,2006,8,5.5347,0
NEG_003476,pseudo_negative,Sikkim,27.288233,88.179373,2011-05-07,2011,5,1.1264,0
NEG_003477,pseudo_negative,Sikkim,27.284467,88.525772,2012-11-11,2012,11,2.0103,0
NEG_003478,pseudo_negative,Sikkim,27.289133,88.673647,2022-11-24,2022,11,3.1602,0
NEG_003479,pseudo_negative,Sikkim,27.24827,88.813424,2008-07-03,2008,7,2.7468,0
NEG_003480,pseudo_negative,Sikkim,27.236924,88.833438,2011-04-03,2011,4,5.0298,0
NEG_003481,pseudo_negative,Sikkim,27.328616,87.947084,2005-09-13,2005,9,13.6518,0
NEG_003482,pseudo_negative,Sikkim,27.365666,88.15271,2021-09-01,2021,9,4.191,0
NEG_003483,pseudo_negative,Sikkim,27.311491,88.232518,2016-11-16,2016,11,1.6292,0
NEG_003484,pseudo_negative,Sikkim,27.410188,88.420344,2014-07-23,2014,7,5.6199,0
NEG_003485,pseudo_negative,Sikkim,27.325741,88.699793,2006-06-30,2006,6,4.8524,0
NEG_003486,pseudo_negative,Sikkim,27.32248,88.73087,2008-05-16,2008,5,5.4428,0
NEG_003487,pseudo_negative,Sikkim,27.422413,87.975438,2023-06-24,2023,6,17.5383,0
NEG_003488,pseudo_negative,Sikkim,27.464945,88.150532,2015-06-24,2015,6,13.8593,0
NEG_003489,pseudo_negative,Sikkim,27.495082,88.230413,2011-07-20,2011,7,13.4002,0
NEG_003490,pseudo_negative,Sikkim,27.517749,88.445653,2018-11-24,2018,11,5.5171,0
NEG_003491,pseudo_negative,Sikkim,27.426216,88.530983,2018-05-07,2018,5,1.2271,0
NEG_003492,pseudo_negative,Sikkim,27.470969,88.668998,2025-10-23,2025,10,6.5861,0
NEG_003493,pseudo_negative,Sikkim,27.475192,88.819303,2026-10-28,2026,10,10.2217,0
NEG_003494,pseudo_negative,Sikkim,27.436991,88.896096,2014-11-23,2014,11,10.0525,0
NEG_003495,pseudo_negative,Sikkim,27.527598,87.981806,2018-06-11,2018,6,27.8529,0
NEG_003496,pseudo_negative,Sikkim,27.620944,88.072921,2012-08-12,2012,8,32.7793,0
NEG_003497,pseudo_negative,Sikkim,27.573368,88.212392,2008-07-19,2008,7,21.8647,0
NEG_003498,pseudo_negative,Sikkim,27.639991,88.416012,2024-05-31,2024,5,14.166,0
NEG_003499,pseudo_negative,Sikkim,27.614477,88.517933,2008-07-23,2008,7,8.797,0
NEG_003500,pseudo_negative,Sikkim,27.623361,88.805148,2025-08-06,2025,8,9.1591,0
NEG_003501,pseudo_negative,Sikkim,27.611713,88.899418,2008-10-10,2008,10,17.8358,0
NEG_003502,pseudo_negative,Sikkim,27.71652,88.031694,2015-08-21,2015,8,44.0569,0
NEG_003503,pseudo_negative,Sikkim,27.658901,88.184286,2006-09-09,2006,9,31.6859,0
NEG_003504,pseudo_negative,Sikkim,27.745591,88.276755,2012-05-19,2012,5,31.9602,0
NEG_003505,pseudo_negative,Sikkim,27.69263,88.39864,2023-05-03,2023,5,15.3337,0
NEG_003506,pseudo_negative,Sikkim,27.757187,88.490089,2010-05-11,2010,5,5.2808,0
NEG_003507,pseudo_negative,Sikkim,27.716934,88.634871,2019-07-25,2019,7,5.8098,0
NEG_003508,pseudo_negative,Sikkim,27.643881,88.762999,2010-09-02,2010,9,4.59,0
NEG_003509,pseudo_negative,Sikkim,27.655262,88.856184,2007-05-15,2007,5,12.0714,0
NEG_003510,pseudo_negative,Sikkim,27.820408,87.998759,2017-05-30,2017,5,56.1618,0
NEG_003511,pseudo_negative,Sikkim,27.824754,88.158626,2026-08-04,2026,8,46.3925,0
NEG_003512,pseudo_negative,Sikkim,27.858061,88.294056,2017-08-29,2017,8,27.3161,0
NEG_003513,pseudo_negative,Sikkim,27.803584,88.43783,2023-08-07,2023,8,11.987,0
NEG_003514,pseudo_negative,Sikkim,27.84664,88.558625,2014-05-29,2014,5,10.9536,0
NEG_003515,pseudo_negative,Sikkim,27.842053,88.600736,2024-08-25,2024,8,11.7937,0
NEG_003516,pseudo_negative,Sikkim,27.778951,88.807435,2025-07-15,2025,7,12.3139,0
NEG_003517,pseudo_negative,Sikkim,27.870475,88.911982,2016-04-18,2016,4,26.6355,0
NEG_003518,pseudo_negative,Sikkim,26.970095,87.943664,2022-06-10,2022,6,14.8225,0
NEG_003519,pseudo_negative,Sikkim,27.008453,88.154738,2026-08-06,2026,8,1.1907,0
NEG_003520,pseudo_negative,Sikkim,27.023369,88.326803,2018-08-17,2018,8,3.0543,0
NEG_003521,pseudo_negative,Sikkim,27.030759,88.77944,2006-08-06,2006,8,2.4179,0
NEG_003522,pseudo_negative,Sikkim,27.008656,88.842867,2022-07-30,2022,7,2.3975,0
NEG_003523,pseudo_negative,Sikkim,27.149178,87.967921,2025-08-05,2025,8,11.3888,0
NEG_003524,pseudo_negative,Sikkim,27.140923,88.101987,2006-07-24,2006,7,1.1186,0
NEG_003525,pseudo_negative,Sikkim,27.171589,88.678652,2021-07-12,2021,7,1.4478,0
NEG_003526,pseudo_negative,Sikkim,27.173766,88.815351,2018-05-06,2018,5,6.5156,0
NEG_003527,pseudo_negative,Sikkim,27.10508,88.94031,2012-09-28,2012,9,7.0083,0
NEG_003528,pseudo_negative,Sikkim,27.210649,88.052869,2017-07-02,2017,7,5.5295,0
NEG_003529,pseudo_negative,Sikkim,27.222456,88.135127,2007-05-18,2007,5,3.3907,0
NEG_003530,pseudo_negative,Sikkim,27.202406,88.296088,2022-07-03,2022,7,1.387,0
NEG_003531,pseudo_negative,Sikkim,27.210833,88.537843,2014-06-14,2014,6,3.4798,0
NEG_003532,pseudo_negative,Sikkim,27.285059,88.829356,2023-08-18,2023,8,1.2167,0
NEG_003533,pseudo_negative,Sikkim,27.361434,88.043725,2016-07-04,2016,7,8.2191,0
NEG_003534,pseudo_negative,Sikkim,27.394617,88.179989,2006-07-16,2006,7,5.5204,0
NEG_003535,pseudo_negative,Sikkim,27.383052,88.293048,2017-10-28,2017,10,1.2612,0
NEG_003536,pseudo_negative,Sikkim,27.342565,88.403476,2022-05-15,2022,5,3.4117,0
NEG_003537,pseudo_negative,Sikkim,27.301275,88.660734,2019-05-09,2019,5,2.0355,0
NEG_003538,pseudo_negative,Sikkim,27.354481,88.829367,2022-01-18,2022,1,1.1625,0
NEG_003539,pseudo_negative,Sikkim,27.517723,87.974216,2018-03-28,2018,3,27.4599,0
NEG_003540,pseudo_negative,Sikkim,27.421664,88.124488,2016-11-23,2016,11,10.773,0
NEG_003541,pseudo_negative,Sikkim,27.470769,88.23922,2023-08-02,2023,8,10.7075,0
NEG_003542,pseudo_negative,Sikkim,27.454429,88.436394,2010-08-15,2010,8,7.7714,0
NEG_003543,pseudo_negative,Sikkim,27.508664,88.460398,2013-11-14,2013,11,4.7458,0
NEG_003544,pseudo_negative,Sikkim,27.459574,88.646557,2019-05-28,2019,5,4.0489,0
NEG_003545,pseudo_negative,Sikkim,27.514036,88.752128,2005-06-18,2005,6,10.6226,0
NEG_003546,pseudo_negative,Sikkim,27.471467,88.834905,2013-07-03,2013,7,10.0909,0
NEG_003547,pseudo_negative,Sikkim,27.565052,88.018442,2019-05-02,2019,5,29.4849,0
NEG_003548,pseudo_negative,Sikkim,27.550529,88.123103,2025-05-08,2025,5,23.5318,0
NEG_003549,pseudo_negative,Sikkim,27.595476,88.288513,2024-05-22,2024,5,21.703,0
NEG_003550,pseudo_negative,Sikkim,27.625233,88.398663,2021-05-20,2021,5,13.9904,0
NEG_003551,pseudo_negative,Sikkim,27.554308,88.508175,2018-08-08,2018,8,2.3374,0
NEG_003552,pseudo_negative,Sikkim,27.561994,88.594113,2017-05-05,2017,5,1.5585,0
NEG_003553,pseudo_negative,Sikkim,27.577192,88.702128,2016-06-17,2016,6,4.747,0
NEG_003554,pseudo_negative,Sikkim,27.590251,88.947364,2013-07-27,2013,7,23.1225,0
NEG_003555,pseudo_negative,Sikkim,27.690527,88.028921,2011-07-29,2011,7,41.6474,0
NEG_003556,pseudo_negative,Sikkim,27.6536,88.164424,2010-08-01,2010,8,31.9533,0
NEG_003557,pseudo_negative,Sikkim,27.651932,88.20764,2021-08-25,2021,8,30.1469,0
NEG_003558,pseudo_negative,Sikkim,27.70719,88.425156,2015-07-27,2015,7,12.3958,0
NEG_003559,pseudo_negative,Sikkim,27.757513,88.493306,2019-10-06,2019,10,4.9758,0
NEG_003560,pseudo_negative,Sikkim,27.690238,88.685815,2009-05-02,2009,5,4.9553,0
NEG_003561,pseudo_negative,Sikkim,27.646761,88.778142,2018-06-25,2018,6,5.4602,0
NEG_003562,pseudo_negative,Sikkim,27.652602,88.876047,2024-08-11,2024,8,14.0331,0
NEG_003563,pseudo_negative,Sikkim,27.833491,87.953367,2005-08-14,2005,8,59.8764,0
NEG_003564,pseudo_negative,Sikkim,27.78793,88.118863,2007-06-19,2007,6,46.7221,0
NEG_003565,pseudo_negative,Sikkim,27.761517,88.222361,2019-05-25,2019,5,37.0069,0
NEG_003566,pseudo_negative,Sikkim,27.852671,88.380272,2023-09-15,2023,9,19.7156,0
NEG_003567,pseudo_negative,Sikkim,27.802345,88.478191,2005-08-04,2005,8,8.6982,0
NEG_003568,pseudo_negative,Sikkim,27.812383,88.677554,2016-07-15,2016,7,14.9932,0
NEG_003569,pseudo_negative,Sikkim,27.792563,88.727051,2019-05-26,2019,5,11.862,0
NEG_003570,pseudo_negative,Sikkim,27.86245,88.832065,2006-05-17,2006,5,21.6229,0
NEG_003571,pseudo_negative,Sikkim,27.037331,87.967133,2005-11-17,2005,11,10.081,0
NEG_003572,pseudo_negative,Sikkim,26.999948,88.742769,2025-06-22,2025,6,1.7326,0
NEG_003573,pseudo_negative,Sikkim,26.96672,88.869371,2015-05-28,2015,5,6.9743,0
NEG_003574,pseudo_negative,Sikkim,27.090082,87.957225,2024-11-02,2024,11,11.8771,0
NEG_003575,pseudo_negative,Sikkim,27.073154,88.796883,2024-07-12,2024,7,3.9097,0
NEG_003576,pseudo_negative,Sikkim,27.166309,88.905432,2011-08-01,2011,8,8.1593,0
NEG_003577,pseudo_negative,Sikkim,27.286333,88.021769,2022-09-26,2022,9,5.766,0
NEG_003578,pseudo_negative,Sikkim,27.284176,88.339653,2016-06-06,2016,6,2.9631,0
NEG_003579,pseudo_negative,Sikkim,27.213897,88.810505,2010-05-11,2010,5,5.0236,0
NEG_003580,pseudo_negative,Sikkim,27.213703,88.931028,2017-05-16,2017,5,14.0057,0
NEG_003581,pseudo_negative,Sikkim,27.330773,88.06131,2019-07-14,2019,7,4.3944,0
NEG_003582,pseudo_negative,Sikkim,27.312288,88.105851,2015-09-25,2015,9,1.8529,0
NEG_003583,pseudo_negative,Sikkim,27.345007,88.307521,2022-10-12,2022,10,3.4824,0
NEG_003584,pseudo_negative,Sikkim,27.298212,88.365084,2025-11-26,2025,11,1.0167,0
NEG_003585,pseudo_negative,Sikkim,27.389029,88.664629,2013-07-08,2013,7,2.2804,0
NEG_003586,pseudo_negative,Sikkim,27.397091,88.888785,2020-05-06,2020,5,6.2815,0
NEG_003587,pseudo_negative,Sikkim,27.508415,87.941399,2021-05-27,2021,5,27.4006,0
NEG_003588,pseudo_negative,Sikkim,27.455774,88.16875,2022-09-13,2022,9,12.1756,0
NEG_003589,pseudo_negative,Sikkim,27.422021,88.259028,2006-11-18,2006,11,5.5694,0
NEG_003590,pseudo_negative,Sikkim,27.421248,88.363989,2010-11-20,2010,11,2.4356,0
NEG_003591,pseudo_negative,Sikkim,27.508672,88.555353,2025-07-17,2025,7,1.0353,0
NEG_003592,pseudo_negative,Sikkim,27.509866,88.685197,2007-09-25,2007,9,5.6793,0
NEG_003593,pseudo_negative,Sikkim,27.512304,88.716182,2012-11-09,2012,11,7.627,0
NEG_003594,pseudo_negative,Sikkim,27.473513,88.851045,2019-08-16,2019,8,10.821,0
NEG_003595,pseudo_negative,Sikkim,27.622195,88.043365,2015-07-02,2015,7,34.1127,0
NEG_003596,pseudo_negative,Sikkim,27.528632,88.179915,2025-08-06,2025,8,19.0838,0
NEG_003597,pseudo_negative,Sikkim,27.592353,88.273494,2006-08-18,2006,8,22.1026,0
NEG_003598,pseudo_negative,Sikkim,27.598781,88.332477,2022-07-12,2022,7,17.7733,0
NEG_003599,pseudo_negative,Sikkim,27.563922,88.544418,2018-09-10,2018,9,3.4283,0
NEG_003600,pseudo_negative,Sikkim,27.543247,88.672476,2007-07-06,2007,7,2.1342,0
NEG_003601,pseudo_negative,Sikkim,27.56338,88.782625,2022-09-07,2022,9,10.757,0
NEG_003602,pseudo_negative,Sikkim,27.592696,88.950136,2026-08-23,2026,8,23.2622,0
NEG_003603,pseudo_negative,Sikkim,27.73815,87.968172,2009-06-19,2009,6,49.2741,0
NEG_003604,pseudo_negative,Sikkim,27.728261,88.070306,2020-08-14,2020,8,43.7376,0
NEG_003605,pseudo_negative,Sikkim,27.695459,88.22431,2024-10-15,2024,10,32.3116,0
NEG_003606,pseudo_negative,Sikkim,27.666057,88.367615,2025-11-30,2025,11,19.3984,0
NEG_003607,pseudo_negative,Sikkim,27.64603,88.515229,2005-11-02,2005,11,7.7812,0
NEG_003608,pseudo_negative,Sikkim,27.693247,88.627937,2012-07-09,2012,7,3.5411,0
NEG_003609,pseudo_negative,Sikkim,27.658893,88.803136,2017-07-16,2017,7,7.0249,0
NEG_003610,pseudo_negative,Sikkim,27.739499,88.852147,2022-07-06,2022,7,12.6287,0
NEG_003611,pseudo_negative,Sikkim,27.849012,87.947723,2015-07-25,2015,7,61.6047,0
NEG_003612,pseudo_negative,Sikkim,27.82302,88.138826,2019-05-02,2019,5,47.6866,0
NEG_003613,pseudo_negative,Sikkim,27.84544,88.246429,2018-11-17,2018,11,31.0735,0
NEG_003614,pseudo_negative,Sikkim,27.763302,88.378086,2015-05-12,2015,5,16.3015,0
NEG_003615,pseudo_negative,Sikkim,27.868088,88.569943,2012-11-10,2012,11,13.493,0
NEG_003616,pseudo_negative,Sikkim,27.762016,88.699318,2008-05-26,2008,5,9.2619,0
NEG_003617,pseudo_negative,Sikkim,27.827397,88.803053,2006-06-10,2006,6,16.908,0
NEG_003618,pseudo_negative,Sikkim,27.830806,88.847318,2022-05-04,2022,5,19.2873,0
NEG_003619,pseudo_negative,Sikkim,27.032889,87.986817,2012-05-16,2012,5,8.1921,0
NEG_003620,pseudo_negative,Sikkim,26.969503,88.149749,2015-08-04,2015,8,1.5975,0
NEG_003621,pseudo_negative,Sikkim,27.000213,88.930471,2019-08-25,2019,8,7.1825,0
NEG_003622,pseudo_negative,Sikkim,27.176146,87.999147,2014-09-02,2014,9,8.6477,0
NEG_003623,pseudo_negative,Sikkim,27.1715,88.58677,2014-08-05,2014,8,1.4922,0
NEG_003624,pseudo_negative,Sikkim,27.074231,88.748795,2023-09-19,2023,9,4.7928,0
NEG_003625,pseudo_negative,Sikkim,27.088071,88.913423,2011-10-21,2011,10,4.422,0
NEG_003626,pseudo_negative,Sikkim,27.215056,88.035486,2013-05-24,2013,5,7.0356,0
NEG_003627,pseudo_negative,Sikkim,27.210501,88.251446,2024-09-14,2024,9,1.4998,0
NEG_003628,pseudo_negative,Sikkim,27.200064,88.530015,2019-07-22,2019,7,2.3626,0
NEG_003629,pseudo_negative,Sikkim,27.215007,88.796304,2025-09-04,2025,9,4.4003,0
NEG_003630,pseudo_negative,Sikkim,27.25459,88.940898,2009-07-09,2009,7,12.2808,0
NEG_003631,pseudo_negative,Sikkim,27.299073,88.056097,2018-08-21,2018,8,2.4018,0
NEG_003632,pseudo_negative,Sikkim,27.379435,88.103285,2019-09-19,2019,9,7.4937,0
NEG_003633,pseudo_negative,Sikkim,27.305016,88.315791,2015-11-27,2015,11,2.3259,0
NEG_003634,pseudo_negative,Sikkim,27.3882,88.358368,2011-05-19,2011,5,1.0452,0
NEG_003635,pseudo_negative,Sikkim,27.381923,88.467424,2024-05-27,2024,5,1.7081,0
NEG_003636,pseudo_negative,Sikkim,27.313139,88.583832,2015-05-23,2015,5,2.2758,0
NEG_003637,pseudo_negative,Sikkim,27.317455,88.723278,2011-11-10,2011,11,5.7147,0
NEG_003638,pseudo_negative,Sikkim,27.350929,88.861758,2015-04-06,2015,4,2.2934,0
NEG_003639,pseudo_negative,Sikkim,27.452685,87.95426,2026-05-01,2026,5,21.4916,0
NEG_003640,pseudo_negative,Sikkim,27.447302,88.162492,2006-08-03,2006,8,11.6274,0
NEG_003641,pseudo_negative,Sikkim,27.48229,88.306041,2011-09-06,2011,9,9.4508,0
NEG_003642,pseudo_negative,Sikkim,27.510594,88.444941,2024-05-26,2024,5,5.9088,0
NEG_003643,pseudo_negative,Sikkim,27.518883,88.721502,2025-06-24,2025,6,7.6756,0
NEG_003644,pseudo_negative,Sikkim,27.494253,88.840307,2016-07-23,2016,7,12.6772,0
NEG_003645,pseudo_negative,Sikkim,27.630554,87.964202,2016-05-04,2016,5,38.9711,0
NEG_003646,pseudo_negative,Sikkim,27.535351,88.19159,2013-05-04,2013,5,19.2674,0
NEG_003647,pseudo_negative,Sikkim,27.620048,88.225424,2010-08-07,2010,8,26.2294,0
NEG_003648,pseudo_negative,Sikkim,27.572444,88.427047,2019-06-20,2019,6,8.1189,0
NEG_003649,pseudo_negative,Sikkim,27.595516,88.557887,2016-08-12,2016,8,4.7711,0
NEG_003650,pseudo_negative,Sikkim,27.611245,88.709424,2022-05-15,2022,5,2.4542,0
NEG_003651,pseudo_negative,Sikkim,27.610238,88.905786,2015-05-11,2015,5,18.4768,0
NEG_003652,pseudo_negative,Sikkim,27.749346,87.980269,2026-05-09,2026,5,49.7087,0
NEG_003653,pseudo_negative,Sikkim,27.70898,88.100915,2014-08-27,2014,8,40.3406,0
NEG_003654,pseudo_negative,Sikkim,27.642549,88.265898,2005-04-07,2005,4,25.7919,0
NEG_003655,pseudo_negative,Sikkim,27.713847,88.347023,2006-07-28,2006,7,19.6805,0
NEG_003656,pseudo_negative,Sikkim,27.666329,88.572185,2021-05-17,2021,5,2.7205,0
NEG_003657,pseudo_negative,Sikkim,27.702016,88.696583,2007-07-14,2007,7,4.5006,0
NEG_003658,pseudo_negative,Sikkim,27.695515,88.73729,2006-07-06,2006,7,1.0249,0
NEG_003659,pseudo_negative,Sikkim,27.745685,88.922021,2006-06-03,2006,6,19.2077,0
NEG_003660,pseudo_negative,Sikkim,27.758555,87.979373,2026-06-21,2026,6,50.6361,0
NEG_003661,pseudo_negative,Sikkim,27.855317,88.127785,2025-11-21,2025,11,50.9349,0
NEG_003662,pseudo_negative,Sikkim,27.837043,88.307987,2021-07-26,2021,7,25.0977,0
NEG_003663,pseudo_negative,Sikkim,27.792375,88.358854,2007-05-28,2007,5,18.7428,0
NEG_003664,pseudo_negative,Sikkim,27.867004,88.489432,2023-06-23,2023,6,14.1272,0
NEG_003665,pseudo_negative,Sikkim,27.868378,88.579463,2010-10-11,2010,10,13.739,0
NEG_003666,pseudo_negative,Sikkim,27.78969,88.736721,2010-09-27,2010,9,11.4883,0
NEG_003667,pseudo_negative,Sikkim,27.770195,88.90228,2005-05-07,2005,5,18.5986,0
NEG_003668,pseudo_negative,Sikkim,27.018309,87.956012,2019-05-15,2019,5,11.5023,0
NEG_003669,pseudo_negative,Sikkim,27.04594,88.137571,2012-11-07,2012,11,1.305,0
NEG_003670,pseudo_negative,Sikkim,26.980918,88.496908,2006-08-06,2006,8,2.1828,0
NEG_003671,pseudo_negative,Sikkim,26.974921,88.723346,2008-05-12,2008,5,1.2233,0
NEG_003672,pseudo_negative,Sikkim,27.056625,88.9197,2006-08-25,2006,8,4.1809,0
NEG_003673,pseudo_negative,Sikkim,27.090993,87.958143,2023-09-13,2023,9,11.7845,0
NEG_003674,pseudo_negative,Sikkim,27.101152,88.068415,2026-05-21,2026,5,1.247,0
NEG_003675,pseudo_negative,Sikkim,27.154524,88.785934,2026-09-28,2026,9,3.7999,0
NEG_003676,pseudo_negative,Sikkim,27.088221,88.877072,2015-07-11,2015,7,1.2951,0
NEG_003677,pseudo_negative,Sikkim,27.289194,88.018417,2023-11-10,2023,11,6.1128,0
NEG_003678,pseudo_negative,Sikkim,27.259833,88.100969,2014-06-28,2014,6,2.0171,0
NEG_003679,pseudo_negative,Sikkim,27.238511,88.254927,2013-05-29,2013,5,1.0328,0
NEG_003680,pseudo_negative,Sikkim,27.281421,88.462505,2019-11-07,2019,11,2.5407,0
NEG_003681,pseudo_negative,Sikkim,27.268756,88.618753,2018-07-12,2018,7,2.1155,0
NEG_003682,pseudo_negative,Sikkim,27.256767,88.772943,2021-05-25,2021,5,1.3506,0
NEG_003683,pseudo_negative,Sikkim,27.273592,88.836018,2018-05-28,2018,5,2.5846,0
NEG_003684,pseudo_negative,Sikkim,27.309365,87.96316,2019-06-07,2019,6,11.651,0
NEG_003685,pseudo_negative,Sikkim,27.370491,88.18048,2009-07-17,2009,7,3.0448,0
NEG_003686,pseudo_negative,Sikkim,27.331546,88.295722,2014-06-04,2014,6,3.154,0
NEG_003687,pseudo_negative,Sikkim,27.305791,88.348199,2005-05-19,2005,5,2.0039,0
NEG_003688,pseudo_negative,Sikkim,27.30826,88.652001,2012-11-11,2012,11,1.9076,0
NEG_003689,pseudo_negative,Sikkim,27.398293,88.881178,2008-08-10,2008,8,5.8099,0
NEG_003690,pseudo_negative,Sikkim,27.493577,87.978778,2015-05-11,2015,5,24.2458,0
NEG_003691,pseudo_negative,Sikkim,27.479151,88.188641,2015-12-13,2015,12,13.5985,0
NEG_003692,pseudo_negative,Sikkim,27.430839,88.295141,2014-08-29,2014,8,4.0971,0
NEG_003693,pseudo_negative,Sikkim,27.423067,88.362458,2026-08-03,2026,8,2.5936,0
NEG_003694,pseudo_negative,Sikkim,27.526034,88.495485,2020-05-06,2020,5,1.0627,0
NEG_003695,pseudo_negative,Sikkim,27.476528,88.64704,2013-08-08,2013,8,5.2956,0
NEG_003696,pseudo_negative,Sikkim,27.420598,88.780811,2020-05-14,2020,5,4.8205,0
NEG_003697,pseudo_negative,Sikkim,27.483893,88.914066,2011-09-14,2011,9,15.2317,0
NEG_003698,pseudo_negative,Sikkim,27.585251,87.976557,2008-11-29,2008,11,33.4518,0
NEG_003699,pseudo_negative,Sikkim,27.537326,88.187266,2024-05-25,2024,5,19.6976,0
NEG_003700,pseudo_negative,Sikkim,27.586411,88.198545,2006-11-18,2006,11,23.7667,0
NEG_003701,pseudo_negative,Sikkim,27.568905,88.385566,2018-07-08,2018,7,11.6933,0
NEG_003702,pseudo_negative,Sikkim,27.619224,88.475244,2013-06-17,2013,6,9.5935,0
NEG_003703,pseudo_negative,Sikkim,27.607201,88.749688,2014-08-19,2014,8,4.9869,0
NEG_003704,pseudo_negative,Sikkim,27.605119,88.901655,2018-05-27,2018,5,18.3405,0
NEG_003705,pseudo_negative,Sikkim,27.64856,88.062442,2018-11-02,2018,11,35.9637,0
NEG_003706,pseudo_negative,Sikkim,27.713026,88.183797,2016-09-17,2016,9,36.7213,0
NEG_003707,pseudo_negative,Sikkim,27.725654,88.26075,2020-01-12,2020,1,31.5278,0
NEG_003708,pseudo_negative,Sikkim,27.671162,88.441804,2024-08-09,2024,8,12.1851,0
NEG_003709,pseudo_negative,Sikkim,27.701003,88.487079,2017-05-31,2017,5,6.7278,0
NEG_003710,pseudo_negative,Sikkim,27.709527,88.633404,2025-05-03,2025,5,5.1006,0
NEG_003711,pseudo_negative,Sikkim,27.722521,88.71549,2006-08-25,2006,8,4.6244,0
NEG_003712,pseudo_negative,Sikkim,27.653779,88.86505,2016-09-05,2016,9,12.9556,0
NEG_003713,pseudo_negative,Sikkim,27.819683,87.940652,2020-07-17,2020,7,59.3885,0
NEG_003714,pseudo_negative,Sikkim,27.83244,88.071623,2022-06-02,2022,6,53.4211,0
NEG_003715,pseudo_negative,Sikkim,27.837706,88.278701,2013-05-09,2013,5,27.7996,0
NEG_003716,pseudo_negative,Sikkim,27.837079,88.324458,2017-07-18,2017,7,23.6156,0
NEG_003717,pseudo_negative,Sikkim,27.785639,88.513956,2025-07-07,2025,7,4.9647,0
NEG_003718,pseudo_negative,Sikkim,27.7752,88.62632,2008-04-16,2008,4,8.699,0
NEG_003719,pseudo_negative,Sikkim,27.828691,88.796963,2023-05-30,2023,5,16.8282,0
NEG_003720,pseudo_negative,Sikkim,27.782118,88.867336,2012-06-27,2012,6,16.5369,0
NEG_003721,pseudo_negative,Sikkim,26.981978,88.034355,2010-07-02,2010,7,7.2134,0
NEG_003722,pseudo_negative,Sikkim,27.020743,88.387559,2012-11-05,2012,11,2.0189,0
NEG_003723,pseudo_negative,Sikkim,27.034433,88.564891,2009-05-23,2009,5,1.0695,0
NEG_003724,pseudo_negative,Sikkim,26.951166,88.753844,2014-01-11,2014,1,2.5035,0
NEG_003725,pseudo_negative,Sikkim,27.045153,88.846909,2022-09-16,2022,9,1.5204,0
NEG_003726,pseudo_negative,Sikkim,27.13289,87.961785,2021-08-20,2021,8,11.8751,0
NEG_003727,pseudo_negative,Sikkim,27.066792,88.271263,2016-09-07,2016,9,1.0646,0
NEG_003728,pseudo_negative,Sikkim,27.141625,88.419141,2010-08-30,2010,8,1.4251,0
NEG_003729,pseudo_negative,Sikkim,27.167624,88.529387,2008-09-06,2008,9,1.0186,0
NEG_003730,pseudo_negative,Sikkim,27.143225,88.698943,2011-06-08,2011,6,1.479,0
NEG_003731,pseudo_negative,Sikkim,27.15803,88.709723,2023-07-20,2023,7,1.9204,0
NEG_003732,pseudo_negative,Sikkim,27.08242,88.849606,2017-04-25,2017,4,1.4418,0
NEG_003733,pseudo_negative,Sikkim,27.265228,88.033274,2013-06-20,2013,6,4.364,0
NEG_003734,pseudo_negative,Sikkim,27.18199,88.168953,2009-05-04,2009,5,1.3843,0
NEG_003735,pseudo_negative,Sikkim,27.188664,88.468319,2019-09-14,2019,9,2.2021,0
NEG_003736,pseudo_negative,Sikkim,27.281159,88.67073,2024-04-30,2024,4,2.8888,0
NEG_003737,pseudo_negative,Sikkim,27.284172,88.947349,2022-09-10,2022,9,11.4604,0
NEG_003738,pseudo_negative,Sikkim,27.367571,87.953046,2013-11-19,2013,11,14.9148,0
NEG_003739,pseudo_negative,Sikkim,27.330247,88.067346,2018-07-31,2018,7,4.124,0
NEG_003740,pseudo_negative,Sikkim,27.344478,88.284546,2026-06-19,2026,6,1.3798,0
NEG_003741,pseudo_negative,Sikkim,27.350553,88.533268,2006-04-26,2006,4,2.4159,0
NEG_003742,pseudo_negative,Sikkim,27.394113,88.670243,2012-05-30,2012,5,2.4507,0
NEG_003743,pseudo_negative,Sikkim,27.331907,88.785689,2008-12-29,2008,12,3.637,0
NEG_003744,pseudo_negative,Sikkim,27.342833,88.897083,2005-08-06,2005,8,5.8852,0
NEG_003745,pseudo_negative,Sikkim,27.507409,88.041648,2022-11-11,2022,11,22.7448,0
NEG_003746,pseudo_negative,Sikkim,27.424344,88.12989,2018-07-18,2018,7,10.8222,0
NEG_003747,pseudo_negative,Sikkim,27.498201,88.271473,2017-05-03,2017,5,11.9426,0
NEG_003748,pseudo_negative,Sikkim,27.47206,88.409161,2011-06-16,2011,6,9.5053,0
NEG_003749,pseudo_negative,Sikkim,27.468,88.643211,2019-05-15,2019,5,4.3818,0
NEG_003750,pseudo_negative,Sikkim,27.442419,88.709801,2010-05-22,2010,5,6.6052,0
NEG_003751,pseudo_negative,Sikkim,27.44499,88.954734,2019-07-12,2019,7,14.692,0
NEG_003752,pseudo_negative,Sikkim,27.57102,87.97712,2014-10-01,2014,10,32.0797,0
NEG_003753,pseudo_negative,Sikkim,27.581062,88.158561,2019-01-30,2019,1,25.2775,0
NEG_003754,pseudo_negative,Sikkim,27.60445,88.209166,2015-10-15,2015,10,25.1541,0
NEG_003755,pseudo_negative,Sikkim,27.534531,88.446608,2007-06-18,2007,6,5.0653,0
NEG_003756,pseudo_negative,Sikkim,27.528509,88.522398,2005-05-16,2005,5,2.1117,0
NEG_003757,pseudo_negative,Sikkim,27.583065,88.576457,2012-06-30,2012,6,2.9071,0
NEG_003758,pseudo_negative,Sikkim,27.581881,88.801337,2005-11-22,2005,11,10.7345,0
NEG_003759,pseudo_negative,Sikkim,27.635298,88.852659,2024-08-13,2024,8,12.5545,0
NEG_003760,pseudo_negative,Sikkim,27.647311,88.031279,2007-11-01,2007,11,37.144,0
NEG_003761,pseudo_negative,Sikkim,27.725293,88.138967,2010-12-14,2010,12,40.2342,0
NEG_003762,pseudo_negative,Sikkim,27.727418,88.296561,2019-04-25,2019,4,29.1529,0
NEG_003763,pseudo_negative,Sikkim,27.64843,88.346192,2026-08-21,2026,8,19.5419,0
NEG_003764,pseudo_negative,Sikkim,27.679764,88.571407,2026-09-03,2026,9,1.9353,0
NEG_003765,pseudo_negative,Sikkim,27.697803,88.627987,2020-08-01,2020,8,3.8325,0
NEG_003766,pseudo_negative,Sikkim,27.73148,88.74222,2015-08-17,2015,8,5.0255,0
NEG_003767,pseudo_negative,Sikkim,27.684686,88.906773,2016-10-14,2016,10,16.5454,0
NEG_003768,pseudo_negative,Sikkim,27.841179,87.954316,2018-06-24,2018,6,60.5193,0
NEG_003769,pseudo_negative,Sikkim,27.866324,88.143774,2005-08-01,2005,8,50.7007,0
NEG_003770,pseudo_negative,Sikkim,27.773087,88.305442,2021-08-30,2021,8,23.5236,0
NEG_003771,pseudo_negative,Sikkim,27.819673,88.397424,2005-05-14,2005,5,16.3271,0
NEG_003772,pseudo_negative,Sikkim,27.865545,88.489702,2019-05-10,2019,5,13.9668,0
NEG_003773,pseudo_negative,Sikkim,27.872909,88.694453,2020-05-11,2020,5,20.2843,0
NEG_003774,pseudo_negative,Sikkim,27.851241,88.755375,2017-11-30,2017,11,18.4036,0
NEG_003775,pseudo_negative,Sikkim,27.845921,88.840063,2007-12-22,2007,12,20.3481,0
NEG_003776,pseudo_negative,Sikkim,26.990261,88.052171,2007-11-13,2007,11,5.2225,0
NEG_003777,pseudo_negative,Sikkim,27.022733,88.079448,2014-05-15,2014,5,1.398,0
NEG_003778,pseudo_negative,Sikkim,26.958592,88.532296,2024-08-30,2024,8,1.0465,0
NEG_003779,pseudo_negative,Sikkim,27.021372,88.801018,2010-07-01,2010,7,1.7331,0
NEG_003780,pseudo_negative,Sikkim,26.980411,88.933246,2016-08-22,2016,8,8.9433,0
NEG_003781,pseudo_negative,Sikkim,27.170781,87.951571,2021-05-30,2021,5,13.3341,0
NEG_003782,pseudo_negative,Sikkim,27.068923,88.637127,2005-06-05,2005,6,1.3697,0
NEG_003783,pseudo_negative,Sikkim,27.160224,88.822135,2020-01-26,2020,1,5.0198,0
NEG_003784,pseudo_negative,Sikkim,27.128666,88.849801,2009-07-12,2009,7,3.0509,0
NEG_003785,pseudo_negative,Sikkim,27.287946,88.020719,2024-08-09,2024,8,5.9031,0
NEG_003786,pseudo_negative,Sikkim,27.273239,88.221635,2024-11-05,2024,11,1.0515,0
NEG_003787,pseudo_negative,Sikkim,27.178923,88.415067,2021-08-03,2021,8,1.2495,0
NEG_003788,pseudo_negative,Sikkim,27.274005,88.661787,2014-05-12,2014,5,1.8924,0
NEG_003789,pseudo_negative,Sikkim,27.252351,88.764812,2015-11-03,2015,11,1.9669,0
NEG_003790,pseudo_negative,Sikkim,27.215134,88.828922,2007-07-28,2007,7,6.0118,0
NEG_003791,pseudo_negative,Sikkim,27.379478,87.959667,2020-08-13,2020,8,15.1532,0
NEG_003792,pseudo_negative,Sikkim,27.295902,88.356794,2015-08-08,2015,8,1.5812,0
NEG_003793,pseudo_negative,Sikkim,27.360555,88.470493,2020-05-18,2020,5,1.6946,0
NEG_003794,pseudo_negative,Sikkim,27.343849,88.687555,2010-08-23,2010,8,2.8585,0
NEG_003795,pseudo_negative,Sikkim,27.327165,88.717553,2007-07-24,2007,7,4.6057,0
NEG_003796,pseudo_negative,Sikkim,27.3667,88.9524,2018-09-11,2018,9,11.1175,0
NEG_003797,pseudo_negative,Sikkim,27.475155,87.970149,2009-08-02,2009,8,22.7883,0
NEG_003798,pseudo_negative,Sikkim,27.44488,88.155463,2006-07-22,2006,7,11.5959,0
NEG_003799,pseudo_negative,Sikkim,27.472542,88.273623,2013-10-15,2013,10,9.1742,0
NEG_003800,pseudo_negative,Sikkim,27.419199,88.445364,2016-05-02,2016,5,5.6108,0
NEG_003801,pseudo_negative,Sikkim,27.492457,88.458708,2020-05-09,2020,5,6.142,0
NEG_003802,pseudo_negative,Sikkim,27.494225,88.648305,2025-07-02,2025,7,5.4493,0
NEG_003803,pseudo_negative,Sikkim,27.434557,88.824551,2012-08-04,2012,8,5.8623,0
NEG_003804,pseudo_negative,Sikkim,27.466223,88.902014,2019-06-29,2019,6,12.9767,0
NEG_003805,pseudo_negative,Sikkim,27.612991,87.99708,2020-06-20,2020,6,35.5143,0
NEG_003806,pseudo_negative,Sikkim,27.55256,88.077813,2021-11-04,2021,11,25.6705,0
NEG_003807,pseudo_negative,Sikkim,27.617589,88.225197,2026-08-17,2026,8,25.9762,0
NEG_003808,pseudo_negative,Sikkim,27.567089,88.376856,2018-05-23,2018,5,12.4515,0
NEG_003809,pseudo_negative,Sikkim,27.587224,88.474588,2020-08-01,2020,8,6.2134,0
NEG_003810,pseudo_negative,Sikkim,27.608183,88.701199,2021-08-06,2021,8,2.4281,0
NEG_003811,pseudo_negative,Sikkim,27.636067,88.783545,2019-12-30,2019,12,6.6237,0
NEG_003812,pseudo_negative,Sikkim,27.619114,88.955468,2021-07-20,2021,7,22.6183,0
NEG_003813,pseudo_negative,Sikkim,27.7484,88.045748,2024-06-04,2024,6,46.9294,0
NEG_003814,pseudo_negative,Sikkim,27.67229,88.175741,2020-06-07,2020,6,33.3839,0
NEG_003815,pseudo_negative,Sikkim,27.702195,88.203769,2006-07-30,2006,7,34.416,0
NEG_003816,pseudo_negative,Sikkim,27.664156,88.355387,2009-08-25,2009,8,20.0651,0
NEG_003817,pseudo_negative,Sikkim,27.695921,88.490009,2008-09-28,2008,9,6.7014,0
NEG_003818,pseudo_negative,Sikkim,27.725286,88.631435,2019-08-31,2019,8,6.3659,0
NEG_003819,pseudo_negative,Sikkim,27.691171,88.823644,2011-08-28,2011,8,8.3757,0
NEG_003820,pseudo_negative,Sikkim,27.730949,88.882412,2020-05-16,2020,5,14.9855,0
NEG_003821,pseudo_negative,Sikkim,27.826916,87.987238,2020-11-11,2020,11,57.3866,0
NEG_003822,pseudo_negative,Sikkim,27.777031,88.172531,2012-04-09,2012,4,41.8293,0
NEG_003823,pseudo_negative,Sikkim,27.762629,88.248575,2009-06-14,2009,6,35.2451,0
NEG_003824,pseudo_negative,Sikkim,27.835417,88.382611,2007-06-03,2007,6,18.4643,0
NEG_003825,pseudo_negative,Sikkim,27.769754,88.45591,2024-08-07,2024,8,8.8689,0
NEG_003826,pseudo_negative,Sikkim,27.838571,88.684151,2011-07-24,2011,7,17.0825,0
NEG_003827,pseudo_negative,Sikkim,27.794157,88.70248,2008-06-20,2008,6,12.5036,0
NEG_003828,pseudo_negative,Sikkim,27.786915,88.952364,2005-04-06,2005,4,23.8104,0
NEG_003829,pseudo_negative,Sikkim,27.057,87.979127,2005-05-13,2005,5,9.0003,0
NEG_003830,pseudo_negative,Sikkim,26.993826,88.190584,2024-07-22,2024,7,1.9465,0
NEG_003831,pseudo_negative,Sikkim,26.982636,88.240563,2015-05-19,2015,5,2.3565,0
NEG_003832,pseudo_negative,Sikkim,27.044492,88.642171,2025-11-24,2025,11,1.9387,0
NEG_003833,pseudo_negative,Sikkim,26.949723,88.754041,2005-12-07,2005,12,2.6498,0
NEG_003834,pseudo_negative,Sikkim,27.054703,88.930454,2017-11-09,2017,11,5.2511,0
NEG_003835,pseudo_negative,Sikkim,27.066251,87.964156,2009-09-19,2009,9,10.6626,0
NEG_003836,pseudo_negative,Sikkim,27.163755,88.729075,2011-11-06,2011,11,3.7785,0
NEG_003837,pseudo_negative,Sikkim,27.126682,88.87507,2026-12-07,2026,12,2.9951,0
NEG_003838,pseudo_negative,Sikkim,27.262024,87.967944,2026-05-03,2026,5,10.8257,0
NEG_003839,pseudo_negative,Sikkim,27.207409,88.081299,2020-05-08,2020,5,3.8807,0
NEG_003840,pseudo_negative,Sikkim,27.208134,88.560505,2012-11-28,2012,11,2.0542,0
NEG_003841,pseudo_negative,Sikkim,27.188628,88.838003,2013-09-19,2013,9,8.3963,0
NEG_003842,pseudo_negative,Sikkim,27.324547,88.058766,2026-05-25,2026,5,3.9056,0
NEG_003843,pseudo_negative,Sikkim,27.34174,88.075833,2009-08-29,2009,8,5.2255,0
NEG_003844,pseudo_negative,Sikkim,27.37409,88.28075,2005-11-09,2005,11,2.625,0
NEG_003845,pseudo_negative,Sikkim,27.401456,88.414865,2015-05-15,2015,5,5.1603,0
NEG_003846,pseudo_negative,Sikkim,27.297836,88.465456,2016-09-18,2016,9,2.1975,0
NEG_003847,pseudo_negative,Sikkim,27.404432,88.597089,2008-05-09,2008,5,1.8658,0
NEG_003848,pseudo_negative,Sikkim,27.409133,88.800847,2018-07-15,2018,7,2.9269,0
NEG_003849,pseudo_negative,Sikkim,27.359682,88.860931,2026-06-06,2026,6,2.0516,0
NEG_003850,pseudo_negative,Sikkim,27.439034,88.011048,2018-08-10,2018,8,17.4124,0
NEG_003851,pseudo_negative,Sikkim,27.476196,88.13475,2016-06-29,2016,6,15.59,0
NEG_003852,pseudo_negative,Sikkim,27.483996,88.194116,2020-07-23,2020,7,13.9292,0
NEG_003853,pseudo_negative,Sikkim,27.434543,88.321209,2016-08-22,2016,8,3.9411,0
NEG_003854,pseudo_negative,Sikkim,27.487487,88.503442,2018-07-20,2018,7,2.5553,0
NEG_003855,pseudo_negative,Sikkim,27.438077,88.64067,2019-09-16,2019,9,2.6357,0
NEG_003856,pseudo_negative,Sikkim,27.46062,88.757085,2008-11-30,2008,11,9.2424,0
NEG_003857,pseudo_negative,Sikkim,27.43847,88.944174,2025-10-05,2025,10,13.4265,0
NEG_003858,pseudo_negative,Sikkim,27.547486,87.994305,2007-05-31,2007,5,28.9624,0
NEG_003859,pseudo_negative,Sikkim,27.623535,88.129987,2008-11-04,2008,11,30.7787,0
NEG_003860,pseudo_negative,Sikkim,27.589875,88.30587,2017-04-27,2017,4,19.884,0
NEG_003861,pseudo_negative,Sikkim,27.55693,88.363776,2013-05-17,2013,5,13.4466,0
NEG_003862,pseudo_negative,Sikkim,27.571309,88.55131,2025-08-06,2025,8,3.1844,0
NEG_003863,pseudo_negative,Sikkim,27.579576,88.583807,2005-05-06,2005,5,2.5441,0
NEG_003864,pseudo_negative,Sikkim,27.598041,88.712824,2016-09-25,2016,9,3.8918,0
NEG_003865,pseudo_negative,Sikkim,27.535524,88.94137,2024-05-30,2024,5,21.3585,0
NEG_003866,pseudo_negative,Sikkim,27.752188,87.975759,2013-05-21,2013,5,50.2074,0
NEG_003867,pseudo_negative,Sikkim,27.736795,88.174047,2019-12-31,2019,12,38.9878,0
NEG_003868,pseudo_negative,Sikkim,27.650883,88.27761,2008-05-09,2008,5,25.2325,0
NEG_003869,pseudo_negative,Sikkim,27.659333,88.439859,2018-05-22,2018,5,12.9065,0
NEG_003870,pseudo_negative,Sikkim,27.756115,88.550444,2013-07-10,2013,7,1.071,0
NEG_003871,pseudo_negative,Sikkim,27.726266,88.660628,2022-07-15,2022,7,8.3277,0
NEG_003872,pseudo_negative,Sikkim,27.647101,88.765277,2016-05-11,2016,5,4.4737,0
NEG_003873,pseudo_negative,Sikkim,27.67333,88.911007,2017-07-14,2017,7,17.0241,0
NEG_003874,pseudo_negative,Sikkim,27.776383,88.062361,2010-06-07,2010,6,48.7287,0
NEG_003875,pseudo_negative,Sikkim,27.779976,88.156436,2024-07-14,2024,7,43.2609,0
NEG_003876,pseudo_negative,Sikkim,27.859318,88.290493,2008-07-17,2008,7,27.6922,0
NEG_003877,pseudo_negative,Sikkim,27.869143,88.4424,2023-08-22,2023,8,16.6127,0
NEG_003878,pseudo_negative,Sikkim,27.862098,88.570304,2014-12-03,2014,12,12.848,0
NEG_003879,pseudo_negative,Sikkim,27.839384,88.650058,2006-06-13,2006,6,14.5505,0
NEG_003880,pseudo_negative,Sikkim,27.851107,88.784795,2009-08-07,2009,8,18.8678,0
NEG_003881,pseudo_negative,Sikkim,27.774295,88.891708,2007-08-19,2007,8,17.9497,0
NEG_003882,pseudo_negative,Sikkim,26.963844,87.952425,2006-08-09,2006,8,14.5176,0
NEG_003883,pseudo_negative,Sikkim,27.019027,88.833739,2009-09-13,2009,9,2.2186,0
NEG_003884,pseudo_negative,Sikkim,27.178576,87.987287,2006-07-01,2006,7,9.8382,0
NEG_003885,pseudo_negative,Sikkim,27.145288,88.245421,2014-06-23,2014,6,1.944,0
NEG_003886,pseudo_negative,Sikkim,27.099689,88.706476,2026-07-13,2026,7,2.1453,0
NEG_003887,pseudo_negative,Sikkim,27.109935,88.863862,2013-08-12,2013,8,1.2311,0
NEG_003888,pseudo_negative,Sikkim,27.281961,88.022742,2014-09-20,2014,9,5.5377,0
NEG_003889,pseudo_negative,Sikkim,27.19784,88.105413,2012-06-02,2012,6,2.9733,0
NEG_003890,pseudo_negative,Sikkim,27.278311,88.331903,2007-06-14,2007,6,2.3775,0
NEG_003891,pseudo_negative,Sikkim,27.254158,88.637058,2025-11-26,2025,11,1.4304,0
NEG_003892,pseudo_negative,Sikkim,27.234535,88.826331,2005-05-03,2005,5,4.5022,0
NEG_003893,pseudo_negative,Sikkim,27.226984,88.9026,2023-07-17,2023,7,10.9177,0
NEG_003894,pseudo_negative,Sikkim,27.398383,87.975518,2025-07-26,2025,7,15.4536,0
NEG_003895,pseudo_negative,Sikkim,27.351377,88.105199,2017-06-10,2017,6,5.3289,0
NEG_003896,pseudo_negative,Sikkim,27.383006,88.254611,2009-08-05,2009,8,2.6568,0
NEG_003897,pseudo_negative,Sikkim,27.355886,88.530977,2015-08-15,2015,8,2.0527,0
NEG_003898,pseudo_negative,Sikkim,27.40886,88.793162,2023-07-19,2023,7,3.1854,0
NEG_003899,pseudo_negative,Sikkim,27.376972,88.844739,2022-05-11,2022,5,1.6722,0
NEG_003900,pseudo_negative,Sikkim,27.425002,87.943002,2011-05-24,2011,5,19.8045,0
NEG_003901,pseudo_negative,Sikkim,27.506787,88.181981,2014-08-06,2014,8,16.7121,0
NEG_003902,pseudo_negative,Sikkim,27.463727,88.310733,2026-06-15,2026,6,7.3362,0
NEG_003903,pseudo_negative,Sikkim,27.444527,88.435694,2008-09-07,2008,9,7.7069,0
NEG_003904,pseudo_negative,Sikkim,27.462657,88.58811,2005-05-04,2005,5,2.9679,0
NEG_003905,pseudo_negative,Sikkim,27.499216,88.794251,2016-07-07,2016,7,12.9181,0
NEG_003906,pseudo_negative,Sikkim,27.421638,88.91951,2010-11-24,2010,11,10.3583,0
NEG_003907,pseudo_negative,Sikkim,27.628859,87.983174,2012-11-08,2012,11,37.7429,0
NEG_003908,pseudo_negative,Sikkim,27.543163,88.074732,2018-08-10,2018,8,24.8919,0
NEG_003909,pseudo_negative,Sikkim,27.606669,88.319375,2020-05-12,2020,5,19.3085,0
NEG_003910,pseudo_negative,Sikkim,27.570063,88.420292,2018-11-07,2018,11,8.5766,0
NEG_003911,pseudo_negative,Sikkim,27.585626,88.547313,2013-07-26,2013,7,4.4782,0
NEG_003912,pseudo_negative,Sikkim,27.620192,88.806302,2011-05-18,2011,5,9.4733,0
NEG_003913,pseudo_negative,Sikkim,27.638646,88.94883,2012-11-19,2012,11,21.36,0
NEG_003914,pseudo_negative,Sikkim,27.700342,87.987945,2014-05-15,2014,5,44.6886,0
NEG_003915,pseudo_negative,Sikkim,27.705709,88.151751,2014-05-04,2014,5,37.7324,0
NEG_003916,pseudo_negative,Sikkim,27.725642,88.294822,2008-05-31,2008,5,29.1261,0
NEG_003917,pseudo_negative,Sikkim,27.739573,88.342859,2026-08-05,2026,8,19.722,0
NEG_003918,pseudo_negative,Sikkim,27.693748,88.548681,2026-05-09,2026,5,1.6664,0
NEG_003919,pseudo_negative,Sikkim,27.705672,88.589468,2024-05-09,2024,5,2.1166,0
NEG_003920,pseudo_negative,Sikkim,27.679172,88.79889,2017-08-04,2017,8,5.976,0
NEG_003921,pseudo_negative,Sikkim,27.709838,88.896944,2006-08-16,2006,8,15.7914,0
NEG_003922,pseudo_negative,Sikkim,27.856621,87.960856,2010-05-26,2010,5,61.5728,0
NEG_003923,pseudo_negative,Sikkim,27.813794,88.13211,2025-05-07,2025,5,47.5053,0
NEG_003924,pseudo_negative,Sikkim,27.76662,88.198834,2022-05-18,2022,5,39.1091,0
NEG_003925,pseudo_negative,Tripura,23.28645,91.500169,2008-05-10,2008,5,3.9883,0
NEG_003926,pseudo_negative,Tripura,23.195123,91.838381,2021-05-13,2021,5,35.2683,0
NEG_003927,pseudo_negative,Tripura,23.326717,92.05113,2023-11-11,2023,11,36.3795,0
NEG_003928,pseudo_negative,Tripura,23.313613,92.394337,2015-07-10,2015,7,11.2512,0
NEG_003929,pseudo_negative,Tripura,23.151569,92.732143,2017-08-08,2017,8,1.3622,0
NEG_003930,pseudo_negative,Tripura,23.275279,93.245403,2010-05-27,2010,5,1.3655,0
NEG_003931,pseudo_negative,Tripura,23.149793,93.438932,2022-04-08,2022,4,7.3758,0
NEG_003932,pseudo_negative,Tripura,23.274113,93.723265,2016-07-03,2016,7,36.3808,0
NEG_003933,pseudo_negative,Tripura,23.553846,91.424303,2006-07-05,2006,7,28.6384,0
NEG_003934,pseudo_negative,Tripura,23.536572,91.553619,2018-08-20,2018,8,23.0349,0
NEG_003935,pseudo_negative,Tripura,23.491329,91.930832,2006-06-28,2006,6,20.9382,0
NEG_003936,pseudo_negative,Tripura,23.342066,92.251984,2009-05-15,2009,5,25.4381,0
NEG_003937,pseudo_negative,Tripura,23.508615,92.865548,2012-09-01,2012,9,1.5611,0
NEG_003938,pseudo_negative,Tripura,23.554761,92.922183,2011-12-23,2011,12,4.8122,0
NEG_003939,pseudo_negative,Tripura,23.512635,93.429868,2022-08-28,2022,8,5.7002,0
NEG_003940,pseudo_negative,Tripura,23.397149,93.677331,2014-06-16,2014,6,29.7593,0
NEG_003941,pseudo_negative,Tripura,23.634456,91.251994,2013-08-27,2013,8,18.8285,0
NEG_003942,pseudo_negative,Tripura,23.63488,91.616753,2021-05-04,2021,5,10.5283,0
NEG_003943,pseudo_negative,Tripura,23.702194,91.916599,2009-05-30,2009,5,9.8844,0
NEG_003944,pseudo_negative,Tripura,23.564967,92.51774,2018-06-12,2018,6,4.8978,0
NEG_003945,pseudo_negative,Tripura,23.586206,92.794849,2026-09-11,2026,9,2.1296,0
NEG_003946,pseudo_negative,Tripura,23.70337,93.214592,2012-09-19,2012,9,2.1607,0
NEG_003947,pseudo_negative,Tripura,23.718455,93.415148,2006-08-22,2006,8,4.639,0
NEG_003948,pseudo_negative,Tripura,23.560596,93.84059,2019-07-09,2019,7,46.8656,0
NEG_003949,pseudo_negative,Tripura,23.813375,91.198677,2020-05-01,2020,5,7.5709,0
NEG_003950,pseudo_negative,Tripura,23.79245,91.580519,2022-06-17,2022,6,2.753,0
NEG_003951,pseudo_negative,Tripura,24.012328,92.157493,2013-07-05,2013,7,5.9367,0
NEG_003952,pseudo_negative,Tripura,23.886519,92.347979,2010-08-16,2010,8,2.956,0
NEG_003953,pseudo_negative,Tripura,23.949238,93.01137,2022-11-26,2022,11,1.4752,0
NEG_003954,pseudo_negative,Tripura,23.855344,93.526012,2011-07-26,2011,7,14.0739,0
NEG_003955,pseudo_negative,Tripura,23.807978,93.870722,2005-05-13,2005,5,19.7369,0
NEG_003956,pseudo_negative,Tripura,24.160134,91.341145,2007-11-03,2007,11,19.908,0
NEG_003957,pseudo_negative,Tripura,24.072721,91.710821,2008-05-21,2008,5,12.1881,0
NEG_003958,pseudo_negative,Tripura,24.185938,92.102282,2010-07-16,2010,7,12.8005,0
NEG_003959,pseudo_negative,Tripura,24.235226,92.536867,2020-06-04,2020,6,5.3779,0
NEG_003960,pseudo_negative,Tripura,24.13499,92.884187,2007-06-25,2007,6,4.2199,0
NEG_003961,pseudo_negative,Tripura,24.219531,93.041891,2009-08-09,2009,8,2.3875,0
NEG_003962,pseudo_negative,Tripura,24.098177,93.470156,2005-09-13,2005,9,3.036,0
NEG_003963,pseudo_negative,Tripura,24.235115,93.693161,2015-08-16,2015,8,3.7475,0
NEG_003964,pseudo_negative,Tripura,24.281845,91.4647,2021-05-19,2021,5,30.0001,0
NEG_003965,pseudo_negative,Tripura,24.444252,91.681817,2017-05-06,2017,5,31.6157,0
NEG_003966,pseudo_negative,Tripura,24.425322,92.201213,2022-05-12,2022,5,4.2545,0
NEG_003967,pseudo_negative,Tripura,24.268642,92.448608,2025-07-12,2025,7,5.2117,0
NEG_003968,pseudo_negative,Tripura,24.322699,92.727771,2015-07-20,2015,7,1.131,0
NEG_003969,pseudo_negative,Tripura,24.283154,93.08083,2026-07-15,2026,7,2.9774,0
NEG_003970,pseudo_negative,Tripura,24.270895,93.308769,2024-05-17,2024,5,4.4726,0
NEG_003971,pseudo_negative,Tripura,24.389515,93.728421,2011-08-07,2011,8,2.3316,0
NEG_003972,pseudo_negative,Tripura,24.564547,91.245003,2019-07-26,2019,7,68.6506,0
NEG_003973,pseudo_negative,Tripura,24.683807,91.601516,2015-09-27,2015,9,53.357,0
NEG_003974,pseudo_negative,Tripura,24.498186,92.062146,2011-07-21,2011,7,10.9852,0
NEG_003975,pseudo_negative,Tripura,24.563712,92.548206,2025-11-22,2025,11,5.1978,0
NEG_003976,pseudo_negative,Tripura,24.668054,92.848788,2021-08-23,2021,8,5.4167,0
NEG_003977,pseudo_negative,Tripura,24.677352,93.122863,2021-07-03,2021,7,1.3326,0
NEG_003978,pseudo_negative,Tripura,24.622387,93.791373,2017-07-07,2017,7,7.102,0
NEG_003979,pseudo_negative,Tripura,24.781626,91.423218,2015-07-19,2015,7,42.6452,0
NEG_003980,pseudo_negative,Tripura,24.761079,91.715907,2025-10-15,2025,10,45.4515,0
NEG_003981,pseudo_negative,Tripura,24.907899,92.140474,2008-05-10,2008,5,27.0321,0
NEG_003982,pseudo_negative,Tripura,24.914993,92.564786,2006-08-04,2006,8,9.0646,0
NEG_003983,pseudo_negative,Tripura,24.800531,92.618655,2020-11-30,2020,11,6.45,0
NEG_003984,pseudo_negative,Tripura,24.928099,92.961259,2012-11-15,2012,11,3.7245,0
NEG_003985,pseudo_negative,Tripura,24.857743,93.405514,2018-05-17,2018,5,3.5976,0
NEG_003986,pseudo_negative,Tripura,23.102029,91.245812,2019-07-17,2019,7,29.1899,0
NEG_003987,pseudo_negative,Tripura,23.179961,91.544564,2020-05-24,2020,5,7.4749,0
NEG_003988,pseudo_negative,Tripura,23.248892,92.0716,2005-08-14,2005,8,41.7246,0
NEG_003989,pseudo_negative,Tripura,23.260439,92.420304,2017-07-18,2017,7,6.2081,0
NEG_003990,pseudo_negative,Tripura,23.204841,93.062841,2024-08-07,2024,8,2.4215,0
NEG_003991,pseudo_negative,Tripura,23.131814,93.5687,2011-05-20,2011,5,20.4746,0
NEG_003992,pseudo_negative,Tripura,23.252192,93.724553,2017-11-28,2017,11,37.3394,0
NEG_003993,pseudo_negative,Tripura,23.523804,91.386204,2013-08-29,2013,8,33.7019,0
NEG_003994,pseudo_negative,Tripura,23.530487,91.590038,2024-08-29,2024,8,22.4434,0
NEG_003995,pseudo_negative,Tripura,23.399626,92.222587,2025-11-21,2025,11,31.1071,0
NEG_003996,pseudo_negative,Tripura,23.331504,92.413452,2017-03-23,2017,3,11.3283,0
NEG_003997,pseudo_negative,Tripura,23.504727,92.791761,2014-08-09,2014,8,2.4307,0
NEG_003998,pseudo_negative,Tripura,23.36018,93.19536,2018-07-27,2018,7,3.1507,0
NEG_003999,pseudo_negative,Tripura,23.446347,93.394311,2019-10-11,2019,10,3.4184,0
NEG_004000,pseudo_negative,Tripura,23.399991,93.738781,2021-08-10,2021,8,36.0311,0
NEG_004001,pseudo_negative,Tripura,23.745384,91.247317,2019-05-08,2019,5,6.8648,0
NEG_004002,pseudo_negative,Tripura,23.595717,91.674995,2005-07-25,2005,7,14.7668,0
NEG_004003,pseudo_negative,Tripura,23.571253,92.094296,2021-06-24,2021,6,10.9581,0
NEG_004004,pseudo_negative,Tripura,23.615129,92.486284,2016-09-01,2016,9,5.2854,0
NEG_004005,pseudo_negative,Tripura,23.743105,92.873176,2018-05-03,2018,5,1.7973,0
NEG_004006,pseudo_negative,Tripura,23.758779,93.075314,2011-07-13,2011,7,2.5165,0
NEG_004007,pseudo_negative,Tripura,23.572468,93.47749,2019-08-30,2019,8,10.0047,0
NEG_004008,pseudo_negative,Tripura,23.665364,93.930852,2015-05-22,2015,5,33.93,0
NEG_004009,pseudo_negative,Tripura,23.941229,91.2113,2025-08-10,2025,8,16.5722,0
NEG_004010,pseudo_negative,Tripura,23.837238,91.548093,2021-05-20,2021,5,4.8117,0
NEG_004011,pseudo_negative,Tripura,23.909859,91.969029,2017-11-21,2017,11,9.241,0
NEG_004012,pseudo_negative,Tripura,23.869676,92.982742,2016-08-03,2016,8,4.6245,0
NEG_004013,pseudo_negative,Tripura,23.969508,93.599032,2008-07-29,2008,7,5.1165,0
NEG_004014,pseudo_negative,Tripura,23.818422,93.603804,2007-10-17,2007,10,18.7809,0
NEG_004015,pseudo_negative,Tripura,24.07804,91.259228,2009-11-14,2009,11,20.8742,0
NEG_004016,pseudo_negative,Tripura,24.120093,91.783703,2010-06-14,2010,6,5.7711,0
NEG_004017,pseudo_negative,Tripura,24.117631,92.143624,2024-07-24,2024,7,9.4891,0
NEG_004018,pseudo_negative,Tripura,24.077974,92.271227,2017-05-01,2017,5,1.4084,0
NEG_004019,pseudo_negative,Tripura,24.054413,92.805009,2011-08-26,2011,8,2.4879,0
NEG_004020,pseudo_negative,Tripura,24.182236,93.253971,2017-05-30,2017,5,3.9717,0
NEG_004021,pseudo_negative,Tripura,24.049938,93.308691,2022-05-28,2022,5,1.8909,0
NEG_004022,pseudo_negative,Tripura,24.094571,93.782664,2005-08-20,2005,8,7.6978,0
NEG_004023,pseudo_negative,Tripura,24.425529,91.387527,2022-05-27,2022,5,47.7655,0
NEG_004024,pseudo_negative,Tripura,24.442132,91.738025,2016-11-07,2016,11,30.3217,0
NEG_004025,pseudo_negative,Tripura,24.460615,92.170239,2018-06-28,2018,6,3.2395,0
NEG_004026,pseudo_negative,Tripura,24.2977,92.286294,2011-09-27,2011,9,6.1486,0
NEG_004027,pseudo_negative,Tripura,24.470044,92.8595,2014-05-20,2014,5,6.0444,0
NEG_004028,pseudo_negative,Tripura,24.283293,93.074776,2011-05-24,2011,5,3.589,0
NEG_004029,pseudo_negative,Tripura,24.455074,93.491284,2020-11-10,2020,11,9.2246,0
NEG_004030,pseudo_negative,Tripura,24.382558,93.852471,2013-06-12,2013,6,4.3507,0
NEG_004031,pseudo_negative,Tripura,24.477294,91.375897,2026-11-23,2026,11,52.2709,0
NEG_004032,pseudo_negative,Tripura,24.67858,91.564891,2005-05-31,2005,5,53.5303,0
NEG_004033,pseudo_negative,Tripura,24.483815,92.136922,2006-11-28,2006,11,3.4427,0
NEG_004034,pseudo_negative,Tripura,24.663191,92.293867,2010-05-05,2010,5,4.7975,0
NEG_004035,pseudo_negative,Tripura,24.607582,92.735234,2009-07-04,2009,7,2.5389,0
NEG_004036,pseudo_negative,Tripura,24.60423,93.160568,2013-06-13,2013,6,1.996,0
NEG_004037,pseudo_negative,Tripura,24.626738,93.491433,2022-04-09,2022,4,3.226,0
NEG_004038,pseudo_negative,Tripura,24.690814,93.860088,2018-07-07,2018,7,8.1557,0
NEG_004039,pseudo_negative,Tripura,24.839388,91.234118,2008-11-06,2008,11,44.009,0
NEG_004040,pseudo_negative,Tripura,24.819494,91.600842,2025-07-25,2025,7,38.4742,0
NEG_004041,pseudo_negative,Tripura,24.849334,91.981543,2011-05-02,2011,5,34.9706,0
NEG_004042,pseudo_negative,Tripura,24.925908,92.437976,2006-04-25,2006,4,7.229,0
NEG_004043,pseudo_negative,Tripura,24.878408,92.734453,2025-06-20,2025,6,7.6974,0
NEG_004044,pseudo_negative,Tripura,24.84532,92.923991,2014-09-02,2014,9,12.6664,0
NEG_004045,pseudo_negative,Tripura,24.912045,93.691516,2007-09-18,2007,9,2.9224,0
NEG_004046,pseudo_negative,Tripura,23.27208,91.206802,2025-07-18,2025,7,28.8355,0
NEG_004047,pseudo_negative,Tripura,23.1815,91.794322,2008-05-30,2008,5,31.0233,0
NEG_004048,pseudo_negative,Tripura,23.134622,92.132037,2014-09-14,2014,9,36.6415,0
NEG_004049,pseudo_negative,Tripura,23.133673,92.237058,2010-12-22,2010,12,26.072,0
NEG_004050,pseudo_negative,Tripura,23.123083,92.865036,2007-04-12,2007,4,2.7448,0
NEG_004051,pseudo_negative,Tripura,23.260065,93.354996,2018-05-15,2018,5,1.7865,0
NEG_004052,pseudo_negative,Tripura,23.290889,93.918651,2019-07-13,2019,7,55.3119,0
NEG_004053,pseudo_negative,Tripura,23.555099,91.239669,2006-07-26,2006,7,27.7384,0
NEG_004054,pseudo_negative,Tripura,23.531769,91.635601,2013-06-09,2013,6,21.5973,0
NEG_004055,pseudo_negative,Tripura,23.334031,91.937621,2019-05-31,2019,5,36.8951,0
NEG_004056,pseudo_negative,Tripura,23.334783,92.319212,2016-07-13,2016,7,18.9354,0
NEG_004057,pseudo_negative,Tripura,23.345916,92.839597,2020-05-26,2020,5,1.2178,0
NEG_004058,pseudo_negative,Tripura,23.512932,93.036132,2018-11-13,2018,11,3.6294,0
NEG_004059,pseudo_negative,Tripura,23.441923,93.698742,2023-08-16,2023,8,32.32,0
NEG_004060,pseudo_negative,Tripura,23.580267,91.507358,2007-05-23,2007,5,21.4551,0
NEG_004061,pseudo_negative,Tripura,23.757918,91.790921,2022-07-10,2022,7,14.5648,0
NEG_004062,pseudo_negative,Tripura,23.755891,92.212369,2010-08-09,2010,8,4.4415,0
NEG_004063,pseudo_negative,Tripura,23.575245,92.74088,2021-01-28,2021,1,1.5347,0
NEG_004064,pseudo_negative,Tripura,23.659117,93.112809,2025-08-17,2025,8,2.6203,0
NEG_004065,pseudo_negative,Tripura,23.574055,93.526263,2024-09-09,2024,9,14.831,0
NEG_004066,pseudo_negative,Tripura,23.655056,93.614894,2020-09-29,2020,9,26.0089,0
NEG_004067,pseudo_negative,Tripura,23.867491,91.283695,2009-12-19,2009,12,6.2703,0
NEG_004068,pseudo_negative,Tripura,23.854298,91.861339,2022-08-11,2022,8,6.8225,0
NEG_004069,pseudo_negative,Tripura,23.875252,91.908419,2008-05-30,2008,5,5.773,0
NEG_004070,pseudo_negative,Tripura,24.004077,92.258897,2023-11-09,2023,11,3.0587,0
NEG_004071,pseudo_negative,Tripura,23.938596,92.632754,2024-05-19,2024,5,2.1123,0
NEG_004072,pseudo_negative,Tripura,23.988002,92.928881,2007-05-17,2007,5,1.9601,0
NEG_004073,pseudo_negative,Tripura,23.946944,93.578023,2008-06-25,2008,6,4.6496,0
NEG_004074,pseudo_negative,Tripura,23.84211,93.641779,2022-05-28,2022,5,17.948,0
NEG_004075,pseudo_negative,Tripura,24.160633,91.317165,2015-07-31,2015,7,21.4186,0
NEG_004076,pseudo_negative,Tripura,24.142317,91.850882,2015-08-31,2015,8,9.0508,0
NEG_004077,pseudo_negative,Tripura,24.198929,92.097628,2008-05-14,2008,5,12.5877,0
NEG_004078,pseudo_negative,Tripura,24.18098,92.464367,2018-05-04,2018,5,4.9724,0
NEG_004079,pseudo_negative,Tripura,24.184271,92.619065,2017-08-22,2017,8,1.5358,0
NEG_004080,pseudo_negative,Tripura,24.097592,93.000596,2022-06-12,2022,6,6.595,0
NEG_004081,pseudo_negative,Tripura,24.155642,93.511955,2025-04-26,2025,4,3.7207,0
NEG_004082,pseudo_negative,Tripura,24.182995,93.708263,2006-05-26,2006,5,8.9144,0
NEG_004083,pseudo_negative,Tripura,24.371699,91.379604,2022-11-10,2022,11,40.6277,0
NEG_004084,pseudo_negative,Tripura,24.270038,91.581896,2012-07-20,2012,7,21.776,0
NEG_004085,pseudo_negative,Tripura,24.30609,91.983873,2018-10-05,2018,10,16.8241,0
NEG_004086,pseudo_negative,Tripura,24.375897,92.307611,2025-11-12,2025,11,7.6626,0
NEG_004087,pseudo_negative,Tripura,24.448511,92.591321,2009-05-21,2009,5,3.3088,0
NEG_004088,pseudo_negative,Tripura,24.293828,93.209187,2010-05-28,2010,5,3.3339,0
NEG_004089,pseudo_negative,Tripura,24.445555,93.50667,2013-09-24,2013,9,8.4285,0
NEG_004090,pseudo_negative,Tripura,24.361643,93.926043,2016-07-07,2016,7,3.3725,0
NEG_004091,pseudo_negative,Tripura,24.547303,91.47383,2025-07-03,2025,7,51.3338,0
NEG_004092,pseudo_negative,Tripura,24.651406,91.642455,2013-05-08,2013,5,54.9165,0
NEG_004093,pseudo_negative,Tripura,24.637701,91.977853,2013-07-13,2013,7,25.4851,0
NEG_004094,pseudo_negative,Tripura,24.689686,92.49675,2013-11-06,2013,11,2.8298,0
NEG_004095,pseudo_negative,Tripura,24.66772,92.824038,2021-05-17,2021,5,5.3403,0
NEG_004096,pseudo_negative,Tripura,24.637224,93.090142,2016-02-09,2016,2,5.1625,0
NEG_004097,pseudo_negative,Tripura,24.527279,93.464402,2014-08-04,2014,8,6.9874,0
NEG_004098,pseudo_negative,Tripura,24.661977,93.709637,2020-05-03,2020,5,1.715,0
NEG_004099,pseudo_negative,Tripura,24.785145,91.470734,2020-10-20,2020,10,41.7694,0
NEG_004100,pseudo_negative,Tripura,24.930803,91.604671,2009-07-22,2009,7,26.5639,0
NEG_004101,pseudo_negative,Tripura,24.816168,91.991208,2024-08-11,2024,8,32.5511,0
NEG_004102,pseudo_negative,Tripura,24.845304,92.332967,2010-07-04,2010,7,14.1441,0
NEG_004103,pseudo_negative,Tripura,24.872443,92.75981,2007-05-01,2007,5,8.0901,0
NEG_004104,pseudo_negative,Tripura,24.881409,93.167312,2009-07-01,2009,7,8.4305,0
NEG_004105,pseudo_negative,Tripura,24.731842,93.81401,2017-06-29,2017,6,5.991,0
NEG_004106,pseudo_negative,Tripura,23.178589,91.200485,2008-11-02,2008,11,30.5279,0
NEG_004107,pseudo_negative,Tripura,23.324619,91.53689,2005-05-28,2005,5,9.4529,0
NEG_004108,pseudo_negative,Tripura,23.229848,92.112557,2009-07-12,2009,7,37.6095,0
NEG_004109,pseudo_negative,Tripura,23.244994,92.290088,2016-05-31,2016,5,19.4107,0
NEG_004110,pseudo_negative,Tripura,23.199589,93.048934,2010-04-09,2010,4,2.5631,0
NEG_004111,pseudo_negative,Tripura,23.161932,93.391298,2005-07-17,2005,7,3.7566,0
NEG_004112,pseudo_negative,Tripura,23.302545,93.913797,2026-11-10,2026,11,54.6041,0
NEG_004113,pseudo_negative,Tripura,23.528154,91.510041,2005-05-22,2005,5,25.9591,0
NEG_004114,pseudo_negative,Tripura,23.374901,91.847702,2005-11-16,2005,11,36.3341,0
NEG_004115,pseudo_negative,Tripura,23.495113,91.95229,2026-11-12,2026,11,19.5369,0
NEG_004116,pseudo_negative,Tripura,23.334707,92.469296,2025-05-31,2025,5,9.4822,0
NEG_004117,pseudo_negative,Tripura,23.523309,93.08607,2022-05-02,2022,5,1.2312,0
NEG_004118,pseudo_negative,Tripura,23.416255,93.366943,2016-09-07,2016,9,1.0356,0
NEG_004119,pseudo_negative,Tripura,23.336377,93.885578,2008-08-29,2008,8,51.2668,0
NEG_004120,pseudo_negative,Tripura,23.702164,91.242044,2012-06-18,2012,6,11.6001,0
NEG_004121,pseudo_negative,Tripura,23.611476,91.735728,2007-05-01,2007,5,15.672,0
NEG_004122,pseudo_negative,Tripura,23.709188,92.035767,2014-01-05,2014,1,1.4308,0
NEG_004123,pseudo_negative,Tripura,23.620948,92.412323,2013-05-17,2013,5,8.163,0
NEG_004124,pseudo_negative,Tripura,23.699498,92.91136,2024-07-19,2024,7,2.8038,0
NEG_004125,pseudo_negative,Tripura,23.701543,93.214509,2016-05-30,2016,5,1.9879,0
NEG_004126,pseudo_negative,Tripura,23.605972,93.295772,2016-05-24,2016,5,4.2824,0
NEG_004127,pseudo_negative,Tripura,23.765617,93.607197,2025-05-19,2025,5,21.8197,0
NEG_004128,pseudo_negative,Tripura,23.89558,91.342848,2025-07-24,2025,7,4.6052,0
NEG_004129,pseudo_negative,Tripura,23.999756,92.152409,2020-07-23,2020,7,6.364,0
NEG_004130,pseudo_negative,Tripura,23.9939,92.390727,2024-09-28,2024,9,5.3163,0
NEG_004131,pseudo_negative,Tripura,23.822283,92.58371,2008-08-23,2008,8,1.4639,0
NEG_004132,pseudo_negative,Tripura,23.925677,93.247748,2012-06-17,2012,6,3.7183,0
NEG_004133,pseudo_negative,Tripura,23.917182,93.265705,2009-11-18,2009,11,2.1718,0
NEG_004134,pseudo_negative,Tripura,23.788889,93.891071,2024-05-25,2024,5,21.0111,0
NEG_004135,pseudo_negative,Tripura,24.210519,91.453562,2005-05-16,2005,5,22.0411,0
NEG_004136,pseudo_negative,Tripura,24.082662,91.745691,2009-06-08,2009,6,9.9102,0
NEG_004137,pseudo_negative,Tripura,24.229743,92.130176,2026-11-23,2026,11,8.433,0
NEG_004138,pseudo_negative,Tripura,24.01806,92.307491,2016-07-21,2016,7,3.4609,0
NEG_004139,pseudo_negative,Tripura,24.042548,92.836432,2014-07-02,2014,7,4.5698,0
NEG_004140,pseudo_negative,Tripura,24.145446,93.130626,2025-04-10,2025,4,4.4017,0
NEG_004141,pseudo_negative,Tripura,24.220165,93.575754,2007-04-15,2007,4,3.5717,0
NEG_004142,pseudo_negative,Tripura,24.149658,93.708863,2015-05-06,2015,5,11.5481,0
NEG_004143,pseudo_negative,Tripura,24.28659,91.304627,2026-09-09,2026,9,33.9575,0
NEG_004144,pseudo_negative,Tripura,24.358916,91.682143,2015-10-05,2015,10,22.6242,0
NEG_004145,pseudo_negative,Tripura,24.258115,91.96159,2019-08-20,2019,8,21.7837,0
NEG_004146,pseudo_negative,Tripura,24.428904,92.36456,2012-06-11,2012,6,11.5946,0
NEG_004147,pseudo_negative,Tripura,24.32065,92.917544,2021-05-30,2021,5,3.8667,0
NEG_004148,pseudo_negative,Tripura,24.413844,93.799115,2025-05-21,2025,5,4.1958,0
NEG_004149,pseudo_negative,Tripura,24.659454,91.276839,2026-05-30,2026,5,59.6908,0
NEG_004150,pseudo_negative,Tripura,24.617512,91.722647,2017-06-05,2017,6,48.3557,0
NEG_004151,pseudo_negative,Tripura,24.653194,91.952316,2026-06-29,2026,6,28.5707,0
NEG_004152,pseudo_negative,Tripura,24.617823,92.436351,2021-08-15,2021,8,7.7063,0
NEG_004153,pseudo_negative,Tripura,24.644563,92.780593,2026-08-18,2026,8,4.4109,0
NEG_004154,pseudo_negative,Tripura,24.510951,93.464751,2019-04-28,2019,4,7.6685,0
NEG_004155,pseudo_negative,Tripura,24.831789,91.448782,2014-08-23,2014,8,36.7701,0
NEG_004156,pseudo_negative,Tripura,24.881488,91.559941,2014-05-16,2014,5,31.0162,0
NEG_004157,pseudo_negative,Tripura,24.914062,92.148608,2010-05-04,2010,5,26.7397,0
NEG_004158,pseudo_negative,Tripura,24.807413,92.554768,2006-07-04,2006,7,1.3928,0
NEG_004159,pseudo_negative,Tripura,24.781341,92.790003,2010-05-21,2010,5,6.2361,0
NEG_004160,pseudo_negative,Tripura,24.883064,92.943143,2024-05-26,2024,5,8.5828,0
NEG_004161,pseudo_negative,Tripura,24.838159,93.375469,2007-05-19,2007,5,4.5739,0
NEG_004162,pseudo_negative,Tripura,24.833442,93.602943,2011-09-12,2011,9,2.5141,0
NEG_004163,pseudo_negative,Tripura,23.207342,91.362597,2022-07-20,2022,7,13.778,0
NEG_004164,pseudo_negative,Tripura,23.299808,91.673771,2023-10-30,2023,10,19.6728,0
NEG_004165,pseudo_negative,Tripura,23.197749,92.005051,2021-08-21,2021,8,48.8792,0
NEG_004166,pseudo_negative,Tripura,23.143921,92.306306,2026-08-05,2026,8,18.9088,0
NEG_004167,pseudo_negative,Tripura,23.224246,93.174778,2023-05-30,2023,5,2.0248,0
NEG_004168,pseudo_negative,Tripura,23.171031,93.375823,2009-05-20,2009,5,4.0283,0
NEG_004169,pseudo_negative,Tripura,23.145653,93.868744,2016-05-17,2016,5,51.1613,0
NEG_004170,pseudo_negative,Tripura,23.419113,91.237045,2024-06-11,2024,6,31.6526,0
NEG_004171,pseudo_negative,Tripura,23.35588,91.555543,2021-11-27,2021,11,13.4126,0
NEG_004172,pseudo_negative,Tripura,23.330816,92.099844,2020-09-03,2020,9,36.4887,0
NEG_004173,pseudo_negative,Tripura,23.531501,92.435576,2006-06-19,2006,6,5.5352,0
NEG_004174,pseudo_negative,Tripura,23.387313,92.739382,2021-08-05,2021,8,1.3092,0
NEG_004175,pseudo_negative,Tripura,23.437798,92.97286,2016-09-18,2016,9,3.4155,0
NEG_004176,pseudo_negative,Tripura,23.464964,93.438233,2023-03-27,2023,3,6.3658,0
NEG_004177,pseudo_negative,Tripura,23.47136,93.741136,2007-11-06,2007,11,37.1227,0
NEG_004178,pseudo_negative,Tripura,23.651469,91.306149,2014-12-06,2014,12,17.1757,0
NEG_004179,pseudo_negative,Tripura,23.754957,91.559033,2017-05-18,2017,5,4.338,0
NEG_004180,pseudo_negative,Tripura,23.722858,92.045763,2006-07-04,2006,7,2.6274,0
NEG_004181,pseudo_negative,Tripura,23.767457,92.340777,2023-11-02,2023,11,2.4024,0
NEG_004182,pseudo_negative,Tripura,23.683703,92.993335,2012-05-06,2012,5,2.0407,0
NEG_004183,pseudo_negative,Tripura,23.57507,93.430821,2006-05-27,2006,5,5.8987,0
NEG_004184,pseudo_negative,Tripura,23.719389,93.742144,2013-07-02,2013,7,34.9516,0
NEG_004185,pseudo_negative,Tripura,23.845566,91.399079,2011-08-11,2011,8,5.7217,0
NEG_004186,pseudo_negative,Tripura,23.998085,91.61912,2021-05-30,2021,5,14.7456,0
NEG_004187,pseudo_negative,Tripura,23.804075,91.945471,2013-08-26,2013,8,8.3707,0
NEG_004188,pseudo_negative,Tripura,24.01006,92.467659,2019-11-13,2019,11,8.8864,0
NEG_004189,pseudo_negative,Tripura,24.007152,92.840019,2023-09-17,2023,9,4.4095,0
NEG_004190,pseudo_negative,Tripura,23.82887,93.221627,2009-08-31,2009,8,3.6374,0
NEG_004191,pseudo_negative,Tripura,24.007446,93.900037,2019-11-23,2019,11,4.4992,0
NEG_004192,pseudo_negative,Tripura,24.131931,91.496311,2020-05-06,2020,5,14.0491,0
NEG_004193,pseudo_negative,Tripura,24.133977,91.649397,2005-09-13,2005,9,12.5615,0
NEG_004194,pseudo_negative,Tripura,24.028955,92.127255,2017-10-03,2017,10,2.3531,0
NEG_004195,pseudo_negative,Tripura,24.062936,92.476302,2023-06-18,2023,6,3.9121,0
NEG_004196,pseudo_negative,Tripura,24.077956,92.587312,2021-05-11,2021,5,1.718,0
NEG_004197,pseudo_negative,Tripura,24.047836,93.165918,2011-05-07,2011,5,2.7496,0
NEG_004198,pseudo_negative,Tripura,24.094648,93.415169,2010-08-16,2010,8,5.0667,0
NEG_004199,pseudo_negative,Tripura,24.151409,93.765915,2014-05-13,2014,5,13.0298,0
NEG_004200,pseudo_negative,Tripura,24.408031,91.300036,2015-08-27,2015,8,46.616,0
NEG_004201,pseudo_negative,Tripura,24.390639,91.710072,2009-07-29,2009,7,25.1246,0
NEG_004202,pseudo_negative,Tripura,24.343276,92.186516,2019-07-19,2019,7,4.0182,0
NEG_004203,pseudo_negative,Tripura,24.30556,92.307683,2015-05-25,2015,5,8.1769,0
NEG_004204,pseudo_negative,Tripura,24.246883,92.574233,2007-07-31,2007,7,3.9656,0
NEG_004205,pseudo_negative,Tripura,24.357477,93.227659,2006-09-11,2006,9,3.5596,0
NEG_004206,pseudo_negative,Tripura,24.410746,93.420141,2005-11-24,2005,11,7.5293,0
NEG_004207,pseudo_negative,Tripura,24.291476,93.606148,2006-06-25,2006,6,1.8455,0
NEG_004208,pseudo_negative,Tripura,24.598985,91.267324,2011-08-27,2011,8,69.486,0
NEG_004209,pseudo_negative,Tripura,24.692571,91.698528,2009-07-31,2009,7,54.6797,0
NEG_004210,pseudo_negative,Tripura,24.61661,92.111176,2023-07-16,2023,7,15.3219,0
NEG_004211,pseudo_negative,Tripura,24.525507,92.348063,2020-05-22,2020,5,13.8671,0
NEG_004212,pseudo_negative,Tripura,24.634686,92.672093,2007-08-09,2007,8,6.252,0
NEG_004213,pseudo_negative,Tripura,24.523593,93.242738,2018-07-31,2018,7,3.2382,0
NEG_004214,pseudo_negative,Tripura,24.566265,93.28313,2005-05-25,2005,5,1.0603,0
NEG_004215,pseudo_negative,Tripura,24.687921,93.941079,2008-08-04,2008,8,5.0214,0
NEG_004216,pseudo_negative,Tripura,24.809878,91.377013,2011-08-06,2011,8,40.5932,0
NEG_004217,pseudo_negative,Tripura,24.741369,91.839665,2022-08-15,2022,8,43.5896,0
NEG_004218,pseudo_negative,Tripura,24.914181,92.13314,2016-06-17,2016,6,25.6642,0
NEG_004219,pseudo_negative,Tripura,24.808996,92.340942,2015-05-30,2015,5,11.8315,0
NEG_004220,pseudo_negative,Tripura,24.796916,92.835396,2015-11-11,2015,11,10.3261,0
NEG_004221,pseudo_negative,Tripura,24.758866,92.922519,2014-07-20,2014,7,4.5219,0
NEG_004222,pseudo_negative,Tripura,24.91676,93.401566,2017-06-05,2017,6,4.6341,0
NEG_004223,pseudo_negative,Tripura,24.793223,93.800833,2026-07-09,2026,7,2.4294,0
NEG_004224,pseudo_negative,Tripura,23.309183,91.336599,2016-05-21,2016,5,16.7317,0
NEG_004225,pseudo_negative,Tripura,23.284762,91.627768,2010-06-18,2010,6,14.702,0
NEG_004226,pseudo_negative,Tripura,23.116813,91.989171,2016-11-07,2016,11,51.3844,0
NEG_004227,pseudo_negative,Tripura,23.162297,92.558732,2019-05-16,2019,5,2.5125,0
NEG_004228,pseudo_negative,Tripura,23.292166,92.953023,2023-05-28,2023,5,7.2582,0
NEG_004229,pseudo_negative,Tripura,23.16995,93.304074,2022-07-22,2022,7,2.4591,0
NEG_004230,pseudo_negative,Tripura,23.316344,93.726159,2025-08-02,2025,8,35.4726,0
NEG_004231,pseudo_negative,Tripura,23.462836,91.475553,2018-08-14,2018,8,23.4471,0
NEG_004232,pseudo_negative,Tripura,23.369371,91.878981,2007-09-06,2007,9,35.3847,0
NEG_004233,pseudo_negative,Tripura,23.378839,92.14848,2021-10-27,2021,10,32.66,0
NEG_004234,pseudo_negative,Tripura,23.439087,92.370935,2018-07-26,2018,7,17.7185,0
NEG_004235,pseudo_negative,Tripura,23.472396,92.648788,2024-06-14,2024,6,3.1001,0
NEG_004236,pseudo_negative,Tripura,23.482475,92.979359,2017-10-13,2017,10,3.9744,0
NEG_004237,pseudo_negative,Tripura,23.455272,93.56434,2009-07-08,2009,7,19.2389,0
NEG_004238,pseudo_negative,Tripura,23.444739,93.737995,2018-05-22,2018,5,36.3268,0
NEG_004239,pseudo_negative,Tripura,23.677919,91.238518,2006-09-19,2006,9,14.2998,0
NEG_004240,pseudo_negative,Tripura,23.563638,91.692224,2014-08-16,2014,8,18.6418,0
NEG_004241,pseudo_negative,Tripura,23.57616,92.018895,2016-07-25,2016,7,8.7637,0
NEG_004242,pseudo_negative,Tripura,23.730654,92.34863,2008-05-29,2008,5,4.5226,0
NEG_004243,pseudo_negative,Tripura,23.579923,92.749438,2022-08-15,2022,8,1.3415,0
NEG_004244,pseudo_negative,Tripura,23.611478,92.989529,2020-06-23,2020,6,1.2068,0
NEG_004245,pseudo_negative,Tripura,23.725492,93.476455,2014-08-03,2014,8,10.1969,0
NEG_004246,pseudo_negative,Tripura,23.760327,93.881208,2008-07-01,2008,7,24.3415,0
NEG_004247,pseudo_negative,Tripura,23.996902,91.396832,2018-05-10,2018,5,5.8382,0
NEG_004248,pseudo_negative,Tripura,23.944639,91.800411,2008-11-28,2008,11,5.3085,0
NEG_004249,pseudo_negative,Tripura,23.865537,92.086996,2008-05-04,2008,5,5.0095,0
NEG_004250,pseudo_negative,Tripura,23.91095,93.256887,2019-07-12,2019,7,2.4419,0
NEG_004251,pseudo_negative,Tripura,23.971723,93.84139,2019-06-26,2019,6,3.8221,0
NEG_004252,pseudo_negative,Tripura,24.048978,91.328795,2022-05-30,2022,5,13.1387,0
NEG_004253,pseudo_negative,Tripura,24.056724,91.859985,2026-05-30,2026,5,7.0175,0
NEG_004254,pseudo_negative,Tripura,24.192813,92.02706,2023-07-16,2023,7,18.9135,0
NEG_004255,pseudo_negative,Tripura,24.238332,92.286899,2018-01-24,2018,1,1.1378,0
NEG_004256,pseudo_negative,Tripura,24.189209,93.230443,2013-08-24,2013,8,1.6005,0
NEG_004257,pseudo_negative,Tripura,24.07481,93.597657,2006-07-15,2006,7,3.2552,0
NEG_004258,pseudo_negative,Tripura,24.131582,93.735754,2007-06-18,2007,6,13.5793,0
NEG_004259,pseudo_negative,Tripura,24.300478,91.510165,2021-07-29,2021,7,29.7691,0
NEG_004260,pseudo_negative,Tripura,24.465744,91.678037,2009-11-12,2009,11,34.0203,0
NEG_004261,pseudo_negative,Tripura,24.390404,92.141599,2009-06-13,2009,6,1.7163,0
NEG_004262,pseudo_negative,Tripura,24.264633,92.556089,2014-07-08,2014,7,5.0601,0
NEG_004263,pseudo_negative,Tripura,24.271797,92.790214,2018-08-13,2018,8,2.0156,0
NEG_004264,pseudo_negative,Tripura,24.366482,92.956297,2008-05-01,2008,5,2.6511,0
NEG_004265,pseudo_negative,Tripura,24.411327,93.541097,2008-07-11,2008,7,5.0677,0
NEG_004266,pseudo_negative,Tripura,24.300494,93.903166,2016-08-30,2016,8,3.0168,0
NEG_004267,pseudo_negative,Tripura,24.494747,91.341207,2018-05-31,2018,5,56.2048,0
NEG_004268,pseudo_negative,Tripura,24.627834,91.857998,2021-08-24,2021,8,38.3234,0
NEG_004269,pseudo_negative,Tripura,24.590359,92.198838,2013-11-12,2013,11,11.5534,0
NEG_004270,pseudo_negative,Tripura,24.573047,92.483739,2023-07-29,2023,7,7.5291,0
NEG_004271,pseudo_negative,Tripura,24.545318,92.585085,2009-08-26,2009,8,4.5815,0
NEG_004272,pseudo_negative,Tripura,24.534601,93.213732,2023-11-28,2023,11,3.7997,0
NEG_004273,pseudo_negative,Tripura,24.612055,93.592061,2013-05-28,2013,5,2.0232,0
NEG_004274,pseudo_negative,Tripura,24.698919,93.789018,2025-08-29,2025,8,8.7789,0
NEG_004275,pseudo_negative,Tripura,24.851429,91.303192,2011-05-01,2011,5,39.1539,0
NEG_004276,pseudo_negative,Tripura,24.860183,91.832029,2024-05-01,2024,5,37.1738,0
NEG_004277,pseudo_negative,Tripura,24.857265,91.97677,2025-05-05,2025,5,35.9017,0
NEG_004278,pseudo_negative,Tripura,24.849212,92.428088,2011-06-26,2011,6,7.7863,0
NEG_004279,pseudo_negative,Tripura,24.734528,92.842601,2018-06-30,2018,6,6.339,0
NEG_004280,pseudo_negative,Tripura,24.901266,93.174195,2016-07-29,2016,7,8.9095,0
NEG_004281,pseudo_negative,Tripura,24.87789,93.897277,2006-05-15,2006,5,4.2221,0
NEG_004282,pseudo_negative,Tripura,23.116654,91.396789,2015-06-28,2015,6,16.105,0
NEG_004283,pseudo_negative,Tripura,23.250275,91.721505,2011-09-27,2011,9,23.2231,0
NEG_004284,pseudo_negative,Tripura,23.147007,92.112351,2011-11-26,2011,11,38.4768,0
NEG_004285,pseudo_negative,Tripura,23.236386,92.283887,2020-08-18,2020,8,20.094,0
NEG_004286,pseudo_negative,Tripura,23.153867,93.225414,2015-01-14,2015,1,3.4475,0
NEG_004287,pseudo_negative,Tripura,23.225714,93.472179,2013-07-27,2013,7,14.5971,0
NEG_004288,pseudo_negative,Tripura,23.12293,93.919127,2019-05-18,2019,5,56.3222,0
NEG_004289,pseudo_negative,Tripura,23.535917,91.232371,2015-07-04,2015,7,29.9488,0
NEG_004290,pseudo_negative,Tripura,23.473222,91.710818,2018-05-29,2018,5,33.4613,0
NEG_004291,pseudo_negative,Tripura,23.556827,91.885804,2016-05-04,2016,5,17.7173,0
NEG_004292,pseudo_negative,Tripura,23.348435,92.374172,2017-09-26,2017,9,15.3823,0
NEG_004293,pseudo_negative,Tripura,23.500653,92.570085,2024-06-26,2024,6,1.6022,0
NEG_004294,pseudo_negative,Tripura,23.497651,93.161933,2010-07-06,2010,7,3.3493,0
NEG_004295,pseudo_negative,Tripura,23.542169,93.346466,2024-11-22,2024,11,3.3272,0
NEG_004296,pseudo_negative,Tripura,23.412751,93.733543,2014-09-14,2014,9,35.5347,0
NEG_004297,pseudo_negative,Tripura,23.659586,91.358117,2024-12-07,2024,12,18.166,0
NEG_004298,pseudo_negative,Tripura,23.763265,91.741553,2021-08-30,2021,8,10.6099,0
NEG_004299,pseudo_negative,Tripura,23.77854,91.934744,2011-11-07,2011,11,10.5792,0
NEG_004300,pseudo_negative,Tripura,23.655144,92.35109,2024-08-24,2024,8,3.8774,0
NEG_004301,pseudo_negative,Tripura,23.637798,92.704477,2007-05-13,2007,5,1.4756,0
NEG_004302,pseudo_negative,Tripura,23.737972,93.400161,2006-08-12,2006,8,2.3102,0
NEG_004303,pseudo_negative,Tripura,23.595047,93.731174,2017-08-07,2017,8,35.7773,0
NEG_004304,pseudo_negative,Tripura,23.813611,91.344892,2019-09-18,2019,9,4.5119,0
NEG_004305,pseudo_negative,Tripura,23.953701,91.859478,2013-06-21,2013,6,4.2759,0
NEG_004306,pseudo_negative,Tripura,23.840925,91.89862,2016-05-09,2016,5,8.9693,0
NEG_004307,pseudo_negative,Tripura,23.87239,92.465164,2020-06-21,2020,6,3.5522,0
NEG_004308,pseudo_negative,Tripura,23.902997,93.087298,2016-05-10,2016,5,1.6331,0
NEG_004309,pseudo_negative,Tripura,24.01206,93.440802,2015-01-18,2015,1,6.3974,0
NEG_004310,pseudo_negative,Tripura,23.82951,93.722869,2020-05-30,2020,5,21.3746,0
NEG_004311,pseudo_negative,Tripura,24.086138,91.531561,2019-06-15,2019,6,11.5339,0
NEG_004312,pseudo_negative,Tripura,24.161898,91.705774,2009-05-30,2009,5,6.2573,0
NEG_004313,pseudo_negative,Tripura,24.19764,91.975204,2011-10-26,2011,10,22.1219,0
NEG_004314,pseudo_negative,Tripura,24.211067,92.521652,2026-05-23,2026,5,3.9238,0
NEG_004315,pseudo_negative,Tripura,24.028611,92.684825,2026-06-15,2026,6,1.1758,0
NEG_004316,pseudo_negative,Tripura,24.186578,93.160392,2015-06-30,2015,6,5.4725,0
NEG_004317,pseudo_negative,Tripura,24.196537,93.511044,2015-09-30,2015,9,1.9608,0
NEG_004318,pseudo_negative,Tripura,24.081626,93.605378,2017-08-31,2017,8,4.0731,0
NEG_004319,pseudo_negative,Tripura,24.431524,91.463784,2009-08-23,2009,8,42.2501,0
NEG_004320,pseudo_negative,Tripura,24.458264,91.849582,2008-04-12,2008,4,29.1722,0
NEG_004321,pseudo_negative,Tripura,24.254422,92.032875,2021-10-26,2021,10,17.2539,0
NEG_004322,pseudo_negative,Tripura,24.338109,92.327153,2025-09-16,2025,9,10.4459,0
NEG_004323,pseudo_negative,Tripura,24.391223,92.615656,2016-07-12,2016,7,6.6349,0
NEG_004324,pseudo_negative,Tripura,24.368744,93.197631,2025-05-29,2025,5,5.7526,0
NEG_004325,pseudo_negative,Tripura,24.296923,93.390905,2014-06-09,2014,6,4.0488,0
NEG_004326,pseudo_negative,Tripura,24.254889,93.622843,2026-05-26,2026,5,3.806,0
NEG_004327,pseudo_negative,Tripura,24.662984,91.296253,2023-05-10,2023,5,58.6449,0
NEG_004328,pseudo_negative,Tripura,24.477441,91.657237,2005-11-26,2005,11,35.8723,0
NEG_004329,pseudo_negative,Tripura,24.488499,91.889783,2005-08-05,2005,8,26.5744,0
NEG_004330,pseudo_negative,Tripura,24.521291,92.302784,2015-10-28,2015,10,9.9822,0
NEG_004331,pseudo_negative,Tripura,24.627793,92.623988,2014-05-12,2014,5,8.7435,0
NEG_004332,pseudo_negative,Tripura,24.628149,93.180179,2020-11-05,2020,11,1.3711,0
NEG_004333,pseudo_negative,Tripura,24.580317,93.529564,2025-06-02,2025,6,6.9188,0
NEG_004334,pseudo_negative,Tripura,24.477789,93.847421,2022-06-03,2022,6,5.3203,0
NEG_004335,pseudo_negative,Tripura,24.882135,91.448544,2015-08-20,2015,8,31.2163,0
NEG_004336,pseudo_negative,Tripura,24.852268,91.755673,2024-04-11,2024,4,35.8525,0
NEG_004337,pseudo_negative,Tripura,24.804348,91.894791,2009-07-15,2009,7,44.7112,0
NEG_004338,pseudo_negative,Tripura,24.74414,92.493279,2005-07-22,2005,7,3.9004,0
NEG_004339,pseudo_negative,Tripura,24.915124,92.666384,2020-05-09,2020,5,5.0314,0
NEG_004340,pseudo_negative,Tripura,24.82783,92.982414,2024-06-27,2024,6,7.2841,0
NEG_004341,pseudo_negative,Tripura,24.773643,93.854282,2017-08-22,2017,8,6.2905,0
NEG_004342,pseudo_negative,Tripura,23.240046,91.349146,2010-08-14,2010,8,14.2771,0
NEG_004343,pseudo_negative,Tripura,23.187669,91.685451,2012-08-06,2012,8,19.9839,0
NEG_004344,pseudo_negative,Tripura,23.118992,92.220074,2008-06-05,2008,6,28.1281,0
NEG_004345,pseudo_negative,Tripura,23.155802,92.323383,2010-08-10,2010,8,16.9446,0
NEG_004346,pseudo_negative,Tripura,23.141836,92.658353,2024-06-04,2024,6,1.7553,0
NEG_004347,pseudo_negative,Tripura,23.316779,93.042562,2022-07-25,2022,7,2.4056,0
NEG_004348,pseudo_negative,Tripura,23.204274,93.539533,2026-10-01,2026,10,19.0858,0
NEG_004349,pseudo_negative,Tripura,23.212423,93.720978,2010-06-28,2010,6,37.0339,0
NEG_004350,pseudo_negative,Tripura,23.553958,91.513043,2011-06-09,2011,6,23.401,0
NEG_004351,pseudo_negative,Tripura,23.516079,91.602277,2025-05-23,2025,5,23.7334,0
NEG_004352,pseudo_negative,Tripura,23.377275,92.051416,2012-08-24,2012,8,30.7658,0
NEG_004353,pseudo_negative,Tripura,23.469569,92.317,2026-05-13,2026,5,19.1848,0
NEG_004354,pseudo_negative,Tripura,23.393617,92.678787,2008-05-19,2008,5,4.7734,0
NEG_004355,pseudo_negative,Tripura,23.339967,93.15007,2014-11-01,2014,11,3.1611,0
NEG_004356,pseudo_negative,Tripura,23.410383,93.258191,2006-08-28,2006,8,2.7927,0
NEG_004357,pseudo_negative,Tripura,23.517274,93.749855,2013-08-11,2013,8,37.3292,0
NEG_004358,pseudo_negative,Tripura,23.651969,91.382198,2017-06-09,2017,6,20.164,0
NEG_004359,pseudo_negative,Tripura,23.57787,91.803893,2005-11-11,2005,11,23.0246,0
NEG_004360,pseudo_negative,Tripura,23.618504,92.042655,2009-08-10,2009,8,3.9721,0
NEG_004361,pseudo_negative,Tripura,23.744045,92.390967,2006-08-12,2006,8,5.0907,0
NEG_004362,pseudo_negative,Tripura,23.726941,93.004412,2022-08-21,2022,8,2.4536,0
NEG_004363,pseudo_negative,Tripura,23.585931,93.367414,2005-09-13,2005,9,2.2898,0
NEG_004364,pseudo_negative,Tripura,23.688927,93.754859,2024-01-10,2024,1,37.0241,0
NEG_004365,pseudo_negative,Tripura,23.792525,91.273514,2022-05-04,2022,5,1.1474,0
NEG_004366,pseudo_negative,Tripura,23.925826,91.743344,2022-08-02,2022,8,3.1561,0
NEG_004367,pseudo_negative,Tripura,23.821266,92.008984,2019-07-31,2019,7,1.6598,0
NEG_004368,pseudo_negative,Tripura,23.795721,92.343002,2008-05-21,2008,5,1.8427,0
NEG_004369,pseudo_negative,Tripura,24.008599,92.713919,2023-07-01,2023,7,2.4925,0
NEG_004370,pseudo_negative,Tripura,23.942634,93.068681,2025-11-28,2025,11,3.124,0
NEG_004371,pseudo_negative,Tripura,23.819697,93.283444,2009-08-10,2009,8,2.3834,0
NEG_004372,pseudo_negative,Tripura,23.925565,93.69362,2018-06-29,2018,6,15.2779,0
NEG_004373,pseudo_negative,Tripura,24.200764,91.477117,2006-05-04,2006,5,21.1128,0
NEG_004374,pseudo_negative,Tripura,24.065977,91.851488,2022-09-11,2022,9,8.0746,0
NEG_004375,pseudo_negative,Tripura,24.126122,92.036517,2013-07-29,2013,7,12.0276,0
NEG_004376,pseudo_negative,Tripura,24.187183,92.369408,2006-05-04,2006,5,4.0095,0
NEG_004377,pseudo_negative,Tripura,24.064387,92.816137,2026-07-12,2026,7,2.8891,0
NEG_004378,pseudo_negative,Tripura,24.040047,93.126177,2020-08-25,2020,8,1.5125,0
NEG_004379,pseudo_negative,Tripura,24.242049,93.261551,2017-07-01,2017,7,4.0249,0
NEG_004380,pseudo_negative,Tripura,24.077698,93.836415,2013-05-25,2013,5,5.4459,0
NEG_004381,pseudo_negative,Tripura,24.45549,91.201053,2011-06-21,2011,6,55.451,0
NEG_004382,pseudo_negative,Tripura,24.398304,91.568555,2020-11-29,2020,11,32.3239,0
NEG_004383,pseudo_negative,Tripura,24.364428,92.054541,2024-07-20,2024,7,7.5705,0
NEG_004384,pseudo_negative,Tripura,24.369953,92.426137,2024-08-27,2024,8,10.1506,0
NEG_004385,pseudo_negative,Tripura,24.290384,92.8821,2005-05-07,2005,5,3.1719,0
NEG_004386,pseudo_negative,Tripura,24.473733,92.985188,2026-07-04,2026,7,7.5993,0
NEG_004387,pseudo_negative,Tripura,24.434862,93.276836,2009-05-16,2009,5,7.4111,0
NEG_004388,pseudo_negative,Tripura,24.34367,93.718511,2009-11-05,2009,11,2.9316,0
NEG_004389,pseudo_negative,Tripura,24.619691,91.480929,2023-11-28,2023,11,57.7182,0
NEG_004390,pseudo_negative,Tripura,24.645602,91.640599,2017-07-26,2017,7,54.3326,0
NEG_004391,pseudo_negative,Tripura,24.53657,92.011926,2015-07-10,2015,7,16.8489,0
NEG_004392,pseudo_negative,Tripura,24.653204,92.390229,2023-05-09,2023,5,10.8483,0
NEG_004393,pseudo_negative,Tripura,24.670234,92.711192,2021-08-14,2021,8,5.3378,0
NEG_004394,pseudo_negative,Tripura,24.668854,93.087664,2010-05-20,2010,5,2.5747,0
NEG_004395,pseudo_negative,Tripura,24.688384,93.451402,2020-05-23,2020,5,5.6165,0
NEG_004396,pseudo_negative,Tripura,24.620157,93.727112,2016-08-14,2016,8,1.4045,0
NEG_004397,pseudo_negative,Tripura,24.885471,91.311003,2005-05-28,2005,5,35.4715,0
NEG_004398,pseudo_negative,Tripura,24.832054,91.587014,2022-11-09,2022,11,36.8452,0
NEG_004399,pseudo_negative,Tripura,24.705887,92.194293,2018-08-11,2018,8,9.665,0
NEG_004400,pseudo_negative,Tripura,24.724231,92.444062,2017-07-29,2017,7,4.0331,0
NEG_004401,pseudo_negative,Tripura,24.786109,92.840681,2020-05-23,2020,5,9.5697,0
NEG_004402,pseudo_negative,Tripura,24.855579,93.140502,2026-06-23,2026,6,8.2539,0
NEG_004403,pseudo_negative,Tripura,24.795069,93.586367,2013-07-18,2013,7,2.9378,0
NEG_004404,pseudo_negative,Tripura,24.929069,93.679134,2017-08-13,2017,8,2.5937,0
NEG_004405,pseudo_negative,Tripura,23.264573,91.523487,2016-06-20,2016,6,3.85,0
NEG_004406,pseudo_negative,Tripura,23.192386,91.565827,2008-05-29,2008,5,8.3126,0
NEG_004407,pseudo_negative,Tripura,23.226266,92.017303,2012-06-05,2012,6,47.5474,0
NEG_004408,pseudo_negative,Tripura,23.246373,92.234096,2005-11-29,2005,11,25.1263,0
NEG_004409,pseudo_negative,Tripura,23.120749,92.866418,2006-05-11,2006,5,2.5901,0
NEG_004410,pseudo_negative,Tripura,23.171439,93.190146,2020-05-21,2020,5,1.0473,0
NEG_004411,pseudo_negative,Tripura,23.265963,93.499555,2020-07-24,2020,7,16.1304,0
NEG_004412,pseudo_negative,Tripura,23.288794,93.820876,2022-09-04,2022,9,45.5735,0
NEG_004413,pseudo_negative,Tripura,23.404315,91.433423,2008-06-21,2008,6,17.8068,0
NEG_004414,pseudo_negative,Tripura,23.367225,91.77415,2005-09-26,2005,9,31.8704,0
NEG_004415,pseudo_negative,Tripura,23.473592,91.957417,2010-08-10,2010,8,21.522,0
NEG_004416,pseudo_negative,Tripura,23.424244,92.475462,2025-01-10,2025,1,12.834,0
NEG_004417,pseudo_negative,Tripura,23.468326,92.774368,2026-05-20,2026,5,2.889,0
NEG_004418,pseudo_negative,Tripura,23.504687,93.466262,2013-08-13,2013,8,9.3337,0
NEG_004419,pseudo_negative,Tripura,23.461801,93.775906,2011-05-21,2011,5,40.4479,0
NEG_004420,pseudo_negative,Tripura,23.767362,91.306087,2010-09-07,2010,9,5.2345,0
NEG_004421,pseudo_negative,Tripura,23.611974,91.877688,2009-06-13,2009,6,15.12,0
NEG_004422,pseudo_negative,Tripura,23.573264,91.893533,2018-01-03,2018,1,15.9308,0
NEG_004423,pseudo_negative,Tripura,23.633912,92.330197,2025-05-14,2025,5,6.5548,0
NEG_004424,pseudo_negative,Tripura,23.600743,93.020699,2021-06-05,2021,6,2.8556,0
NEG_004425,pseudo_negative,Tripura,23.770099,93.345969,2010-08-06,2010,8,3.6982,0
NEG_004426,pseudo_negative,Tripura,23.671393,93.616386,2024-08-25,2024,8,25.5271,0
NEG_004427,pseudo_negative,Tripura,24.011539,91.513714,2024-08-19,2024,8,5.2236,0
NEG_004428,pseudo_negative,Tripura,23.881608,91.840755,2008-06-17,2008,6,3.387,0
NEG_004429,pseudo_negative,Tripura,23.79007,92.080998,2026-09-16,2026,9,3.7003,0
NEG_004430,pseudo_negative,Tripura,23.830691,92.503997,2009-08-01,2009,8,2.3364,0
NEG_004431,pseudo_negative,Tripura,23.887052,92.98869,2011-09-06,2011,9,3.0552,0
NEG_004432,pseudo_negative,Tripura,23.840017,93.509589,2006-04-22,2006,4,12.9598,0
NEG_004433,pseudo_negative,Tripura,23.989519,93.871814,2020-09-24,2020,9,5.3911,0
NEG_004434,pseudo_negative,Tripura,24.150043,91.53267,2012-05-06,2012,5,17.3784,0
NEG_004435,pseudo_negative,Tripura,24.177873,91.636121,2007-06-19,2007,6,13.2942,0
NEG_004436,pseudo_negative,Tripura,24.093056,92.186596,2012-05-05,2012,5,9.235,0
NEG_004437,pseudo_negative,Tripura,24.16956,92.492707,2012-05-26,2012,5,2.7692,0
NEG_004438,pseudo_negative,Tripura,24.218593,92.77734,2020-05-26,2020,5,2.5646,0
NEG_004439,pseudo_negative,Tripura,24.148763,93.290026,2011-08-17,2011,8,1.0213,0
NEG_004440,pseudo_negative,Tripura,24.09948,93.772474,2024-10-10,2024,10,8.6142,0
NEG_004441,pseudo_negative,Tripura,24.38269,91.380499,2024-08-30,2024,8,41.8146,0
NEG_004442,pseudo_negative,Tripura,24.309604,91.755837,2013-04-29,2013,4,15.4842,0
NEG_004443,pseudo_negative,Tripura,24.388957,91.933126,2016-08-26,2016,8,19.5428,0
NEG_004444,pseudo_negative,Tripura,24.459987,92.453805,2026-07-01,2026,7,4.2861,0
NEG_004445,pseudo_negative,Tripura,24.452362,92.647493,2024-08-03,2024,8,4.6442,0
NEG_004446,pseudo_negative,Tripura,24.309625,93.368392,2009-07-21,2009,7,1.4332,0
NEG_004447,pseudo_negative,Tripura,24.357057,93.877751,2020-08-09,2020,8,7.0378,0
NEG_004448,pseudo_negative,Tripura,24.558517,91.334754,2012-08-18,2012,8,61.4499,0
NEG_004449,pseudo_negative,Tripura,24.690701,91.627541,2015-07-04,2015,7,53.0459,0
NEG_004450,pseudo_negative,Tripura,24.599515,91.957622,2013-09-27,2013,9,24.7342,0
NEG_004451,pseudo_negative,Tripura,24.587374,92.37825,2008-07-02,2008,7,14.4599,0
NEG_004452,pseudo_negative,Tripura,24.610735,92.874431,2015-05-16,2015,5,3.6299,0
NEG_004453,pseudo_negative,Tripura,24.51561,92.966756,2009-09-29,2009,9,3.2341,0
NEG_004454,pseudo_negative,Tripura,24.663142,93.5452,2011-08-03,2011,8,1.3088,0
NEG_004455,pseudo_negative,Tripura,24.635584,93.677504,2014-08-16,2014,8,1.3109,0
NEG_004456,pseudo_negative,Tripura,24.908585,91.228761,2008-11-27,2008,11,33.3997,0
NEG_004457,pseudo_negative,Tripura,24.914598,91.536613,2014-08-07,2014,8,27.1609,0
NEG_004458,pseudo_negative,Tripura,24.776868,91.900169,2020-04-23,2020,4,42.01,0
NEG_004459,pseudo_negative,Tripura,24.805308,92.549491,2023-11-14,2023,11,1.2876,0
NEG_004460,pseudo_negative,Tripura,24.796837,92.686863,2011-06-04,2011,6,4.7575,0
NEG_004461,pseudo_negative,Tripura,24.913752,93.263474,2025-08-04,2025,8,6.9836,0
NEG_004462,pseudo_negative,Tripura,24.814169,93.702306,2015-05-09,2015,5,1.2967,0
NEG_004463,pseudo_negative,Tripura,23.221631,91.19677,2015-06-23,2015,6,29.9765,0
NEG_004464,pseudo_negative,Tripura,23.199064,91.716358,2014-11-07,2014,11,22.843,0
NEG_004465,pseudo_negative,Tripura,23.257477,92.178696,2015-07-15,2015,7,30.7931,0
NEG_004466,pseudo_negative,Tripura,23.155656,92.410871,2017-07-19,2017,7,8.25,0
NEG_004467,pseudo_negative,Tripura,23.134658,92.661536,2011-06-01,2011,6,1.8248,0
NEG_004468,pseudo_negative,Tripura,23.234288,93.240682,2017-05-06,2017,5,2.2364,0
NEG_004469,pseudo_negative,Tripura,23.169196,93.309895,2013-01-22,2013,1,2.5511,0
NEG_004470,pseudo_negative,Tripura,23.325847,93.894638,2006-11-15,2006,11,52.3103,0
NEG_004471,pseudo_negative,Tripura,23.473948,91.532803,2012-12-09,2012,12,25.0629,0
NEG_004472,pseudo_negative,Tripura,23.371473,91.656594,2009-06-29,2009,6,21.7058,0
NEG_004473,pseudo_negative,Tripura,23.378244,91.899619,2009-06-05,2009,6,33.5873,0
NEG_004474,pseudo_negative,Tripura,23.426619,92.410049,2025-03-26,2025,3,17.0752,0
NEG_004475,pseudo_negative,Tripura,23.522703,92.766222,2015-08-24,2015,8,1.4399,0
NEG_004476,pseudo_negative,Tripura,23.536911,92.943872,2019-11-18,2019,11,4.316,0
NEG_004477,pseudo_negative,Tripura,23.494806,93.28917,2008-09-19,2008,9,1.5889,0
NEG_004478,pseudo_negative,Tripura,23.393124,93.817823,2006-07-27,2006,7,44.1,0
NEG_004479,pseudo_negative,Tripura,23.603499,91.379951,2023-06-18,2023,6,24.7258,0
NEG_004480,pseudo_negative,Tripura,23.714582,91.6841,2023-09-27,2023,9,4.1032,0
NEG_004481,pseudo_negative,Tripura,23.743223,92.060217,2006-08-07,2006,8,5.1386,0
NEG_004482,pseudo_negative,Tripura,23.574833,92.401487,2012-07-02,2012,7,7.0033,0
NEG_004483,pseudo_negative,Tripura,23.628136,93.408843,2015-11-26,2015,11,6.041,0
NEG_004484,pseudo_negative,Tripura,23.777275,93.634632,2007-07-10,2007,7,24.1286,0
