latitude,longitude,elevation_m,slope_deg,terrain_status
18.0915,73.36483,4.0,2.16,ok
9.7386,76.8754,673.0,39.1,ok
24.81722,93.51722,444.0,35.71,ok
25.38803,91.46977,1529.0,6.33,ok
25.40023,91.5159,1592.0,19.84,ok
9.7409,76.8724,642.0,34.82,ok
10.5185,76.6306,375.0,18.08,ok
10.5252,76.6391,479.0,23.89,ok
10.5248,76.6413,516.0,27.59,ok
10.5249,76.6414,503.0,26.68,ok
10.5259,76.6566,648.0,30.09,ok
10.528,76.6587,632.0,27.95,ok
10.527,76.6603,778.0,36.33,ok
10.528,76.6675,830.0,36.1,ok
11.275,76.123,124.0,12.79,ok
25.44465,91.34622,1471.0,16.2,ok
25.32083,91.9275,1099.0,22.38,ok
25.31518,91.92302,1031.0,36.37,ok
25.50368,91.72342,1748.0,5.82,ok
25.50667,91.28318,1396.0,21.7,ok
25.31488,91.44913,1378.0,24.59,ok
25.31488,91.33367,1141.0,43.82,ok
25.31848,91.45262,1393.0,24.09,ok
25.5208,91.25985,1358.0,20.86,ok
9.8222,76.8433,458.0,21.75,ok
9.823,76.8397,434.0,22.54,ok
9.8116,76.8508,469.0,24.09,ok
9.74295,76.82049,741.0,30.71,ok
9.74324,76.81922,670.0,39.58,ok
9.73146,76.81583,473.0,31.08,ok
18.487,73.42174,648.0,21.74,ok
18.48218,73.06859,19.0,10.05,ok
18.38809,73.38825,256.0,28.12,ok
18.38631,73.38888,256.0,36.26,ok
18.39955,73.3856,423.0,17.1,ok
18.47662,73.45907,615.0,20.68,ok
18.39979,73.37968,172.0,17.1,ok
11.44089,76.39384,684.0,45.72,ok
11.34773,76.09553,756.0,13.13,ok
11.39624,76.48404,1937.0,25.01,ok
11.49187,76.43095,888.0,10.74,ok
11.43076,76.49177,1197.0,15.6,ok
11.49304,76.4536,876.0,21.06,ok
11.49327,76.45347,877.0,19.88,ok
11.47851,76.4215,886.0,9.84,ok
11.45208,76.4072,782.0,44.39,ok
11.44234,76.39845,685.0,26.9,ok
11.43808,76.39306,641.0,15.02,ok
11.43791,76.39236,626.0,7.28,ok
11.49763,76.49743,1001.0,5.98,ok
11.49257,76.45335,843.0,19.99,ok
11.4921,76.4997,1102.0,13.66,ok
11.42336,76.46347,1115.0,25.36,ok
25.40792,91.99889,1522.0,9.14,ok
25.40547,91.53712,1461.0,17.19,ok
25.30039,91.72672,1519.0,23.46,ok
25.43561,91.86206,1635.0,21.88,ok
25.281,91.57331,1325.0,14.54,ok
25.296,91.932,1090.0,26.36,ok
25.36526,91.8785,1545.0,20.74,ok
25.39296,91.55163,1415.0,21.01,ok
25.30128,91.92199,1192.0,27.36,ok
25.42228,91.86769,1713.0,32.8,ok
25.43481,91.85953,1805.0,32.59,ok
25.48717,91.81936,1724.0,7.37,ok
25.42316,91.86329,1740.0,39.57,ok
25.3662,91.76721,1608.0,35.24,ok
25.35504,91.76752,1621.0,39.0,ok
25.34042,91.77414,1436.0,34.11,ok
25.00157,91.83455,12.0,4.19,ok
25.04566,91.59378,8.0,0.93,ok
25.45757,91.72218,1786.0,12.79,ok
25.2433,91.62628,236.0,16.6,ok
25.08999,91.70476,10.0,5.43,ok
25.41907,91.79891,1908.0,8.34,ok
25.20014,91.88882,489.0,8.34,ok
25.41064,91.69937,1733.0,13.36,ok
25.15385,91.71787,17.0,1.85,ok
25.47462,91.92359,1883.0,21.0,ok
25.25564,91.5275,1043.0,12.52,ok
25.00182,91.79707,9.0,0.93,ok
25.14662,91.62788,18.0,2.78,ok
25.23251,91.53563,811.0,4.23,ok
25.01563,91.72184,13.0,0.93,ok
25.09192,91.73274,12.0,0.93,ok
25.05717,91.92933,13.0,2.96,ok
25.27469,91.51738,643.0,32.54,ok
25.37065,91.81787,980.0,36.25,ok
25.41048,91.74144,1682.0,34.58,ok
25.10428,91.6191,16.0,1.85,ok
25.35912,91.62386,1463.0,22.76,ok
25.3545,91.90374,1551.0,9.32,ok
25.41835,91.55113,1606.0,21.59,ok
25.4319,91.96443,1686.0,15.86,ok
25.01468,91.77992,11.0,1.85,ok
25.06234,91.52611,9.0,2.76,ok
25.08324,91.82088,13.0,1.38,ok
25.2614,91.85154,856.0,31.14,ok
25.46293,91.5347,1575.0,21.66,ok
25.47313,91.89108,1822.0,7.14,ok
25.01862,91.60362,9.0,4.14,ok
25.08503,91.70123,10.0,2.76,ok
25.17539,91.84251,21.0,1.38,ok
25.32598,91.82775,733.0,26.37,ok
25.39111,91.83647,1732.0,11.16,ok
25.14775,91.53048,19.0,7.19,ok
25.30073,91.66173,1001.0,37.36,ok
25.23385,91.8822,340.0,31.47,ok
25.38108,91.6963,1741.0,21.77,ok
25.1287,91.60712,15.0,3.21,ok
25.06982,91.7999,8.0,0.93,ok
25.21837,91.51152,251.0,17.98,ok
25.48177,91.52712,1686.0,10.14,ok
25.47457,91.7909,1714.0,14.54,ok
25.07086,91.8299,11.0,4.73,ok
25.35755,91.56082,1627.0,6.3,ok
25.44245,91.54581,1513.0,8.02,ok
25.15174,91.62929,18.0,3.21,ok
25.33792,91.70882,1468.0,41.75,ok
25.31613,91.99122,255.0,29.6,ok
25.46175,91.80545,1637.0,4.62,ok
25.11142,91.94743,11.0,1.38,ok
25.2481,91.51601,467.0,33.72,ok
25.33239,91.78609,1212.0,37.37,ok
25.45103,91.64854,1637.0,19.94,ok
25.40627,91.89433,1234.0,35.39,ok
25.425,91.405,1563.0,19.75,ok
25.4013,91.45855,1563.0,25.07,ok
25.20283,91.20908,50.0,15.03,ok
25.201,91.234,18.0,1.38,ok
25.31458,91.45242,1308.0,45.09,ok
25.23211,91.37253,418.0,15.65,ok
25.22194,91.38422,240.0,20.49,ok
25.18689,91.39856,77.0,16.68,ok
25.40289,91.43424,1527.0,17.11,ok
25.37129,91.48003,1567.0,9.58,ok
25.29967,91.46108,1047.0,17.95,ok
25.29739,91.46201,1082.0,14.85,ok
25.28247,91.36413,973.0,35.85,ok
25.28091,91.36585,993.0,27.85,ok
25.49552,91.49585,1584.0,18.28,ok
25.21703,91.29526,216.0,29.62,ok
25.06137,91.47875,18.0,1.38,ok
25.01859,91.29289,11.0,0.93,ok
25.1788,91.43599,58.0,10.03,ok
25.24657,91.4165,423.0,19.7,ok
25.02824,91.18585,5.0,1.38,ok
25.47259,91.22341,1160.0,26.2,ok
25.15773,91.39146,18.0,1.38,ok
25.16188,91.28334,14.0,3.7,ok
25.24309,91.32782,740.0,19.67,ok
25.01723,91.34101,8.0,2.05,ok
25.31359,91.25196,918.0,25.74,ok
25.42714,91.11115,864.0,6.77,ok
25.21017,91.32864,115.0,17.1,ok
25.0185,91.30912,8.0,1.02,ok
25.06466,91.40018,14.0,1.38,ok
25.35578,91.04785,334.0,11.5,ok
25.22708,91.15034,487.0,14.9,ok
25.42265,91.25028,1282.0,32.14,ok
25.14061,91.08,4.0,4.8,ok
25.31712,91.40265,851.0,25.88,ok
25.49122,91.18969,1305.0,9.19,ok
25.19257,91.29814,15.0,1.38,ok
25.23142,91.07489,346.0,8.23,ok
25.26127,91.48227,363.0,27.03,ok
25.41542,91.35669,1529.0,5.54,ok
25.067,91.39216,13.0,3.21,ok
25.2447,91.00677,488.0,9.54,ok
25.24915,91.30272,1044.0,8.34,ok
25.3651,91.41833,1452.0,29.42,ok
25.41578,91.31368,1446.0,15.52,ok
25.11498,91.31729,14.0,4.19,ok
25.3273,91.36844,1432.0,8.82,ok
25.42836,91.09433,764.0,15.49,ok
25.04383,91.12877,8.0,1.38,ok
25.12067,91.32334,10.0,1.38,ok
25.2729,91.3981,240.0,31.3,ok
25.43818,91.31863,1471.0,17.86,ok
25.15592,91.08524,1.0,0.0,ok
25.17152,91.48546,43.0,11.13,ok
25.26154,91.03039,295.0,8.92,ok
25.35258,91.15538,753.0,1.38,ok
25.38628,91.33182,1445.0,22.82,ok
25.00373,91.02436,7.0,2.25,ok
25.00833,91.21138,8.0,1.38,ok
25.20668,91.15712,225.0,15.49,ok
25.3455,91.06987,609.0,2.05,ok
25.3657,91.1776,901.0,5.51,ok
25.43668,91.45837,1533.0,5.19,ok
25.10686,91.04484,6.0,0.93,ok
25.12708,91.16941,6.0,2.05,ok
25.11072,91.42296,12.0,1.38,ok
25.29014,91.00126,322.0,3.45,ok
25.27096,91.27254,291.0,26.42,ok
25.46328,91.39803,1493.0,10.49,ok
24.98611,93.50583,1235.0,21.87,ok
24.99694,93.50222,1186.0,14.69,ok
24.99083,93.50583,1206.0,15.77,ok
24.81778,93.51583,460.0,28.86,ok
24.73133,93.92739,788.0,13.46,ok
24.86244,93.61064,380.0,8.21,ok
24.86469,93.62117,350.0,9.24,ok
24.86297,93.62397,351.0,20.71,ok
24.79233,93.65822,447.0,34.02,ok
24.985,93.52114,1043.0,20.98,ok
24.79083,93.72333,1053.0,42.71,ok
24.98517,93.50831,1238.0,18.55,ok
24.78169,93.77606,991.0,19.18,ok
24.51786,93.55087,1019.0,13.67,ok
24.52309,93.57207,758.0,16.12,ok
24.84651,93.57353,383.0,46.04,ok
24.86392,93.61785,382.0,36.69,ok
24.73453,93.55187,907.0,29.71,ok
24.68558,93.68167,859.0,8.11,ok
24.50439,93.84022,771.0,3.06,ok
24.90022,93.65106,527.0,25.79,ok
24.77359,93.51547,722.0,18.57,ok
24.67994,93.63754,666.0,16.67,ok
24.91839,93.56784,705.0,41.67,ok
24.78549,93.81881,789.0,3.19,ok
24.5234,93.93283,778.0,3.06,ok
24.76771,93.79345,806.0,6.86,ok
24.77135,93.52236,785.0,17.5,ok
24.80982,93.93027,783.0,0.93,ok
24.85379,93.99494,784.0,2.75,ok
24.57922,93.51644,891.0,31.2,ok
24.59523,93.78886,770.0,2.78,ok
24.54678,93.65429,754.0,14.19,ok
24.73863,93.86275,774.0,1.38,ok
24.77142,93.72167,1270.0,29.92,ok
24.93432,93.90821,808.0,7.99,ok
24.61037,93.83872,772.0,1.38,ok
24.87394,93.80668,873.0,5.5,ok
24.95767,93.52661,653.0,11.72,ok
24.64846,93.79042,773.0,7.64,ok
24.92006,93.64504,614.0,25.94,ok
24.96896,93.8876,863.0,2.11,ok
24.99459,93.80875,1689.0,12.41,ok
24.62125,93.8938,773.0,4.8,ok
24.87035,93.83019,809.0,3.44,ok
24.9253,93.93652,1150.0,27.76,ok
24.99515,93.99262,871.0,17.38,ok
24.5929,93.67506,615.0,20.58,ok
24.63458,93.86172,774.0,2.75,ok
24.87337,93.91429,797.0,10.97,ok
24.99046,93.91238,864.0,3.84,ok
24.61594,93.56998,1461.0,23.07,ok
24.71997,93.62419,961.0,20.23,ok
24.67937,93.93005,773.0,2.11,ok
24.89251,93.54432,671.0,37.85,ok
24.96308,93.79129,2096.0,17.44,ok
24.99033,93.97249,1204.0,28.16,ok
24.63815,93.50371,1072.0,33.95,ok
24.72137,93.934,773.0,2.04,ok
24.82496,93.65451,708.0,30.22,ok
24.93423,93.88759,810.0,1.38,ok
24.6898,93.64818,837.0,13.71,ok
24.54614,93.85444,771.0,0.93,ok
24.95442,93.52819,722.0,26.68,ok
24.93439,93.94016,1026.0,16.1,ok
24.74767,93.60034,432.0,22.84,ok
24.65963,93.87032,774.0,0.93,ok
24.90838,93.75345,1929.0,33.36,ok
24.80366,93.96616,780.0,2.24,ok
24.54557,93.50652,1294.0,32.42,ok
24.62239,93.79137,778.0,3.57,ok
24.69081,93.86009,776.0,2.24,ok
24.91204,93.69152,981.0,20.94,ok
24.66198,93.70964,1414.0,20.52,ok
24.73184,93.81401,779.0,2.24,ok
24.83344,93.60294,1108.0,8.11,ok
24.68792,93.94108,781.0,2.24,ok
24.79322,93.80083,814.0,0.93,ok
24.61206,93.59206,970.0,15.64,ok
24.69892,93.78902,789.0,4.07,ok
24.87789,93.89728,791.0,5.5,ok
24.58032,93.52956,1004.0,28.48,ok
24.77364,93.85428,775.0,4.8,ok
24.62016,93.72711,1128.0,7.12,ok
24.79507,93.58637,638.0,32.2,ok
24.92907,93.67913,758.0,32.8,ok
24.66314,93.5452,718.0,6.15,ok
24.63558,93.6775,866.0,21.19,ok
24.81417,93.70231,673.0,37.83,ok
25.56667,91.90194,1545.0,2.96,ok
25.69555,91.90378,879.0,31.24,ok
25.68706,91.6485,1139.0,26.68,ok
25.56183,91.86856,1546.0,14.5,ok
25.57189,91.90128,1515.0,9.83,ok
25.56853,91.89219,1532.0,6.42,ok
25.57711,91.88142,1484.0,3.45,ok
25.67469,91.88653,1062.0,4.62,ok
25.57822,91.86545,1459.0,8.88,ok
25.66344,91.91594,948.0,16.13,ok
25.56663,91.91371,1530.0,10.86,ok
25.6251,91.9118,1355.0,6.89,ok
25.68799,91.65839,1032.0,28.85,ok
25.68805,91.66653,957.0,30.31,ok
25.76205,91.65896,796.0,6.42,ok
25.79162,91.65824,743.0,9.22,ok
25.77094,91.6565,776.0,11.31,ok
25.79744,91.87409,642.0,22.98,ok
25.55256,91.6187,1657.0,15.78,ok
25.67546,91.89727,1007.0,20.33,ok
25.68592,91.90257,938.0,21.54,ok
25.67517,91.8983,1015.0,18.69,ok
25.68256,91.90111,960.0,9.57,ok
25.65341,91.89819,1038.0,17.43,ok
25.65309,91.89804,1044.0,18.24,ok
25.65057,91.89351,1135.0,22.62,ok
25.64887,91.89693,1083.0,18.82,ok
25.64124,91.89414,1210.0,9.83,ok
25.78125,91.87448,699.0,10.22,ok
25.80726,91.87509,612.0,15.48,ok
25.69684,91.64486,1257.0,21.29,ok
25.69867,91.64517,1228.0,25.87,ok
25.80398,91.6598,686.0,24.45,ok
25.56673,91.91462,1537.0,6.88,ok
25.70088,91.6429,1247.0,17.92,ok
25.68699,91.64812,1171.0,39.03,ok
25.68691,91.64915,1124.0,21.23,ok
25.69151,91.64161,1338.0,1.38,ok
25.65444,91.62391,1469.0,11.03,ok
25.65444,91.63346,1438.0,8.17,ok
25.65977,91.63441,1407.0,5.13,ok
25.69518,91.64124,1302.0,14.86,ok
25.69523,91.64427,1225.0,26.81,ok
25.69464,91.64578,1204.0,23.97,ok
25.67032,91.90487,1008.0,14.32,ok
25.71166,91.89513,854.0,15.85,ok
25.75298,91.88535,821.0,16.02,ok
25.66315,91.9018,1017.0,8.22,ok
25.67761,91.89866,997.0,25.21,ok
25.6194,91.61704,1509.0,18.36,ok
25.70067,91.59682,1345.0,16.19,ok
25.73945,91.57211,903.0,23.64,ok
25.69007,91.67085,888.0,6.31,ok
25.73326,91.67575,742.0,16.13,ok
25.68822,91.66746,936.0,24.96,ok
25.69689,91.64177,1285.0,12.19,ok
25.68883,91.65364,1046.0,26.42,ok
25.56652,91.91451,1540.0,5.82,ok
25.8328,91.51506,472.0,24.22,ok
25.68503,91.5259,1245.0,13.67,ok
25.9238,91.69039,282.0,10.14,ok
25.96243,91.81536,502.0,8.95,ok
25.94756,91.78804,293.0,17.24,ok
25.8162,91.68182,656.0,18.68,ok
25.6096,91.82229,1526.0,6.42,ok
25.88241,91.87718,661.0,27.3,ok
25.67185,91.80672,903.0,15.37,ok
25.9993,91.90259,216.0,9.02,ok
25.64348,91.92194,1114.0,14.18,ok
25.81787,91.77547,572.0,3.08,ok
25.9364,91.59106,637.0,11.98,ok
25.91306,91.74555,408.0,12.87,ok
25.61136,91.66648,1625.0,8.37,ok
25.56402,91.77432,1670.0,9.24,ok
25.72968,91.65582,755.0,8.25,ok
25.75758,91.85082,719.0,3.7,ok
25.58162,91.63787,1660.0,6.21,ok
25.58581,91.99259,1338.0,12.52,ok
25.7459,91.64304,772.0,8.25,ok
25.77979,91.75726,760.0,16.25,ok
25.95552,91.51063,283.0,9.4,ok
25.89001,91.95264,584.0,4.5,ok
25.68604,91.52758,1273.0,15.07,ok
25.78716,91.70526,810.0,11.14,ok
25.83487,91.81569,609.0,5.91,ok
25.91959,91.71967,483.0,18.97,ok
25.6365,91.6015,1517.0,10.53,ok
25.60014,91.88557,1423.0,8.25,ok
25.72532,91.64718,801.0,16.88,ok
25.80508,91.91147,809.0,14.54,ok
25.90714,91.88214,586.0,9.22,ok
25.61611,91.58154,1532.0,14.54,ok
25.73874,91.50155,606.0,13.25,ok
25.70717,91.96395,904.0,6.33,ok
25.87956,91.86394,549.0,24.61,ok
25.65034,91.7226,1239.0,27.47,ok
25.61467,91.79496,1486.0,20.74,ok
25.79462,91.54417,453.0,20.24,ok
25.78093,91.81727,663.0,16.13,ok
25.9817,91.64141,347.0,5.63,ok
25.92755,91.79662,404.0,11.91,ok
25.60185,91.60514,1627.0,3.84,ok
25.61408,91.95345,1337.0,10.86,ok
25.77385,91.54137,682.0,4.62,ok
25.72108,91.84535,745.0,11.16,ok
25.51973,91.28443,1449.0,1.38,ok
25.50335,91.28335,1414.0,22.3,ok
25.68625,91.11836,1057.0,21.01,ok
25.69483,91.11836,1095.0,15.41,ok
25.75775,91.25228,769.0,19.51,ok
25.74015,91.22404,903.0,8.5,ok
25.87227,91.21396,253.0,33.12,ok
25.53174,91.29618,1460.0,25.19,ok
25.62269,91.16914,1222.0,6.33,ok
25.66157,91.13485,1145.0,11.16,ok
25.54006,91.31414,1513.0,13.76,ok
25.61276,91.17375,1157.0,13.61,ok
25.70516,91.1462,1071.0,30.65,ok
25.96691,91.11266,48.0,4.21,ok
25.66983,91.43293,1000.0,1.38,ok
25.90718,91.45164,73.0,1.38,ok
25.50713,91.13494,1105.0,12.29,ok
25.60932,91.36316,1524.0,16.35,ok
25.96428,91.47907,53.0,4.73,ok
25.57186,91.37948,1578.0,12.04,ok
25.72679,91.40577,866.0,20.3,ok
25.59716,91.22915,1312.0,13.41,ok
25.88682,91.30605,204.0,26.34,ok
25.55709,91.21292,1338.0,14.18,ok
25.85633,91.30055,117.0,7.16,ok
25.88894,91.21903,64.0,4.21,ok
25.57788,91.08751,985.0,24.15,ok
25.58863,91.4575,1569.0,32.21,ok
25.71682,91.15058,1019.0,4.23,ok
25.94715,91.00471,51.0,3.08,ok
25.97078,91.13852,57.0,3.45,ok
25.64818,91.11989,1098.0,9.24,ok
25.7141,91.0019,900.0,16.61,ok
25.70052,91.14773,1087.0,24.68,ok
25.88861,91.03142,67.0,1.03,ok
25.87248,91.13886,141.0,18.55,ok
25.97573,91.47072,53.0,1.03,ok
25.58625,91.03777,966.0,8.42,ok
25.64168,91.21183,1390.0,35.74,ok
25.69995,91.04395,792.0,4.15,ok
25.80644,91.15768,597.0,3.22,ok
25.89813,91.39586,60.0,5.45,ok
25.51458,91.49827,1590.0,17.93,ok
25.62897,91.30544,1428.0,1.03,ok
25.5764,91.43608,1654.0,20.09,ok
25.75262,91.28176,572.0,27.38,ok
25.90305,91.2595,63.0,1.38,ok
25.82765,91.1036,93.0,7.53,ok
25.89641,91.32595,172.0,18.33,ok
25.60219,91.25663,1348.0,5.54,ok
25.85274,91.00394,387.0,23.18,ok
25.78943,91.35245,629.0,25.19,ok
25.97803,91.33558,82.0,18.36,ok
25.58299,91.37637,1603.0,9.22,ok
25.72498,91.23724,1050.0,25.27,ok
25.86065,91.3494,101.0,7.14,ok
25.85736,91.41991,325.0,11.39,ok
25.50385,91.27097,1285.0,5.06,ok
25.76609,91.15122,646.0,7.63,ok
25.87773,91.11181,66.0,3.08,ok
25.74722,91.36303,779.0,7.44,ok
25.93903,91.15923,57.0,4.11,ok
25.94629,91.49037,68.0,2.12,ok
25.51028,90.21678,325.0,11.16,ok
25.66881,90.32383,505.0,10.53,ok
25.74168,90.40058,313.0,9.36,ok
25.98535,90.31552,35.0,3.59,ok
25.88652,90.45686,165.0,18.34,ok
25.58487,90.24591,416.0,15.31,ok
25.57689,90.44499,526.0,21.17,ok
25.70771,90.38698,557.0,14.88,ok
25.95011,90.13673,38.0,3.45,ok
25.51939,90.39351,787.0,20.43,ok
25.69469,90.39614,401.0,15.17,ok
25.83737,90.25938,161.0,15.07,ok
25.87886,90.21706,56.0,2.77,ok
25.53251,90.13518,165.0,4.62,ok
25.50304,90.46366,628.0,24.18,ok
25.56606,90.14705,500.0,19.67,ok
25.63284,90.4144,538.0,5.45,ok
25.80835,90.28694,164.0,8.04,ok
25.71155,90.45157,337.0,12.67,ok
25.531,90.39767,730.0,30.82,ok
25.58196,90.15307,438.0,9.02,ok
25.7839,90.08059,148.0,7.39,ok
25.74036,90.48835,240.0,2.25,ok
25.88802,90.1976,59.0,9.18,ok
25.67822,90.11968,237.0,2.06,ok
25.8024,90.21172,119.0,9.24,ok
25.96081,90.39016,75.0,9.67,ok
25.98236,90.47986,381.0,16.4,ok
25.55292,90.27846,580.0,20.04,ok
25.74659,90.19307,240.0,5.55,ok
25.98033,90.29136,36.0,0.93,ok
25.54896,90.20208,278.0,14.57,ok
25.73334,90.16737,215.0,7.67,ok
25.91653,90.18341,46.0,12.24,ok
25.63376,90.35141,648.0,8.22,ok
25.75403,90.10363,194.0,8.42,ok
25.92408,90.09926,30.0,2.06,ok
25.66667,94.10972,1425.0,13.78,ok
25.66083,94.10278,1483.0,3.7,ok
25.66917,94.10722,1452.0,15.86,ok
25.71611,94.08883,1449.0,16.13,ok
25.73425,94.00119,931.0,30.99,ok
25.71711,94.08561,1361.0,18.64,ok
25.66772,94.08908,1338.0,18.24,ok
25.85443,94.15844,1532.0,33.03,ok
25.85799,94.15935,1489.0,41.68,ok
25.71203,94.08979,1446.0,23.17,ok
25.74912,94.08045,1262.0,25.58,ok
25.71795,94.09177,1349.0,26.79,ok
25.66755,94.08075,1523.0,18.85,ok
25.52036,94.13112,1723.0,16.05,ok
25.52164,94.13426,1729.0,21.74,ok
25.52509,94.1358,1716.0,13.67,ok
25.53842,94.13604,1693.0,22.56,ok
25.5651,94.139,1669.0,20.88,ok
25.60326,94.11222,1620.0,31.01,ok
25.62154,94.1122,1728.0,25.69,ok
25.6292,94.10177,1495.0,33.71,ok
25.6387,94.10979,1475.0,24.66,ok
25.64876,94.10616,1558.0,18.14,ok
25.6125,94.1272,1424.0,15.03,ok
25.88166,94.19023,1399.0,27.48,ok
25.88165,94.19023,1399.0,27.48,ok
25.62307,94.1142,1593.0,27.75,ok
25.79055,94.30758,898.0,23.53,ok
25.64786,94.16649,1256.0,12.07,ok
25.90716,94.28172,924.0,37.14,ok
25.83305,94.34323,766.0,23.73,ok
25.68442,94.19066,913.0,11.74,ok
25.6136,94.16515,1297.0,17.32,ok
25.53676,94.21578,1445.0,18.17,ok
25.56184,94.46348,864.0,41.71,ok
25.64136,94.46056,1256.0,13.58,ok
25.50752,94.06084,2084.0,22.0,ok
25.52362,94.02231,2588.0,31.25,ok
25.54756,94.10727,2287.0,16.13,ok
25.5846,94.39454,1227.0,21.34,ok
25.50127,94.00242,1528.0,40.79,ok
25.50275,94.23176,1830.0,37.23,ok
25.63796,94.31099,1983.0,19.31,ok
25.86431,94.18032,1324.0,31.44,ok
25.68128,94.33103,1893.0,23.41,ok
25.91429,94.04819,1152.0,25.93,ok
25.91223,94.31127,757.0,32.94,ok
25.89582,94.42968,940.0,30.74,ok
25.99633,94.14394,387.0,11.17,ok
25.50243,94.06474,1966.0,25.9,ok
25.565,94.10788,2054.0,17.06,ok
25.62612,94.38347,1236.0,26.83,ok
25.78855,94.20011,1110.0,21.73,ok
25.94709,94.49498,1590.0,21.8,ok
25.72337,94.3256,1572.0,28.97,ok
25.79086,94.13682,1173.0,19.31,ok
25.75693,94.3887,1345.0,28.54,ok
25.64753,94.06403,1923.0,33.29,ok
25.55745,94.45498,941.0,32.33,ok
25.79374,94.36825,1447.0,23.95,ok
25.51534,94.08872,2072.0,13.51,ok
25.72008,94.13594,1415.0,28.14,ok
25.71463,94.2665,1102.0,22.7,ok
25.58698,94.41051,1058.0,45.07,ok
25.84143,94.13361,1002.0,4.14,ok
25.85238,94.36837,820.0,12.87,ok
25.9338,94.40594,844.0,26.38,ok
25.99885,94.13476,473.0,31.25,ok
25.99419,94.28415,1167.0,31.84,ok
25.55209,94.21362,1218.0,14.07,ok
25.96022,94.11521,677.0,7.44,ok
25.9824,94.2452,1189.0,35.84,ok
25.57205,94.11294,1741.0,11.39,ok
25.58323,94.26604,1670.0,22.33,ok
25.66612,94.47804,1180.0,26.9,ok
25.88983,94.22761,1326.0,28.81,ok
25.71464,94.26737,1080.0,22.24,ok
25.72503,94.40628,1891.0,22.9,ok
25.93484,94.27302,653.0,24.71,ok
25.71497,94.14615,1288.0,20.24,ok
25.80609,94.10154,1018.0,12.19,ok
25.74808,94.37105,1187.0,38.74,ok
25.83151,94.46368,2122.0,34.51,ok
25.40306,90.72417,360.0,19.14,ok
25.21022,90.6322,36.0,17.0,ok
25.0165,90.52267,15.0,1.85,ok
25.14895,90.57871,19.0,0.93,ok
25.18313,90.75498,85.0,13.1,ok
25.24005,90.61138,46.0,15.04,ok
25.4344,90.67322,336.0,11.73,ok
25.44247,90.97443,355.0,15.01,ok
25.1671,90.75401,21.0,10.21,ok
25.27252,90.82654,724.0,13.78,ok
25.44754,90.51108,1025.0,6.87,ok
25.15262,90.59719,17.0,2.25,ok
25.06238,90.97124,8.0,2.12,ok
25.36534,90.53005,285.0,3.7,ok
25.3018,90.83938,465.0,23.67,ok
25.38606,90.5219,355.0,2.25,ok
25.01086,90.88468,8.0,2.25,ok
25.20981,90.96893,102.0,18.68,ok
25.25243,90.6953,44.0,13.25,ok
25.38838,90.96952,327.0,7.19,ok
25.04401,90.71917,19.0,1.38,ok
25.10599,90.61126,14.0,2.12,ok
25.20494,90.87556,204.0,32.93,ok
25.27651,90.65346,25.0,2.12,ok
25.36363,90.93444,490.0,10.5,ok
25.38626,90.59511,268.0,14.19,ok
25.04087,90.57585,12.0,1.38,ok
25.17023,90.51855,22.0,2.25,ok
25.20933,90.98058,213.0,20.56,ok
25.32653,90.53325,150.0,6.39,ok
25.33416,90.77699,319.0,10.03,ok
25.4047,90.61605,758.0,14.28,ok
25.40806,90.96676,307.0,7.19,ok
25.20819,90.54074,132.0,26.61,ok
25.18462,90.97009,13.0,3.07,ok
25.39642,90.54829,346.0,28.28,ok
25.45813,90.75152,144.0,4.8,ok
25.19193,90.81655,246.0,10.77,ok
25.21718,90.66594,158.0,18.03,ok
25.40188,90.63437,450.0,20.04,ok
25.39757,90.93794,399.0,19.57,ok
25.04851,90.95244,8.0,3.45,ok
25.175,90.67885,44.0,8.59,ok
25.21872,90.68149,173.0,9.58,ok
25.48022,90.58305,333.0,13.83,ok
25.40964,90.93824,414.0,11.73,ok
25.13419,92.38353,168.0,17.74,ok
25.12186,92.38858,113.0,34.57,ok
25.05108,92.40219,64.0,9.4,ok
25.04306,92.42042,149.0,16.94,ok
25.04222,92.44128,276.0,24.43,ok
25.13561,92.3805,178.0,23.98,ok
25.13486,92.382,188.0,43.3,ok
25.12383,92.38519,93.0,46.61,ok
25.07533,92.36342,156.0,24.79,ok
25.09178,92.35469,159.0,28.88,ok
25.47705,92.16831,1405.0,9.54,ok
25.28423,92.11315,1036.0,8.52,ok
25.46308,92.25426,1376.0,3.58,ok
25.44233,92.19447,1331.0,7.64,ok
25.44178,92.19558,1340.0,4.23,ok
25.43631,92.19525,1359.0,14.08,ok
25.43506,92.19836,1350.0,13.0,ok
25.44742,92.20139,1371.0,18.55,ok
25.45075,92.19453,1354.0,22.12,ok
25.45352,92.18785,1272.0,8.82,ok
25.28423,92.11294,1036.0,8.52,ok
25.41956,92.16194,1393.0,3.84,ok
25.16694,92.23447,333.0,18.55,ok
25.21499,92.39704,779.0,11.56,ok
25.13451,92.01003,10.0,2.25,ok
25.29059,92.12444,1036.0,2.76,ok
25.37105,92.04583,1343.0,5.81,ok
25.32089,92.33144,1117.0,14.28,ok
25.17973,92.38776,430.0,8.28,ok
25.41999,92.08133,1403.0,15.65,ok
25.42973,92.45012,1099.0,17.57,ok
25.1365,92.29104,313.0,27.37,ok
25.29643,92.07948,1045.0,35.24,ok
25.25459,92.21432,884.0,9.54,ok
25.40252,92.41878,1213.0,12.11,ok
25.20548,92.33451,712.0,7.19,ok
25.47498,92.2936,1354.0,6.87,ok
25.03948,92.25662,19.0,0.93,ok
25.01231,92.04699,11.0,3.07,ok
25.10699,92.24119,151.0,9.4,ok
25.14912,92.49903,100.0,5.54,ok
25.35092,92.46188,954.0,7.97,ok
25.47547,92.33315,1310.0,2.96,ok
25.00526,92.3544,26.0,2.76,ok
25.03344,92.48087,285.0,14.19,ok
25.19091,92.05181,137.0,8.52,ok
25.1668,92.33318,425.0,14.26,ok
25.22504,92.34332,853.0,9.0,ok
25.47704,92.24305,1371.0,3.21,ok
25.11432,92.13704,17.0,2.76,ok
25.11566,92.43006,797.0,18.0,ok
25.36012,92.17758,1200.0,28.43,ok
25.03724,92.36402,15.0,2.05,ok
25.11368,92.40308,577.0,30.42,ok
25.13963,92.49499,174.0,26.26,ok
25.30233,92.30046,1092.0,13.63,ok
25.40843,92.31517,1297.0,1.02,ok
25.05302,92.03427,14.0,1.38,ok
25.06625,92.36012,44.0,15.02,ok
25.2815,92.25827,1043.0,11.91,ok
25.4465,92.05624,1360.0,42.42,ok
25.49411,92.32274,1271.0,9.4,ok
25.00959,92.02328,15.0,1.38,ok
25.01542,92.16293,14.0,1.38,ok
25.10893,92.16303,21.0,6.3,ok
25.12655,92.41766,396.0,13.75,ok
25.36087,92.03569,1302.0,2.12,ok
25.21925,92.26181,736.0,5.54,ok
25.35256,92.48665,961.0,5.63,ok
25.10328,92.40611,402.0,23.51,ok
25.31418,92.06031,378.0,22.37,ok
25.36602,92.25524,1275.0,5.43,ok
25.31319,92.4674,961.0,5.9,ok
25.42191,92.07514,1462.0,12.98,ok
25.40962,92.32928,1311.0,3.7,ok
25.19498,92.03057,235.0,5.81,ok
25.14266,92.27807,243.0,26.26,ok
25.32918,92.40031,1030.0,5.9,ok
25.41457,92.14863,1292.0,6.46,ok
25.04871,92.36261,29.0,0.0,ok
25.09536,92.21635,64.0,10.34,ok
25.21828,92.19182,688.0,2.76,ok
25.23223,92.48436,915.0,10.76,ok
24.99797,94.02044,803.0,15.9,ok
24.99428,94.20592,1579.0,34.27,ok
24.82022,94.35256,1593.0,29.89,ok
24.9252,94.3371,1490.0,34.89,ok
24.98353,94.15833,1118.0,18.14,ok
24.54002,94.21331,1054.0,25.89,ok
24.51141,94.2423,749.0,36.94,ok
24.86236,94.34713,1046.0,26.68,ok
24.58462,94.07653,796.0,1.85,ok
24.54562,94.23287,961.0,29.43,ok
24.95454,94.39702,794.0,15.49,ok
24.58796,94.07094,794.0,1.85,ok
24.64629,94.18804,1223.0,27.97,ok
24.97406,94.04155,968.0,16.45,ok
24.88429,94.19602,1573.0,21.71,ok
24.81452,94.01668,853.0,12.87,ok
24.93136,94.11307,865.0,21.31,ok
24.63868,94.14845,1264.0,27.76,ok
24.67539,94.34702,854.0,26.67,ok
24.503,94.12007,1287.0,31.05,ok
24.72965,94.36455,1062.0,22.49,ok
24.75079,94.15949,1064.0,26.12,ok
24.71846,94.47434,591.0,32.4,ok
24.88211,94.12436,873.0,16.93,ok
24.86821,94.34209,762.0,30.35,ok
24.99837,94.08847,1183.0,10.46,ok
24.69364,94.00444,797.0,10.02,ok
24.6109,94.11687,1024.0,16.48,ok
24.63041,94.38604,666.0,29.81,ok
24.90253,94.00973,794.0,2.75,ok
24.80631,94.30378,839.0,19.13,ok
24.94932,94.36361,1030.0,22.24,ok
24.6706,94.01939,785.0,3.19,ok
24.54973,94.15583,1323.0,27.86,ok
24.714,94.31888,831.0,25.67,ok
24.95431,94.07429,940.0,23.66,ok
24.92504,94.20396,1244.0,26.05,ok
24.57331,94.03869,779.0,1.38,ok
24.59742,94.1232,1372.0,31.66,ok
24.94011,94.24863,1608.0,5.09,ok
24.94194,94.38848,736.0,30.48,ok
24.65722,94.16234,1233.0,17.2,ok
24.7312,94.4905,951.0,21.05,ok
24.79143,94.21335,1305.0,26.64,ok
24.76759,94.35273,1512.0,20.26,ok
24.71528,94.09951,1065.0,32.68,ok
24.93532,94.25739,1479.0,11.12,ok
24.8588,94.31033,1220.0,23.89,ok
24.51478,94.16558,1074.0,20.26,ok
24.57756,94.0814,801.0,2.11,ok
24.58736,94.45441,512.0,35.38,ok
24.84884,94.10229,827.0,0.0,ok
24.64861,94.24026,1131.0,24.19,ok
24.74536,94.46869,642.0,19.76,ok
24.78861,94.12752,816.0,4.13,ok
24.79635,94.47335,732.0,30.62,ok
24.6385,94.10562,875.0,12.75,ok
24.79898,94.15748,932.0,32.82,ok
24.76809,94.31406,1048.0,37.7,ok
24.56762,94.2976,681.0,20.51,ok
24.90766,94.10496,804.0,5.63,ok
24.84314,94.49104,961.0,31.33,ok
24.99306,93.4975,1196.0,13.2,ok
24.84833,93.45917,988.0,32.9,ok
24.90139,93.45389,971.0,25.61,ok
24.83278,93.46333,773.0,29.45,ok
24.64542,93.00536,359.0,31.71,ok
24.98381,93.49753,1156.0,14.44,ok
24.81331,93.24342,122.0,22.89,ok
24.92097,93.07306,61.0,15.59,ok
24.56926,93.17728,184.0,13.71,ok
24.52608,93.05379,107.0,25.25,ok
24.62605,93.22584,128.0,4.13,ok
24.5716,93.17273,208.0,31.36,ok
24.5768,93.10608,119.0,18.13,ok
24.60372,93.37223,815.0,30.46,ok
24.66896,93.33701,832.0,32.92,ok
24.72074,93.30899,372.0,8.34,ok
24.57151,93.14172,378.0,24.38,ok
24.56917,93.14074,355.0,25.24,ok
24.5606,93.13071,464.0,30.09,ok
24.55988,93.12542,334.0,24.04,ok
24.56063,93.18939,110.0,14.12,ok
24.57296,93.17701,301.0,27.77,ok
24.55206,93.25569,235.0,5.05,ok
24.56771,93.14292,461.0,9.78,ok
24.57467,93.1439,584.0,27.13,ok
24.57471,93.13897,349.0,29.96,ok
24.65409,93.20462,134.0,23.13,ok
24.65018,93.20257,230.0,19.6,ok
24.6273,93.20404,184.0,13.71,ok
24.979,93.496,1154.0,9.1,ok
24.76606,93.30077,451.0,22.69,ok
24.54263,93.39742,560.0,44.17,ok
24.73839,93.3091,264.0,27.33,ok
24.71622,93.32551,116.0,17.02,ok
24.60853,93.41668,944.0,26.54,ok
24.60719,93.46785,1112.0,23.3,ok
24.59942,93.30005,520.0,23.93,ok
24.60922,93.3005,720.0,40.48,ok
24.64529,93.28594,570.0,26.25,ok
24.58605,93.21056,72.0,26.2,ok
24.70553,93.33064,371.0,24.89,ok
24.60002,93.37166,863.0,15.41,ok
24.60067,93.37223,854.0,22.59,ok
24.57748,93.19105,129.0,12.41,ok
24.59897,93.38612,395.0,37.96,ok
24.65191,93.3896,568.0,29.01,ok
24.77177,93.05164,119.0,14.02,ok
24.63599,93.4576,755.0,21.85,ok
24.9371,93.28463,261.0,35.65,ok
24.91086,93.15629,79.0,4.13,ok
24.85999,93.23777,210.0,13.71,ok
24.55032,93.02996,311.0,31.4,ok
24.73005,93.0471,34.0,3.84,ok
24.60775,93.16552,635.0,35.46,ok
24.59618,93.16041,373.0,5.49,ok
24.76068,93.11565,31.0,4.07,ok
24.65457,93.03316,328.0,19.13,ok
24.72268,93.23045,310.0,21.68,ok
24.52917,93.4602,350.0,14.82,ok
24.8437,93.04911,37.0,0.93,ok
24.97669,93.26936,190.0,14.44,ok
24.63604,93.00579,628.0,31.75,ok
24.68473,93.2985,282.0,27.4,ok
24.67835,93.44548,482.0,21.69,ok
24.83531,93.33321,687.0,40.92,ok
24.94924,93.40823,180.0,2.11,ok
24.98905,93.3097,289.0,22.09,ok
24.53558,93.16888,200.0,49.17,ok
24.626,93.46488,572.0,23.21,ok
24.90306,93.02777,77.0,2.11,ok
24.76401,93.36555,472.0,42.69,ok
24.74652,93.04574,144.0,4.18,ok
24.59304,93.2423,158.0,4.13,ok
24.6782,93.44195,558.0,42.4,ok
24.96632,93.08731,101.0,15.31,ok
24.96525,93.30508,197.0,21.42,ok
24.54721,93.09248,104.0,19.76,ok
24.53221,93.29635,277.0,32.64,ok
24.70173,93.48171,1014.0,39.9,ok
24.79986,93.09872,50.0,13.77,ok
24.9029,93.35782,260.0,16.02,ok
24.54864,93.20337,216.0,24.57,ok
24.66105,93.43629,181.0,33.23,ok
24.8586,93.36902,434.0,26.87,ok
24.54067,93.25529,293.0,22.51,ok
24.79511,93.20377,182.0,5.54,ok
24.6991,93.14962,206.0,21.42,ok
24.58416,93.28202,323.0,16.66,ok
24.91408,93.13884,62.0,13.67,ok
24.79143,93.36811,530.0,6.77,ok
24.9764,93.44205,375.0,23.98,ok
24.62129,93.12319,68.0,6.16,ok
24.57743,93.229,241.0,22.84,ok
24.52514,93.42215,381.0,31.76,ok
24.75439,93.14746,47.0,12.74,ok
24.79794,93.32764,701.0,18.13,ok
24.63491,93.08102,41.0,5.05,ok
24.61344,93.20505,107.0,0.93,ok
24.77113,93.24209,281.0,14.02,ok
24.87074,93.40597,291.0,18.53,ok
24.99656,93.21592,211.0,3.84,ok
24.56643,93.35285,552.0,40.54,ok
24.70778,93.44595,220.0,22.87,ok
24.64825,93.17652,596.0,23.6,ok
24.67179,93.35961,1368.0,22.03,ok
24.61134,93.15552,518.0,29.6,ok
24.53239,93.28813,162.0,26.47,ok
24.59397,93.36124,603.0,23.31,ok
24.52392,93.46616,312.0,4.62,ok
24.52548,93.02186,346.0,24.66,ok
24.60347,93.33702,508.0,11.03,ok
24.52576,93.48598,709.0,33.65,ok
24.6757,93.18689,570.0,10.17,ok
24.549,93.18598,104.0,7.13,ok
24.67735,93.12286,28.0,1.38,ok
24.85774,93.40551,222.0,32.9,ok
24.60423,93.16057,489.0,19.38,ok
24.62674,93.49143,1322.0,15.53,ok
24.63722,93.09014,35.0,4.92,ok
24.52728,93.4644,332.0,15.59,ok
24.88141,93.16731,68.0,2.78,ok
24.51095,93.46475,419.0,32.69,ok
24.83816,93.37547,219.0,16.28,ok
24.52359,93.24274,122.0,16.86,ok
24.56626,93.28313,164.0,31.29,ok
24.91676,93.40157,322.0,10.45,ok
24.5346,93.21373,361.0,4.92,ok
24.90127,93.1742,77.0,4.18,ok
24.62815,93.18018,552.0,17.19,ok
24.66885,93.08766,73.0,10.84,ok
24.68838,93.4514,259.0,24.21,ok
24.85558,93.1405,56.0,8.31,ok
24.91375,93.26347,166.0,22.01,ok
23.75169,92.73153,946.0,23.18,ok
23.70214,92.71822,1060.0,42.22,ok
23.73054,92.71602,1040.0,30.24,ok
23.65531,92.7025,912.0,23.09,ok
23.74151,92.70786,888.0,37.35,ok
23.57167,92.71083,871.0,31.58,ok
23.55944,92.70833,763.0,16.73,ok
23.77167,92.84806,735.0,28.79,ok
23.58592,92.71778,960.0,20.97,ok
23.535,92.69694,819.0,36.42,ok
23.53333,92.69722,821.0,37.17,ok
23.52972,92.69611,803.0,31.72,ok
23.54381,92.70136,777.0,25.59,ok
23.54028,92.70139,883.0,31.8,ok
23.53986,92.70064,843.0,22.27,ok
23.58389,92.71722,976.0,6.32,ok
23.5,92.70111,885.0,26.29,ok
23.54167,92.66472,701.0,20.13,ok
23.51981,92.70067,773.0,32.99,ok
23.93028,92.6525,194.0,16.8,ok
23.7175,92.71972,1082.0,29.41,ok
23.61583,92.79111,329.0,33.8,ok
23.91778,92.73806,908.0,56.68,ok
23.89639,92.73639,1081.0,55.3,ok
23.64639,92.72639,797.0,27.72,ok
23.78139,92.67639,441.0,39.8,ok
23.60111,92.75889,569.0,37.02,ok
23.60861,92.85056,1123.0,25.59,ok
23.73222,92.75,944.0,46.45,ok
23.73194,92.75,923.0,49.27,ok
23.74083,92.74111,953.0,31.06,ok
23.76972,92.74472,1153.0,36.32,ok
23.74917,92.69417,802.0,39.2,ok
23.69278,92.72056,978.0,41.91,ok
23.70972,92.72222,918.0,32.4,ok
23.69944,92.71972,1070.0,12.5,ok
23.66417,92.72056,1046.0,52.08,ok
23.66056,92.72528,888.0,24.71,ok
23.66,92.72639,891.0,21.66,ok
23.65528,92.72694,811.0,22.49,ok
23.65139,92.72694,789.0,10.14,ok
23.64556,92.72444,805.0,32.58,ok
23.64444,92.72528,816.0,24.71,ok
23.64167,92.72417,829.0,21.29,ok
23.64083,92.72472,827.0,23.61,ok
23.6375,92.72278,843.0,38.45,ok
23.62611,92.72639,785.0,22.15,ok
23.6325,92.72389,807.0,33.73,ok
23.62972,92.72556,771.0,27.93,ok
23.61611,92.71722,887.0,22.29,ok
23.61861,92.72611,793.0,27.74,ok
23.60556,92.725,906.0,22.49,ok
23.59194,92.75056,701.0,25.63,ok
23.595,92.81611,622.0,24.94,ok
23.60861,92.80972,498.0,27.29,ok
23.60972,92.80917,536.0,23.9,ok
23.61361,92.80778,549.0,26.56,ok
23.61222,92.80528,450.0,22.95,ok
23.61139,92.80333,451.0,30.9,ok
23.61611,92.79778,397.0,24.65,ok
23.61472,92.79583,380.0,36.89,ok
23.615,92.79222,331.0,30.89,ok
23.61861,92.79,314.0,11.67,ok
23.62333,92.78889,229.0,23.91,ok
23.62528,92.78639,204.0,6.84,ok
23.59528,92.71722,743.0,24.32,ok
23.59056,92.71611,774.0,33.2,ok
23.59028,92.71583,788.0,34.37,ok
23.57139,92.70972,855.0,34.77,ok
23.57056,92.70889,904.0,33.63,ok
23.57028,92.70722,847.0,27.48,ok
23.55389,92.70472,834.0,2.02,ok
23.55444,92.70528,826.0,6.76,ok
23.55,92.70444,847.0,30.57,ok
23.53222,92.735,1001.0,22.87,ok
23.53556,92.72333,910.0,22.01,ok
23.54833,92.71083,959.0,23.64,ok
23.54889,92.70556,921.0,27.4,ok
23.545,92.70333,858.0,35.3,ok
23.53694,92.6975,841.0,33.26,ok
23.53611,92.69778,917.0,35.67,ok
23.53556,92.69694,853.0,45.92,ok
23.53028,92.69667,832.0,28.82,ok
23.52861,92.6975,825.0,39.32,ok
23.52778,92.69861,809.0,27.31,ok
23.52278,92.70278,787.0,17.87,ok
23.51444,92.69806,821.0,37.39,ok
23.51056,92.69972,824.0,34.32,ok
23.50861,92.69806,834.0,30.51,ok
23.50694,92.69639,822.0,39.34,ok
23.50528,92.6975,848.0,33.36,ok
23.55028,92.70444,834.0,32.15,ok
23.54306,92.70056,824.0,38.26,ok
23.53972,92.69944,783.0,35.23,ok
23.53778,92.69833,826.0,30.3,ok
23.54278,92.67639,665.0,16.94,ok
23.54278,92.67472,628.0,36.08,ok
23.54333,92.66472,672.0,28.27,ok
23.53944,92.66528,599.0,20.94,ok
23.53889,92.6625,626.0,19.67,ok
23.53944,92.65889,552.0,15.2,ok
23.53611,92.65528,494.0,25.5,ok
23.68278,92.8575,946.0,34.87,ok
23.68306,92.8575,960.0,26.62,ok
23.68639,92.85833,927.0,22.95,ok
23.69472,92.85972,937.0,23.34,ok
23.71417,92.85806,879.0,28.22,ok
23.72722,92.85472,805.0,34.7,ok
23.72972,92.85306,767.0,34.23,ok
23.73111,92.84639,698.0,25.89,ok
23.73361,92.84306,676.0,37.46,ok
23.73833,92.81333,391.0,31.84,ok
23.73472,92.81333,428.0,32.41,ok
23.73,92.75833,910.0,35.21,ok
23.73056,92.75861,893.0,33.74,ok
23.72222,92.79861,215.0,25.63,ok
23.73583,92.85194,711.0,23.48,ok
23.77778,92.8479,678.0,39.45,ok
23.7775,92.84833,686.0,37.02,ok
23.77833,92.84667,665.0,34.07,ok
23.77361,92.84944,737.0,26.1,ok
23.82639,92.8325,395.0,40.74,ok
23.84778,92.83694,376.0,22.27,ok
23.77306,92.74361,1002.0,20.42,ok
23.73889,92.69639,1044.0,26.73,ok
23.73947,92.69667,1033.0,25.71,ok
23.71741,92.70644,896.0,25.68,ok
23.74028,92.69722,1039.0,18.47,ok
23.74067,92.69336,927.0,12.93,ok
23.73857,92.69419,986.0,32.78,ok
23.74472,92.69278,974.0,24.51,ok
23.74117,92.69456,948.0,26.35,ok
23.7375,92.69444,979.0,29.81,ok
23.73386,92.69492,899.0,25.66,ok
23.72669,92.69519,897.0,32.33,ok
23.73361,92.69389,900.0,23.64,ok
23.73472,92.695,917.0,23.2,ok
23.73306,92.69944,894.0,32.83,ok
23.74972,92.69833,630.0,21.7,ok
23.73111,92.70222,862.0,20.34,ok
23.73111,92.70389,873.0,20.42,ok
23.73333,92.70528,949.0,11.16,ok
23.73583,92.69778,993.0,16.17,ok
23.73133,92.70822,885.0,13.99,ok
23.72428,92.70738,978.0,26.91,ok
23.72277,92.70665,961.0,39.07,ok
23.71446,92.71146,988.0,27.37,ok
23.71581,92.70935,902.0,23.59,ok
23.71595,92.70879,895.0,31.58,ok
23.7175,92.70667,900.0,23.18,ok
23.71736,92.70753,900.0,21.69,ok
23.71722,92.70778,906.0,25.54,ok
23.71697,92.70817,909.0,27.07,ok
23.71306,92.70896,981.0,20.94,ok
23.71523,92.71529,1012.0,16.41,ok
23.74,92.715,1065.0,42.64,ok
23.73944,92.71472,1073.0,53.92,ok
23.71139,92.72444,924.0,27.52,ok
23.71639,92.72111,983.0,29.58,ok
23.71444,92.72861,855.0,15.59,ok
23.71571,92.7266,865.0,24.51,ok
23.7104,92.72238,963.0,34.46,ok
23.71866,92.72335,949.0,24.93,ok
23.71,92.71611,949.0,16.62,ok
23.70667,92.71444,1029.0,49.74,ok
23.70528,92.71139,1070.0,36.04,ok
23.70417,92.71222,1040.0,35.23,ok
23.70028,92.71611,1031.0,22.35,ok
23.69972,92.71694,1002.0,37.35,ok
23.68028,92.72472,905.0,32.48,ok
23.67806,92.72,1020.0,52.96,ok
23.64333,92.73444,724.0,12.12,ok
23.64639,92.72528,836.0,20.42,ok
23.63111,92.72389,867.0,23.34,ok
23.63056,92.72306,860.0,26.01,ok
23.62833,92.72333,797.0,20.78,ok
23.62278,92.72444,816.0,7.08,ok
23.62194,92.72306,814.0,32.25,ok
23.62083,92.7225,822.0,18.63,ok
23.61917,92.7225,830.0,35.12,ok
23.61972,92.72528,818.0,25.03,ok
23.62028,92.72556,790.0,21.81,ok
23.62028,92.72611,771.0,34.22,ok
23.62111,92.72444,795.0,17.98,ok
23.68743,92.72129,1098.0,20.64,ok
23.67694,92.71722,1096.0,28.44,ok
23.67583,92.715,997.0,24.66,ok
23.67472,92.71722,1099.0,18.83,ok
23.67444,92.71472,1000.0,22.12,ok
23.67389,92.71472,997.0,18.73,ok
23.67207,92.70993,1000.0,18.38,ok
23.6843,92.71551,1036.0,19.1,ok
23.70639,92.72056,875.0,34.62,ok
23.70417,92.72,880.0,38.69,ok
23.70306,92.72056,879.0,42.75,ok
23.69333,92.72056,990.0,26.89,ok
23.69,92.72361,871.0,30.69,ok
23.68361,92.72278,924.0,33.16,ok
23.67611,92.71972,976.0,58.15,ok
23.67139,92.72361,927.0,37.71,ok
23.66694,92.72194,978.0,43.66,ok
23.66667,92.72389,829.0,33.94,ok
23.66028,92.72694,859.0,35.83,ok
23.64389,92.72583,822.0,28.14,ok
23.635,92.72361,837.0,36.07,ok
23.51361,92.69833,780.0,32.29,ok
23.53667,92.6975,857.0,38.84,ok
23.54167,92.70194,872.0,22.17,ok
23.54278,92.70333,908.0,35.05,ok
23.52944,92.72944,989.0,18.38,ok
23.53083,92.73056,986.0,26.8,ok
23.53111,92.73361,1043.0,36.59,ok
23.53083,92.73333,1065.0,34.13,ok
23.56389,92.70806,836.0,32.88,ok
23.56417,92.70806,847.0,28.48,ok
23.565,92.70778,851.0,35.95,ok
23.56667,92.70889,852.0,12.67,ok
23.74861,92.73861,948.0,34.28,ok
23.61,92.72083,912.0,29.59,ok
23.60667,92.72306,925.0,21.91,ok
23.5925,92.71667,763.0,20.9,ok
23.58722,92.71361,813.0,35.34,ok
23.57694,92.71306,906.0,13.7,ok
23.57722,92.71222,908.0,4.11,ok
23.58028,92.715,918.0,11.03,ok
23.58139,92.71417,911.0,28.14,ok
23.58694,92.7175,957.0,14.76,ok
23.58556,92.71583,924.0,29.48,ok
23.58583,92.71639,952.0,20.63,ok
23.58639,92.71583,919.0,23.34,ok
23.65389,92.72444,742.0,23.83,ok
23.65417,92.71778,872.0,30.57,ok
23.655,92.71444,859.0,27.24,ok
23.65417,92.69,867.0,34.07,ok
23.66056,92.67278,1017.0,15.23,ok
23.66083,92.67278,1025.0,11.5,ok
23.65778,92.67444,954.0,11.16,ok
23.65861,92.70583,872.0,9.66,ok
23.68144,92.72144,1036.0,31.19,ok
23.77472,92.76194,1126.0,11.57,ok
23.77361,92.76111,1118.0,4.14,ok
23.76083,92.8475,789.0,30.15,ok
23.86972,92.87611,971.0,25.92,ok
23.80751,92.83417,558.0,34.77,ok
23.72222,92.80139,203.0,28.71,ok
23.73556,92.78833,529.0,31.56,ok
23.72694,92.79528,256.0,20.94,ok
23.73278,92.79722,256.0,15.59,ok
23.73417,92.79861,296.0,14.83,ok
23.74556,92.79444,360.0,27.3,ok
23.73667,92.79722,335.0,5.13,ok
23.73639,92.79806,346.0,21.6,ok
23.73583,92.79889,355.0,30.3,ok
23.73639,92.8,375.0,25.54,ok
23.73556,92.80028,362.0,7.64,ok
23.71972,92.79778,215.0,19.47,ok
23.73306,92.84778,765.0,45.57,ok
23.53806,92.71861,888.0,16.42,ok
23.52583,92.63861,229.0,25.32,ok
23.73361,92.84833,727.0,23.42,ok
23.69972,92.7175,998.0,31.58,ok
23.69361,92.7225,869.0,38.49,ok
23.71111,92.87861,592.0,36.68,ok
23.774,92.848,670.0,32.79,ok
23.74917,92.7375,1017.0,35.54,ok
23.74722,92.71806,966.0,38.68,ok
23.70278,92.72083,899.0,38.65,ok
23.7025,92.72139,875.0,34.93,ok
23.69806,92.72278,858.0,31.45,ok
23.60972,92.79972,397.0,39.93,ok
23.71389,92.85722,840.0,34.79,ok
23.73694,92.81361,407.0,36.34,ok
23.72917,92.76583,754.0,31.08,ok
23.73222,92.76556,892.0,38.86,ok
23.73794,92.78614,546.0,44.73,ok
23.7375,92.78806,569.0,27.13,ok
23.73389,92.79389,320.0,18.92,ok
23.72139,92.79944,209.0,16.73,ok
23.72139,92.85778,792.0,35.5,ok
23.72083,92.86472,826.0,34.27,ok
23.71167,92.87833,612.0,28.78,ok
23.735,92.85667,770.0,23.08,ok
23.73667,92.85611,766.0,29.72,ok
23.76111,92.84778,790.0,33.12,ok
23.76167,92.85083,808.0,30.83,ok
23.76528,92.85,774.0,34.67,ok
23.76861,92.85139,772.0,32.18,ok
23.83278,92.8325,350.0,36.18,ok
23.83889,92.83194,262.0,25.72,ok
23.86222,92.83667,239.0,20.23,ok
23.89139,92.84889,568.0,23.66,ok
23.76972,92.76,1166.0,43.11,ok
23.70333,92.87639,566.0,1.37,ok
23.66167,92.72417,859.0,37.8,ok
23.56556,92.7075,834.0,40.0,ok
23.74389,92.71222,824.0,29.27,ok
23.73306,92.75,951.0,40.11,ok
23.88361,92.85306,658.0,31.72,ok
23.73889,92.71472,1107.0,25.18,ok
23.74194,92.71306,902.0,24.68,ok
23.58694,92.8175,633.0,4.21,ok
23.5625,92.70778,806.0,20.42,ok
23.62361,92.78889,235.0,28.46,ok
23.73028,92.76861,728.0,32.89,ok
23.73361,92.85306,851.0,42.75,ok
23.69778,92.71944,984.0,37.42,ok
23.52694,92.65444,397.0,25.66,ok
23.51944,92.70056,789.0,26.56,ok
23.74417,92.85556,833.0,27.48,ok
23.74361,92.85417,823.0,29.55,ok
23.85194,92.83306,165.0,15.07,ok
23.87778,92.84083,374.0,43.7,ok
23.88528,92.8575,702.0,28.22,ok
23.76389,92.73389,1203.0,35.41,ok
23.88583,92.85056,514.0,31.57,ok
23.89278,92.85083,582.0,28.57,ok
23.89306,92.84722,573.0,22.66,ok
23.66194,92.85417,834.0,15.8,ok
23.70027,92.71817,1038.0,36.09,ok
23.75592,92.72675,1006.0,41.19,ok
23.6868,92.7252,856.0,43.52,ok
23.76047,92.84897,829.0,14.79,ok
23.74247,92.70559,938.0,35.15,ok
23.52759,92.98497,1342.0,26.41,ok
23.80795,92.83404,534.0,40.59,ok
23.75024,92.73666,1095.0,20.67,ok
23.7458,92.71705,919.0,21.23,ok
23.67701,92.87895,407.0,18.92,ok
23.70084,92.87745,527.0,23.81,ok
23.74752,92.85316,808.0,31.7,ok
23.66755,92.89259,372.0,22.18,ok
23.9151,92.94024,515.0,32.87,ok
23.97995,92.96525,563.0,30.9,ok
23.62772,92.5834,755.0,30.64,ok
23.56314,92.80671,437.0,20.59,ok
23.9716,92.56751,514.0,28.37,ok
23.94641,92.86742,746.0,12.03,ok
23.70071,92.52096,182.0,28.74,ok
23.5832,92.65497,383.0,34.66,ok
23.91296,92.66438,142.0,11.85,ok
23.65126,92.52457,214.0,25.31,ok
23.9865,92.59746,358.0,2.96,ok
23.78712,92.63771,253.0,31.08,ok
23.78304,92.90686,891.0,23.95,ok
23.85897,92.51261,313.0,27.91,ok
23.73752,92.63834,123.0,31.58,ok
23.71071,92.91985,534.0,27.57,ok
23.63008,92.9238,788.0,24.39,ok
23.98478,92.54787,105.0,5.13,ok
23.73301,92.65258,683.0,34.91,ok
23.78634,92.93057,1099.0,19.7,ok
23.64558,92.56898,603.0,20.09,ok
23.95362,92.58177,745.0,50.59,ok
23.8527,92.63709,301.0,15.64,ok
23.77597,92.95757,922.0,18.47,ok
23.7894,92.89749,458.0,44.78,ok
23.6638,92.68343,632.0,4.78,ok
23.92877,92.57037,486.0,22.18,ok
23.81204,92.77296,734.0,25.94,ok
23.99956,92.86414,319.0,28.57,ok
23.93579,92.98539,702.0,12.26,ok
23.53472,92.59562,649.0,32.98,ok
23.53836,92.92563,1272.0,14.94,ok
23.87968,92.59713,548.0,13.63,ok
23.94048,92.6256,83.0,12.78,ok
23.84636,92.99163,815.0,20.09,ok
23.5645,92.62645,537.0,33.39,ok
23.9498,92.86471,545.0,35.24,ok
23.85595,92.9568,1117.0,24.57,ok
23.50862,92.86555,655.0,19.75,ok
23.55476,92.92218,1128.0,30.39,ok
23.56497,92.51774,257.0,12.1,ok
23.58621,92.79485,393.0,36.05,ok
23.50473,92.79176,451.0,27.04,ok
23.7431,92.87318,602.0,30.25,ok
23.86968,92.98274,759.0,16.42,ok
23.57524,92.74088,598.0,13.12,ok
23.9386,92.63275,173.0,11.03,ok
23.988,92.92888,1185.0,28.98,ok
23.6995,92.91136,458.0,27.15,ok
23.82228,92.58371,831.0,24.06,ok
23.6837,92.99334,1072.0,25.18,ok
23.57992,92.74944,317.0,22.27,ok
23.61148,92.98953,992.0,22.65,ok
23.50065,92.57008,755.0,27.71,ok
23.6378,92.70448,375.0,22.49,ok
23.83069,92.504,502.0,29.36,ok
23.88705,92.98869,539.0,13.67,ok
23.5227,92.76622,795.0,33.16,ok
23.53691,92.94387,1226.0,27.59,ok
24.40639,94.06583,1196.0,18.01,ok
24.32544,94.23258,413.0,36.74,ok
24.49742,94.06704,998.0,13.26,ok
24.49474,94.09283,961.0,18.23,ok
24.36894,94.44656,179.0,5.15,ok
24.47269,94.19868,1234.0,19.73,ok
24.10999,94.2942,168.0,0.0,ok
24.08555,94.45023,280.0,20.96,ok
24.31983,94.10854,1219.0,30.37,ok
24.49396,94.33268,762.0,17.95,ok
24.12796,94.36244,154.0,2.23,ok
24.38148,94.30813,363.0,13.17,ok
24.3926,94.36947,224.0,4.12,ok
24.05676,94.13109,484.0,15.3,ok
24.09832,94.14586,681.0,19.57,ok
24.09994,94.44779,277.0,8.86,ok
24.34314,94.27234,588.0,19.17,ok
24.029,94.31758,154.0,2.23,ok
24.22703,94.02287,1376.0,27.31,ok
24.27076,94.25191,393.0,11.49,ok
24.34964,94.01668,1018.0,28.9,ok
24.34123,94.23904,493.0,21.68,ok
24.34558,94.48586,258.0,13.52,ok
24.15868,94.26057,238.0,4.73,ok
24.19165,94.45268,560.0,29.83,ok
24.43857,94.22031,1226.0,29.94,ok
24.46004,94.48349,193.0,1.02,ok
24.00515,94.43689,197.0,4.22,ok
24.18141,94.26073,304.0,2.96,ok
24.13706,94.45719,348.0,15.94,ok
24.42469,94.19731,1164.0,22.97,ok
24.42935,94.31519,459.0,27.74,ok
24.24656,94.05435,1337.0,26.6,ok
24.09597,94.1717,465.0,14.8,ok
24.1725,94.35978,140.0,2.23,ok
24.43781,94.34003,372.0,22.9,ok
24.00733,94.36941,179.0,11.87,ok
24.22005,94.27368,318.0,3.84,ok
24.32552,94.24294,545.0,16.42,ok
24.49366,94.41122,370.0,15.3,ok
24.09722,94.39508,253.0,22.12,ok
24.39294,94.02489,911.0,14.04,ok
24.47983,94.21739,990.0,28.57,ok
24.4011,94.36687,330.0,23.45,ok
24.03961,94.46278,411.0,6.54,ok
24.23506,94.27314,335.0,18.8,ok
24.22494,94.44087,225.0,9.28,ok
24.3192,94.30115,284.0,23.71,ok
24.40361,94.31582,608.0,29.83,ok
25.47217,94.15433,1489.0,16.49,ok
25.03861,94.01876,810.0,2.25,ok
25.1662,94.42238,1537.0,14.99,ok
25.38036,94.40812,1411.0,9.19,ok
25.23101,94.18114,1703.0,21.2,ok
25.16212,94.30658,1269.0,9.32,ok
25.08358,94.48331,1433.0,21.95,ok
25.12889,94.22984,1333.0,19.68,ok
25.24545,94.22183,1090.0,31.74,ok
25.26276,94.11638,1188.0,17.23,ok
25.28338,94.45737,1356.0,16.23,ok
25.21365,94.09727,1048.0,25.98,ok
25.27576,94.45767,1442.0,25.43,ok
25.16891,94.06056,975.0,28.48,ok
25.05346,94.11679,907.0,22.24,ok
25.12773,94.35144,1564.0,21.16,ok
25.25763,94.14658,1453.0,22.94,ok
25.35067,94.40795,973.0,28.38,ok
25.49925,94.30794,1852.0,19.35,ok
25.02633,94.13396,1040.0,21.88,ok
25.07539,94.40056,1732.0,18.84,ok
25.38543,94.05185,1471.0,22.56,ok
25.31054,94.1244,1365.0,7.19,ok
25.21767,94.13829,1258.0,26.09,ok
25.23822,94.45096,1679.0,25.43,ok
25.20834,94.23661,1162.0,14.85,ok
25.36892,94.09559,1058.0,2.25,ok
25.49856,94.20034,1645.0,28.31,ok
25.06674,94.22885,1723.0,14.5,ok
25.08738,94.31859,1549.0,15.99,ok
25.43548,94.13056,1267.0,20.14,ok
25.24917,94.46005,1626.0,14.16,ok
25.45667,94.42191,874.0,33.55,ok
25.02759,94.24618,1515.0,23.36,ok
25.2197,94.02315,1460.0,20.82,ok
25.26931,94.1156,1075.0,25.88,ok
25.25729,94.4077,1389.0,19.98,ok
25.48111,94.10096,1877.0,16.06,ok
25.00701,94.28919,1224.0,21.93,ok
25.36598,94.02241,1176.0,28.08,ok
25.32984,94.24272,1385.0,31.36,ok
25.377,94.36899,1050.0,24.96,ok
25.02617,94.04477,846.0,14.9,ok
25.09937,94.17938,1041.0,16.23,ok
25.26618,94.22223,1135.0,22.09,ok
25.31787,94.42088,1022.0,9.32,ok
25.09191,94.03846,962.0,30.43,ok
25.20933,94.16461,1746.0,31.13,ok
25.13544,94.47691,1956.0,29.26,ok
25.3606,94.01329,1226.0,14.06,ok
25.22788,94.14192,1290.0,18.03,ok
25.33862,94.44424,1396.0,29.02,ok
25.36607,94.08198,1323.0,27.29,ok
25.35207,94.38349,926.0,37.82,ok
25.38438,94.4686,1437.0,18.58,ok
25.3287,94.20398,1943.0,28.1,ok
25.49329,94.33393,1801.0,15.4,ok
25.49976,94.41758,1123.0,18.84,ok
25.3596,94.2096,1418.0,20.34,ok
25.4837,94.43978,1037.0,26.96,ok
25.34809,94.1043,1255.0,26.95,ok
25.43745,94.27167,2324.0,28.74,ok
25.48483,94.29126,2047.0,10.5,ok
25.37187,94.41945,1481.0,21.78,ok
25.40725,94.10759,1333.0,19.22,ok
25.4999,94.24232,1973.0,24.43,ok
25.40802,94.40586,1396.0,32.7,ok
25.49371,94.12169,1937.0,41.5,ok
25.47509,94.36084,1855.0,31.74,ok
25.3891,94.13052,1151.0,18.58,ok
25.45007,94.17999,1266.0,17.84,ok
25.47129,94.08447,1680.0,10.3,ok
25.47985,94.21357,1779.0,22.56,ok
25.42394,94.49011,1363.0,15.4,ok
26.22726,91.69225,67.0,11.87,ok
26.19622,91.76336,90.0,5.23,ok
26.15478,91.77411,105.0,12.04,ok
26.17672,91.78672,85.0,27.48,ok
26.18867,91.76694,111.0,9.71,ok
26.19622,91.76336,90.0,5.23,ok
26.02547,91.87158,179.0,11.78,ok
26.13442,91.74875,108.0,4.74,ok
26.10711,91.78917,68.0,16.18,ok
26.00294,91.86692,405.0,7.64,ok
26.09961,91.87811,86.0,9.24,ok
26.21111,91.68417,65.0,16.33,ok
26.1895,91.78717,70.0,11.87,ok
26.19553,91.78056,165.0,18.9,ok
26.19039,91.80994,94.0,21.29,ok
26.1755,91.76175,62.0,6.46,ok
26.19244,91.76422,101.0,15.15,ok
26.15428,91.79264,78.0,8.25,ok
26.17756,91.76589,96.0,18.48,ok
26.17672,91.76525,87.0,18.7,ok
26.17756,91.76589,96.0,18.48,ok
26.15428,91.79264,78.0,8.25,ok
26.17672,91.76525,87.0,18.7,ok
26.18842,91.85125,96.0,29.65,ok
26.18842,91.85125,96.0,29.65,ok
26.20536,91.86497,69.0,15.83,ok
26.37456,91.84561,61.0,4.23,ok
26.19081,91.84528,67.0,23.03,ok
26.09817,91.88128,83.0,5.23,ok
26.11267,91.85389,188.0,27.18,ok
26.11267,91.85389,188.0,27.18,ok
26.19531,91.76564,85.0,7.18,ok
26.19531,91.76564,85.0,7.18,ok
26.19236,91.78081,91.0,12.04,ok
26.15806,91.71258,85.0,18.83,ok
26.21306,91.6925,73.0,26.12,ok
26.09151,91.87899,77.0,4.22,ok
26.19322,91.77033,164.0,22.5,ok
26.1916,91.80361,84.0,14.91,ok
26.18789,91.79493,96.0,17.9,ok
26.19044,91.77502,109.0,10.49,ok
26.11464,91.83886,175.0,17.7,ok
26.15663,91.93858,109.0,9.9,ok
26.17027,91.698,138.0,30.5,ok
26.19114,91.82961,116.0,17.05,ok
26.18432,91.8554,70.0,17.39,ok
26.16618,91.7147,113.0,19.63,ok
26.15819,91.75581,59.0,10.98,ok
26.24698,91.96438,62.0,16.39,ok
26.23802,91.94595,85.0,2.26,ok
26.36426,91.82136,54.0,4.62,ok
26.21661,91.86084,50.0,2.26,ok
26.45741,91.78583,58.0,2.12,ok
26.48475,91.99867,62.0,2.78,ok
26.17972,91.80918,60.0,4.74,ok
26.05529,91.72774,312.0,24.38,ok
26.37254,91.86246,57.0,2.26,ok
26.14972,91.53323,44.0,0.0,ok
26.23884,91.86547,45.0,0.0,ok
26.06048,91.68357,285.0,23.96,ok
26.43916,91.88945,61.0,0.93,ok
26.23819,91.51637,51.0,1.39,ok
26.01697,91.73766,391.0,14.51,ok
26.10336,91.75723,62.0,6.17,ok
26.13344,91.67886,90.0,23.27,ok
26.09346,91.93572,65.0,3.6,ok
26.01557,91.63282,279.0,18.48,ok
26.09798,91.69278,115.0,6.44,ok
26.11832,91.79397,59.0,2.12,ok
26.15283,91.60067,53.0,0.93,ok
26.088,91.67714,258.0,13.32,ok
26.0615,91.8214,381.0,16.13,ok
26.09742,91.71858,158.0,27.4,ok
26.02114,91.7164,404.0,30.06,ok
26.14155,91.53904,44.0,0.0,ok
25.9,94.78917,1047.0,24.81,ok
25.88667,94.78639,1176.0,4.15,ok
25.54123,94.53986,1194.0,35.08,ok
25.67102,94.59128,673.0,11.74,ok
25.52168,94.50007,1233.0,14.88,ok
25.63605,94.70775,1289.0,23.42,ok
25.6094,94.55621,1074.0,28.4,ok
25.62297,94.73171,1678.0,34.49,ok
25.54155,94.61764,1442.0,13.36,ok
25.52881,94.66995,1250.0,38.88,ok
25.91175,94.5728,1398.0,40.89,ok
25.75652,94.9356,2050.0,28.92,ok
25.61076,94.54648,1007.0,26.42,ok
25.69299,94.72981,845.0,23.32,ok
25.71344,94.9562,1981.0,37.99,ok
25.63698,94.56682,646.0,18.97,ok
25.72663,94.67286,1048.0,15.54,ok
25.84828,94.54866,1445.0,27.51,ok
25.86724,94.79718,742.0,32.55,ok
25.8223,94.88793,1190.0,39.82,ok
25.66403,94.51269,1577.0,36.77,ok
25.91174,94.73982,1120.0,37.59,ok
25.83657,94.85239,1121.0,14.64,ok
25.55083,94.96097,1181.0,31.94,ok
25.75637,94.7427,864.0,28.69,ok
25.94012,94.88546,698.0,39.23,ok
25.50892,94.84265,1752.0,37.0,ok
25.58543,94.72736,2005.0,35.66,ok
25.57964,94.97389,1324.0,26.98,ok
25.75285,94.73006,498.0,20.6,ok
25.83517,94.97764,1906.0,23.41,ok
25.61316,94.82282,899.0,23.98,ok
25.79608,94.52076,1291.0,29.98,ok
25.83377,94.65027,1611.0,38.15,ok
25.91325,94.91878,1421.0,11.69,ok
25.63222,94.81599,1014.0,29.81,ok
25.68984,94.84005,855.0,32.35,ok
25.78746,94.71697,1126.0,21.83,ok
25.94241,94.93099,698.0,11.57,ok
25.51275,94.92236,698.0,16.69,ok
25.53075,94.6573,1436.0,25.98,ok
25.55647,94.97692,636.0,35.53,ok
25.86347,94.50482,1174.0,33.95,ok
25.89917,94.66672,1482.0,42.93,ok
25.86659,94.97089,2198.0,4.81,ok
25.94522,94.53358,1014.0,31.15,ok
25.98389,94.6726,2002.0,34.97,ok
25.99488,94.83038,1321.0,31.0,ok
25.67349,94.64316,903.0,21.44,ok
25.63387,94.94036,2382.0,30.87,ok
25.91815,94.6231,1585.0,31.84,ok
25.75062,94.93874,1906.0,32.68,ok
25.95647,94.77205,1430.0,41.98,ok
19.13194,72.87472,55.0,8.8,ok
23.85417,91.34361,16.0,3.17,ok
23.98033,91.47528,82.0,12.27,ok
23.80277,91.27219,19.0,6.12,ok
23.55385,91.4243,41.0,6.54,ok
23.63446,91.25199,11.0,2.02,ok
23.81338,91.19868,12.0,1.85,ok
23.5238,91.3862,36.0,7.6,ok
23.74538,91.24732,19.0,2.74,ok
23.94123,91.2113,17.0,1.37,ok
23.5551,91.23967,50.0,6.54,ok
23.86749,91.2837,25.0,2.96,ok
23.70216,91.24204,43.0,1.01,ok
23.89558,91.34285,28.0,2.11,ok
23.65147,91.30615,26.0,2.78,ok
23.84557,91.39908,32.0,2.23,ok
23.67792,91.23852,37.0,6.12,ok
23.9969,91.39683,30.0,2.74,ok
23.53592,91.23237,33.0,1.85,ok
23.65959,91.35812,45.0,7.44,ok
23.81361,91.34489,56.0,2.74,ok
23.65197,91.3822,54.0,2.02,ok
23.79252,91.27351,31.0,1.37,ok
23.76736,91.30609,48.0,3.7,ok
23.6035,91.37995,32.0,4.9,ok
26.36083,94.84,2004.0,23.07,ok
26.37639,94.84056,1881.0,36.31,ok
26.34417,94.83333,1746.0,10.97,ok
26.38778,94.82583,1648.0,20.68,ok
26.39094,94.94406,547.0,23.49,ok
26.40908,94.96308,695.0,28.45,ok
26.41931,94.97369,686.0,15.03,ok
26.11,94.76,1005.0,22.8,ok
26.39936,94.94553,645.0,28.19,ok
26.00437,94.63396,1848.0,23.66,ok
26.12283,94.84189,1627.0,43.17,ok
26.16121,94.93174,2059.0,31.25,ok
26.49934,94.53038,267.0,4.74,ok
26.40048,94.78316,1309.0,22.71,ok
26.13906,94.74511,1239.0,17.49,ok
26.12224,94.89547,997.0,20.75,ok
26.35922,94.58245,1316.0,18.56,ok
26.20935,94.69814,1738.0,43.98,ok
26.2881,94.94977,1854.0,19.9,ok
26.47134,94.53682,435.0,25.76,ok
26.37799,94.69583,821.0,29.85,ok
26.0482,94.80114,1351.0,26.43,ok
26.23857,94.70231,1635.0,13.72,ok
26.09652,94.64756,1532.0,19.22,ok
26.06826,94.9661,1093.0,37.76,ok
26.49555,94.63624,569.0,33.54,ok
26.43734,94.91904,550.0,37.41,ok
26.0237,94.56389,1027.0,6.18,ok
26.01602,94.65583,1677.0,28.33,ok
26.08063,94.9281,912.0,18.71,ok
26.21706,94.58904,1067.0,32.58,ok
26.3351,94.63788,464.0,4.13,ok
26.32702,94.83422,1691.0,25.29,ok
26.42802,94.82052,1703.0,37.56,ok
26.14522,94.78369,1634.0,30.31,ok
26.10872,94.98318,977.0,27.53,ok
26.23377,94.53453,1122.0,3.1,ok
26.28217,94.64812,987.0,24.94,ok
26.23284,94.8583,1943.0,31.65,ok
26.12507,94.56524,1241.0,18.71,ok
26.11621,94.601,1875.0,15.76,ok
26.03005,94.90801,637.0,15.13,ok
26.24675,94.72017,1192.0,18.64,ok
26.30733,94.86185,835.0,22.32,ok
26.36912,94.57878,1444.0,33.65,ok
26.40622,94.67422,767.0,34.01,ok
26.49078,94.91085,574.0,19.79,ok
26.12802,94.61438,1727.0,6.24,ok
26.02118,94.93272,1355.0,27.71,ok
26.24608,94.52466,697.0,20.09,ok
26.22452,94.63622,1005.0,29.26,ok
26.41583,94.56172,633.0,12.9,ok
26.43002,94.83937,1193.0,21.64,ok
26.29338,94.5464,770.0,12.51,ok
26.24724,94.74593,1749.0,25.73,ok
26.27969,94.90824,2109.0,26.9,ok
26.41908,94.57194,521.0,23.92,ok
26.39941,94.69183,430.0,5.56,ok
26.41637,94.88474,688.0,28.61,ok
26.14108,94.91355,1666.0,34.62,ok
26.15692,94.69418,2014.0,32.98,ok
26.49995,94.65327,873.0,23.28,ok
26.20261,91.14528,37.0,9.38,ok
26.0965,91.1667,42.0,2.06,ok
26.19126,91.28407,48.0,2.96,ok
26.0492,91.11976,44.0,3.6,ok
26.07448,91.3346,45.0,2.77,ok
26.4528,91.08692,41.0,2.96,ok
26.05241,91.10914,47.0,1.03,ok
26.28761,91.09908,41.0,2.12,ok
26.3999,91.10868,44.0,0.93,ok
26.10696,91.3084,48.0,4.22,ok
26.32646,91.45824,47.0,0.93,ok
26.17311,91.47736,142.0,30.01,ok
26.35037,91.25171,48.0,3.84,ok
26.30984,91.14642,41.0,1.03,ok
26.14384,91.05771,41.0,5.55,ok
26.12921,91.30488,48.0,2.06,ok
26.08323,91.27489,47.0,3.23,ok
26.07595,91.29602,45.0,1.39,ok
26.08445,91.48718,57.0,1.39,ok
26.03289,91.05271,45.0,2.96,ok
26.12701,91.31079,43.0,2.26,ok
26.11839,91.05937,47.0,0.93,ok
26.12327,91.27622,41.0,2.06,ok
26.00603,91.46583,50.0,1.39,ok
26.12176,91.02003,40.0,2.26,ok
26.07862,91.24132,47.0,0.93,ok
26.14492,91.23791,38.0,5.23,ok
26.1489,91.09146,42.0,1.39,ok
26.02394,91.34959,85.0,23.71,ok
25.54261,92.10867,1138.0,15.7,ok
25.54328,92.10478,1272.0,28.94,ok
25.54264,92.10214,1332.0,6.88,ok
25.54231,92.1,1336.0,17.35,ok
25.54261,92.09842,1318.0,10.88,ok
25.59347,92.23252,1189.0,4.21,ok
25.79777,92.0201,1091.0,13.68,ok
25.64791,92.32548,947.0,8.04,ok
25.93811,92.30157,539.0,1.38,ok
25.76039,92.36616,804.0,8.22,ok
25.70921,92.19538,814.0,6.74,ok
25.65898,92.00882,919.0,6.42,ok
25.88943,92.32765,552.0,4.21,ok
25.88684,92.47528,657.0,22.49,ok
25.51957,92.29693,1356.0,10.88,ok
25.81146,92.02897,951.0,21.73,ok
25.81847,92.40295,851.0,15.41,ok
25.57792,92.13903,1061.0,20.68,ok
25.75836,92.28612,858.0,17.97,ok
25.62887,92.4822,939.0,11.75,ok
25.84359,92.16557,735.0,11.31,ok
25.87253,92.47678,582.0,5.45,ok
25.53172,92.25672,1285.0,0.93,ok
25.95727,92.18829,658.0,10.8,ok
25.5038,92.02514,1548.0,0.93,ok
25.59589,92.31076,1122.0,4.23,ok
25.59853,92.41705,894.0,7.67,ok
25.74946,92.33552,847.0,10.86,ok
25.68116,92.38976,928.0,26.29,ok
25.78125,92.1647,941.0,13.87,ok
25.78201,92.41937,934.0,7.16,ok
25.95175,92.05536,694.0,9.55,ok
25.97039,92.12424,570.0,21.7,ok
25.50575,92.35142,1294.0,10.99,ok
25.60145,92.09774,902.0,8.22,ok
25.82236,92.33974,582.0,17.98,ok
25.85935,92.02363,712.0,10.48,ok
25.91557,92.2029,636.0,5.54,ok
25.92108,92.49021,524.0,7.44,ok
25.63852,92.00445,1118.0,11.69,ok
25.57834,92.08907,1097.0,16.28,ok
25.79433,92.02178,973.0,13.36,ok
25.85308,92.12652,1054.0,23.0,ok
25.96596,92.25158,813.0,14.5,ok
25.63876,92.38217,861.0,4.81,ok
25.75784,92.26477,765.0,13.95,ok
25.95569,92.01265,521.0,4.21,ok
25.87382,92.38947,563.0,15.47,ok
25.95582,92.48619,427.0,12.48,ok
25.51903,92.37539,1266.0,2.78,ok
25.55184,92.18412,1209.0,2.12,ok
25.70925,92.35696,892.0,14.5,ok
25.74859,92.44616,859.0,2.25,ok
25.92519,92.30741,661.0,22.82,ok
25.57624,92.21088,1243.0,22.7,ok
25.79082,92.37761,803.0,14.5,ok
25.8532,92.47595,650.0,16.12,ok
25.89988,92.2636,734.0,8.42,ok
25.65918,92.0913,906.0,12.87,ok
25.65517,92.4969,848.0,5.06,ok
25.76085,92.32995,697.0,4.15,ok
25.90845,92.40462,542.0,15.1,ok
25.53193,92.20162,1327.0,14.8,ok
25.60436,92.39598,927.0,16.61,ok
25.69896,92.13295,879.0,8.62,ok
25.88162,92.06658,689.0,6.31,ok
25.86021,92.36218,773.0,15.31,ok
14.84285,74.17655,,,failed
14.53982,74.34852,,,failed
14.86447,74.21004,,,failed
14.5394,74.31237,,,failed
14.55326,74.35917,,,failed
14.54684,74.35782,,,failed
14.53944,74.31231,,,failed
14.51316,74.41122,,,failed
14.8099,74.14158,,,failed
14.87983,74.41272,,,failed
14.54982,74.34892,,,failed
24.57025,92.685,,,failed
24.51131,92.69303,,,failed
24.51594,92.54089,,,failed
24.80376,92.73338,,,failed
24.73197,92.75989,,,failed
24.79489,92.55506,,,failed
24.70656,92.65008,,,failed
24.73117,92.64739,,,failed
24.72192,92.90381,,,failed
24.88062,92.75227,,,failed
24.807,92.87337,,,failed
24.6154,92.63793,,,failed
24.5676,92.80299,,,failed
24.88735,92.65808,,,failed
24.88262,92.96565,,,failed
24.54253,92.79807,,,failed
24.81563,92.8739,,,failed
24.54621,92.97636,,,failed
24.70384,92.9293,,,failed
24.66062,92.85073,,,failed
24.82293,92.53465,,,failed
24.8106,92.71026,,,failed
24.60298,92.69177,,,failed
24.83704,92.67332,,,failed
24.67855,92.84976,,,failed
24.69865,92.66021,,,failed
24.93294,92.99722,,,failed
24.67281,92.96006,,,failed
24.99868,92.95669,,,failed
24.55068,92.9845,,,failed
24.94346,92.94623,,,failed
24.74684,92.96947,,,failed
24.80104,92.96562,,,failed
24.97282,92.66055,,,failed
24.95556,92.60344,,,failed
24.67777,92.62267,,,failed
24.71098,92.80954,,,failed
24.56945,92.96242,,,failed
24.53866,92.68435,,,failed
24.64073,92.5734,,,failed
24.64711,92.70725,,,failed
24.6581,92.81038,,,failed
24.57742,92.82692,,,failed
24.70184,92.94589,,,failed
24.58982,92.84815,,,failed
24.53565,92.69258,,,failed
24.7166,92.89326,,,failed
24.61242,92.61293,,,failed
24.51776,92.84681,,,failed
24.61039,92.9312,,,failed
24.58323,92.50877,,,failed
24.53661,92.70114,,,failed
24.56371,92.54821,,,failed
24.66805,92.84879,,,failed
24.91499,92.56479,,,failed
24.80053,92.61866,,,failed
24.9281,92.96126,,,failed
24.60758,92.73523,,,failed
24.87841,92.73445,,,failed
24.84532,92.92399,,,failed
24.66772,92.82404,,,failed
24.87244,92.75981,,,failed
24.64456,92.78059,,,failed
24.80741,92.55477,,,failed
24.78134,92.79,,,failed
24.88306,92.94314,,,failed
24.63469,92.67209,,,failed
24.79692,92.8354,,,failed
24.75887,92.92252,,,failed
24.54532,92.58508,,,failed
24.73453,92.8426,,,failed
24.62779,92.62399,,,failed
24.91512,92.66638,,,failed
24.82783,92.98241,,,failed
24.67023,92.71119,,,failed
24.78611,92.84068,,,failed
24.61074,92.87443,,,failed
24.51561,92.96676,,,failed
24.80531,92.54949,,,failed
24.79684,92.68686,,,failed
25.12431,92.90428,,,failed
25.12458,92.98911,,,failed
25.121,92.91503,,,failed
25.04783,92.78931,,,failed
25.36626,92.82304,,,failed
25.11766,92.84771,,,failed
25.27022,92.91937,,,failed
25.49048,92.59086,,,failed
25.46941,92.90343,,,failed
25.28394,92.75014,,,failed
25.44281,92.76672,,,failed
25.09142,92.61931,,,failed
25.28388,92.95726,,,failed
25.45875,92.53938,,,failed
25.41988,92.83603,,,failed
25.19266,92.65533,,,failed
25.28607,92.96421,,,failed
25.36756,92.75968,,,failed
25.01001,92.71545,,,failed
25.03451,92.79494,,,failed
25.34726,92.98376,,,failed
25.0543,92.7701,,,failed
25.30897,92.82606,,,failed
25.03616,92.94211,,,failed
25.34944,92.99098,,,failed
25.21822,92.94007,,,failed
25.18402,92.95048,,,failed
25.02024,92.69609,,,failed
25.40299,92.52489,,,failed
25.15112,92.66302,,,failed
25.27548,92.50875,,,failed
25.4617,92.51043,,,failed
25.26086,92.71138,,,failed
25.42196,92.65092,,,failed
25.31744,92.60875,,,failed
25.46723,92.57701,,,failed
25.04738,92.65629,,,failed
25.18774,92.5684,,,failed
25.37146,92.57877,,,failed
25.41565,92.69662,,,failed
25.45827,92.68193,,,failed
25.1726,92.5997,,,failed
25.39872,92.6595,,,failed
25.0204,92.74515,,,failed
25.07462,92.55198,,,failed
25.22369,92.60123,,,failed
25.00647,92.68867,,,failed
25.06716,92.60978,,,failed
25.44354,92.69855,,,failed
25.22956,93.1556,,,failed
25.20739,93.12278,,,failed
25.23231,93.03333,,,failed
25.15561,93.02222,,,failed
25.17986,93.07078,,,failed
25.14678,93.03097,,,failed
25.14872,93.03192,,,failed
25.14525,93.02917,,,failed
25.17692,93.02656,,,failed
25.17703,93.02089,,,failed
25.17597,93.02017,,,failed
25.17506,93.02042,,,failed
25.17189,93.02061,,,failed
25.16564,93.02544,,,failed
25.16344,93.02317,,,failed
25.15069,93.02583,,,failed
25.14586,93.02419,,,failed
25.14042,93.02039,,,failed
25.13961,93.01956,,,failed
25.13447,93.01897,,,failed
25.17639,93.11614,,,failed
25.15572,93.02278,,,failed
25.15736,93.01608,,,failed
25.15933,93.017,,,failed
25.24597,93.02828,,,failed
25.23881,93.03219,,,failed
25.15658,93.01961,,,failed
25.41733,93.12908,,,failed
25.1775,93.02622,,,failed
25.20553,93.02014,,,failed
25.19669,93.01858,,,failed
25.18844,93.01967,,,failed
25.164,93.04019,,,failed
25.18956,93.09642,,,failed
25.24194,93.14319,,,failed
25.27481,93.14556,,,failed
25.15714,93.01719,,,failed
25.40586,93.11097,,,failed
25.39156,93.11317,,,failed
25.22428,93.22286,,,failed
25.15681,93.01972,,,failed
25.16579,93.00948,,,failed
25.15859,93.01292,,,failed
25.16023,93.01084,,,failed
25.17623,93.01326,,,failed
25.17136,93.01102,,,failed
25.16804,93.02503,,,failed
25.15556,93.02158,,,failed
25.16808,93.02492,,,failed
25.16267,93.00981,,,failed
25.16736,93.00953,,,failed
25.18919,93.02118,,,failed
25.15814,93.02478,,,failed
25.17483,93.01986,,,failed
25.17742,93.00975,,,failed
25.3162,93.00616,,,failed
25.12107,93.1873,,,failed
25.39249,93.43724,,,failed
25.30028,93.36193,,,failed
25.34792,93.30819,,,failed
25.39797,93.24286,,,failed
25.03255,93.36541,,,failed
25.46295,93.16714,,,failed
25.19205,93.31874,,,failed
25.40075,93.20951,,,failed
25.27175,93.09823,,,failed
25.16543,93.34345,,,failed
25.36473,93.20428,,,failed
25.05401,93.12367,,,failed
25.09482,93.36295,,,failed
25.47372,93.00314,,,failed
25.462,93.27537,,,failed
25.12129,93.26153,,,failed
25.06095,93.45004,,,failed
25.42514,93.06425,,,failed
25.22727,93.38059,,,failed
25.29362,93.30833,,,failed
25.38892,93.43406,,,failed
25.20366,93.37577,,,failed
25.06829,93.4047,,,failed
25.28273,93.22762,,,failed
25.3296,93.442,,,failed
25.02294,93.31533,,,failed
25.13975,93.42131,,,failed
25.4151,93.42872,,,failed
25.46593,93.0625,,,failed
25.48318,93.44002,,,failed
25.01042,93.37342,,,failed
25.17163,93.41823,,,failed
25.39665,93.14102,,,failed
25.42104,93.23615,,,failed
25.47554,93.05247,,,failed
25.05316,93.22489,,,failed
25.03712,93.48586,,,failed
25.32688,93.23882,,,failed
25.39028,93.46139,,,failed
25.12067,93.04494,,,failed
25.20787,93.26489,,,failed
25.22242,93.03477,,,failed
25.31821,93.39373,,,failed
25.34098,93.43848,,,failed
25.08186,93.1559,,,failed
25.08549,93.2143,,,failed
25.46912,93.17839,,,failed
25.49948,93.47535,,,failed
25.10188,93.02595,,,failed
25.16342,93.26477,,,failed
25.34904,93.12801,,,failed
25.19527,93.39922,,,failed
25.30904,93.28404,,,failed
24.71083,92.48117,,,failed
24.70619,92.28997,,,failed
24.65939,92.49736,,,failed
24.78003,92.45372,,,failed
24.78381,92.45564,,,failed
24.5897,92.2999,,,failed
24.52128,92.46009,,,failed
24.82474,92.07801,,,failed
24.64406,92.0036,,,failed
24.68297,92.05134,,,failed
24.55315,92.15918,,,failed
24.73773,92.00992,,,failed
24.9135,92.38453,,,failed
24.53723,92.10087,,,failed
24.88049,92.12826,,,failed
24.99623,92.34038,,,failed
24.775,92.39483,,,failed
24.61834,92.14646,,,failed
24.91956,92.15484,,,failed
24.59089,92.35106,,,failed
24.65122,92.46434,,,failed
24.60415,92.34466,,,failed
24.95995,92.30299,,,failed
24.566,92.15822,,,failed
24.82774,92.19142,,,failed
24.59267,92.47252,,,failed
24.91285,92.16566,,,failed
24.9697,92.02769,,,failed
24.94565,92.24775,,,failed
24.93852,92.01606,,,failed
24.91164,92.42417,,,failed
24.97988,92.35281,,,failed
24.95118,92.44279,,,failed
24.93855,92.25666,,,failed
24.93564,92.30253,,,failed
24.65206,92.41303,,,failed
24.63006,92.47335,,,failed
24.67793,92.35498,,,failed
24.54087,92.47729,,,failed
24.62635,92.37861,,,failed
24.54342,92.33633,,,failed
24.62375,92.46835,,,failed
24.9079,92.14047,,,failed
24.66319,92.29387,,,failed
24.92591,92.43798,,,failed
24.68969,92.49675,,,failed
24.8453,92.33297,,,failed
24.61782,92.43635,,,failed
24.91406,92.14861,,,failed
24.61661,92.11118,,,failed
24.52551,92.34806,,,failed
24.91418,92.13314,,,failed
24.809,92.34094,,,failed
24.59036,92.19884,,,failed
24.57305,92.48374,,,failed
24.84921,92.42809,,,failed
24.52129,92.30278,,,failed
24.74414,92.49328,,,failed
24.53657,92.01193,,,failed
24.6532,92.39023,,,failed
24.70589,92.19429,,,failed
24.72423,92.44406,,,failed
24.58737,92.37825,,,failed
23.9,91.75622,,,failed
23.79344,91.55206,,,failed
23.79425,91.55353,,,failed
23.53657,91.55362,,,failed
23.63488,91.61675,,,failed
23.70219,91.9166,,,failed
23.79245,91.58052,,,failed
23.53049,91.59004,,,failed
23.59572,91.675,,,failed
23.83724,91.54809,,,failed
23.90986,91.96903,,,failed
23.53177,91.6356,,,failed
23.58027,91.50736,,,failed
23.75792,91.79092,,,failed
23.8543,91.86134,,,failed
23.87525,91.90842,,,failed
23.52815,91.51004,,,failed
23.61148,91.73573,,,failed
23.75496,91.55903,,,failed
23.99808,91.61912,,,failed
23.80408,91.94547,,,failed
23.56364,91.69222,,,failed
23.94464,91.80041,,,failed
23.55683,91.8858,,,failed
23.76326,91.74155,,,failed
23.77854,91.93474,,,failed
23.9537,91.85948,,,failed
23.84092,91.89862,,,failed
23.55396,91.51304,,,failed
23.51608,91.60228,,,failed
23.57787,91.80389,,,failed
23.92583,91.74334,,,failed
23.61197,91.87769,,,failed
23.57326,91.89353,,,failed
23.88161,91.84076,,,failed
23.71458,91.6841,,,failed
9.7005,77.1069,,,failed
9.7015,77.1066,,,failed
9.616,77.19,,,failed
9.617,77.19,,,failed
27.57503,88.65403,,,failed
27.56111,88.65453,,,failed
27.52839,88.59972,,,failed
27.56942,88.65272,,,failed
27.59028,88.65394,,,failed
27.51492,88.56314,,,failed
27.5091,88.53848,,,failed
27.61936,88.66131,,,failed
27.58922,88.5466,,,failed
27.59762,88.64554,,,failed
27.5898,88.80547,,,failed
27.5827,88.93499,,,failed
27.74337,88.66716,,,failed
27.72985,88.82429,,,failed
27.73407,88.89465,,,failed
27.78078,88.6314,,,failed
27.83151,88.70298,,,failed
27.85289,88.85871,,,failed
27.52252,88.52053,,,failed
27.5118,88.69128,,,failed
27.54873,88.66546,,,failed
27.63029,88.79544,,,failed
27.56246,88.9089,,,failed
27.68136,88.66235,,,failed
27.64728,88.79994,,,failed
27.68515,88.91848,,,failed
27.83407,88.60686,,,failed
27.77308,88.72715,,,failed
27.79575,88.83117,,,failed
27.61448,88.51793,,,failed
27.62336,88.80515,,,failed
27.61171,88.89942,,,failed
27.71693,88.63487,,,failed
27.64388,88.763,,,failed
27.65526,88.85618,,,failed
27.84664,88.55862,,,failed
27.84205,88.60074,,,failed
27.77895,88.80744,,,failed
27.87048,88.91198,,,failed
27.51404,88.75213,,,failed
27.55431,88.50818,,,failed
27.56199,88.59411,,,failed
27.57719,88.70213,,,failed
27.59025,88.94736,,,failed
27.69024,88.68582,,,failed
27.64676,88.77814,,,failed
27.6526,88.87605,,,failed
27.81238,88.67755,,,failed
27.79256,88.72705,,,failed
27.86245,88.83206,,,failed
27.50867,88.55535,,,failed
27.50987,88.6852,,,failed
27.5123,88.71618,,,failed
27.56392,88.54442,,,failed
27.54325,88.67248,,,failed
27.56338,88.78262,,,failed
27.5927,88.95014,,,failed
27.64603,88.51523,,,failed
27.69325,88.62794,,,failed
27.65889,88.80314,,,failed
27.7395,88.85215,,,failed
27.86809,88.56994,,,failed
27.76202,88.69932,,,failed
27.8274,88.80305,,,failed
27.83081,88.84732,,,failed
27.51888,88.7215,,,failed
27.59552,88.55789,,,failed
27.61124,88.70942,,,failed
27.61024,88.90579,,,failed
27.66633,88.57218,,,failed
27.70202,88.69658,,,failed
27.69552,88.73729,,,failed
27.74568,88.92202,,,failed
27.86838,88.57946,,,failed
27.78969,88.73672,,,failed
27.7702,88.90228,,,failed
27.6072,88.74969,,,failed
27.60512,88.90166,,,failed
27.70953,88.6334,,,failed
27.72252,88.71549,,,failed
27.65378,88.86505,,,failed
27.78564,88.51396,,,failed
27.7752,88.62632,,,failed
27.82869,88.79696,,,failed
27.78212,88.86734,,,failed
27.52851,88.5224,,,failed
27.58306,88.57646,,,failed
27.58188,88.80134,,,failed
27.6353,88.85266,,,failed
27.67976,88.57141,,,failed
27.6978,88.62799,,,failed
27.73148,88.74222,,,failed
27.68469,88.90677,,,failed
27.87291,88.69445,,,failed
27.85124,88.75538,,,failed
27.84592,88.84006,,,failed
27.60818,88.7012,,,failed
27.63607,88.78354,,,failed
27.61911,88.95547,,,failed
27.72529,88.63144,,,failed
27.69117,88.82364,,,failed
27.73095,88.88241,,,failed
27.83857,88.68415,,,failed
27.79416,88.70248,,,failed
27.78692,88.95236,,,failed
27.57131,88.55131,,,failed
27.57958,88.58381,,,failed
27.59804,88.71282,,,failed
27.53552,88.94137,,,failed
27.75612,88.55044,,,failed
27.72627,88.66063,,,failed
27.6471,88.76528,,,failed
27.67333,88.91101,,,failed
27.8621,88.5703,,,failed
27.83938,88.65006,,,failed
27.85111,88.7848,,,failed
27.7743,88.89171,,,failed
27.58563,88.54731,,,failed
27.62019,88.8063,,,failed
27.63865,88.94883,,,failed
27.69375,88.54868,,,failed
27.70567,88.58947,,,failed
27.67917,88.79889,,,failed
27.70984,88.89694,,,failed
27.37442,88.54506,,,failed
27.36978,88.54467,,,failed
27.28408,88.54611,,,failed
27.4097,88.54371,,,failed
27.48603,88.53269,,,failed
27.23772,88.51384,,,failed
27.46166,88.52341,,,failed
27.179,88.53314,,,failed
27.33208,88.50902,,,failed
27.24144,88.60681,,,failed
27.32889,88.60778,,,failed
27.25338,88.54895,,,failed
27.28578,88.5535,,,failed
27.28667,88.55347,,,failed
27.37211,88.61672,,,failed
27.21392,88.60833,,,failed
27.24883,88.60192,,,failed
27.40252,88.51868,,,failed
27.4432,88.6087,,,failed
27.37261,88.54102,,,failed
27.01457,88.78886,,,failed
27.17302,88.68038,,,failed
27.12282,88.74951,,,failed
27.23662,88.71544,,,failed
27.2606,88.8709,,,failed
27.3391,88.66331,,,failed
27.352,88.72968,,,failed
27.39402,88.83161,,,failed
27.47959,88.57159,,,failed
27.46905,88.59728,,,failed
27.47629,88.80802,,,failed
27.48551,88.93058,,,failed
27.00966,88.77933,,,failed
27.02722,88.90742,,,failed
27.12453,88.72163,,,failed
27.28658,88.50777,,,failed
27.18276,88.72437,,,failed
27.28933,88.8393,,,failed
27.34428,88.68007,,,failed
27.34466,88.87768,,,failed
27.48442,88.7452,,,failed
27.42996,88.88371,,,failed
27.03572,88.79122,,,failed
27.13768,88.6552,,,failed
27.13377,88.70712,,,failed
27.28447,88.52577,,,failed
27.28913,88.67365,,,failed
27.24827,88.81342,,,failed
27.23692,88.83344,,,failed
27.32574,88.69979,,,failed
27.32248,88.73087,,,failed
27.42622,88.53098,,,failed
27.47097,88.669,,,failed
27.47519,88.8193,,,failed
27.43699,88.8961,,,failed
27.03076,88.77944,,,failed
27.00866,88.84287,,,failed
27.17159,88.67865,,,failed
27.17377,88.81535,,,failed
27.10508,88.94031,,,failed
27.21083,88.53784,,,failed
27.28506,88.82936,,,failed
27.30128,88.66073,,,failed
27.35448,88.82937,,,failed
27.45957,88.64656,,,failed
27.47147,88.8349,,,failed
27.07315,88.79688,,,failed
27.16631,88.90543,,,failed
27.2139,88.8105,,,failed
27.2137,88.93103,,,failed
27.38903,88.66463,,,failed
27.39709,88.88878,,,failed
27.47351,88.85104,,,failed
27.00021,88.93047,,,failed
27.1715,88.58677,,,failed
27.07423,88.7488,,,failed
27.08807,88.91342,,,failed
27.20006,88.53002,,,failed
27.21501,88.7963,,,failed
27.25459,88.9409,,,failed
27.31314,88.58383,,,failed
27.31746,88.72328,,,failed
27.35093,88.86176,,,failed
27.49425,88.84031,,,failed
27.05662,88.9197,,,failed
27.15452,88.78593,,,failed
27.08822,88.87707,,,failed
27.26876,88.61875,,,failed
27.25677,88.77294,,,failed
27.27359,88.83602,,,failed
27.30826,88.652,,,failed
27.39829,88.88118,,,failed
27.47653,88.64704,,,failed
27.4206,88.78081,,,failed
27.48389,88.91407,,,failed
27.03443,88.56489,,,failed
27.04515,88.84691,,,failed
27.16762,88.52939,,,failed
27.14322,88.69894,,,failed
27.15803,88.70972,,,failed
27.08242,88.84961,,,failed
27.28116,88.67073,,,failed
27.28417,88.94735,,,failed
27.35055,88.53327,,,failed
27.39411,88.67024,,,failed
27.33191,88.78569,,,failed
27.34283,88.89708,,,failed
27.468,88.64321,,,failed
27.44242,88.7098,,,failed
27.44499,88.95473,,,failed
27.02137,88.80102,,,failed
27.06892,88.63713,,,failed
27.16022,88.82214,,,failed
27.12867,88.8498,,,failed
27.274,88.66179,,,failed
27.25235,88.76481,,,failed
27.21513,88.82892,,,failed
27.34385,88.68756,,,failed
27.32716,88.71755,,,failed
27.3667,88.9524,,,failed
27.49422,88.6483,,,failed
27.43456,88.82455,,,failed
27.46622,88.90201,,,failed
27.04449,88.64217,,,failed
27.0547,88.93045,,,failed
27.16376,88.72908,,,failed
27.12668,88.87507,,,failed
27.20813,88.5605,,,failed
27.18863,88.838,,,failed
27.40443,88.59709,,,failed
27.40913,88.80085,,,failed
27.35968,88.86093,,,failed
27.48749,88.50344,,,failed
27.43808,88.64067,,,failed
27.46062,88.75708,,,failed
27.43847,88.94417,,,failed
27.01903,88.83374,,,failed
27.09969,88.70648,,,failed
27.10994,88.86386,,,failed
27.25416,88.63706,,,failed
27.23454,88.82633,,,failed
27.22698,88.9026,,,failed
27.35589,88.53098,,,failed
27.40886,88.79316,,,failed
27.37697,88.84474,,,failed
27.46266,88.58811,,,failed
27.49922,88.79425,,,failed
27.42164,88.91951,,,failed
25.78417,93.80028,,,failed
25.76939,93.80278,,,failed
25.74697,93.98167,,,failed
25.77145,93.90704,,,failed
25.77006,93.93787,,,failed
25.77006,93.93789,,,failed
25.76618,93.94044,,,failed
25.78023,93.93616,,,failed
25.7746,93.91488,,,failed
25.7853,93.8014,,,failed
25.65639,93.75475,,,failed
25.82266,93.6238,,,failed
25.8527,93.88327,,,failed
25.54373,93.83662,,,failed
25.87846,93.99827,,,failed
25.72081,93.95672,,,failed
25.6548,93.67731,,,failed
25.75809,93.53081,,,failed
25.7421,93.73377,,,failed
25.51555,93.76803,,,failed
25.64152,93.88196,,,failed
25.78177,93.70807,,,failed
25.61149,93.61637,,,failed
25.70011,93.66982,,,failed
25.8878,93.88644,,,failed
25.54297,93.85834,,,failed
25.98413,93.54438,,,failed
25.87044,93.90817,,,failed
25.63675,93.79695,,,failed
25.64898,93.66745,,,failed
25.66981,93.71038,,,failed
25.62346,93.97865,,,failed
25.54484,93.68101,,,failed
25.61417,93.60855,,,failed
25.66456,93.60311,,,failed
25.63572,93.75315,,,failed
25.64271,93.79169,,,failed
25.54029,93.7129,,,failed
25.61585,93.98392,,,failed
25.52665,93.60338,,,failed
25.57541,93.7144,,,failed
25.63458,93.59877,,,failed
25.90699,93.69575,,,failed
25.77968,93.84498,,,failed
25.84486,93.96966,,,failed
25.72028,93.57815,,,failed
25.6943,93.88052,,,failed
25.78665,93.57316,,,failed
25.76636,93.82945,,,failed
25.96595,93.78814,,,failed
25.86629,93.60432,,,failed
25.76747,93.76124,,,failed
25.51376,93.78232,,,failed
25.50849,93.99371,,,failed
25.54428,93.60134,,,failed
25.54881,93.86418,,,failed
25.83714,93.52235,,,failed
25.87188,93.92845,,,failed
25.99166,93.82303,,,failed
25.54956,93.6641,,,failed
25.93467,93.59032,,,failed
25.77823,93.83234,,,failed
25.97466,93.65853,,,failed
25.66431,93.58778,,,failed
25.80184,93.5248,,,failed
25.79702,93.93663,,,failed
25.65805,93.65797,,,failed
25.66508,93.90895,,,failed
25.81931,93.66235,,,failed
25.82298,93.83164,,,failed
25.6692,93.65717,,,failed
25.53687,93.88263,,,failed
25.78363,93.6208,,,failed
25.75246,93.84186,,,failed
25.76099,93.99511,,,failed
25.5312,93.67311,,,failed
25.69243,93.95076,,,failed
25.75717,93.61904,,,failed
25.98117,93.76839,,,failed
25.65626,93.69886,,,failed
25.92088,93.62356,,,failed
25.8175,93.81068,,,failed
24.18561,92.94536,,,failed
24.47897,92.68286,,,failed
24.27139,92.96,,,failed
24.35466,92.92551,,,failed
24.36572,92.93014,,,failed
24.28587,92.94599,,,failed
24.28801,92.94602,,,failed
24.4744,92.87654,,,failed
24.49502,92.7553,,,failed
24.09448,92.94428,,,failed
24.16374,92.97914,,,failed
24.27675,92.59313,,,failed
24.30484,92.85894,,,failed
24.00889,92.78874,,,failed
24.37025,92.61812,,,failed
24.13849,92.76801,,,failed
24.40366,92.79096,,,failed
24.48538,92.94717,,,failed
24.15198,92.597,,,failed
24.15467,92.82032,,,failed
24.00375,92.944,,,failed
24.1851,92.56875,,,failed
24.16294,92.82567,,,failed
24.47226,92.56643,,,failed
24.45355,92.62637,,,failed
24.23883,92.70644,,,failed
24.06267,92.83438,,,failed
24.3573,92.95115,,,failed
24.43966,92.64777,,,failed
24.25902,92.7843,,,failed
24.49506,92.50578,,,failed
24.48131,92.93221,,,failed
24.22856,92.5057,,,failed
24.27889,92.76902,,,failed
24.32041,92.81352,,,failed
24.38947,92.63485,,,failed
24.08043,92.53001,,,failed
24.10034,92.67483,,,failed
24.2726,92.93947,,,failed
24.42344,92.62623,,,failed
24.4288,92.79575,,,failed
24.44939,92.93301,,,failed
24.18791,92.61367,,,failed
24.05802,92.64142,,,failed
24.21942,92.91562,,,failed
24.4291,92.88218,,,failed
24.49546,92.9977,,,failed
24.21136,92.58227,,,failed
24.30634,92.80668,,,failed
24.4597,92.73882,,,failed
24.4955,92.79579,,,failed
24.23523,92.53687,,,failed
24.13499,92.88419,,,failed
24.3227,92.72777,,,failed
24.05441,92.80501,,,failed
24.47004,92.8595,,,failed
24.18427,92.61906,,,failed
24.44851,92.59132,,,failed
24.04255,92.83643,,,failed
24.32065,92.91754,,,failed
24.00715,92.84002,,,failed
24.07796,92.58731,,,failed
24.24688,92.57423,,,failed
24.26463,92.55609,,,failed
24.2718,92.79021,,,failed
24.36648,92.9563,,,failed
24.21107,92.52165,,,failed
24.02861,92.68482,,,failed
24.39122,92.61566,,,failed
24.0086,92.71392,,,failed
24.06439,92.81614,,,failed
24.29038,92.8821,,,failed
24.47373,92.98519,,,failed
24.21859,92.77734,,,failed
24.45236,92.64749,,,failed
32.25431,76.08022,,,failed
32.25711,76.07544,,,failed
32.22934,76.32632,,,failed
32.22764,76.32045,,,failed
11.23847,77.50403,,,failed
11.23953,77.50567,,,failed
10.24139,77.50508,,,failed
10.24097,77.50467,,,failed
10.29675,77.55144,,,failed
10.30719,77.55528,,,failed
10.30778,77.55672,,,failed
10.31042,77.56047,,,failed
10.31061,77.56072,,,failed
10.27858,77.56558,,,failed
10.27691,77.55986,,,failed
10.26785,77.55747,,,failed
10.30272,77.66003,,,failed
10.22915,77.55148,,,failed
10.22722,77.55028,,,failed
10.23387,77.55293,,,failed
10.27456,77.61869,,,failed
10.23826,77.50792,,,failed
10.23786,77.50736,,,failed
27.58742,91.88694,,,failed
27.58742,91.88694,,,failed
27.59181,91.86503,,,failed
27.59314,91.87389,,,failed
27.59483,91.86642,,,failed
27.59153,91.88044,,,failed
27.59139,91.9025,,,failed
27.58942,91.86144,,,failed
27.59336,91.87944,,,failed
27.59664,91.87897,,,failed
27.71728,91.77232,,,failed
27.78772,91.8244,,,failed
27.9075,91.78579,,,failed
27.67644,91.80468,,,failed
27.84835,91.85041,,,failed
27.70105,91.99158,,,failed
27.72193,91.95756,,,failed
27.92112,91.88954,,,failed
27.33927,93.80258,,,failed
27.19342,93.78098,,,failed
27.30707,93.80601,,,failed
27.29489,93.80333,,,failed
27.25476,93.8013,,,failed
27.24613,93.80471,,,failed
27.23995,93.80659,,,failed
27.08131,93.61283,,,failed
27.09928,93.61477,,,failed
27.42146,93.99777,,,failed
27.27895,93.66942,,,failed
27.1932,93.67946,,,failed
27.36923,93.83379,,,failed
27.25516,93.69332,,,failed
27.32712,93.96548,,,failed
27.42028,93.74616,,,failed
27.17192,93.53826,,,failed
27.45784,93.81601,,,failed
27.30963,93.52874,,,failed
27.20147,93.9715,,,failed
27.04343,93.52374,,,failed
27.00632,93.95215,,,failed
27.03878,93.98316,,,failed
24.16967,91.76686,,,failed
24.38576,91.75177,,,failed
24.43782,91.57092,,,failed
24.44115,91.984,,,failed
24.40593,91.59325,,,failed
24.07272,91.71082,,,failed
24.44425,91.68182,,,failed
24.12009,91.7837,,,failed
24.44213,91.73802,,,failed
24.14232,91.85088,,,failed
24.27004,91.5819,,,failed
24.30609,91.98387,,,failed
24.08266,91.74569,,,failed
24.35892,91.68214,,,failed
24.25812,91.96159,,,failed
24.13398,91.6494,,,failed
24.39064,91.71007,,,failed
24.05672,91.85998,,,failed
24.30048,91.51016,,,failed
24.46574,91.67804,,,failed
24.08614,91.53156,,,failed
24.1619,91.70577,,,failed
24.19764,91.9752,,,failed
24.45826,91.84958,,,failed
24.47744,91.65724,,,failed
24.4885,91.88978,,,failed
24.06598,91.85149,,,failed
24.3983,91.56856,,,failed
24.01154,91.51371,,,failed
24.15004,91.53267,,,failed
24.17787,91.63612,,,failed
24.3096,91.75584,,,failed
24.38896,91.93313,,,failed
22.82104,92.63873,,,failed
22.87356,92.75595,,,failed
22.91453,92.89333,,,failed
22.97374,92.72598,,,failed
22.90209,92.87991,,,failed
22.96772,92.92568,,,failed
22.97122,92.92554,,,failed
22.96958,92.92592,,,failed
22.51972,92.89104,,,failed
22.54735,92.88203,,,failed
22.78832,92.83382,,,failed
22.79331,92.81983,,,failed
22.89243,92.82294,,,failed
22.64109,92.86764,,,failed
22.66069,92.8556,,,failed
22.68847,92.84291,,,failed
22.70216,92.83652,,,failed
22.707,92.8416,,,failed
22.74539,92.84154,,,failed
22.86613,92.77271,,,failed
22.90357,92.7587,,,failed
22.90345,92.7601,,,failed
22.90462,92.75705,,,failed
22.92253,92.7524,,,failed
22.88042,92.82169,,,failed
22.89524,92.74781,,,failed
22.52203,92.94335,,,failed
22.69931,92.53624,,,failed
22.81038,92.71796,,,failed
22.78051,92.86137,,,failed
22.99404,92.97957,,,failed
22.52912,92.78595,,,failed
22.8174,92.87191,,,failed
22.92255,92.94919,,,failed
22.56118,92.53207,,,failed
22.60595,92.81824,,,failed
22.76715,92.52237,,,failed
22.77469,92.63743,,,failed
22.75944,92.86706,,,failed
22.71442,92.98987,,,failed
22.60205,92.85177,,,failed
22.67295,92.94348,,,failed
22.69984,92.85028,,,failed
22.66449,92.97631,,,failed
22.89848,92.51906,,,failed
22.94588,92.6912,,,failed
22.9213,92.90349,,,failed
22.76212,92.95613,,,failed
22.6926,92.87141,,,failed
22.67796,92.99528,,,failed
22.74972,92.52729,,,failed
22.71556,92.71966,,,failed
22.99714,92.9945,,,failed
22.56479,92.51005,,,failed
22.86242,92.59338,,,failed
22.80037,92.65972,,,failed
22.91234,92.8451,,,failed
22.67714,92.55008,,,failed
22.53835,92.79355,,,failed
22.56081,92.99002,,,failed
22.78249,92.60273,,,failed
22.88405,92.64669,,,failed
22.81278,92.89109,,,failed
22.5653,92.89263,,,failed
22.94456,92.55575,,,failed
22.94442,92.63995,,,failed
22.86368,92.87276,,,failed
22.59026,92.85702,,,failed
22.74638,92.75111,,,failed
30.00561,80.71803,,,failed
33.02986,74.93556,,,failed
33.04139,74.59239,,,failed
33.048,74.61683,,,failed
33.17313,74.783,,,failed
33.14553,74.97701,,,failed
33.02428,74.93825,,,failed
33.07531,74.72877,,,failed
33.13701,74.60872,,,failed
33.0702,74.74497,,,failed
33.04161,74.59127,,,failed
33.04733,74.6446,,,failed
33.03998,74.58563,,,failed
33.0468,74.70177,,,failed
33.16243,74.82163,,,failed
33.1166,74.80328,,,failed
33.30954,74.94223,,,failed
11.41589,76.81712,,,failed
11.3568,76.69266,,,failed
11.33736,76.82256,,,failed
11.45949,76.59325,,,failed
11.46,76.59132,,,failed
11.46976,76.56556,,,failed
11.46934,76.56521,,,failed
11.4891,76.53898,,,failed
11.49067,76.52749,,,failed
11.46814,76.56438,,,failed
11.36275,76.60348,,,failed
11.34398,76.63676,,,failed
11.36296,76.60427,,,failed
11.36133,76.60171,,,failed
11.32286,76.61794,,,failed
11.32247,76.6224,,,failed
11.32275,76.62117,,,failed
11.34464,76.59638,,,failed
11.34471,76.59548,,,failed
11.35807,76.59917,,,failed
11.36013,76.60118,,,failed
11.36078,76.60156,,,failed
11.35854,76.59167,,,failed
11.36079,76.59161,,,failed
11.34166,76.59664,,,failed
11.33736,76.60422,,,failed
11.35914,76.65181,,,failed
11.34962,76.64144,,,failed
11.31956,76.62323,,,failed
11.31278,76.62521,,,failed
11.304,76.61939,,,failed
11.30533,76.61882,,,failed
11.30778,76.61817,,,failed
11.30527,76.63085,,,failed
11.29669,76.63436,,,failed
11.31094,76.61948,,,failed
11.30952,76.6323,,,failed
11.31774,76.62317,,,failed
11.34749,76.59668,,,failed
11.31814,76.6216,,,failed
11.32481,76.61986,,,failed
11.34252,76.59769,,,failed
11.34599,76.59545,,,failed
11.46818,76.58011,,,failed
11.40039,76.71645,,,failed
11.39668,76.71731,,,failed
11.39112,76.7178,,,failed
11.39108,76.71756,,,failed
11.39002,76.71868,,,failed
11.38885,76.72575,,,failed
11.38797,76.73164,,,failed
11.38733,76.73406,,,failed
11.34785,76.78908,,,failed
11.34842,76.7925,,,failed
11.34123,76.79759,,,failed
11.33963,76.79743,,,failed
11.33669,76.79845,,,failed
11.33453,76.7958,,,failed
11.33591,76.79098,,,failed
11.33217,76.79413,,,failed
11.3307,76.79916,,,failed
11.32999,76.803,,,failed
11.3353,76.81397,,,failed
11.33449,76.81551,,,failed
11.33815,76.8267,,,failed
11.3392,76.8392,,,failed
11.35161,76.83177,,,failed
11.34167,76.80274,,,failed
11.34065,76.80033,,,failed
11.3416,76.80029,,,failed
11.35857,76.79312,,,failed
11.35724,76.79177,,,failed
11.35744,76.79195,,,failed
11.34342,76.79352,,,failed
11.34165,76.80003,,,failed
11.4905,76.5275,,,failed
11.4905,76.5325,,,failed
11.34146,76.63386,,,failed
11.31281,76.62543,,,failed
11.3099,76.62256,,,failed
11.48891,76.53729,,,failed
11.49515,76.51696,,,failed
11.3366,76.8261,,,failed
11.3355,76.81671,,,failed
11.3345,76.8158,,,failed
11.3356,76.8146,,,failed
11.3355,76.814,,,failed
11.3353,76.8135,,,failed
11.335,76.8127,,,failed
11.3312,76.7994,,,failed
11.3495,76.786,,,failed
11.3497,76.7855,,,failed
11.36067,76.78127,,,failed
11.3492,76.787,,,failed
11.342,76.8308,,,failed
11.3428,76.8287,,,failed
11.341,76.8277,,,failed
11.3389,76.8253,,,failed
11.3387,76.822,,,failed
11.3408,76.8325,,,failed
11.3499,76.8478,,,failed
11.3494,76.8484,,,failed
11.3491,76.8486,,,failed
11.3575,76.7837,,,failed
11.3428,76.8665,,,failed
11.3485,76.8699,,,failed
11.3444,76.86134,,,failed
11.33833,76.87086,,,failed
11.34083,76.85725,,,failed
11.34097,76.85692,,,failed
11.33972,76.84953,,,failed
11.34036,76.84983,,,failed
11.34183,76.85008,,,failed
11.34244,76.85006,,,failed
11.34419,76.84842,,,failed
11.34242,76.84642,,,failed
11.3423,76.84593,,,failed
11.33889,76.84272,,,failed
11.34019,76.86667,,,failed
11.33975,76.84194,,,failed
11.33969,76.84094,,,failed
11.33525,76.82756,,,failed
11.33578,76.82769,,,failed
11.33675,76.82814,,,failed
11.33844,76.82786,,,failed
11.33675,76.82742,,,failed
11.33589,76.82678,,,failed
11.33647,76.82564,,,failed
11.33728,76.82531,,,failed
11.34039,76.86431,,,failed
11.33736,76.82425,,,failed
11.33736,76.82419,,,failed
11.33578,76.81989,,,failed
11.33475,76.8195,,,failed
11.33492,76.81864,,,failed
11.33492,76.82417,,,failed
11.33439,76.81717,,,failed
11.33477,76.81732,,,failed
11.33477,76.81728,,,failed
11.33428,76.81322,,,failed
11.34025,76.86203,,,failed
11.33558,76.815,,,failed
11.33547,76.81456,,,failed
11.33547,76.8145,,,failed
11.33528,76.81331,,,failed
11.33536,76.81286,,,failed
11.33536,76.81281,,,failed
11.33433,76.81244,,,failed
11.33231,76.80869,,,failed
11.33042,76.80783,,,failed
11.32925,76.80642,,,failed
11.33842,76.86083,,,failed
11.33147,76.80142,,,failed
11.33128,76.79947,,,failed
11.33128,76.79944,,,failed
11.33244,76.79422,,,failed
11.33461,76.79083,,,failed
11.33372,76.79764,,,failed
11.33406,76.79825,,,failed
11.33406,76.79831,,,failed
11.33597,76.79875,,,failed
11.33646,76.79841,,,failed
11.33814,76.86067,,,failed
11.34025,76.79775,,,failed
11.34058,76.79775,,,failed
11.341,76.79756,,,failed
11.34175,76.79606,,,failed
11.34181,76.79556,,,failed
11.34208,76.79533,,,failed
11.34481,76.79025,,,failed
11.345,76.79022,,,failed
11.34569,76.78942,,,failed
11.34597,76.78917,,,failed
11.33906,76.8575,,,failed
11.34758,76.78822,,,failed
11.3495,76.78722,,,failed
11.34973,76.7869,,,failed
11.34958,76.78603,,,failed
11.34961,76.78558,,,failed
11.35036,76.78528,,,failed
11.35256,76.78483,,,failed
11.35333,76.785,,,failed
11.35414,76.78528,,,failed
11.35983,76.78161,,,failed
11.33956,76.85731,,,failed
11.36067,76.78136,,,failed
11.36231,76.7795,,,failed
11.36292,76.77873,,,failed
11.36631,76.77342,,,failed
11.36644,76.77225,,,failed
11.3665,76.77164,,,failed
11.3665,76.77125,,,failed
11.36659,76.77039,,,failed
11.36706,76.76914,,,failed
11.36689,76.76739,,,failed
11.34003,76.85708,,,failed
11.34333,76.79572,,,failed
11.38377,76.89158,,,failed
11.38272,76.89172,,,failed
11.38255,76.89281,,,failed
11.38051,76.89818,,,failed
11.38437,76.90041,,,failed
11.37318,76.90098,,,failed
11.36944,76.90015,,,failed
11.36671,76.89784,,,failed
11.36658,76.89767,,,failed
11.36597,76.89975,,,failed
11.36496,76.90158,,,failed
11.364,76.90982,,,failed
11.36353,76.91286,,,failed
11.36273,76.91433,,,failed
11.36183,76.91594,,,failed
11.36074,76.91737,,,failed
11.36129,76.91925,,,failed
11.35951,76.91986,,,failed
11.35895,76.91989,,,failed
11.35892,76.92088,,,failed
11.35896,76.92146,,,failed
11.35745,76.92692,,,failed
11.35687,76.93211,,,failed
11.35629,76.933,,,failed
11.35809,76.93395,,,failed
11.35887,76.93558,,,failed
11.35997,76.93761,,,failed
11.3602,76.93834,,,failed
11.35951,76.93782,,,failed
11.3588,76.93761,,,failed
11.35962,76.93848,,,failed
11.3608,76.9394,,,failed
11.36053,76.94007,,,failed
11.36007,76.94175,,,failed
11.35989,76.94218,,,failed
11.35993,76.94278,,,failed
11.36132,76.94568,,,failed
11.35992,76.94276,,,failed
11.36169,76.94605,,,failed
11.3621,76.94641,,,failed
11.36257,76.94761,,,failed
11.36214,76.94927,,,failed
11.36207,76.94978,,,failed
11.36176,76.95017,,,failed
11.36127,76.95067,,,failed
11.36055,76.94817,,,failed
11.35961,76.94662,,,failed
11.35914,76.9463,,,failed
11.35809,76.94534,,,failed
11.3565,76.94579,,,failed
11.35763,76.94602,,,failed
11.35774,76.94669,,,failed
11.35812,76.9496,,,failed
11.35793,76.94888,,,failed
11.3576,76.94858,,,failed
11.35747,76.94804,,,failed
11.3573,76.94762,,,failed
11.35709,76.94703,,,failed
11.35681,76.94698,,,failed
11.35473,76.94561,,,failed
11.35445,76.94379,,,failed
11.35489,76.94308,,,failed
11.35451,76.94263,,,failed
11.35347,76.94215,,,failed
11.34981,76.94119,,,failed
11.34968,76.94148,,,failed
11.34963,76.94182,,,failed
11.34893,76.94316,,,failed
11.34853,76.9434,,,failed
11.34824,76.94361,,,failed
11.3481,76.9438,,,failed
11.34778,76.94399,,,failed
11.34765,76.9445,,,failed
11.34701,76.94478,,,failed
11.34613,76.94403,,,failed
11.34619,76.9439,,,failed
11.34641,76.94359,,,failed
11.34653,76.94348,,,failed
11.34677,76.94266,,,failed
11.34687,76.94158,,,failed
11.34493,76.93815,,,failed
11.34263,76.93718,,,failed
11.4148,76.87341,,,failed
11.40396,76.87554,,,failed
11.3987,76.88035,,,failed
11.39648,76.88035,,,failed
11.39428,76.88478,,,failed
11.39101,76.88568,,,failed
11.39004,76.89138,,,failed
11.38678,76.89224,,,failed
11.38446,76.89047,,,failed
11.3645,76.70561,,,failed
11.35992,76.667,,,failed
11.32755,76.6317,,,failed
11.34204,76.63419,,,failed
11.34303,76.63919,,,failed
11.49052,76.52742,,,failed
11.4907,76.53266,,,failed
11.38372,76.69333,,,failed
11.32233,76.62217,,,failed
11.28111,76.64833,,,failed
11.28092,76.648,,,failed
11.28089,76.64761,,,failed
11.28072,76.64814,,,failed
11.25669,76.62744,,,failed
11.49064,76.52758,,,failed
11.48653,76.68564,,,failed
11.48583,76.68606,,,failed
11.33669,76.64225,,,failed
11.31261,76.62381,,,failed
11.29147,76.64567,,,failed
11.21706,76.60447,,,failed
11.39636,76.65092,,,failed
11.3206,76.6903,,,failed
11.3494,76.7872,,,failed
11.2653,76.7448,,,failed
11.4588,76.8427,,,failed
11.4508,76.89,,,failed
11.3556,76.771,,,failed
11.3608,76.834,,,failed
11.3203,76.7985,,,failed
11.3426,76.7901,,,failed
11.3752,76.8165,,,failed
11.3445,76.7924,,,failed
11.3157,76.7068,,,failed
11.2617,76.6327,,,failed
11.3665,76.8167,,,failed
11.3339,76.7981,,,failed
11.4146,76.8133,,,failed
11.4317,76.8667,,,failed
11.2659,76.6572,,,failed
11.3785,76.7444,,,failed
11.2643,76.6583,,,failed
11.2818,76.65,,,failed
11.3307,76.808,,,failed
11.4139,76.8139,,,failed
11.4159,76.8172,,,failed
11.4939,76.8939,,,failed
11.3494,76.7959,,,failed
11.4723,76.8408,,,failed
11.3571,76.8083,,,failed
11.3935,76.9317,,,failed
11.3509,76.7929,,,failed
11.337,76.7982,,,failed
11.3533,76.785,,,failed
11.3359,76.7345,,,failed
11.2774,76.6898,,,failed
11.3669,76.7992,,,failed
11.4174,76.8781,,,failed
11.3696,76.7517,,,failed
11.3718,76.7561,,,failed
11.3375,76.7769,,,failed
11.3599,76.7814,,,failed
11.3606,76.7813,,,failed
11.359,76.7817,,,failed
11.34737,76.78938,,,failed
11.34966,76.78838,,,failed
11.3446,76.79241,,,failed
11.34634,76.79892,,,failed
11.35286,76.78639,,,failed
24.00342,91.45425,,,failed
24.37977,91.17901,,,failed
24.46509,91.39996,,,failed
24.4159,91.27588,,,failed
24.33999,91.2812,,,failed
24.47144,91.1623,,,failed
24.16013,91.34114,,,failed
24.28184,91.4647,,,failed
24.07804,91.25923,,,failed
24.42553,91.38753,,,failed
24.47729,91.3759,,,failed
24.16063,91.31716,,,failed
24.3717,91.3796,,,failed
24.21052,91.45356,,,failed
24.28659,91.30463,,,failed
24.13193,91.49631,,,failed
24.40803,91.30004,,,failed
24.04898,91.3288,,,failed
24.49475,91.34121,,,failed
24.43152,91.46378,,,failed
24.20076,91.47712,,,failed
24.45549,91.20105,,,failed
24.38269,91.3805,,,failed
10.30817,76.88727,,,failed
10.32735,76.96034,,,failed
10.37086,76.99397,,,failed
10.35168,76.93656,,,failed
10.38453,76.99467,,,failed
10.3151,76.7335,,,failed
10.3029,76.75797,,,failed
10.31432,76.63328,,,failed
10.29035,76.67788,,,failed
10.29039,76.67469,,,failed
10.30348,76.70592,,,failed
10.30573,76.74544,,,failed
10.30612,76.74498,,,failed
10.30678,76.74487,,,failed
10.29346,76.84008,,,failed
10.29895,76.83218,,,failed
10.29924,76.83187,,,failed
10.30188,76.75136,,,failed
10.30138,76.78339,,,failed
10.29796,76.82604,,,failed
10.30053,76.82913,,,failed
10.36322,76.98113,,,failed
10.43226,76.98764,,,failed
10.43736,76.98563,,,failed
10.44726,76.98435,,,failed
10.45124,76.98197,,,failed
10.4518,76.9815,,,failed
10.45089,76.97694,,,failed
10.44976,76.97618,,,failed
10.45036,76.9798,,,failed
10.4505,76.97869,,,failed
10.45067,76.98034,,,failed
10.4315,76.98407,,,failed
25.14631,93.94217,,,failed
25.31666,93.58249,,,failed
25.34423,93.63182,,,failed
25.17671,93.97584,,,failed
25.01256,93.96967,,,failed
25.24711,93.83795,,,failed
25.40141,93.70733,,,failed
25.24024,93.94265,,,failed
25.21253,93.85892,,,failed
25.43396,93.51809,,,failed
25.06858,93.75858,,,failed
25.22745,93.74719,,,failed
25.19552,93.57223,,,failed
25.21527,93.75336,,,failed
25.0158,93.75694,,,failed
25.13894,93.6354,,,failed
25.03012,93.90358,,,failed
25.42465,93.51175,,,failed
25.36402,93.754,,,failed
25.36063,93.94274,,,failed
25.45324,93.95763,,,failed
25.11599,93.71804,,,failed
25.39057,93.7725,,,failed
25.26638,93.9734,,,failed
25.45332,93.51574,,,failed
25.49809,93.88651,,,failed
25.00546,93.75199,,,failed
25.09257,93.95299,,,failed
25.32267,93.63827,,,failed
25.48358,93.56285,,,failed
25.1013,93.87417,,,failed
25.28427,93.77534,,,failed
25.41047,93.90926,,,failed
25.10543,93.71863,,,failed
25.3691,93.60031,,,failed
25.35341,93.77643,,,failed
25.37802,93.99815,,,failed
25.14146,93.75962,,,failed
25.1447,93.706,,,failed
25.30342,93.69021,,,failed
25.06049,93.51643,,,failed
25.00034,93.62923,,,failed
25.08939,93.88325,,,failed
25.37123,93.50293,,,failed
25.28028,93.68901,,,failed
25.01316,93.5898,,,failed
25.34079,93.50449,,,failed
25.41783,93.81066,,,failed
25.29125,93.88022,,,failed
25.06482,93.7443,,,failed
25.27227,93.60406,,,failed
25.26788,93.78898,,,failed
25.44281,93.5956,,,failed
25.4094,93.85021,,,failed
25.38708,93.60603,,,failed
25.487,93.73869,,,failed
25.38404,93.66352,,,failed
25.42892,93.77434,,,failed
25.3575,93.65441,,,failed
25.36419,93.68321,,,failed
25.38696,93.91953,,,failed
25.41051,93.6923,,,failed
25.46932,93.94631,,,failed
25.4028,93.6358,,,failed
25.48407,93.81868,,,failed
25.46737,93.52893,,,failed
25.33465,93.74896,,,failed
25.45841,93.63203,,,failed
25.45519,93.76319,,,failed
25.47499,93.69056,,,failed
25.42685,93.84611,,,failed
31.50016,76.87331,,,failed
31.725,76.7725,,,failed
30.62603,77.50878,,,failed
30.59083,77.65778,,,failed
11.55283,75.99897,,,failed
11.69178,75.94311,,,failed
11.67075,75.93683,,,failed
11.90919,75.99958,,,failed
11.91006,75.99889,,,failed
11.90367,75.99972,,,failed
11.83939,75.95589,,,failed
11.84044,75.95203,,,failed
11.84061,75.95144,,,failed
11.84067,75.94528,,,failed
11.83914,75.94394,,,failed
11.83703,75.94019,,,failed
11.83478,75.93636,,,failed
11.83644,75.93258,,,failed
11.83658,75.932,,,failed
11.83831,75.92672,,,failed
11.83914,75.92578,,,failed
11.83964,75.91594,,,failed
11.83828,75.9175,,,failed
11.83256,75.96986,,,failed
11.66853,75.96925,,,failed
11.51653,75.89356,,,failed
11.72567,75.81053,,,failed
11.52098,75.89981,,,failed
11.72522,75.81053,,,failed
11.59003,76.2085,,,failed
11.58425,76.19589,,,failed
11.54197,76.00039,,,failed
11.53919,76.00422,,,failed
11.54044,76.01061,,,failed
11.54483,76.01169,,,failed
11.54778,76.00878,,,failed
11.54769,76.00922,,,failed
11.549,76.00258,,,failed
11.55875,76.00136,,,failed
11.55581,76.00142,,,failed
11.55508,76.00147,,,failed
11.58428,76.06792,,,failed
11.53667,76.03578,,,failed
11.53636,76.04153,,,failed
11.54517,76.0432,,,failed
11.52961,76.04456,,,failed
11.53786,76.059,,,failed
11.54494,76.04492,,,failed
11.54603,76.0463,,,failed
11.54413,76.05526,,,failed
11.54969,76.05578,,,failed
11.56612,76.05433,,,failed
11.55233,76.10128,,,failed
11.5535,76.08628,,,failed
11.59139,76.088,,,failed
11.58431,76.05083,,,failed
11.58517,76.04786,,,failed
11.56669,76.11778,,,failed
11.90411,76.01644,,,failed
11.90439,76.01625,,,failed
11.90289,76.01181,,,failed
11.87958,76.03261,,,failed
11.84219,76.03925,,,failed
11.75983,76.01458,,,failed
11.76883,76.00267,,,failed
11.56861,76.01972,,,failed
11.56778,76.02833,,,failed
11.55055,76.035,,,failed
11.54,76.02722,,,failed
11.5375,76.0275,,,failed
11.53888,76.02722,,,failed
11.54888,76.39166,,,failed
11.55,76.0386,,,failed
11.59269,76.03736,,,failed
11.59317,76.03442,,,failed
11.59483,76.08003,,,failed
11.60169,76.06908,,,failed
11.60178,76.06994,,,failed
11.59653,76.02827,,,failed
11.62778,76.02786,,,failed
11.64625,76.03089,,,failed
11.55278,76.03889,,,failed
11.58478,76.03428,,,failed
11.58519,76.039,,,failed
11.58456,76.03836,,,failed
11.5855,76.03833,,,failed
11.62494,76.1033,,,failed
11.62322,76.10642,,,failed
11.55683,76.12964,,,failed
11.55458,76.09483,,,failed
11.56875,76.04397,,,failed
11.57128,76.04417,,,failed
11.56581,76.11833,,,failed
11.53444,76.02647,,,failed
11.54317,76.178,,,failed
11.54819,76.20772,,,failed
11.57806,76.11083,,,failed
11.56889,76.12667,,,failed
11.53028,76.14,,,failed
11.50222,76.16472,,,failed
11.50833,76.31917,,,failed
11.97334,76.01831,,,failed
11.52344,76.24775,,,failed
11.52475,76.24764,,,failed
11.51339,76.01924,,,failed
12.47957,75.71311,,,failed
12.41302,75.73569,,,failed
12.41207,75.73422,,,failed
12.44962,75.67184,,,failed
12.42281,75.73884,,,failed
12.4608,75.77622,,,failed
12.46073,75.78087,,,failed
12.45887,75.778,,,failed
12.46076,75.76719,,,failed
12.44222,75.75736,,,failed
12.48676,75.78433,,,failed
12.48694,75.78735,,,failed
12.4865,75.78834,,,failed
12.48656,75.79119,,,failed
12.43415,75.73625,,,failed
12.43607,75.66981,,,failed
12.4626,75.76325,,,failed
12.41637,75.68656,,,failed
12.41744,75.68646,,,failed
12.4244,75.6786,,,failed
12.47756,75.58388,,,failed
12.30579,75.68952,,,failed
12.43858,75.65397,,,failed
10.48799,76.3217,,,failed
10.48781,76.3226,,,failed
10.30133,76.41956,,,failed
10.30375,76.4339,,,failed
10.30138,76.44312,,,failed
10.29847,76.45831,,,failed
9.32467,76.87482,,,failed
9.17057,76.87509,,,failed
9.17029,76.87375,,,failed
9.17082,76.87366,,,failed
9.16456,76.87303,,,failed
9.16642,76.87938,,,failed
9.16727,76.86106,,,failed
9.17626,76.85975,,,failed
9.17709,76.863,,,failed
9.18481,76.86903,,,failed
10.50783,76.33771,,,failed
10.50971,76.33817,,,failed
30.88989,77.07122,,,failed
30.71639,77.22889,,,failed
30.90435,77.08974,,,failed
30.59461,78.68131,,,failed
30.59472,78.68147,,,failed
30.5417,78.80599,,,failed
30.54166,78.80843,,,failed
10.26057,77.46792,,,failed
10.2537,77.47977,,,failed
10.2543,77.33308,,,failed
10.22302,77.34488,,,failed
10.22713,77.33827,,,failed
10.22466,77.34555,,,failed
10.24369,77.33454,,,failed
10.23888,77.49593,,,failed
33.16994,75.29667,,,failed
33.04478,75.27886,,,failed
33.30781,75.18145,,,failed
33.20756,75.27889,,,failed
33.00333,75.21496,,,failed
33.00402,75.21649,,,failed
33.00308,75.21348,,,failed
33.36506,75.18358,,,failed
33.38858,75.20136,,,failed
33.33202,75.20014,,,failed
33.23526,75.2456,,,failed
33.35136,75.17792,,,failed
33.36625,75.18625,,,failed
33.36262,75.17574,,,failed
33.24235,75.20799,,,failed
33.15375,75.30686,,,failed
33.23699,75.22344,,,failed
33.24199,75.23668,,,failed
33.25047,75.21072,,,failed
33.25676,75.2038,,,failed
33.2587,75.19679,,,failed
33.24267,75.23299,,,failed
33.24827,75.21343,,,failed
33.24726,75.21641,,,failed
33.23601,75.24382,,,failed
33.22052,75.26956,,,failed
33.15334,75.30681,,,failed
33.18472,75.31306,,,failed
33.18443,75.31688,,,failed
33.01082,75.22598,,,failed
33.01029,75.22262,,,failed
33.19518,75.3598,,,failed
33.19665,75.35297,,,failed
33.19476,75.36014,,,failed
33.20193,75.36324,,,failed
33.1933,75.33961,,,failed
33.1956,75.33775,,,failed
33.20574,75.3474,,,failed
33.20484,75.3476,,,failed
33.279,75.004,,,failed
33.09768,75.32573,,,failed
33.21495,75.27282,,,failed
26.07256,93.928,,,failed
26.2198,93.89789,,,failed
26.44797,93.73568,,,failed
26.3558,93.64737,,,failed
26.33646,93.66674,,,failed
26.45656,93.5419,,,failed
26.01586,93.5156,,,failed
26.06233,93.83724,,,failed
26.12612,93.69202,,,failed
26.41754,93.7127,,,failed
26.02196,93.68343,,,failed
26.0897,93.71035,,,failed
26.33959,93.75422,,,failed
26.45574,93.93516,,,failed
26.0897,93.55912,,,failed
26.14452,93.76174,,,failed
26.21412,93.64566,,,failed
26.16629,93.76824,,,failed
26.4948,93.77423,,,failed
26.10516,93.56896,,,failed
26.25942,93.59645,,,failed
26.18818,93.79139,,,failed
26.46434,93.85117,,,failed
26.04762,93.53518,,,failed
26.14891,93.88564,,,failed
26.29176,93.56819,,,failed
26.33043,93.85757,,,failed
26.36909,93.55097,,,failed
26.4172,93.76605,,,failed
26.08779,93.67278,,,failed
26.16938,93.69513,,,failed
26.18932,93.83077,,,failed
26.41296,93.88801,,,failed
26.13817,93.79918,,,failed
26.21315,93.54056,,,failed
26.17192,93.76319,,,failed
26.47861,93.55202,,,failed
26.40796,93.80057,,,failed
26.08483,93.6164,,,failed
26.05107,93.83892,,,failed
26.16355,93.59988,,,failed
26.32392,93.91872,,,failed
26.43946,93.67221,,,failed
26.44772,93.86102,,,failed
26.04056,93.7208,,,failed
26.06808,93.79454,,,failed
26.25434,93.60428,,,failed
26.34624,93.86167,,,failed
26.1438,93.6142,,,failed
26.11641,93.84397,,,failed
26.16326,93.62805,,,failed
26.29253,93.75279,,,failed
26.41387,93.82832,,,failed
26.04611,93.59154,,,failed
26.16469,93.62045,,,failed
26.1937,93.86601,,,failed
26.28652,93.98531,,,failed
26.49014,93.89035,,,failed
26.08289,93.63111,,,failed
26.09078,93.86329,,,failed
26.19908,93.60422,,,failed
26.37163,93.95203,,,failed
16.69677,73.57214,,,failed
16.51115,73.52662,,,failed
16.50587,73.50623,,,failed
13.12805,75.51532,,,failed
13.40333,75.73592,,,failed
13.38786,75.72711,,,failed
13.40333,75.73592,,,failed
13.38786,75.72711,,,failed
13.40631,75.74486,,,failed
13.40631,75.74486,,,failed
13.38331,75.70797,,,failed
13.0415,75.56029,,,failed
13.14857,75.45868,,,failed
13.40433,75.23347,,,failed
13.43839,75.25803,,,failed
13.42142,75.24547,,,failed
13.36106,75.35994,,,failed
13.331,75.34028,,,failed
13.31028,75.38278,,,failed
13.332,75.38964,,,failed
13.33192,75.38664,,,failed
13.36786,75.21206,,,failed
13.42331,75.25469,,,failed
13.21978,75.41917,,,failed
13.33183,75.337,,,failed
13.32617,75.35194,,,failed
13.30636,75.37656,,,failed
13.28061,75.3315,,,failed
13.28117,75.34819,,,failed
13.07642,75.45569,,,failed
13.07683,75.45633,,,failed
13.07633,75.47161,,,failed
13.04628,75.27277,,,failed
13.2267,75.1312,,,failed
13.00684,75.26102,,,failed
13.26725,75.39658,,,failed
13.37401,75.21429,,,failed
13.48782,75.31867,,,failed
13.38037,75.27595,,,failed
13.38882,75.31349,,,failed
32.40134,75.98525,,,failed
32.44219,75.53151,,,failed
32.44218,75.53151,,,failed
32.44311,75.532,,,failed
32.44476,75.533,,,failed
32.44726,75.5187,,,failed
32.44514,75.51906,,,failed
32.46812,75.91994,,,failed
27.36473,88.23728,,,failed
27.36993,88.48593,,,failed
27.24297,88.47056,,,failed
27.30141,88.3916,,,failed
27.14872,88.28129,,,failed
27.0982,88.12995,,,failed
27.2525,88.4606,,,failed
27.07088,88.16616,,,failed
27.1013,88.1143,,,failed
27.09096,88.10041,,,failed
27.10035,88.23915,,,failed
27.08983,88.15145,,,failed
27.32798,88.15228,,,failed
27.00862,88.20108,,,failed
27.06862,88.47916,,,failed
27.07424,88.47305,,,failed
27.01163,88.36802,,,failed
27.1268,88.04538,,,failed
27.28994,88.1632,,,failed
27.23622,88.39296,,,failed
27.40269,88.1504,,,failed
27.38648,88.22718,,,failed
27.30526,88.35169,,,failed
27.39453,88.48862,,,failed
27.48465,88.18653,,,failed
27.13597,88.00862,,,failed
27.16509,88.19358,,,failed
27.22803,88.17935,,,failed
27.18968,88.2653,,,failed
27.36652,88.00754,,,failed
27.39456,88.10989,,,failed
27.40648,88.34573,,,failed
27.30352,88.45225,,,failed
27.41169,88.05277,,,failed
27.41107,88.16249,,,failed
27.42502,88.37872,,,failed
27.04581,88.35577,,,failed
27.11764,88.0558,,,failed
27.15241,88.32954,,,failed
27.20112,88.04196,,,failed
27.28823,88.17937,,,failed
27.36567,88.15271,,,failed
27.31149,88.23252,,,failed
27.41019,88.42034,,,failed
27.46494,88.15053,,,failed
27.49508,88.23041,,,failed
27.00845,88.15474,,,failed
27.02337,88.3268,,,failed
27.14092,88.10199,,,failed
27.21065,88.05287,,,failed
27.22246,88.13513,,,failed
27.20241,88.29609,,,failed
27.36143,88.04372,,,failed
27.39462,88.17999,,,failed
27.38305,88.29305,,,failed
27.34256,88.40348,,,failed
27.42166,88.12449,,,failed
27.47077,88.23922,,,failed
27.45443,88.43639,,,failed
27.28633,88.02177,,,failed
27.28418,88.33965,,,failed
27.33077,88.06131,,,failed
27.31229,88.10585,,,failed
27.34501,88.30752,,,failed
27.29821,88.36508,,,failed
27.45577,88.16875,,,failed
27.42202,88.25903,,,failed
27.42125,88.36399,,,failed
27.21506,88.03549,,,failed
27.2105,88.25145,,,failed
27.29907,88.0561,,,failed
27.37944,88.10328,,,failed
27.30502,88.31579,,,failed
27.3882,88.35837,,,failed
27.38192,88.46742,,,failed
27.4473,88.16249,,,failed
27.48229,88.30604,,,failed
27.04594,88.13757,,,failed
27.10115,88.06842,,,failed
27.28919,88.01842,,,failed
27.25983,88.10097,,,failed
27.23851,88.25493,,,failed
27.28142,88.4625,,,failed
27.37049,88.18048,,,failed
27.33155,88.29572,,,failed
27.30579,88.3482,,,failed
27.47915,88.18864,,,failed
27.43084,88.29514,,,failed
27.42307,88.36246,,,failed
27.02074,88.38756,,,failed
27.06679,88.27126,,,failed
27.14162,88.41914,,,failed
27.26523,88.03327,,,failed
27.18199,88.16895,,,failed
27.18866,88.46832,,,failed
27.33025,88.06735,,,failed
27.34448,88.28455,,,failed
27.42434,88.12989,,,failed
27.4982,88.27147,,,failed
27.47206,88.40916,,,failed
27.02273,88.07945,,,failed
27.28795,88.02072,,,failed
27.27324,88.22164,,,failed
27.17892,88.41507,,,failed
27.2959,88.35679,,,failed
27.36056,88.47049,,,failed
27.44488,88.15546,,,failed
27.47254,88.27362,,,failed
27.4192,88.44536,,,failed
27.49246,88.45871,,,failed
27.20741,88.0813,,,failed
27.32455,88.05877,,,failed
27.34174,88.07583,,,failed
27.37409,88.28075,,,failed
27.40146,88.41486,,,failed
27.29784,88.46546,,,failed
27.43903,88.01105,,,failed
27.4762,88.13475,,,failed
27.484,88.19412,,,failed
27.43454,88.32121,,,failed
27.14529,88.24542,,,failed
27.28196,88.02274,,,failed
27.19784,88.10541,,,failed
27.27831,88.3319,,,failed
27.35138,88.1052,,,failed
27.38301,88.25461,,,failed
27.46373,88.31073,,,failed
27.44453,88.43569,,,failed
32.73432,74.87295,,,failed
32.83938,74.94076,,,failed
32.87979,74.95546,,,failed
32.84867,74.94725,,,failed
32.99843,74.94204,,,failed
32.98838,74.92055,,,failed
32.98865,74.92066,,,failed
32.99445,74.92807,,,failed
30.071,78.49072,,,failed
30.42279,78.07247,,,failed
30.4183,78.07724,,,failed
30.35608,78.31892,,,failed
30.4777,78.4671,,,failed
30.12292,78.38146,,,failed
30.11964,78.36478,,,failed
30.40491,78.13888,,,failed
30.46161,78.05969,,,failed
30.42503,78.07378,,,failed
30.41069,78.0865,,,failed
32.95769,75.16283,,,failed
32.99101,75.19445,,,failed
32.83437,75.14602,,,failed
32.67499,75.16108,,,failed
32.67428,75.16099,,,failed
32.67509,75.15949,,,failed
32.97508,75.17987,,,failed
32.95505,75.15861,,,failed
16.49199,73.48367,,,failed
16.49181,73.48386,,,failed
26.89074,92.12068,,,failed
26.88969,92.12266,,,failed
26.87338,92.23913,,,failed
26.83845,92.35986,,,failed
26.97408,92.2445,,,failed
26.96311,92.04284,,,failed
26.79234,92.03848,,,failed
26.69971,92.22988,,,failed
26.76108,92.33455,,,failed
26.93396,92.45815,,,failed
26.86786,92.27432,,,failed
26.91492,92.38153,,,failed
26.59655,92.44597,,,failed
26.96944,92.02892,,,failed
26.86267,92.28253,,,failed
26.65775,92.27872,,,failed
26.9908,92.26384,,,failed
26.69253,92.29558,,,failed
26.82979,92.31445,,,failed
26.51758,92.40613,,,failed
26.77134,92.07755,,,failed
26.99606,92.27014,,,failed
26.68911,92.35613,,,failed
16.07805,73.87784,,,failed
16.45944,73.50781,,,failed
16.0024,73.59082,,,failed
16.00218,73.59097,,,failed
17.78032,73.14556,,,failed
17.83694,73.0915,,,failed
17.97418,73.46293,,,failed
18.03822,73.55033,,,failed
18.04758,73.56178,,,failed
18.08033,73.51354,,,failed
18.06133,73.58175,,,failed
18.00879,73.53708,,,failed
18.03366,73.60384,,,failed
18.01437,73.54708,,,failed
18.39769,73.51674,,,failed
18.40897,73.52738,,,failed
18.36807,73.77814,,,failed
18.38201,73.7594,,,failed
18.38249,73.77577,,,failed
18.39178,73.67608,,,failed
18.38673,73.66317,,,failed
18.40566,73.51608,,,failed
18.40485,73.51162,,,failed
18.38386,73.63431,,,failed
18.3355,73.67758,,,failed
18.33571,73.67774,,,failed
18.33617,73.67298,,,failed
18.27354,73.60226,,,failed
18.3961,73.85762,,,failed
18.4095,73.85817,,,failed
18.33455,73.67761,,,failed
18.26614,73.59632,,,failed
18.26855,73.59893,,,failed
18.26927,73.60043,,,failed
18.26931,73.60056,,,failed
18.41885,73.85771,,,failed
18.46299,73.63227,,,failed
18.41068,73.50163,,,failed
18.38016,73.77685,,,failed
18.3619,73.77245,,,failed
16.89834,73.32015,,,failed
17.45249,73.80169,,,failed
17.45647,73.80302,,,failed
17.27478,73.815,,,failed
17.27469,73.81556,,,failed
17.27456,73.81578,,,failed
17.96511,73.58875,,,failed
17.94133,73.55817,,,failed
17.98683,73.58606,,,failed
17.58794,73.66802,,,failed
17.5245,73.65858,,,failed
17.60334,73.67849,,,failed
17.57364,73.68101,,,failed
17.5731,73.69602,,,failed
17.53805,73.69429,,,failed
17.57787,73.67542,,,failed
17.99186,73.67367,,,failed
17.90808,73.72808,,,failed
17.88946,73.69458,,,failed
17.88971,73.69665,,,failed
17.63413,73.65321,,,failed
17.67868,73.63784,,,failed
17.68012,73.63877,,,failed
17.62686,73.61863,,,failed
17.54953,73.69102,,,failed
17.63914,73.83631,,,failed
17.63897,73.83764,,,failed
17.57167,73.89536,,,failed
17.899,73.68797,,,failed
26.10695,94.25329,,,failed
26.38435,94.4434,,,failed
26.08945,94.26422,,,failed
26.42423,94.39241,,,failed
26.42314,94.38226,,,failed
26.42195,94.38544,,,failed
26.42608,94.39892,,,failed
26.42314,94.38226,,,failed
26.42186,94.3852,,,failed
26.42535,94.38701,,,failed
26.3798,94.45075,,,failed
26.45278,94.37527,,,failed
26.45278,94.37526,,,failed
26.38365,94.44075,,,failed
26.38718,94.44413,,,failed
26.25483,94.33225,,,failed
26.29131,94.30977,,,failed
26.38406,94.02804,,,failed
26.10481,94.47288,,,failed
26.42153,94.18488,,,failed
26.04916,94.36944,,,failed
26.107,94.05226,,,failed
26.36992,94.35976,,,failed
26.45529,94.13828,,,failed
26.00577,94.22815,,,failed
26.16694,94.00505,,,failed
26.05413,94.09652,,,failed
26.25176,94.37472,,,failed
26.45634,94.49927,,,failed
26.42877,94.27047,,,failed
26.46132,94.08752,,,failed
26.01069,94.15152,,,failed
26.01937,94.32279,,,failed
26.15048,94.44756,,,failed
26.27438,94.11552,,,failed
26.23016,94.27814,,,failed
26.1989,94.39028,,,failed
26.461,94.02597,,,failed
26.03804,94.21095,,,failed
26.31039,94.05125,,,failed
26.33737,94.18164,,,failed
26.37387,94.12619,,,failed
26.38459,94.32034,,,failed
26.26154,94.04268,,,failed
26.30968,94.17391,,,failed
26.29801,94.38568,,,failed
26.36782,94.3741,,,failed
26.48982,94.42842,,,failed
26.11209,94.02861,,,failed
26.00417,94.40992,,,failed
26.15194,94.00805,,,failed
26.24645,94.46926,,,failed
26.46586,94.02316,,,failed
26.4426,94.28779,,,failed
26.49766,94.41774,,,failed
26.08794,94.11485,,,failed
26.05564,94.32399,,,failed
26.24241,94.0927,,,failed
26.20249,94.35456,,,failed
26.45445,94.1963,,,failed
26.48454,94.41392,,,failed
26.29092,94.06048,,,failed
26.19684,94.18547,,,failed
26.26698,94.09673,,,failed
26.27278,94.24524,,,failed
26.10597,94.19126,,,failed
26.02826,94.44849,,,failed
26.18246,94.00547,,,failed
26.1626,94.19594,,,failed
26.38588,94.31204,,,failed
26.0507,94.2385,,,failed
26.27918,94.18774,,,failed
26.48825,94.28172,,,failed
26.06524,94.05558,,,failed
26.12119,94.23928,,,failed
26.10399,94.45883,,,failed
26.3337,94.05696,,,failed
26.23952,94.31917,,,failed
26.43857,94.22144,,,failed
26.41093,94.48561,,,failed
30.71028,78.46675,,,failed
30.99135,78.45671,,,failed
30.50231,78.01522,,,failed
33.09,75.86142,,,failed
33.33044,75.96503,,,failed
33.329,75.96589,,,failed
11.75017,78.18769,,,failed
11.75094,78.18851,,,failed
11.7615,78.18833,,,failed
11.76307,78.18866,,,failed
11.76376,78.18829,,,failed
11.76453,78.18838,,,failed
11.74044,78.18204,,,failed
11.74705,78.18522,,,failed
11.74847,78.18663,,,failed
11.77961,78.27012,,,failed
11.77561,78.2701,,,failed
11.77558,78.26949,,,failed
23.49992,92.70136,,,failed
23.00639,92.67692,,,failed
23.05806,92.67583,,,failed
23.05222,92.67028,,,failed
23.03017,92.67336,,,failed
23.02281,92.67256,,,failed
23.45083,92.6825,,,failed
23.44806,92.68333,,,failed
23.44333,92.68528,,,failed
23.42722,92.71278,,,failed
23.41694,92.71806,,,failed
23.41,92.74944,,,failed
23.37972,92.75167,,,failed
23.35694,92.77028,,,failed
23.35639,92.77028,,,failed
23.39167,92.75528,,,failed
23.43194,92.76083,,,failed
23.44139,92.77889,,,failed
23.48556,92.70306,,,failed
23.49083,92.70556,,,failed
23.49861,92.70389,,,failed
23.41077,92.75312,,,failed
23.46778,92.74111,,,failed
23.46806,92.71639,,,failed
23.4725,92.71444,,,failed
23.49,92.70556,,,failed
23.49722,92.70333,,,failed
23.43278,92.76111,,,failed
23.47694,92.85785,,,failed
23.47104,92.85503,,,failed
23.46556,92.85599,,,failed
23.46316,92.85467,,,failed
23.31259,92.85642,,,failed
23.28881,92.86476,,,failed
23.28126,92.86928,,,failed
23.37944,92.84408,,,failed
23.38151,92.84494,,,failed
23.38218,92.84388,,,failed
23.38277,92.84519,,,failed
23.38153,92.85412,,,failed
23.38794,92.84229,,,failed
23.23708,92.91004,,,failed
23.4855,92.7033,,,failed
23.4946,92.7044,,,failed
23.4688,92.7208,,,failed
23.22973,92.73968,,,failed
23.14147,92.75058,,,failed
23.29814,92.85741,,,failed
23.1934,92.90022,,,failed
23.35019,92.77885,,,failed
23.34102,92.77676,,,failed
23.33914,92.78613,,,failed
23.33623,92.78711,,,failed
23.15229,92.74624,,,failed
23.13496,92.74784,,,failed
23.10802,92.74628,,,failed
23.10565,92.74598,,,failed
23.13989,92.75165,,,failed
23.10078,92.75151,,,failed
23.06747,92.7672,,,failed
23.06174,92.7701,,,failed
23.19401,92.73465,,,failed
23.19347,92.73485,,,failed
23.18386,92.73535,,,failed
23.18181,92.73687,,,failed
23.015,92.76506,,,failed
23.23964,92.74818,,,failed
23.29345,92.85809,,,failed
23.35348,92.78019,,,failed
23.07781,92.89844,,,failed
23.08102,92.89725,,,failed
23.08434,92.8986,,,failed
23.06958,92.7658,,,failed
23.21424,92.74086,,,failed
23.20325,92.73584,,,failed
23.18077,92.73579,,,failed
23.17361,92.73979,,,failed
23.15094,92.74826,,,failed
23.1351,92.74869,,,failed
23.13401,92.74625,,,failed
23.13208,92.74627,,,failed
23.11422,92.74602,,,failed
23.11182,92.7451,,,failed
23.14085,92.75123,,,failed
23.0228,92.7557,,,failed
23.30714,92.70762,,,failed
23.30641,92.70608,,,failed
23.30601,92.70421,,,failed
23.23908,92.74563,,,failed
23.2398,92.74421,,,failed
23.23878,92.74422,,,failed
23.31536,92.79062,,,failed
23.31649,92.7888,,,failed
23.32204,92.85915,,,failed
23.31916,92.85772,,,failed
23.31754,92.85868,,,failed
23.31857,92.85229,,,failed
23.32342,92.86093,,,failed
23.31941,92.85542,,,failed
23.31918,92.85672,,,failed
23.30929,92.85081,,,failed
23.10112,92.85278,,,failed
23.30991,92.85352,,,failed
23.31527,92.85652,,,failed
23.31153,92.85443,,,failed
23.31637,92.85417,,,failed
23.31007,92.8585,,,failed
23.3093,92.86002,,,failed
23.30863,92.86004,,,failed
23.30878,92.85836,,,failed
23.30084,92.85569,,,failed
23.30079,92.85357,,,failed
23.30532,92.85236,,,failed
23.29893,92.85744,,,failed
23.31085,92.85892,,,failed
23.31134,92.85803,,,failed
23.3057,92.8528,,,failed
23.30138,92.85308,,,failed
23.29963,92.85561,,,failed
23.29817,92.85869,,,failed
23.30159,92.86848,,,failed
23.314,92.86398,,,failed
23.3228,92.86241,,,failed
23.28614,92.86815,,,failed
23.28122,92.86961,,,failed
23.27415,92.87101,,,failed
23.27255,92.8743,,,failed
23.28674,92.85703,,,failed
23.28456,92.8571,,,failed
23.28828,92.83082,,,failed
23.18827,92.89888,,,failed
23.19812,92.89957,,,failed
23.22359,92.91477,,,failed
23.22523,92.9125,,,failed
23.24386,92.90524,,,failed
23.46925,92.74407,,,failed
23.36737,92.7673,,,failed
23.31387,92.79274,,,failed
23.17068,92.89933,,,failed
23.18409,92.7389,,,failed
23.11239,92.74542,,,failed
23.10462,92.74771,,,failed
23.07426,92.76222,,,failed
23.29752,92.68945,,,failed
23.30374,92.67282,,,failed
23.30412,92.67152,,,failed
23.3061,92.6713,,,failed
23.30634,92.66657,,,failed
23.32044,92.64323,,,failed
23.3019,92.6494,,,failed
23.251,92.63667,,,failed
23.20048,92.73501,,,failed
23.19566,92.73562,,,failed
23.11469,92.74393,,,failed
23.24661,92.65511,,,failed
23.2388,92.63692,,,failed
23.23454,92.63723,,,failed
23.20641,92.6327,,,failed
23.19728,92.63266,,,failed
23.17456,92.61256,,,failed
23.1739,92.61138,,,failed
23.17326,92.61193,,,failed
23.17252,92.61143,,,failed
23.17266,92.61183,,,failed
23.19827,92.58929,,,failed
23.19896,92.59004,,,failed
23.1991,92.58667,,,failed
23.19942,92.58588,,,failed
23.2001,92.58452,,,failed
23.20066,92.5813,,,failed
23.20184,92.57967,,,failed
23.20225,92.57903,,,failed
23.20311,92.57797,,,failed
23.2039,92.57681,,,failed
23.20428,92.57617,,,failed
23.20448,92.57579,,,failed
23.20519,92.57468,,,failed
23.21459,92.57267,,,failed
23.21292,92.55802,,,failed
23.20708,92.50973,,,failed
23.19562,92.54625,,,failed
23.19796,92.5433,,,failed
23.19002,92.5543,,,failed
23.21035,92.53959,,,failed
23.20892,92.54117,,,failed
23.20882,92.53749,,,failed
23.20549,92.54328,,,failed
23.21963,92.56332,,,failed
23.20498,92.5346,,,failed
23.20625,92.5336,,,failed
23.20986,92.50059,,,failed
23.20471,92.53382,,,failed
23.29386,92.74137,,,failed
23.29577,92.74001,,,failed
23.30265,92.74294,,,failed
23.30029,92.69577,,,failed
23.29981,92.6949,,,failed
23.29931,92.69261,,,failed
23.23914,92.74447,,,failed
23.30709,92.85629,,,failed
23.30752,92.85768,,,failed
23.30594,92.85754,,,failed
23.30391,92.85317,,,failed
23.34646,92.85151,,,failed
23.3466,92.85485,,,failed
23.27123,92.87454,,,failed
23.27055,92.87758,,,failed
23.28144,92.84014,,,failed
23.28095,92.8367,,,failed
23.18034,92.90008,,,failed
23.18738,92.89826,,,failed
23.18776,92.89803,,,failed
23.2349,92.91131,,,failed
23.22562,92.92491,,,failed
23.22381,92.94445,,,failed
23.21795,92.99801,,,failed
23.21732,92.99812,,,failed
23.23011,92.74007,,,failed
23.22684,92.74027,,,failed
23.20134,92.73486,,,failed
23.20161,92.73445,,,failed
23.20176,92.73433,,,failed
23.19992,92.73481,,,failed
23.19324,92.73482,,,failed
23.19175,92.73459,,,failed
23.18824,92.73433,,,failed
23.18675,92.73518,,,failed
23.16481,92.7434,,,failed
23.11313,92.74564,,,failed
23.2046,92.73861,,,failed
23.22536,92.74039,,,failed
23.19178,92.73478,,,failed
23.14469,92.75061,,,failed
23.09962,92.7522,,,failed
23.30475,92.86211,,,failed
23.19782,92.73502,,,failed
23.06384,92.769,,,failed
23.4807,92.7025,,,failed
23.1865,92.73563,,,failed
23.1863,92.7356,,,failed
23.18613,92.73568,,,failed
23.17434,92.74086,,,failed
23.1478,92.74974,,,failed
23.132,92.74441,,,failed
23.09459,92.75373,,,failed
23.09208,92.75229,,,failed
23.17415,92.54903,,,failed
23.05036,92.61943,,,failed
23.24484,92.86225,,,failed
23.26784,92.93106,,,failed
23.48281,92.95412,,,failed
23.14222,92.85469,,,failed
23.2766,92.9426,,,failed
23.16701,92.6009,,,failed
23.21229,92.68806,,,failed
23.45532,92.72657,,,failed
23.40528,92.78784,,,failed
23.03202,92.6098,,,failed
23.16594,92.767,,,failed
23.42019,92.56227,,,failed
23.38181,92.7686,,,failed
23.32544,92.55779,,,failed
23.04116,92.84859,,,failed
23.43328,92.60816,,,failed
23.00064,92.88887,,,failed
23.11423,92.59451,,,failed
23.21992,92.70103,,,failed
23.4578,92.63219,,,failed
23.28327,92.53923,,,failed
23.11971,92.65734,,,failed
23.28111,92.79434,,,failed
23.44689,92.60884,,,failed
23.40382,92.78422,,,failed
23.45901,92.98236,,,failed
23.0782,92.57033,,,failed
23.35782,92.73729,,,failed
23.49435,92.50352,,,failed
23.44233,92.81273,,,failed
23.04896,92.64742,,,failed
23.35556,92.80462,,,failed
23.07756,92.94709,,,failed
23.33101,92.66536,,,failed
23.3223,92.82039,,,failed
23.39518,92.5761,,,failed
23.40521,92.8105,,,failed
23.15157,92.73214,,,failed
23.12308,92.86504,,,failed
23.34592,92.8396,,,failed
23.38731,92.73938,,,failed
23.4378,92.97286,,,failed
23.1623,92.55873,,,failed
23.29217,92.95302,,,failed
23.4724,92.64879,,,failed
23.48248,92.97936,,,failed
23.14184,92.65835,,,failed
23.39362,92.67879,,,failed
23.12075,92.86642,,,failed
23.46833,92.77437,,,failed
23.13466,92.66154,,,failed
12.87814,75.03807,,,failed
12.80026,75.24629,,,failed
12.81396,75.2177,,,failed
12.77323,75.26681,,,failed
12.85086,75.19661,,,failed
12.84897,75.20994,,,failed
12.85076,75.22103,,,failed
12.82403,75.19967,,,failed
12.75833,75.3232,,,failed
12.77705,75.26201,,,failed
12.85841,75.22606,,,failed
12.85807,75.22628,,,failed
12.85968,75.22652,,,failed
12.86098,75.20552,,,failed
12.86188,75.19305,,,failed
12.76264,75.28962,,,failed
12.75297,75.27473,,,failed
31.99953,77.1265,,,failed
31.60556,77.20028,,,failed
31.96664,77.1162,,,failed
31.96694,77.11688,,,failed
16.63421,74.06467,,,failed
32.70497,75.80958,,,failed
32.69335,75.78377,,,failed
32.53152,75.69416,,,failed
18.93247,73.23425,,,failed
18.7078,73.48078,,,failed
18.60092,73.41089,,,failed
18.51037,73.12553,,,failed
18.71584,73.4609,,,failed
18.71578,73.46041,,,failed
18.71404,73.45972,,,failed
18.71317,73.46003,,,failed
18.63083,73.41822,,,failed
18.63087,73.41815,,,failed
30.98134,76.9773,,,failed
30.97036,76.99214,,,failed
30.90009,76.93014,,,failed
30.652,79.0244,,,failed
30.61,79.01,,,failed
31.46975,77.36669,,,failed
31.473,77.36772,,,failed
31.09278,77.20639,,,failed
30.43675,79.42864,,,failed
30.07211,79.499,,,failed
30.3349,79.32024,,,failed
34.02194,74.7625,,,failed
28.3892,95.92776,,,failed
28.38473,95.86551,,,failed
28.48416,95.53059,,,failed
28.18206,95.57918,,,failed
28.05749,95.70069,,,failed
28.29552,95.60624,,,failed
28.12087,95.51129,,,failed
28.0892,95.75423,,,failed
28.39264,95.83819,,,failed
28.26843,95.85092,,,failed
28.40627,95.83573,,,failed
28.47235,95.87332,,,failed
28.41257,95.75388,,,failed
24.4259,93.13581,,,failed
24.15364,93.02184,,,failed
24.02782,93.28944,,,failed
24.04014,93.2915,,,failed
24.0398,93.29374,,,failed
24.05824,93.28902,,,failed
24.12429,93.31852,,,failed
24.10711,93.11535,,,failed
24.44348,93.15818,,,failed
24.44858,93.15739,,,failed
24.4052,93.06672,,,failed
24.45012,93.35964,,,failed
24.02206,93.29369,,,failed
24.09211,93.29867,,,failed
24.29778,93.3416,,,failed
24.35138,93.34096,,,failed
24.10016,93.10461,,,failed
24.11105,93.10374,,,failed
24.10506,93.09594,,,failed
24.10744,93.09532,,,failed
24.10687,93.0885,,,failed
24.45832,93.09439,,,failed
24.48857,93.36792,,,failed
24.08927,93.12409,,,failed
24.10641,93.1234,,,failed
24.15817,93.02489,,,failed
24.23419,93.02469,,,failed
24.32837,93.00923,,,failed
24.05808,93.49808,,,failed
24.04532,93.4922,,,failed
24.39995,93.26455,,,failed
24.40418,93.09242,,,failed
24.40821,93.04969,,,failed
24.40588,93.36362,,,failed
24.20392,93.15048,,,failed
24.22162,93.24142,,,failed
24.36584,93.00186,,,failed
24.36916,93.32532,,,failed
24.33698,93.39628,,,failed
24.38002,93.47895,,,failed
24.01818,93.00264,,,failed
24.24097,93.03493,,,failed
24.15534,93.34108,,,failed
24.30314,93.05542,,,failed
24.39019,93.29443,,,failed
24.392,93.44482,,,failed
24.06007,93.46323,,,failed
24.23681,93.10933,,,failed
24.1428,93.3449,,,failed
24.25146,93.45926,,,failed
24.49452,93.38508,,,failed
24.48155,93.46806,,,failed
24.13548,93.19726,,,failed
24.49746,93.1476,,,failed
24.30401,93.30438,,,failed
24.03255,93.3538,,,failed
24.2168,93.33143,,,failed
24.12954,93.44211,,,failed
24.3776,93.0159,,,failed
24.39725,93.3708,,,failed
24.2399,93.16727,,,failed
24.15086,93.18994,,,failed
24.47756,93.05937,,,failed
24.30657,93.36326,,,failed
24.42269,93.41506,,,failed
24.03386,93.19959,,,failed
24.13744,93.14313,,,failed
24.26951,93.39402,,,failed
24.40334,93.07689,,,failed
24.49008,93.19309,,,failed
24.0472,93.17867,,,failed
24.01116,93.42992,,,failed
24.26594,93.45232,,,failed
24.3917,93.32545,,,failed
24.14066,93.07294,,,failed
24.17934,93.25586,,,failed
24.38457,93.09141,,,failed
24.49462,93.34426,,,failed
24.23437,93.22835,,,failed
24.28424,93.27996,,,failed
24.12786,93.44442,,,failed
24.38833,93.09466,,,failed
24.02117,93.45183,,,failed
24.24367,93.03571,,,failed
24.36758,93.28108,,,failed
24.47107,93.40403,,,failed
24.08082,93.06515,,,failed
24.24508,93.08823,,,failed
24.2686,93.24151,,,failed
24.06977,93.49581,,,failed
24.38329,93.08106,,,failed
24.15165,93.04249,,,failed
24.17095,93.16519,,,failed
24.35015,93.36391,,,failed
24.21435,93.4398,,,failed
24.38194,93.22412,,,failed
24.26275,93.43193,,,failed
24.47722,93.15826,,,failed
24.45968,93.37726,,,failed
24.48436,93.44954,,,failed
24.03075,93.35638,,,failed
24.01324,93.47997,,,failed
24.27992,93.2106,,,failed
24.25927,93.28592,,,failed
24.4479,93.20477,,,failed
24.12288,93.00413,,,failed
24.0801,93.21425,,,failed
24.16393,93.11634,,,failed
24.12553,93.27997,,,failed
24.44415,93.1229,,,failed
24.46614,93.38013,,,failed
24.34218,93.1292,,,failed
24.10232,93.35995,,,failed
24.10198,93.45773,,,failed
24.43194,93.38731,,,failed
24.43754,93.41737,,,failed
24.3484,93.18549,,,failed
24.17283,93.30982,,,failed
24.33079,93.41041,,,failed
24.45238,93.38739,,,failed
24.21953,93.04189,,,failed
24.09818,93.47016,,,failed
24.28315,93.08083,,,failed
24.2709,93.30877,,,failed
24.18224,93.25397,,,failed
24.04994,93.30869,,,failed
24.28329,93.07478,,,failed
24.45507,93.49128,,,failed
24.09759,93.0006,,,failed
24.29383,93.20919,,,failed
24.14545,93.13063,,,failed
24.04784,93.16592,,,failed
24.09465,93.41517,,,failed
24.35748,93.22766,,,failed
24.41075,93.42014,,,failed
24.18921,93.23044,,,failed
24.01206,93.4408,,,failed
24.18658,93.16039,,,failed
24.36874,93.19763,,,failed
24.29692,93.3909,,,failed
24.04005,93.12618,,,failed
24.24205,93.26155,,,failed
24.43486,93.27684,,,failed
24.14876,93.29003,,,failed
24.30962,93.36839,,,failed
23.10173,93.20232,,,failed
23.09561,93.20786,,,failed
23.11098,93.2126,,,failed
23.12663,93.06495,,,failed
23.10851,93.20975,,,failed
23.09758,93.21623,,,failed
23.10192,93.20426,,,failed
23.09759,93.21089,,,failed
23.10101,93.19394,,,failed
23.10075,93.18785,,,failed
23.09955,93.186,,,failed
23.0983,93.17597,,,failed
23.27598,93.14352,,,failed
23.27664,93.14375,,,failed
23.28108,93.14408,,,failed
23.33529,93.11214,,,failed
23.20961,93.13105,,,failed
23.21069,93.12123,,,failed
23.36556,93.05125,,,failed
23.36966,93.04609,,,failed
23.24231,93.17727,,,failed
23.49216,93.23695,,,failed
23.24455,93.17027,,,failed
23.41422,93.10569,,,failed
23.34298,93.05778,,,failed
23.03822,93.12529,,,failed
23.24501,93.17587,,,failed
23.01689,93.28318,,,failed
23.10185,93.20139,,,failed
23.25952,93.15917,,,failed
23.32829,93.12184,,,failed
23.35406,93.04156,,,failed
23.35959,93.04477,,,failed
23.25986,93.16155,,,failed
23.25829,93.15288,,,failed
23.26126,93.15071,,,failed
23.22976,93.12752,,,failed
23.1977,93.16302,,,failed
23.1915,93.01102,,,failed
23.18336,93.06674,,,failed
23.19814,93.16699,,,failed
23.17731,93.19816,,,failed
23.2066,93.14866,,,failed
23.14788,93.32379,,,failed
23.19917,93.0002,,,failed
23.48631,93.22064,,,failed
23.14928,93.19416,,,failed
23.36387,93.33648,,,failed
23.12644,93.45972,,,failed
23.09339,93.28973,,,failed
23.21078,93.42086,,,failed
23.44542,93.44643,,,failed
23.30014,93.11659,,,failed
23.31884,93.23767,,,failed
23.38982,93.22488,,,failed
23.36979,93.3577,,,failed
23.13722,93.05108,,,failed
23.22014,93.10896,,,failed
23.2061,93.27114,,,failed
23.49554,93.43667,,,failed
23.27254,93.05856,,,failed
23.36091,93.14638,,,failed
23.10776,93.32594,,,failed
23.11179,93.42053,,,failed
23.29172,93.06954,,,failed
23.30369,93.21207,,,failed
23.30531,93.26598,,,failed
23.00851,93.06657,,,failed
23.20868,93.23151,,,failed
23.09402,93.28363,,,failed
23.06654,93.42924,,,failed
23.43139,93.14833,,,failed
23.19874,93.07217,,,failed
23.36793,93.16387,,,failed
23.20713,93.30668,,,failed
23.35767,93.4414,,,failed
23.44445,93.13523,,,failed
23.06314,93.17524,,,failed
23.40495,93.42504,,,failed
23.01692,93.21635,,,failed
23.10984,93.47867,,,failed
23.49214,93.49814,,,failed
23.27528,93.2454,,,failed
23.14979,93.43893,,,failed
23.20484,93.06284,,,failed
23.36018,93.19536,,,failed
23.44635,93.39431,,,failed
23.26006,93.355,,,failed
23.19959,93.04893,,,failed
23.16193,93.3913,,,failed
23.41626,93.36694,,,failed
23.22425,93.17478,,,failed
23.17103,93.37582,,,failed
23.46496,93.43823,,,failed
23.16995,93.30407,,,failed
23.15387,93.22541,,,failed
23.22571,93.47218,,,failed
23.49765,93.16193,,,failed
23.31678,93.04256,,,failed
23.33997,93.15007,,,failed
23.41038,93.25819,,,failed
23.17144,93.19015,,,failed
23.26596,93.49956,,,failed
23.23429,93.24068,,,failed
23.1692,93.3099,,,failed
23.49481,93.28917,,,failed
12.91175,74.84862,,,failed
12.93979,74.93527,,,failed
12.87428,74.97916,,,failed
23.50882,93.0917,,,failed
23.56672,93.13764,,,failed
23.50458,93.23805,,,failed
23.63122,93.11803,,,failed
23.62418,93.14209,,,failed
23.5413,93.10257,,,failed
23.54601,93.09247,,,failed
23.54287,93.0854,,,failed
23.56785,93.10472,,,failed
23.56413,93.11379,,,failed
23.56234,93.11891,,,failed
23.56239,93.12377,,,failed
23.56404,93.10752,,,failed
23.56145,93.10909,,,failed
23.55881,93.10901,,,failed
23.5356,93.10657,,,failed
23.54294,93.23822,,,failed
23.56333,93.10553,,,failed
23.54405,93.15559,,,failed
23.54577,93.14793,,,failed
23.5266,93.19297,,,failed
23.86749,93.02305,,,failed
23.94271,93.41324,,,failed
23.95453,93.06596,,,failed
23.98318,93.32858,,,failed
23.87122,93.49047,,,failed
23.96883,93.18069,,,failed
23.89958,93.42911,,,failed
23.95763,93.07987,,,failed
23.96786,93.30483,,,failed
23.93712,93.13749,,,failed
23.83234,93.08277,,,failed
23.96345,93.14009,,,failed
23.84396,93.16996,,,failed
23.53534,93.22521,,,failed
23.66876,93.36258,,,failed
23.94382,93.02728,,,failed
23.79024,93.23045,,,failed
23.84251,93.35008,,,failed
23.72559,93.39601,,,failed
23.57046,93.0394,,,failed
23.85162,93.00485,,,failed
23.99369,93.2056,,,failed
23.99609,93.36289,,,failed
23.54454,93.0048,,,failed
23.72022,93.06884,,,failed
23.71057,93.22053,,,failed
23.92816,93.35932,,,failed
23.78307,93.42192,,,failed
23.6856,93.05208,,,failed
23.89491,93.11441,,,failed
23.8292,93.24347,,,failed
23.81549,93.41198,,,failed
23.50172,93.05693,,,failed
23.95192,93.20172,,,failed
23.93703,93.48555,,,failed
23.51506,93.03314,,,failed
23.57754,93.45685,,,failed
23.90408,93.14034,,,failed
23.6026,93.31759,,,failed
23.62615,93.39721,,,failed
23.97667,93.16012,,,failed
23.91167,93.34819,,,failed
23.91982,93.49668,,,failed
23.50949,93.01659,,,failed
23.51057,93.29601,,,failed
23.66376,93.44122,,,failed
23.7245,93.18573,,,failed
23.99685,93.2509,,,failed
23.9997,93.41738,,,failed
23.63119,93.01672,,,failed
23.50581,93.32682,,,failed
23.91375,93.41869,,,failed
23.85615,93.3279,,,failed
23.51264,93.42987,,,failed
23.70337,93.21459,,,failed
23.71846,93.41515,,,failed
23.94924,93.01137,,,failed
23.75878,93.07531,,,failed
23.57247,93.47749,,,failed
23.51293,93.03613,,,failed
23.65912,93.11281,,,failed
23.52331,93.08607,,,failed
23.70154,93.21451,,,failed
23.60597,93.29577,,,failed
23.92568,93.24775,,,failed
23.91718,93.2657,,,failed
23.57507,93.43082,,,failed
23.82887,93.22163,,,failed
23.72549,93.47646,,,failed
23.91095,93.25689,,,failed
23.54217,93.34647,,,failed
23.73797,93.40016,,,failed
23.903,93.0873,,,failed
23.72694,93.00441,,,failed
23.58593,93.36741,,,failed
23.94263,93.06868,,,failed
23.8197,93.28344,,,failed
23.50469,93.46626,,,failed
23.60074,93.0207,,,failed
23.7701,93.34597,,,failed
23.62814,93.40884,,,failed
13.86908,74.81434,,,failed
13.8719,74.6052,,,failed
13.97121,74.53289,,,failed
24.17181,93.54407,,,failed
24.18292,93.53442,,,failed
24.18566,93.53935,,,failed
24.2445,93.55276,,,failed
24.24756,93.5481,,,failed
24.32774,93.57937,,,failed
24.2884,93.58591,,,failed
24.29982,93.59041,,,failed
24.30769,93.58121,,,failed
24.30712,93.59376,,,failed
24.33916,93.66234,,,failed
24.33332,93.65703,,,failed
24.3309,93.66054,,,failed
24.39256,93.65469,,,failed
24.49112,93.62216,,,failed
24.48459,93.58782,,,failed
24.03504,93.54139,,,failed
24.10864,93.54198,,,failed
24.12682,93.54014,,,failed
24.33301,93.65357,,,failed
24.49282,93.58644,,,failed
24.48338,93.58848,,,failed
24.09002,93.54192,,,failed
24.12715,93.53351,,,failed
24.39838,93.77823,,,failed
24.46043,93.62052,,,failed
24.45112,93.53318,,,failed
24.44329,93.85478,,,failed
24.43753,93.58733,,,failed
24.48204,93.97585,,,failed
24.46906,93.59158,,,failed
24.33201,93.80524,,,failed
24.02579,93.84786,,,failed
24.08488,93.618,,,failed
24.21592,93.7306,,,failed
24.09171,93.9774,,,failed
24.35363,93.85095,,,failed
24.36217,93.95787,,,failed
24.08036,93.6126,,,failed
24.06573,93.68765,,,failed
24.42959,93.7017,,,failed
24.28956,93.52276,,,failed
24.25111,93.82062,,,failed
24.06563,93.99224,,,failed
24.35978,93.66405,,,failed
24.49221,93.96616,,,failed
24.26051,93.75691,,,failed
24.29771,93.76031,,,failed
24.05383,93.53783,,,failed
24.25635,93.56758,,,failed
24.1351,93.78759,,,failed
24.19138,93.91932,,,failed
24.30161,93.55817,,,failed
24.43522,93.67583,,,failed
24.43026,93.86781,,,failed
24.2207,93.8169,,,failed
24.14474,93.88826,,,failed
24.29621,93.90943,,,failed
24.00136,93.61242,,,failed
24.15986,93.52035,,,failed
24.06675,93.63282,,,failed
24.404,93.67917,,,failed
24.30604,93.87869,,,failed
24.12462,93.84418,,,failed
24.18051,93.88903,,,failed
24.48577,93.52811,,,failed
24.39139,93.84247,,,failed
24.46267,93.93857,,,failed
24.12,93.81697,,,failed
24.22662,93.91598,,,failed
24.43279,93.60092,,,failed
24.43938,93.76238,,,failed
24.14807,93.7117,,,failed
24.21135,93.96728,,,failed
24.38851,93.57577,,,failed
24.40635,93.89597,,,failed
24.43007,93.54147,,,failed
24.22018,93.52193,,,failed
24.30791,93.53428,,,failed
24.38481,93.52714,,,failed
24.23512,93.69316,,,failed
24.38952,93.72842,,,failed
24.09457,93.78266,,,failed
24.38256,93.85247,,,failed
24.15564,93.51196,,,failed
24.183,93.70826,,,failed
24.44556,93.50667,,,failed
24.36164,93.92604,,,failed
24.22016,93.57575,,,failed
24.14966,93.70886,,,failed
24.41384,93.79912,,,failed
24.00745,93.90004,,,failed
24.15141,93.76592,,,failed
24.29148,93.60615,,,failed
24.07481,93.59766,,,failed
24.13158,93.73575,,,failed
24.41133,93.5411,,,failed
24.30049,93.90317,,,failed
24.19654,93.51104,,,failed
24.08163,93.60538,,,failed
24.25489,93.62284,,,failed
24.47779,93.84742,,,failed
24.0777,93.83642,,,failed
24.34367,93.71851,,,failed
24.09948,93.77247,,,failed
24.35706,93.87775,,,failed
14.30234,74.48149,,,failed
14.27908,74.45657,,,failed
13.50328,75.34969,,,failed
14.59007,74.56635,,,failed
14.9025,74.56196,,,failed
25.12431,92.90428,278.0,24.98,ok
25.121,92.91503,300.0,15.89,ok
23.9,91.75622,200.0,31.32,ok
23.92583,91.74334,170.0,13.74,ok
14.84285,74.17655,42.0,15.0,ok
14.8099,74.14158,42.0,12.31,ok
25.12458,92.98911,529.0,20.65,ok
25.15561,93.02222,615.0,16.12,ok
25.14678,93.03097,478.0,22.48,ok
25.14872,93.03192,460.0,26.79,ok
25.14525,93.02917,539.0,28.91,ok
25.16344,93.02317,552.0,17.71,ok
25.15069,93.02583,671.0,13.12,ok
25.14586,93.02419,701.0,26.21,ok
25.14042,93.02039,719.0,22.33,ok
25.13961,93.01956,733.0,26.79,ok
25.13447,93.01897,757.0,12.41,ok
25.15572,93.02278,616.0,28.81,ok
25.15736,93.01608,644.0,28.61,ok
25.15933,93.017,686.0,8.22,ok
25.15658,93.01961,619.0,23.49,ok
25.164,93.04019,454.0,16.42,ok
25.15714,93.01719,647.0,37.25,ok
25.15681,93.01972,633.0,23.63,ok
25.15859,93.01292,583.0,16.12,ok
25.16023,93.01084,592.0,22.48,ok
25.15556,93.02158,607.0,16.12,ok
25.16267,93.00981,575.0,17.91,ok
25.15814,93.02478,543.0,10.49,ok
25.12067,93.04494,1161.0,27.52,ok
25.10188,93.02595,1337.0,37.89,ok
24.57025,92.685,50.0,6.76,ok
24.60298,92.69177,41.0,4.93,ok
24.53866,92.68435,81.0,8.34,ok
24.53565,92.69258,74.0,3.68,ok
24.53661,92.70114,61.0,9.93,ok
24.71083,92.48117,47.0,17.85,ok
24.68969,92.49675,81.0,14.62,ok
24.74414,92.49328,24.0,7.34,ok
25.22956,93.1556,468.0,14.93,ok
25.20739,93.12278,680.0,17.92,ok
25.17639,93.11614,563.0,13.41,ok
25.18956,93.09642,537.0,23.64,ok
25.24194,93.14319,618.0,24.22,ok
9.7005,77.1069,1095.0,18.18,ok
9.7015,77.1066,1102.0,6.25,ok
27.37442,88.54506,1626.0,34.82,ok
27.4097,88.54371,1516.0,37.05,ok
27.40252,88.51868,571.0,33.75,ok
27.37261,88.54102,1861.0,39.81,ok
27.42622,88.53098,1367.0,25.92,ok
27.36978,88.54467,1734.0,34.73,ok
27.33208,88.50902,1538.0,19.02,ok
27.31314,88.58383,940.0,12.96,ok
27.35055,88.53327,2490.0,46.16,ok
27.35589,88.53098,2373.0,31.74,ok
27.28408,88.54611,1530.0,28.39,ok
27.23772,88.51384,436.0,36.89,ok
27.25338,88.54895,675.0,36.89,ok
27.28578,88.5535,1557.0,50.22,ok
27.28667,88.55347,1714.0,46.42,ok
27.28658,88.50777,1925.0,32.49,ok
27.28447,88.52577,1625.0,14.12,ok
24.18561,92.94536,449.0,18.11,ok
24.16374,92.97914,383.0,17.24,ok
27.51492,88.56314,1422.0,25.44,ok
27.5091,88.53848,1234.0,20.69,ok
27.48603,88.53269,1052.0,25.0,ok
27.46166,88.52341,939.0,37.51,ok
27.47959,88.57159,2052.0,22.9,ok
27.52252,88.52053,1106.0,26.15,ok
27.50867,88.55535,1602.0,21.04,ok
27.46266,88.58811,2711.0,21.04,ok
25.78417,93.80028,253.0,19.47,ok
25.76939,93.80278,290.0,26.94,ok
25.7853,93.8014,236.0,24.41,ok
25.77968,93.84498,309.0,16.28,ok
25.76636,93.82945,323.0,13.47,ok
25.77823,93.83234,278.0,13.94,ok
25.75246,93.84186,295.0,5.25,ok
25.74697,93.98167,886.0,12.78,ok
25.72081,93.95672,1319.0,26.28,ok
25.76099,93.99511,837.0,20.0,ok
27.57503,88.65403,1476.0,40.68,ok
27.56111,88.65453,1419.0,21.05,ok
27.52839,88.59972,1548.0,36.45,ok
27.56942,88.65272,1485.0,15.22,ok
27.59028,88.65394,1678.0,11.79,ok
27.59762,88.64554,1867.0,43.17,ok
27.54873,88.66546,1570.0,46.92,ok
27.56199,88.59411,2909.0,36.42,ok
27.54325,88.67248,1884.0,33.02,ok
32.25431,76.08022,752.0,15.92,ok
32.25711,76.07544,732.0,13.59,ok
9.616,77.19,740.0,23.36,ok
9.617,77.19,689.0,24.28,ok
25.23231,93.03333,554.0,16.2,ok
25.17986,93.07078,512.0,2.34,ok
25.17692,93.02656,455.0,27.96,ok
25.17703,93.02089,572.0,6.99,ok
25.17597,93.02017,596.0,25.86,ok
25.17506,93.02042,579.0,36.95,ok
25.17189,93.02061,568.0,40.95,ok
25.16564,93.02544,516.0,14.93,ok
25.23881,93.03219,566.0,21.2,ok
25.1775,93.02622,482.0,18.63,ok
25.20553,93.02014,342.0,15.9,ok
25.19669,93.01858,455.0,25.7,ok
25.18844,93.01967,526.0,31.03,ok
25.16579,93.00948,579.0,17.37,ok
25.17623,93.01326,685.0,22.09,ok
25.17136,93.01102,701.0,4.96,ok
25.16804,93.02503,481.0,22.24,ok
25.16808,93.02492,488.0,23.49,ok
25.16736,93.00953,638.0,17.71,ok
25.18919,93.02118,481.0,5.22,ok
25.17483,93.01986,645.0,28.92,ok
25.17742,93.00975,697.0,24.57,ok
25.22242,93.03477,609.0,4.68,ok
10.24139,77.50508,1956.0,29.29,ok
10.24097,77.50467,1961.0,25.61,ok
10.26057,77.46792,2182.0,28.0,ok
10.2537,77.47977,2250.0,31.23,ok
10.23826,77.50792,1755.0,19.68,ok
10.23786,77.50736,1763.0,28.0,ok
10.23888,77.49593,2044.0,13.38,ok
24.70619,92.28997,45.0,10.45,ok
27.58742,91.88694,2589.0,8.4,ok
27.58742,91.88694,2589.0,8.4,ok
27.59181,91.86503,2919.0,19.0,ok
27.59314,91.87389,2932.0,10.58,ok
27.59483,91.86642,2975.0,6.08,ok
27.59153,91.88044,2768.0,23.06,ok
27.59139,91.9025,2528.0,20.3,ok
27.58942,91.86144,2883.0,25.67,ok
27.59336,91.87944,2813.0,18.6,ok
27.59664,91.87897,2894.0,14.25,ok
11.23847,77.50403,298.0,3.05,ok
11.23953,77.50567,302.0,3.41,ok
27.179,88.53314,375.0,45.11,ok
27.21083,88.53784,1467.0,9.0,ok
27.1715,88.58677,1042.0,16.16,ok
27.20006,88.53002,846.0,17.36,ok
27.16762,88.52939,347.0,12.09,ok
27.20813,88.5605,964.0,16.39,ok
24.47897,92.68286,67.0,17.82,ok
24.51131,92.69303,44.0,3.29,ok
24.45236,92.64749,45.0,2.33,ok
24.51594,92.54089,53.0,16.99,ok
24.45081,92.49202,79.0,7.33,ok
24.49506,92.50578,174.0,26.7,ok
25.24597,93.02828,608.0,19.93,ok
25.3162,93.00616,667.0,11.56,ok
25.41733,93.12908,387.0,4.68,ok
25.40586,93.11097,254.0,23.85,ok
25.27481,93.14556,498.0,16.59,ok
25.27175,93.09823,429.0,31.31,ok
27.19342,93.78098,198.0,41.93,ok
24.65939,92.49736,34.0,1.65,ok
24.65122,92.46434,15.0,0.0,ok
24.63006,92.47335,32.0,1.65,ok
24.62375,92.46835,25.0,12.37,ok
27.33927,93.80258,784.0,31.85,ok
27.30707,93.80601,722.0,23.5,ok
27.29489,93.80333,634.0,32.0,ok
27.36923,93.83379,797.0,16.41,ok
27.25476,93.8013,289.0,39.49,ok
27.24613,93.80471,267.0,25.39,ok
27.23995,93.80659,263.0,25.43,ok
25.39156,93.11317,214.0,22.67,ok
25.39665,93.14102,270.0,17.74,ok
25.34904,93.12801,299.0,3.71,ok
24.16967,91.76686,82.0,17.98,ok
22.82104,92.63873,95.0,18.31,ok
22.81038,92.71796,628.0,22.88,ok
22.77469,92.63743,160.0,8.24,ok
22.80037,92.65972,87.0,13.17,ok
33.02986,74.93556,1355.0,54.27,ok
33.02428,74.93825,1688.0,32.75,ok
32.99843,74.94204,877.0,29.84,ok
32.99445,74.92807,827.0,22.72,ok
27.24144,88.60681,1382.0,21.82,ok
27.24883,88.60192,1149.0,16.17,ok
27.28913,88.67365,2127.0,6.72,ok
27.26876,88.61875,1341.0,23.87,ok
27.28116,88.67073,2249.0,28.39,ok
27.274,88.66179,2007.0,28.81,ok
27.25416,88.63706,2090.0,15.18,ok
10.29675,77.55144,1650.0,43.05,ok
10.30719,77.55528,1618.0,41.63,ok
10.30778,77.55672,1635.0,47.09,ok
10.31042,77.56047,1671.0,31.09,ok
10.31061,77.56072,1668.0,30.86,ok
10.27858,77.56558,1351.0,21.17,ok
10.27691,77.55986,1400.0,1.52,ok
10.26785,77.55747,1435.0,27.83,ok
10.22915,77.55148,933.0,45.97,ok
10.23387,77.55293,1092.0,31.9,ok
30.00561,80.71803,1635.0,17.51,ok
11.41589,76.81712,2002.0,26.14,ok
11.35161,76.83177,1805.0,36.95,ok
11.38377,76.89158,1443.0,14.94,ok
11.38272,76.89172,1435.0,17.82,ok
11.38255,76.89281,1429.0,28.36,ok
11.38051,76.89818,1380.0,40.62,ok
11.38437,76.90041,1370.0,24.44,ok
11.37318,76.90098,1295.0,28.12,ok
11.36944,76.90015,1286.0,25.52,ok
11.36671,76.89784,1254.0,5.5,ok
11.36658,76.89767,1261.0,29.57,ok
11.36597,76.89975,1245.0,28.39,ok
11.36496,76.90158,1223.0,17.82,ok
11.4148,76.87341,1811.0,17.76,ok
11.40396,76.87554,1699.0,15.37,ok
11.3987,76.88035,1639.0,29.38,ok
11.39648,76.88035,1692.0,16.1,ok
11.39428,76.88478,1585.0,30.24,ok
11.39101,76.88568,1561.0,9.58,ok
11.39004,76.89138,1500.0,20.91,ok
11.38678,76.89224,1473.0,29.38,ok
11.38446,76.89047,1457.0,19.34,ok
11.3608,76.834,1806.0,14.8,ok
11.3752,76.8165,2002.0,20.68,ok
11.3665,76.8167,1950.0,28.24,ok
11.4317,76.8667,1968.0,11.78,ok
11.4159,76.8172,2002.0,26.14,ok
11.4174,76.8781,1854.0,23.64,ok
11.3568,76.69266,2128.0,23.33,ok
11.35914,76.65181,2063.0,10.69,ok
11.40039,76.71645,2295.0,10.58,ok
11.39668,76.71731,2266.0,14.8,ok
11.39112,76.7178,2296.0,6.81,ok
11.39108,76.71756,2298.0,8.85,ok
11.39002,76.71868,2276.0,19.34,ok
11.38885,76.72575,2248.0,28.79,ok
11.3645,76.70561,2240.0,31.83,ok
11.35992,76.667,2025.0,17.87,ok
11.38372,76.69333,2213.0,17.87,ok
11.39636,76.65092,2148.0,9.58,ok
24.80376,92.73338,19.0,2.33,ok
24.78134,92.79,25.0,5.93,ok
11.33736,76.82256,1178.0,20.68,ok
11.33815,76.8267,1150.0,35.94,ok
11.3392,76.8392,932.0,25.27,ok
11.3366,76.8261,1127.0,21.86,ok
11.3355,76.81671,1315.0,34.23,ok
11.342,76.8308,1125.0,30.83,ok
11.3428,76.8287,1182.0,28.82,ok
11.341,76.8277,1192.0,23.64,ok
11.3389,76.8253,1231.0,30.95,ok
11.3387,76.822,1261.0,19.19,ok
11.3408,76.8325,1131.0,27.17,ok
11.3499,76.8478,951.0,38.65,ok
11.3494,76.8484,951.0,42.78,ok
11.3491,76.8486,930.0,30.95,ok
11.3428,76.8665,733.0,26.63,ok
11.3485,76.8699,650.0,29.04,ok
11.3444,76.86134,799.0,35.17,ok
11.33833,76.87086,442.0,19.13,ok
11.34083,76.85725,666.0,29.95,ok
11.34097,76.85692,657.0,30.83,ok
11.33972,76.84953,726.0,25.97,ok
11.34036,76.84983,742.0,23.28,ok
11.34183,76.85008,762.0,41.69,ok
11.34244,76.85006,767.0,50.46,ok
11.34419,76.84842,784.0,30.65,ok
11.34242,76.84642,807.0,23.64,ok
11.3423,76.84593,814.0,35.4,ok
11.33889,76.84272,845.0,21.23,ok
11.34019,76.86667,598.0,23.64,ok
11.33975,76.84194,865.0,18.87,ok
11.33969,76.84094,867.0,20.53,ok
11.33525,76.82756,1053.0,35.01,ok
11.33578,76.82769,1058.0,29.29,ok
11.33675,76.82814,1057.0,25.02,ok
11.33844,76.82786,1080.0,34.02,ok
11.33675,76.82742,1087.0,25.27,ok
11.33589,76.82678,1089.0,13.42,ok
11.33647,76.82564,1120.0,22.88,ok
11.33728,76.82531,1161.0,26.2,ok
11.34039,76.86431,584.0,12.14,ok
11.33736,76.82425,1163.0,26.2,ok
11.33736,76.82419,1163.0,26.2,ok
11.33578,76.81989,1188.0,23.12,ok
11.33475,76.8195,1197.0,24.1,ok
11.33492,76.81864,1213.0,33.73,ok
11.33492,76.82417,1049.0,27.17,ok
11.33439,76.81717,1257.0,30.0,ok
11.33477,76.81732,1256.0,29.7,ok
11.33477,76.81728,1256.0,29.7,ok
11.34025,76.86203,603.0,28.7,ok
11.33842,76.86083,627.0,33.71,ok
11.33814,76.86067,615.0,39.42,ok
11.33906,76.8575,643.0,29.29,ok
11.33956,76.85731,650.0,18.87,ok
11.34003,76.85708,647.0,24.73,ok
24.00342,91.45425,63.0,16.43,ok
23.79344,91.55206,140.0,11.43,ok
23.79425,91.55353,144.0,8.14,ok
23.79245,91.58052,127.0,8.75,ok
23.75496,91.55903,200.0,9.74,ok
10.30817,76.88727,1016.0,21.79,ok
10.29346,76.84008,883.0,27.68,ok
10.29895,76.83218,877.0,27.68,ok
10.29924,76.83187,869.0,24.29,ok
10.29796,76.82604,916.0,12.1,ok
10.30053,76.82913,882.0,29.43,ok
10.32735,76.96034,1109.0,3.05,ok
10.35168,76.93656,1068.0,18.7,ok
10.36322,76.98113,1177.0,30.26,ok
10.37086,76.99397,1386.0,29.3,ok
10.38453,76.99467,1448.0,28.74,ok
25.14631,93.94217,1283.0,16.57,ok
25.09257,93.95299,968.0,34.83,ok
25.1013,93.87417,2088.0,22.33,ok
25.08939,93.88325,1685.0,10.48,ok
25.22428,93.22286,622.0,16.8,ok
25.04783,92.78931,107.0,26.76,ok
25.03451,92.79494,430.0,22.61,ok
25.0543,92.7701,490.0,21.23,ok
25.0204,92.74515,158.0,9.56,ok
22.87356,92.75595,1072.0,26.04,ok
22.86613,92.77271,1099.0,23.39,ok
22.90357,92.7587,1205.0,37.31,ok
22.90345,92.7601,1164.0,27.85,ok
22.90462,92.75705,1158.0,25.46,ok
22.89524,92.74781,1014.0,25.1,ok
30.62603,77.50878,1454.0,32.59,ok
31.50016,76.87331,859.0,51.65,ok
11.55283,75.99897,980.0,4.83,ok
11.54197,76.00039,986.0,14.22,ok
11.53919,76.00422,884.0,12.94,ok
11.54044,76.01061,827.0,12.77,ok
11.54483,76.01169,846.0,21.25,ok
11.54778,76.00878,889.0,28.81,ok
11.54769,76.00922,909.0,34.73,ok
11.549,76.00258,928.0,14.14,ok
11.55875,76.00136,1027.0,14.95,ok
11.55581,76.00142,943.0,19.96,ok
11.55508,76.00147,953.0,12.42,ok
11.56861,76.01972,799.0,21.65,ok
11.69178,75.94311,819.0,30.03,ok
11.66853,75.96925,745.0,16.63,ok
11.67075,75.93683,823.0,18.01,ok
11.59003,76.2085,878.0,22.22,ok
11.54819,76.20772,869.0,18.88,ok
11.52344,76.24775,852.0,10.16,ok
11.52475,76.24764,838.0,20.36,ok
11.58425,76.19589,798.0,9.1,ok
11.56669,76.11778,817.0,19.2,ok
11.55683,76.12964,863.0,26.94,ok
11.56581,76.11833,807.0,19.2,ok
11.54317,76.178,874.0,7.61,ok
11.56889,76.12667,788.0,14.95,ok
11.53028,76.14,828.0,31.34,ok
11.58428,76.06792,837.0,1.53,ok
11.53667,76.03578,756.0,18.67,ok
11.53636,76.04153,768.0,19.2,ok
11.54517,76.0432,740.0,5.5,ok
11.52961,76.04456,793.0,18.06,ok
11.53786,76.059,916.0,20.79,ok
11.54494,76.04492,746.0,12.15,ok
11.54603,76.0463,763.0,19.15,ok
11.54413,76.05526,850.0,18.5,ok
11.54969,76.05578,858.0,15.58,ok
11.56612,76.05433,809.0,15.85,ok
11.55233,76.10128,991.0,11.78,ok
11.5535,76.08628,1081.0,25.01,ok
11.59139,76.088,751.0,9.59,ok
11.58431,76.05083,781.0,13.83,ok
11.58517,76.04786,769.0,9.7,ok
11.56778,76.02833,752.0,15.24,ok
11.55055,76.035,803.0,10.9,ok
11.54,76.02722,775.0,15.24,ok
11.5375,76.0275,756.0,13.43,ok
11.53888,76.02722,760.0,17.83,ok
11.55,76.0386,773.0,13.83,ok
11.59269,76.03736,764.0,18.67,ok
11.59317,76.03442,747.0,7.75,ok
11.59483,76.08003,756.0,18.5,ok
11.60169,76.06908,761.0,23.77,ok
11.60178,76.06994,769.0,23.77,ok
11.59653,76.02827,759.0,14.14,ok
11.55278,76.03889,750.0,9.59,ok
11.58478,76.03428,808.0,19.96,ok
11.58519,76.039,776.0,12.15,ok
11.58456,76.03836,767.0,24.12,ok
11.5855,76.03833,785.0,15.85,ok
11.55458,76.09483,1021.0,30.85,ok
11.56875,76.04397,786.0,16.05,ok
11.57128,76.04417,774.0,9.59,ok
11.53444,76.02647,763.0,20.36,ok
11.57806,76.11083,763.0,12.42,ok
11.90919,75.99958,832.0,14.16,ok
11.91006,75.99889,833.0,12.44,ok
11.90367,75.99972,778.0,12.07,ok
11.90411,76.01644,813.0,11.02,ok
11.90439,76.01625,816.0,8.86,ok
11.90289,76.01181,805.0,12.95,ok
11.83939,75.95589,741.0,13.45,ok
11.84044,75.95203,741.0,10.7,ok
11.84061,75.95144,739.0,9.71,ok
11.84067,75.94528,748.0,9.11,ok
11.83914,75.94394,754.0,14.97,ok
11.83703,75.94019,742.0,3.42,ok
11.83256,75.96986,738.0,16.13,ok
11.83478,75.93636,731.0,15.04,ok
11.83644,75.93258,728.0,19.22,ok
11.83658,75.932,720.0,11.01,ok
11.83831,75.92672,730.0,20.37,ok
11.83914,75.92578,733.0,14.97,ok
11.83964,75.91594,704.0,11.01,ok
11.83828,75.9175,718.0,11.51,ok
11.87958,76.03261,839.0,26.24,ok
11.84219,76.03925,770.0,10.7,ok
11.75983,76.01458,747.0,12.16,ok
11.76883,76.00267,749.0,15.25,ok
11.54888,76.39166,984.0,12.85,ok
11.62778,76.02786,739.0,13.84,ok
11.64625,76.03089,741.0,19.77,ok
11.62494,76.1033,906.0,23.85,ok
11.62322,76.10642,926.0,16.44,ok
11.50222,76.16472,847.0,22.89,ok
12.47957,75.71311,1086.0,28.8,ok
10.48799,76.3217,42.0,3.41,ok
10.50783,76.33771,45.0,14.9,ok
10.50971,76.33817,56.0,10.86,ok
10.48781,76.3226,59.0,23.69,ok
12.41302,75.73569,1065.0,16.68,ok
12.41207,75.73422,1053.0,25.78,ok
12.42281,75.73884,1133.0,12.19,ok
12.44222,75.75736,1173.0,10.73,ok
12.43415,75.73625,1163.0,13.64,ok
12.41637,75.68656,903.0,14.19,ok
12.41744,75.68646,870.0,20.42,ok
12.4244,75.6786,864.0,28.89,ok
12.44962,75.67184,1078.0,10.73,ok
12.43607,75.66981,752.0,25.61,ok
12.43858,75.65397,615.0,39.42,ok
12.4608,75.77622,1160.0,22.07,ok
12.46073,75.78087,1067.0,12.98,ok
12.45887,75.778,1127.0,8.88,ok
12.46076,75.76719,1091.0,17.41,ok
12.4626,75.76325,1059.0,16.99,ok
12.48676,75.78433,897.0,13.48,ok
12.48694,75.78735,901.0,19.26,ok
12.4865,75.78834,909.0,7.63,ok
12.48656,75.79119,900.0,27.02,ok
12.51092,75.81194,905.0,15.9,ok
10.3151,76.7335,930.0,16.56,ok
9.32467,76.87482,63.0,4.79,ok
10.3029,76.75797,892.0,30.43,ok
10.30573,76.74544,792.0,40.89,ok
10.30612,76.74498,779.0,35.3,ok
10.30678,76.74487,802.0,39.33,ok
10.30188,76.75136,838.0,27.59,ok
10.30138,76.78339,880.0,23.05,ok
10.30133,76.41956,37.0,8.56,ok
10.30375,76.4339,175.0,24.95,ok
10.30138,76.44312,82.0,20.98,ok
10.29847,76.45831,97.0,27.59,ok
10.31432,76.63328,427.0,15.52,ok
30.59461,78.68131,1745.0,34.2,ok
30.59472,78.68147,1742.0,34.98,ok
10.29035,76.67788,502.0,26.02,ok
10.29039,76.67469,456.0,13.46,ok
10.30348,76.70592,523.0,23.21,ok
30.88989,77.07122,1806.0,47.54,ok
33.16994,75.29667,909.0,31.26,ok
33.20756,75.27889,730.0,45.5,ok
33.15375,75.30686,1068.0,26.57,ok
33.15334,75.30681,1067.0,27.49,ok
33.18472,75.31306,864.0,47.88,ok
33.18443,75.31688,934.0,35.74,ok
9.17057,76.87509,74.0,15.73,ok
9.17029,76.87375,63.0,12.84,ok
9.17082,76.87366,64.0,19.57,ok
9.16456,76.87303,88.0,19.22,ok
9.16642,76.87938,137.0,20.41,ok
9.16727,76.86106,79.0,13.42,ok
9.17626,76.85975,54.0,7.55,ok
9.17709,76.863,73.0,19.47,ok
9.18481,76.86903,47.0,16.81,ok
33.04478,75.27886,1211.0,20.79,ok
33.17313,74.783,505.0,27.36,ok
26.07256,93.928,130.0,1.67,ok
33.04139,74.59239,721.0,15.78,ok
33.048,74.61683,673.0,27.32,ok
33.04161,74.59127,744.0,18.05,ok
33.03998,74.58563,754.0,13.7,ok
16.69677,73.57214,195.0,14.45,ok
11.45949,76.59325,2131.0,29.31,ok
11.46,76.59132,2128.0,25.7,ok
11.46976,76.56556,1995.0,19.19,ok
11.46934,76.56521,1989.0,7.6,ok
11.46814,76.56438,1991.0,13.83,ok
11.46818,76.58011,2104.0,19.14,ok
11.36275,76.60348,2005.0,19.7,ok
11.36296,76.60427,1993.0,15.36,ok
11.36133,76.60171,2038.0,17.82,ok
11.35807,76.59917,2035.0,7.6,ok
11.36013,76.60118,2034.0,23.12,ok
11.36078,76.60156,2035.0,7.6,ok
11.35854,76.59167,2135.0,24.44,ok
11.36079,76.59161,2167.0,12.93,ok
11.4891,76.53898,1705.0,34.39,ok
11.49067,76.52749,1610.0,37.42,ok
11.4905,76.5275,1618.0,41.63,ok
11.4905,76.5325,1675.0,10.15,ok
11.48891,76.53729,1724.0,28.01,ok
11.49515,76.51696,1228.0,21.24,ok
11.49052,76.52742,1618.0,41.63,ok
11.4907,76.53266,1674.0,14.21,ok
11.49064,76.52758,1622.0,38.7,ok
11.34398,76.63676,2080.0,19.34,ok
11.32286,76.61794,2058.0,20.91,ok
11.32247,76.6224,1962.0,11.49,ok
11.32275,76.62117,1973.0,13.58,ok
11.34464,76.59638,2073.0,12.41,ok
11.34471,76.59548,2088.0,20.68,ok
11.34166,76.59664,2127.0,11.49,ok
11.33736,76.60422,2028.0,17.29,ok
11.31956,76.62323,1924.0,7.6,ok
11.31278,76.62521,1940.0,12.93,ok
11.304,76.61939,1983.0,6.46,ok
11.30533,76.61882,2026.0,12.93,ok
11.30778,76.61817,2019.0,17.81,ok
11.30527,76.63085,1970.0,25.02,ok
11.29669,76.63436,2002.0,13.82,ok
11.31094,76.61948,1957.0,18.27,ok
11.30952,76.6323,2007.0,10.69,ok
11.31774,76.62317,1983.0,26.5,ok
11.34749,76.59668,2083.0,22.5,ok
11.31814,76.6216,1973.0,31.56,ok
11.32481,76.61986,1987.0,16.92,ok
11.34252,76.59769,2081.0,27.27,ok
11.34599,76.59545,2095.0,17.81,ok
11.34146,76.63386,2128.0,29.7,ok
11.31281,76.62543,1945.0,17.87,ok
11.3099,76.62256,1964.0,15.01,ok
11.32755,76.6317,2053.0,15.36,ok
11.34204,76.63419,2093.0,31.92,ok
11.34303,76.63919,2127.0,13.5,ok
11.32233,76.62217,1966.0,16.61,ok
11.31261,76.62381,1949.0,6.81,ok
11.50833,76.31917,1013.0,30.84,ok
13.12805,75.51532,1018.0,22.34,ok
11.34962,76.64144,2126.0,28.81,ok
11.28111,76.64833,1651.0,29.7,ok
11.28092,76.648,1655.0,30.64,ok
11.28089,76.64761,1653.0,31.63,ok
11.28072,76.64814,1668.0,27.39,ok
11.33669,76.64225,2041.0,28.09,ok
11.29147,76.64567,1835.0,31.9,ok
11.3206,76.6903,1987.0,17.87,ok
11.3157,76.7068,1831.0,17.81,ok
11.2659,76.6572,1746.0,16.42,ok
11.2818,76.65,1659.0,13.58,ok
11.2774,76.6898,1616.0,22.2,ok
32.40134,75.98525,733.0,30.8,ok
27.36473,88.23728,2020.0,36.04,ok
27.31149,88.23252,1479.0,13.36,ok
27.37049,88.18048,2376.0,43.8,ok
13.14857,75.45868,1175.0,25.46,ok
13.07642,75.45569,496.0,32.86,ok
13.07683,75.45633,507.0,28.98,ok
13.07633,75.47161,684.0,27.55,ok
11.38797,76.73164,2210.0,24.55,ok
11.38733,76.73406,2207.0,28.09,ok
11.35857,76.79312,1795.0,39.73,ok
11.35724,76.79177,1810.0,40.42,ok
11.35744,76.79195,1814.0,42.2,ok
11.36067,76.78127,1793.0,20.77,ok
11.3575,76.7837,1795.0,19.19,ok
11.35256,76.78483,1767.0,13.82,ok
11.35333,76.785,1772.0,11.49,ok
11.35414,76.78528,1774.0,4.82,ok
11.35983,76.78161,1793.0,16.61,ok
11.36067,76.78136,1793.0,20.77,ok
11.36231,76.7795,1801.0,12.41,ok
11.36292,76.77873,1810.0,12.41,ok
11.36631,76.77342,1883.0,29.3,ok
11.36644,76.77225,1900.0,31.32,ok
11.3665,76.77164,1894.0,34.72,ok
11.3665,76.77125,1898.0,29.3,ok
11.36659,76.77039,1908.0,26.73,ok
11.36706,76.76914,1921.0,33.39,ok
11.36689,76.76739,1929.0,13.82,ok
11.3556,76.771,1872.0,19.34,ok
11.4146,76.8133,2053.0,13.43,ok
11.3785,76.7444,2102.0,4.32,ok
11.4139,76.8139,2005.0,27.91,ok
11.3571,76.8083,1888.0,18.27,ok
11.3509,76.7929,1754.0,15.23,ok
11.3533,76.785,1770.0,12.93,ok
11.3669,76.7992,1875.0,10.15,ok
11.3696,76.7517,1938.0,24.44,ok
11.3718,76.7561,1950.0,5.5,ok
11.3599,76.7814,1798.0,16.61,ok
11.3606,76.7813,1793.0,20.77,ok
11.359,76.7817,1808.0,24.1,ok
11.35286,76.78639,1800.0,11.49,ok
11.34785,76.78908,1745.0,21.82,ok
11.34842,76.7925,1719.0,5.5,ok
11.34123,76.79759,1696.0,34.75,ok
11.33963,76.79743,1692.0,22.5,ok
11.33669,76.79845,1662.0,19.19,ok
11.33453,76.7958,1620.0,16.92,ok
11.33591,76.79098,1586.0,10.69,ok
11.33217,76.79413,1525.0,17.81,ok
11.3307,76.79916,1473.0,25.69,ok
11.32999,76.803,1442.0,19.34,ok
11.3353,76.81397,1343.0,31.76,ok
11.33449,76.81551,1296.0,25.69,ok
11.34167,76.80274,1760.0,20.68,ok
11.34065,76.80033,1685.0,16.8,ok
11.3416,76.80029,1724.0,23.48,ok
11.34342,76.79352,1716.0,19.6,ok
11.34165,76.80003,1701.0,31.99,ok
11.3345,76.8158,1292.0,18.65,ok
11.3356,76.8146,1354.0,34.75,ok
11.3355,76.814,1365.0,32.68,ok
11.3353,76.8135,1346.0,36.07,ok
11.335,76.8127,1362.0,43.23,ok
11.3312,76.7994,1478.0,19.95,ok
11.3495,76.786,1769.0,20.39,ok
11.3497,76.7855,1778.0,22.55,ok
11.3492,76.787,1778.0,12.76,ok
11.33428,76.81322,1306.0,15.84,ok
11.33558,76.815,1343.0,38.76,ok
11.33547,76.81456,1342.0,36.07,ok
11.33547,76.8145,1347.0,32.68,ok
11.33528,76.81331,1351.0,35.98,ok
11.33536,76.81286,1374.0,42.33,ok
11.33536,76.81281,1374.0,42.33,ok
11.33433,76.81244,1359.0,38.65,ok
11.33231,76.80869,1406.0,30.37,ok
11.33042,76.80783,1395.0,37.35,ok
11.32925,76.80642,1410.0,33.02,ok
11.33147,76.80142,1466.0,37.75,ok
11.33128,76.79947,1471.0,15.22,ok
11.33128,76.79944,1471.0,15.22,ok
11.33244,76.79422,1529.0,18.87,ok
11.33461,76.79083,1555.0,21.23,ok
11.33372,76.79764,1628.0,28.56,ok
11.33406,76.79825,1633.0,23.48,ok
11.33406,76.79831,1633.0,23.48,ok
11.33597,76.79875,1656.0,23.16,ok
11.33646,76.79841,1666.0,24.1,ok
11.34025,76.79775,1693.0,23.83,ok
11.34058,76.79775,1697.0,23.16,ok
11.341,76.79756,1701.0,25.79,ok
11.34175,76.79606,1727.0,36.23,ok
11.34181,76.79556,1730.0,38.0,ok
11.34208,76.79533,1707.0,31.37,ok
11.34481,76.79025,1736.0,17.76,ok
11.345,76.79022,1736.0,23.12,ok
11.34569,76.78942,1752.0,30.37,ok
11.34597,76.78917,1741.0,12.93,ok
11.34758,76.78822,1760.0,17.81,ok
11.3495,76.78722,1764.0,22.12,ok
11.34973,76.7869,1758.0,19.6,ok
11.34958,76.78603,1768.0,18.27,ok
11.34961,76.78558,1779.0,21.64,ok
11.35036,76.78528,1777.0,21.64,ok
11.34333,76.79572,1716.0,24.1,ok
11.3494,76.7872,1771.0,19.19,ok
11.2653,76.7448,1500.0,21.82,ok
11.3203,76.7985,1798.0,22.21,ok
11.3426,76.7901,1748.0,11.49,ok
11.3445,76.7924,1721.0,9.7,ok
11.3339,76.7981,1631.0,26.1,ok
11.3307,76.808,1397.0,29.81,ok
11.3494,76.7959,1772.0,16.8,ok
11.337,76.7982,1673.0,16.36,ok
11.3359,76.7345,1910.0,40.72,ok
11.3375,76.7769,1745.0,13.82,ok
11.34737,76.78938,1745.0,21.51,ok
11.34966,76.78838,1763.0,25.27,ok
11.3446,76.79241,1723.0,8.84,ok
11.34634,76.79892,1766.0,27.14,ok
32.95769,75.16283,805.0,25.41,ok
32.97508,75.17987,818.0,26.02,ok
32.95505,75.15861,836.0,29.83,ok
33.30781,75.18145,1146.0,46.99,ok
33.33202,75.20014,1193.0,61.72,ok
33.35136,75.17792,1294.0,42.91,ok
24.73197,92.75989,19.0,0.0,ok
24.71098,92.80954,23.0,4.94,ok
24.79489,92.55506,47.0,8.82,ok
24.80053,92.61866,23.0,1.65,ok
24.80741,92.55477,29.0,9.94,ok
24.80531,92.54949,50.0,15.93,ok
24.78003,92.45372,42.0,13.83,ok
24.78381,92.45564,38.0,17.86,ok
24.775,92.39483,19.0,1.65,ok
24.72192,92.90381,40.0,9.53,ok
24.70384,92.9293,23.0,5.93,ok
24.74684,92.96947,25.0,0.0,ok
24.70184,92.94589,26.0,0.0,ok
24.75887,92.92252,25.0,3.69,ok
27.08131,93.61283,274.0,8.99,ok
27.09928,93.61477,376.0,15.16,ok
24.70656,92.65008,47.0,11.51,ok
24.73117,92.64739,37.0,12.68,ok
24.69865,92.66021,28.0,1.65,ok
32.73432,74.87295,366.0,14.08,ok
33.00333,75.21496,848.0,28.06,ok
33.00402,75.21649,848.0,22.6,ok
33.00308,75.21348,849.0,27.23,ok
32.99101,75.19445,819.0,37.04,ok
33.01082,75.22598,901.0,25.27,ok
33.01029,75.22262,899.0,25.13,ok
26.89074,92.12068,222.0,39.06,ok
26.88969,92.12266,263.0,48.88,ok
27.32889,88.60778,1443.0,29.53,ok
27.3391,88.66331,1665.0,27.97,ok
27.34428,88.68007,2178.0,28.26,ok
27.30128,88.66073,1660.0,21.61,ok
27.30826,88.652,2086.0,24.97,ok
16.49199,73.48367,52.0,14.12,ok
16.49181,73.48386,53.0,14.12,ok
16.51115,73.52662,109.0,29.1,ok
16.50587,73.50623,84.0,3.49,ok
30.071,78.49072,482.0,39.4,ok
16.45944,73.50781,103.0,14.51,ok
16.07805,73.87784,200.0,12.01,ok
18.03822,73.55033,356.0,27.21,ok
18.04758,73.56178,473.0,14.55,ok
18.00879,73.53708,161.0,1.58,ok
18.01437,73.54708,155.0,7.83,ok
27.61936,88.66131,1844.0,40.19,ok
27.68136,88.66235,3395.0,43.05,ok
17.78032,73.14556,125.0,12.49,ok
30.42279,78.07247,1406.0,42.87,ok
30.4183,78.07724,1166.0,32.03,ok
30.42503,78.07378,1373.0,35.31,ok
30.41069,78.0865,1068.0,23.63,ok
16.89834,73.32015,38.0,13.91,ok
16.0024,73.59082,90.0,16.14,ok
16.00218,73.59097,90.0,15.23,ok
17.96511,73.58875,181.0,6.28,ok
18.08033,73.51354,39.0,17.1,ok
17.83694,73.0915,35.0,15.37,ok
17.94133,73.55817,510.0,31.59,ok
18.06133,73.58175,257.0,3.52,ok
18.03366,73.60384,277.0,2.23,ok
17.98683,73.58606,317.0,4.97,ok
17.58794,73.66802,187.0,3.51,ok
17.60334,73.67849,177.0,25.61,ok
17.57364,73.68101,300.0,8.41,ok
17.5731,73.69602,411.0,12.48,ok
17.57787,73.67542,154.0,5.65,ok
17.63413,73.65321,262.0,23.08,ok
17.99186,73.67367,1023.0,27.85,ok
17.5245,73.65858,86.0,9.97,ok
17.53805,73.69429,280.0,25.05,ok
17.54953,73.69102,151.0,7.0,ok
17.90808,73.72808,1129.0,19.72,ok
17.899,73.68797,1177.0,30.12,ok
17.88946,73.69458,1131.0,21.49,ok
17.88971,73.69665,1170.0,25.94,ok
17.62686,73.61863,135.0,5.65,ok
17.67868,73.63784,278.0,13.97,ok
17.68012,73.63877,268.0,22.21,ok
17.45249,73.80169,917.0,24.42,ok
17.45647,73.80302,788.0,29.02,ok
17.63914,73.83631,1098.0,7.0,ok
17.63897,73.83764,1069.0,27.93,ok
17.57167,73.89536,1014.0,16.47,ok
30.59083,77.65778,1205.0,48.89,ok
17.27478,73.815,852.0,12.46,ok
17.27469,73.81556,855.0,13.94,ok
17.27456,73.81578,864.0,25.02,ok
26.10695,94.25329,1374.0,8.29,ok
26.08945,94.26422,1473.0,16.55,ok
26.0507,94.2385,1060.0,16.24,ok
27.36993,88.48593,807.0,34.51,ok
27.30352,88.45225,689.0,27.22,ok
27.36056,88.47049,830.0,38.16,ok
27.29784,88.46546,1399.0,22.71,ok
25.36626,92.82304,962.0,17.32,ok
32.83938,74.94076,528.0,24.03,ok
27.37211,88.61672,1875.0,23.52,ok
27.4432,88.6087,1567.0,34.16,ok
27.38903,88.66463,2164.0,37.54,ok
27.39411,88.67024,2267.0,45.94,ok
27.40443,88.59709,1063.0,21.63,ok
27.43808,88.64067,1733.0,41.32,ok
27.24297,88.47056,496.0,34.47,ok
27.2525,88.4606,556.0,34.71,ok
27.28142,88.4625,1383.0,26.62,ok
25.11766,92.84771,160.0,18.24,ok
17.97418,73.46293,58.0,14.55,ok
33.09,75.86142,1362.0,24.76,ok
10.30272,77.66003,1337.0,14.89,ok
10.27456,77.61869,1253.0,22.09,ok
10.43226,76.98764,1124.0,26.94,ok
10.43736,76.98563,973.0,21.76,ok
10.44726,76.98435,916.0,28.31,ok
10.45124,76.98197,664.0,17.94,ok
10.4518,76.9815,644.0,25.35,ok
10.45089,76.97694,547.0,29.92,ok
10.44976,76.97618,600.0,38.16,ok
10.45036,76.9798,626.0,30.16,ok
10.4505,76.97869,625.0,40.63,ok
10.45067,76.98034,634.0,25.35,ok
10.4315,76.98407,1173.0,26.43,ok
10.22722,77.55028,819.0,23.4,ok
27.21392,88.60833,814.0,24.94,ok
27.17302,88.68038,1483.0,20.23,ok
27.13768,88.6552,1222.0,26.84,ok
27.17159,88.67865,1374.0,22.38,ok
11.75017,78.18769,638.0,32.24,ok
11.75094,78.18851,646.0,22.19,ok
11.7615,78.18833,764.0,27.95,ok
11.76307,78.18866,760.0,38.72,ok
11.76376,78.18829,765.0,29.74,ok
11.76453,78.18838,781.0,29.16,ok
11.74044,78.18204,543.0,33.43,ok
11.74705,78.18522,588.0,18.07,ok
11.74847,78.18663,620.0,31.36,ok
11.77961,78.27012,872.0,21.67,ok
11.77561,78.2701,802.0,28.74,ok
11.77558,78.26949,825.0,28.28,ok
25.77145,93.90704,628.0,23.55,ok
25.77006,93.93787,798.0,27.24,ok
25.77006,93.93789,798.0,27.24,ok
25.76618,93.94044,810.0,27.65,ok
25.78023,93.93616,908.0,20.69,ok
25.7746,93.91488,666.0,27.24,ok
25.79702,93.93663,916.0,20.75,ok
10.22302,77.34488,1988.0,10.65,ok
10.22466,77.34555,2008.0,14.89,ok
10.2543,77.33308,1795.0,11.45,ok
10.24369,77.33454,2028.0,5.48,ok
22.91453,92.89333,579.0,23.97,ok
22.90209,92.87991,426.0,11.57,ok
22.89243,92.82294,789.0,38.78,ok
22.88042,92.82169,861.0,31.46,ok
22.91234,92.8451,743.0,33.76,ok
22.86368,92.87276,511.0,15.86,ok
27.30141,88.3916,1800.0,48.83,ok
27.30526,88.35169,1729.0,16.87,ok
27.34256,88.40348,3080.0,17.09,ok
27.29821,88.36508,2097.0,0.0,ok
27.30579,88.3482,1707.0,38.16,ok
27.2959,88.35679,1955.0,20.01,ok
10.22713,77.33827,1882.0,12.71,ok
27.14872,88.28129,395.0,31.23,ok
27.18968,88.2653,1519.0,12.09,ok
27.15241,88.32954,1333.0,14.91,ok
27.20241,88.29609,1058.0,25.58,ok
27.2105,88.25145,1214.0,35.88,ok
27.14529,88.24542,1536.0,17.93,ok
23.49992,92.70136,897.0,33.88,ok
23.48556,92.70306,980.0,8.73,ok
23.49083,92.70556,1014.0,57.32,ok
23.49861,92.70389,953.0,38.85,ok
23.49,92.70556,1036.0,41.13,ok
23.49722,92.70333,908.0,28.43,ok
23.4855,92.7033,980.0,10.83,ok
23.4946,92.7044,928.0,46.72,ok
30.71028,78.46675,1618.0,39.02,ok
12.87814,75.03807,48.0,15.31,ok
12.87428,74.97916,82.0,19.24,ok
31.99953,77.1265,1277.0,37.84,ok
31.96664,77.1162,1210.0,31.99,ok
31.96694,77.11688,1207.0,20.63,ok
18.93247,73.23425,433.0,16.66,ok
16.63421,74.06467,740.0,13.89,ok
32.70497,75.80958,1291.0,29.27,ok
32.69335,75.78377,1400.0,46.0,ok
23.00639,92.67692,403.0,31.4,ok
23.05806,92.67583,706.0,3.25,ok
23.05222,92.67028,429.0,15.02,ok
23.03017,92.67336,310.0,35.23,ok
23.02281,92.67256,350.0,20.29,ok
23.04896,92.64742,205.0,22.49,ok
24.27139,92.96,777.0,19.13,ok
24.28587,92.94599,901.0,27.36,ok
24.2726,92.93947,498.0,35.75,ok
24.21942,92.91562,514.0,36.81,ok
30.61,79.01,1791.0,26.71,ok
30.652,79.0244,2014.0,32.68,ok
30.98134,76.9773,957.0,16.97,ok
30.97036,76.99214,1333.0,27.09,ok
31.46975,77.36669,1705.0,43.46,ok
31.473,77.36772,1740.0,44.72,ok
30.90009,76.93014,1054.0,28.91,ok
30.35608,78.31892,2063.0,19.47,ok
30.43675,79.42864,1317.0,37.51,ok
33.36506,75.18358,1465.0,54.29,ok
33.38858,75.20136,1565.0,40.71,ok
33.36625,75.18625,1433.0,12.85,ok
33.36262,75.17574,1399.0,54.07,ok
30.4777,78.4671,1208.0,32.01,ok
33.23526,75.2456,735.0,28.29,ok
33.24199,75.23668,711.0,5.65,ok
33.23601,75.24382,747.0,35.73,ok
33.22052,75.26956,716.0,18.09,ok
33.21495,75.27282,709.0,14.46,ok
11.34981,76.94119,506.0,16.61,ok
11.34968,76.94148,503.0,19.19,ok
11.34963,76.94182,496.0,20.39,ok
11.34893,76.94316,491.0,19.19,ok
11.34853,76.9434,492.0,23.28,ok
11.34824,76.94361,488.0,31.57,ok
11.3481,76.9438,485.0,31.57,ok
11.34778,76.94399,481.0,26.4,ok
11.34765,76.9445,475.0,26.2,ok
11.34701,76.94478,476.0,24.1,ok
11.34613,76.94403,462.0,20.91,ok
11.34619,76.9439,460.0,23.28,ok
11.34641,76.94359,457.0,26.1,ok
11.34653,76.94348,464.0,22.88,ok
11.34677,76.94266,451.0,18.65,ok
11.34687,76.94158,441.0,23.48,ok
11.34493,76.93815,414.0,17.29,ok
11.34263,76.93718,392.0,20.34,ok
34.02194,74.7625,1619.0,0.0,ok
11.364,76.90982,1161.0,11.49,ok
11.36353,76.91286,1139.0,14.94,ok
11.36273,76.91433,1126.0,16.61,ok
11.36183,76.91594,1105.0,19.19,ok
11.36074,76.91737,1103.0,12.05,ok
11.36129,76.91925,1086.0,21.99,ok
11.35951,76.91986,1076.0,14.21,ok
11.35895,76.91989,1082.0,26.14,ok
11.35892,76.92088,1068.0,25.8,ok
11.35896,76.92146,1067.0,29.3,ok
11.35745,76.92692,1037.0,11.0,ok
11.35687,76.93211,983.0,6.28,ok
11.35629,76.933,969.0,36.56,ok
11.35809,76.93395,976.0,33.39,ok
11.35887,76.93558,947.0,26.4,ok
11.35997,76.93761,930.0,22.12,ok
11.3602,76.93834,916.0,23.83,ok
11.35951,76.93782,906.0,25.8,ok
11.3588,76.93761,903.0,23.95,ok
11.35962,76.93848,888.0,27.39,ok
11.3608,76.9394,890.0,31.57,ok
11.36053,76.94007,868.0,32.84,ok
11.36007,76.94175,870.0,31.05,ok
11.35989,76.94218,863.0,33.73,ok
11.35993,76.94278,852.0,35.98,ok
11.36132,76.94568,825.0,27.39,ok
11.35992,76.94276,852.0,35.98,ok
11.36169,76.94605,825.0,34.29,ok
11.3621,76.94641,825.0,32.73,ok
11.36257,76.94761,816.0,24.99,ok
11.36214,76.94927,799.0,23.28,ok
11.36207,76.94978,795.0,24.1,ok
11.36176,76.95017,799.0,25.27,ok
11.36127,76.95067,801.0,31.83,ok
11.36055,76.94817,721.0,18.49,ok
11.35961,76.94662,720.0,31.92,ok
11.35914,76.9463,711.0,21.51,ok
11.35809,76.94534,697.0,25.69,ok
11.3565,76.94579,658.0,31.32,ok
11.35763,76.94602,656.0,23.95,ok
11.35774,76.94669,646.0,20.34,ok
11.35812,76.9496,623.0,26.2,ok
11.35793,76.94888,616.0,24.99,ok
11.3576,76.94858,605.0,22.67,ok
11.35747,76.94804,603.0,21.82,ok
11.3573,76.94762,598.0,17.87,ok
11.35709,76.94703,611.0,23.64,ok
11.35681,76.94698,600.0,21.82,ok
11.35473,76.94561,576.0,34.72,ok
11.35445,76.94379,569.0,32.82,ok
11.35489,76.94308,572.0,34.76,ok
11.35451,76.94263,550.0,16.1,ok
11.35347,76.94215,545.0,24.44,ok
11.3935,76.9317,1248.0,36.5,ok
33.24235,75.20799,902.0,23.65,ok
33.23699,75.22344,796.0,23.05,ok
33.25047,75.21072,722.0,17.13,ok
33.25676,75.2038,791.0,19.63,ok
33.2587,75.19679,857.0,41.54,ok
33.24267,75.23299,717.0,11.85,ok
33.24827,75.21343,712.0,26.99,ok
33.24726,75.21641,728.0,22.19,ok
28.3892,95.92776,607.0,34.77,ok
23.45083,92.6825,905.0,18.89,ok
23.44806,92.68333,874.0,17.69,ok
23.44333,92.68528,836.0,24.91,ok
23.42722,92.71278,942.0,34.44,ok
23.41694,92.71806,1098.0,16.58,ok
23.46806,92.71639,1135.0,28.45,ok
23.4725,92.71444,1076.0,14.73,ok
23.4688,92.7208,1138.0,26.81,ok
23.4807,92.7025,1001.0,24.27,ok
23.4724,92.64879,418.0,17.88,ok
33.14553,74.97701,938.0,24.92,ok
23.41,92.74944,1228.0,31.92,ok
23.43194,92.76083,1464.0,26.51,ok
23.44139,92.77889,1332.0,22.97,ok
23.41077,92.75312,1127.0,34.96,ok
23.46778,92.74111,1341.0,63.77,ok
23.43278,92.76111,1502.0,16.36,ok
23.46925,92.74407,1365.0,13.78,ok
23.45532,92.72657,874.0,34.96,ok
23.40528,92.78784,1189.0,42.51,ok
23.40382,92.78422,1016.0,19.13,ok
23.40521,92.8105,830.0,12.56,ok
23.46833,92.77437,790.0,13.23,ok
23.37972,92.75167,1271.0,29.81,ok
23.35694,92.77028,1028.0,25.54,ok
23.35639,92.77028,1017.0,26.12,ok
23.39167,92.75528,1310.0,33.02,ok
23.35019,92.77885,839.0,28.27,ok
23.34102,92.77676,744.0,32.12,ok
23.33914,92.78613,683.0,27.02,ok
23.33623,92.78711,679.0,44.27,ok
23.35348,92.78019,868.0,50.82,ok
23.36737,92.7673,1144.0,52.96,ok
23.38181,92.7686,1055.0,27.62,ok
23.35782,92.73729,527.0,43.45,ok
23.35556,92.80462,1108.0,36.07,ok
23.38731,92.73938,1084.0,32.04,ok
24.4259,93.13581,524.0,11.82,ok
24.44348,93.15818,66.0,3.29,ok
24.40418,93.09242,883.0,13.79,ok
24.40334,93.07689,562.0,27.92,ok
24.38457,93.09141,791.0,37.8,ok
24.38833,93.09466,925.0,33.56,ok
24.38329,93.08106,769.0,16.03,ok
24.44415,93.1229,621.0,33.68,ok
23.10173,93.20232,1177.0,19.15,ok
23.09561,93.20786,1002.0,25.81,ok
23.11098,93.2126,1017.0,33.22,ok
23.10851,93.20975,1102.0,26.16,ok
23.09758,93.21623,888.0,25.81,ok
23.10192,93.20426,1114.0,24.22,ok
23.09759,93.21089,937.0,38.72,ok
23.10101,93.19394,1045.0,26.46,ok
23.10075,93.18785,981.0,25.01,ok
23.09955,93.186,909.0,6.69,ok
23.0983,93.17597,981.0,13.66,ok
23.10185,93.20139,1201.0,19.62,ok
23.14928,93.19416,908.0,16.18,ok
23.15387,93.22541,1052.0,12.82,ok
24.47756,93.05937,63.0,3.29,ok
24.49546,92.9977,277.0,13.89,ok
23.47694,92.85785,1057.0,8.12,ok
23.47104,92.85503,1080.0,28.05,ok
23.46556,92.85599,1074.0,12.85,ok
23.46316,92.85467,1056.0,24.53,ok
23.44233,92.81273,721.0,6.71,ok
23.31259,92.85642,996.0,38.24,ok
23.28881,92.86476,887.0,29.98,ok
23.28126,92.86928,985.0,42.63,ok
23.29814,92.85741,938.0,25.8,ok
23.29345,92.85809,886.0,18.44,ok
23.32204,92.85915,1011.0,29.58,ok
23.31916,92.85772,1038.0,19.12,ok
23.31754,92.85868,1019.0,27.92,ok
23.31857,92.85229,812.0,16.35,ok
23.31941,92.85542,957.0,28.69,ok
23.31918,92.85672,1026.0,27.18,ok
23.30929,92.85081,973.0,24.55,ok
23.30991,92.85352,981.0,23.99,ok
23.31527,92.85652,976.0,32.1,ok
23.31153,92.85443,960.0,35.48,ok
23.31637,92.85417,894.0,21.79,ok
23.31007,92.8585,993.0,25.37,ok
23.3093,92.86002,997.0,18.93,ok
23.30863,92.86004,992.0,14.38,ok
23.30878,92.85836,954.0,22.95,ok
23.30084,92.85569,930.0,38.44,ok
23.30079,92.85357,1002.0,33.63,ok
23.30532,92.85236,1061.0,29.24,ok
23.29893,92.85744,937.0,25.88,ok
23.31085,92.85892,1053.0,32.63,ok
23.31134,92.85803,1051.0,27.64,ok
23.3057,92.8528,1025.0,33.63,ok
23.30138,92.85308,982.0,28.82,ok
23.29963,92.85561,944.0,23.18,ok
23.29817,92.85869,913.0,15.9,ok
23.30159,92.86848,865.0,23.5,ok
23.314,92.86398,916.0,15.12,ok
23.28614,92.86815,997.0,31.0,ok
23.28122,92.86961,1022.0,61.68,ok
23.27415,92.87101,1078.0,26.49,ok
23.27255,92.8743,1030.0,38.44,ok
23.28674,92.85703,877.0,39.56,ok
23.28456,92.8571,834.0,34.93,ok
23.28828,92.83082,545.0,24.25,ok
23.30709,92.85629,974.0,20.38,ok
23.30752,92.85768,961.0,30.43,ok
23.30594,92.85754,919.0,30.92,ok
23.30391,92.85317,1033.0,42.16,ok
23.27123,92.87454,958.0,33.63,ok
23.27055,92.87758,1096.0,23.5,ok
23.28144,92.84014,653.0,43.34,ok
23.28095,92.8367,637.0,36.47,ok
23.30475,92.86211,999.0,34.82,ok
23.24484,92.86225,541.0,14.72,ok
23.37944,92.84408,936.0,19.0,ok
23.38151,92.84494,936.0,12.94,ok
23.38218,92.84388,933.0,26.2,ok
23.38277,92.84519,931.0,25.89,ok
23.38153,92.85412,864.0,23.15,ok
23.38794,92.84229,969.0,29.96,ok
23.32342,92.86093,988.0,12.94,ok
23.3228,92.86241,948.0,22.2,ok
23.34646,92.85151,917.0,25.97,ok
23.3466,92.85485,894.0,12.25,ok
23.3223,92.82039,1006.0,24.56,ok
23.34592,92.8396,610.0,17.67,ok
23.23708,92.91004,668.0,11.6,ok
23.22359,92.91477,760.0,23.45,ok
23.22523,92.9125,746.0,47.27,ok
23.2349,92.91131,672.0,12.23,ok
23.22562,92.92491,443.0,29.78,ok
23.22381,92.94445,482.0,18.93,ok
23.12663,93.06495,1384.0,26.46,ok
23.13722,93.05108,1236.0,20.3,ok
12.91175,74.84862,65.0,8.63,ok
24.15364,93.02184,312.0,34.99,ok
24.15817,93.02489,567.0,22.07,ok
24.14066,93.07294,631.0,5.9,ok
24.15165,93.04249,1010.0,20.5,ok
26.38435,94.4434,954.0,20.85,ok
26.42608,94.39892,870.0,50.37,ok
26.3798,94.45075,900.0,20.79,ok
26.38365,94.44075,994.0,12.01,ok
26.38718,94.44413,942.0,29.06,ok
24.2445,93.55276,1021.0,22.68,ok
24.24756,93.5481,1164.0,27.17,ok
24.25635,93.56758,670.0,0.0,ok
24.22018,93.52193,1004.0,20.51,ok
24.22016,93.57575,812.0,17.24,ok
24.17181,93.54407,663.0,24.86,ok
24.18292,93.53442,783.0,27.34,ok
24.18566,93.53935,675.0,22.17,ok
24.12682,93.54014,775.0,16.3,ok
24.12715,93.53351,633.0,21.31,ok
24.15986,93.52035,618.0,20.5,ok
24.32774,93.57937,781.0,26.96,ok
24.2884,93.58591,802.0,24.15,ok
24.29982,93.59041,788.0,26.93,ok
24.30769,93.58121,733.0,4.64,ok
24.30712,93.59376,899.0,26.13,ok
24.28956,93.52276,1207.0,23.11,ok
24.30161,93.55817,916.0,16.02,ok
24.30791,93.53428,1097.0,20.96,ok
23.33529,93.11214,1138.0,37.19,ok
23.32829,93.12184,867.0,26.0,ok
23.36091,93.14638,1146.0,28.96,ok
23.36793,93.16387,955.0,9.16,ok
23.33997,93.15007,1096.0,38.48,ok
23.20961,93.13105,912.0,15.03,ok
23.21069,93.12123,1120.0,20.03,ok
23.22976,93.12752,1013.0,27.9,ok
23.1977,93.16302,538.0,30.38,ok
23.2066,93.14866,833.0,37.47,ok
23.22014,93.10896,1043.0,15.66,ok
23.27598,93.14352,664.0,9.83,ok
23.27664,93.14375,657.0,8.72,ok
23.28108,93.14408,658.0,22.52,ok
23.25952,93.15917,1249.0,15.75,ok
23.25986,93.16155,1220.0,12.24,ok
23.25829,93.15288,1211.0,35.71,ok
23.26126,93.15071,1098.0,16.34,ok
23.30014,93.11659,1022.0,23.54,ok
23.50882,93.0917,686.0,26.49,ok
23.5413,93.10257,633.0,3.27,ok
23.54601,93.09247,797.0,21.68,ok
23.54287,93.0854,912.0,22.85,ok
23.56234,93.11891,810.0,38.29,ok
23.56239,93.12377,769.0,23.5,ok
23.56145,93.10909,726.0,21.68,ok
23.55881,93.10901,757.0,4.62,ok
23.5356,93.10657,686.0,26.23,ok
23.56333,93.10553,724.0,27.69,ok
23.54405,93.15559,1006.0,29.38,ok
23.54577,93.14793,949.0,31.94,ok
23.52331,93.08607,808.0,22.57,ok
23.49765,93.16193,1425.0,35.22,ok
24.02782,93.28944,810.0,23.66,ok
24.04014,93.2915,662.0,20.48,ok
24.0398,93.29374,756.0,27.42,ok
24.02206,93.29369,1194.0,28.15,ok
23.98318,93.32858,513.0,36.68,ok
23.96786,93.30483,1218.0,4.91,ok
24.05824,93.28902,584.0,30.81,ok
24.12429,93.31852,608.0,8.77,ok
24.09211,93.29867,923.0,13.67,ok
24.12553,93.27997,1013.0,26.89,ok
24.04994,93.30869,561.0,33.42,ok
13.86908,74.81434,118.0,11.0,ok
24.10711,93.11535,994.0,38.55,ok
24.10016,93.10461,470.0,33.86,ok
24.11105,93.10374,589.0,31.3,ok
24.10506,93.09594,327.0,23.31,ok
24.10744,93.09532,423.0,40.66,ok
24.10687,93.0885,211.0,34.08,ok
24.08927,93.12409,985.0,16.29,ok
24.10641,93.1234,971.0,27.33,ok
14.30234,74.48149,31.0,15.11,ok
14.27908,74.45657,30.0,20.9,ok
13.8719,74.6052,38.0,21.1,ok
24.44858,93.15739,76.0,20.71,ok
24.45832,93.09439,443.0,13.89,ok
24.49746,93.1476,155.0,19.09,ok
24.47722,93.15826,129.0,8.8,ok
23.36556,93.05125,698.0,18.39,ok
23.36966,93.04609,570.0,41.16,ok
23.34298,93.05778,875.0,27.01,ok
23.35406,93.04156,517.0,9.44,ok
23.35959,93.04477,608.0,30.41,ok
23.56672,93.13764,1135.0,28.87,ok
23.63122,93.11803,672.0,9.85,ok
23.62418,93.14209,1379.0,28.31,ok
23.56785,93.10472,661.0,18.97,ok
23.56413,93.11379,743.0,17.7,ok
23.56404,93.10752,758.0,4.9,ok
24.4052,93.06672,353.0,32.53,ok
24.40821,93.04969,173.0,21.91,ok
24.3776,93.0159,117.0,18.14,ok
14.53982,74.34852,11.0,11.03,ok
14.5394,74.31237,15.0,13.99,ok
14.53944,74.31231,15.0,13.99,ok
14.54982,74.34892,17.0,12.2,ok
13.40433,75.23347,696.0,12.23,ok
13.36786,75.21206,653.0,16.22,ok
13.37401,75.21429,668.0,28.31,ok
13.43839,75.25803,643.0,15.69,ok
13.42142,75.24547,647.0,13.69,ok
13.42331,75.25469,663.0,16.74,ok
13.48782,75.31867,633.0,18.63,ok
13.50328,75.34969,767.0,29.47,ok
13.36106,75.35994,710.0,15.95,ok
13.331,75.34028,748.0,20.82,ok
13.332,75.38964,941.0,29.0,ok
13.33192,75.38664,876.0,27.91,ok
13.33183,75.337,793.0,16.15,ok
13.32617,75.35194,750.0,20.68,ok
13.31028,75.38278,1099.0,20.82,ok
13.30636,75.37656,1032.0,11.86,ok
13.28061,75.3315,932.0,23.8,ok
13.28117,75.34819,983.0,24.6,ok
13.26725,75.39658,885.0,7.66,ok
12.47756,75.58388,180.0,17.41,ok
14.86447,74.21004,44.0,20.21,ok
23.24231,93.17727,649.0,15.12,ok
23.24455,93.17027,859.0,32.07,ok
23.24501,93.17587,559.0,12.93,ok
23.31884,93.23767,732.0,29.23,ok
23.30369,93.21207,795.0,15.9,ok
23.27528,93.2454,961.0,17.05,ok
14.55326,74.35917,13.0,11.03,ok
14.54684,74.35782,13.0,9.34,ok
23.49216,93.23695,1305.0,24.58,ok
23.50458,93.23805,1426.0,30.02,ok
23.54294,93.23822,1541.0,24.02,ok
23.48631,93.22064,819.0,25.92,ok
23.5266,93.19297,1192.0,30.35,ok
23.53534,93.22521,1248.0,39.46,ok
14.51316,74.41122,68.0,10.82,ok
27.0982,88.12995,1532.0,28.46,ok
27.1013,88.1143,1191.0,38.91,ok
27.09096,88.10041,1445.0,27.21,ok
27.08983,88.15145,1265.0,27.47,ok
27.10115,88.06842,2709.0,23.79,ok
14.59007,74.56635,354.0,24.11,ok
14.42279,74.56534,52.0,11.63,ok
13.97121,74.53289,20.0,15.09,ok
12.97334,76.01831,944.0,2.17,ok
13.40333,75.73592,1625.0,43.92,ok
13.38786,75.72711,1475.0,22.28,ok
13.40333,75.73592,1625.0,43.92,ok
13.38786,75.72711,1475.0,22.28,ok
13.40631,75.74486,1595.0,35.46,ok
13.40631,75.74486,1595.0,35.46,ok
13.38331,75.70797,1528.0,27.58,ok
11.97334,76.01831,849.0,13.45,ok
12.64067,75.80711,1204.0,12.2,ok
12.67332,75.79256,1002.0,27.25,ok
18.39769,73.51674,804.0,20.56,ok
18.40897,73.52738,1053.0,11.86,ok
18.40566,73.51608,879.0,15.42,ok
18.40485,73.51162,854.0,23.56,ok
18.41068,73.50163,733.0,28.88,ok
18.7078,73.48078,857.0,11.05,ok
30.37265,78.58511,886.0,12.1,ok
13.21978,75.41917,1070.0,21.96,ok
12.93236,75.72526,931.0,19.81,ok
12.9394,75.73157,865.0,17.38,ok
12.92107,75.75717,989.0,6.5,ok
13.04628,75.27277,165.0,15.93,ok
13.00684,75.26102,127.0,13.01,ok
13.2267,75.1312,181.0,10.97,ok
12.93979,74.93527,79.0,17.02,ok
12.80026,75.24629,77.0,23.59,ok
12.77323,75.26681,85.0,12.21,ok
12.77705,75.26201,79.0,3.43,ok
12.76264,75.28962,80.0,7.64,ok
12.75297,75.27473,79.0,4.85,ok
12.81396,75.2177,94.0,6.5,ok
12.85086,75.19661,52.0,18.08,ok
12.84897,75.20994,52.0,5.53,ok
12.85076,75.22103,79.0,7.79,ok
12.82403,75.19967,60.0,17.01,ok
12.85841,75.22606,77.0,16.7,ok
12.85807,75.22628,73.0,16.51,ok
12.85968,75.22652,71.0,11.55,ok
12.86098,75.20552,116.0,9.15,ok
12.86188,75.19305,69.0,8.63,ok
26.15896,92.01616,122.0,11.06,ok
24.45012,93.35964,325.0,8.18,ok
24.48857,93.36792,270.0,12.65,ok
24.49452,93.38508,264.0,7.33,ok
24.49462,93.34426,417.0,27.93,ok
24.47107,93.40403,335.0,29.9,ok
24.45968,93.37726,239.0,22.22,ok
24.46614,93.38013,194.0,11.82,ok
24.45238,93.38739,453.0,22.12,ok
30.44579,78.80651,1897.0,24.81,ok
30.4436,78.79428,2049.0,24.48,ok
24.33916,93.66234,1039.0,23.12,ok
24.33332,93.65703,1095.0,16.69,ok
24.3309,93.66054,1049.0,7.32,ok
24.33301,93.65357,1161.0,5.91,ok
24.35978,93.66405,1191.0,15.24,ok
24.29148,93.60615,832.0,3.29,ok
24.39256,93.65469,1558.0,41.51,ok
24.43522,93.67583,1161.0,26.07,ok
24.404,93.67917,1129.0,13.79,ok
24.49112,93.62216,1221.0,35.53,ok
24.46043,93.62052,1065.0,8.18,ok
24.48459,93.58782,822.0,24.1,ok
24.49282,93.58644,632.0,14.42,ok
24.48338,93.58848,858.0,21.36,ok
24.45112,93.53318,693.0,9.24,ok
24.46906,93.59158,761.0,18.15,ok
24.48577,93.52811,1036.0,17.27,ok
23.41422,93.10569,1023.0,24.69,ok
23.43139,93.14833,723.0,22.83,ok
23.44445,93.13523,1048.0,32.34,ok
30.07399,79.5004,1221.0,27.36,ok
30.07211,79.499,1263.0,31.07,ok
30.07176,79.50257,1204.0,25.33,ok
30.07344,79.50233,1252.0,42.97,ok
30.5417,78.80599,1688.0,5.49,ok
30.54166,78.80843,1775.0,26.31,ok
23.03822,93.12529,428.0,43.16,ok
30.06422,79.50734,1384.0,32.44,ok
27.07088,88.16616,1393.0,19.55,ok
27.10035,88.23915,574.0,28.38,ok
23.01689,93.28318,888.0,32.57,ok
24.10864,93.54198,741.0,4.91,ok
24.09002,93.54192,706.0,17.57,ok
24.05383,93.53783,1016.0,14.8,ok
24.07481,93.59766,1022.0,29.38,ok
24.03504,93.54139,1011.0,25.16,ok
23.97073,93.51598,867.0,26.0,ok
23.96951,93.59903,926.0,21.75,ok
24.29778,93.3416,563.0,24.42,ok
24.35138,93.34096,317.0,15.87,ok
24.33698,93.39628,1035.0,54.86,ok
24.30657,93.36326,1049.0,25.22,ok
24.35015,93.36391,372.0,7.32,ok
24.33079,93.41041,1880.0,26.29,ok
24.29692,93.3909,1162.0,9.23,ok
24.30962,93.36839,894.0,9.91,ok
24.23419,93.02469,81.0,26.35,ok
24.24097,93.03493,295.0,8.78,ok
24.24367,93.03571,207.0,43.43,ok
24.21953,93.04189,96.0,13.87,ok
24.28329,93.07478,323.0,27.78,ok
24.32837,93.00923,429.0,45.13,ok
24.36584,93.00186,471.0,3.67,ok
24.30314,93.05542,193.0,25.22,ok
24.05808,93.49808,1245.0,8.15,ok
24.06007,93.46323,1052.0,25.01,ok
24.06977,93.49581,1095.0,7.3,ok
24.10198,93.45773,1096.0,12.62,ok
24.09818,93.47016,879.0,9.89,ok
24.04532,93.4922,1341.0,16.06,ok
24.01116,93.42992,1120.0,18.54,ok
24.02117,93.45183,1003.0,19.03,ok
24.01324,93.47997,1287.0,24.79,ok
24.01206,93.4408,871.0,4.91,ok
32.02631,77.34465,1715.0,50.36,ok
30.3349,79.32024,919.0,34.71,ok
23.22973,92.73968,789.0,19.4,ok
23.19401,92.73465,779.0,33.61,ok
23.19347,92.73485,787.0,27.27,ok
23.18386,92.73535,832.0,21.58,ok
23.18181,92.73687,805.0,25.82,ok
23.23964,92.74818,752.0,15.74,ok
23.21424,92.74086,844.0,18.92,ok
23.20325,92.73584,710.0,25.35,ok
23.18077,92.73579,818.0,32.0,ok
23.17361,92.73979,784.0,19.63,ok
23.23908,92.74563,750.0,18.92,ok
23.2398,92.74421,782.0,15.11,ok
23.23878,92.74422,770.0,16.34,ok
23.18409,92.7389,782.0,24.86,ok
23.20048,92.73501,745.0,15.74,ok
23.19566,92.73562,745.0,27.45,ok
23.23914,92.74447,765.0,14.29,ok
23.23011,92.74007,777.0,15.66,ok
23.22684,92.74027,756.0,15.11,ok
23.20134,92.73486,771.0,26.09,ok
23.20161,92.73445,762.0,31.18,ok
23.20176,92.73433,763.0,20.31,ok
23.19992,92.73481,748.0,27.17,ok
23.19324,92.73482,787.0,28.44,ok
23.19175,92.73459,789.0,21.58,ok
23.18824,92.73433,819.0,27.17,ok
23.18675,92.73518,854.0,24.86,ok
23.16481,92.7434,799.0,25.98,ok
23.2046,92.73861,799.0,35.97,ok
23.22536,92.74039,756.0,12.54,ok
23.19178,92.73478,785.0,23.12,ok
23.19782,92.73502,743.0,13.76,ok
23.1865,92.73563,827.0,29.28,ok
23.1863,92.7356,832.0,31.63,ok
23.18613,92.73568,839.0,32.99,ok
23.17434,92.74086,785.0,25.82,ok
23.16594,92.767,517.0,33.24,ok
11.25669,76.62744,1840.0,15.36,ok
11.21706,76.60447,2084.0,27.01,ok
11.2617,76.6327,1849.0,21.63,ok
33.33044,75.96503,1634.0,46.57,ok
33.329,75.96589,1724.0,26.79,ok
11.48653,76.68564,1469.0,33.03,ok
11.48583,76.68606,1469.0,37.4,ok
23.14147,92.75058,846.0,33.0,ok
23.15229,92.74624,891.0,13.66,ok
23.13496,92.74784,858.0,38.05,ok
23.10802,92.74628,765.0,17.65,ok
23.10565,92.74598,714.0,17.65,ok
23.13989,92.75165,860.0,13.66,ok
23.10078,92.75151,781.0,12.53,ok
23.15094,92.74826,879.0,30.28,ok
23.1351,92.74869,927.0,34.0,ok
23.13401,92.74625,802.0,28.53,ok
23.13208,92.74627,853.0,31.86,ok
23.11422,92.74602,795.0,33.3,ok
23.11182,92.7451,835.0,11.59,ok
23.14085,92.75123,876.0,31.17,ok
23.11239,92.74542,842.0,12.92,ok
23.10462,92.74771,732.0,27.61,ok
23.11469,92.74393,833.0,36.1,ok
23.11313,92.74564,830.0,23.52,ok
23.14469,92.75061,860.0,10.32,ok
23.09962,92.7522,778.0,13.66,ok
23.1478,92.74974,906.0,22.79,ok
23.132,92.74441,799.0,31.11,ok
23.09459,92.75373,757.0,6.69,ok
23.09208,92.75229,754.0,22.16,ok
23.15157,92.73214,438.0,13.57,ok
24.35466,92.92551,689.0,13.88,ok
24.36572,92.93014,622.0,48.96,ok
24.28801,92.94602,914.0,30.15,ok
24.3573,92.95115,652.0,30.03,ok
24.32065,92.91754,247.0,44.33,ok
24.36648,92.9563,590.0,13.88,ok
23.1934,92.90022,831.0,22.51,ok
23.18827,92.89888,829.0,24.01,ok
23.19812,92.89957,898.0,24.53,ok
23.17068,92.89933,868.0,8.71,ok
23.18034,92.90008,784.0,25.82,ok
23.18738,92.89826,891.0,20.9,ok
23.18776,92.89803,866.0,33.43,ok
11.51528,76.89536,1887.0,12.15,ok
11.4588,76.8427,1798.0,16.93,ok
11.4508,76.89,1847.0,12.42,ok
11.4939,76.8939,1871.0,25.42,ok
11.4723,76.8408,1730.0,28.22,ok
12.75833,75.3232,88.0,1.54,ok
11.51653,75.89356,238.0,37.06,ok
11.52098,75.89981,316.0,36.52,ok
11.47475,75.92625,278.0,47.45,ok
23.06747,92.7672,842.0,25.8,ok
23.06174,92.7701,930.0,21.15,ok
23.015,92.76506,956.0,25.0,ok
23.06958,92.7658,806.0,16.82,ok
23.0228,92.7557,853.0,17.96,ok
23.07426,92.76222,775.0,14.44,ok
23.06384,92.769,892.0,32.96,ok
22.97374,92.72598,542.0,15.01,ok
22.92253,92.7524,1119.0,28.89,ok
22.44438,92.94732,476.0,43.15,ok
22.49182,92.97025,961.0,28.67,ok
22.491,92.97076,972.0,40.36,ok
22.43711,92.94691,337.0,28.11,ok
22.48132,92.94119,404.0,29.52,ok
23.07781,92.89844,709.0,19.61,ok
23.04116,92.84859,788.0,44.86,ok
23.00064,92.88887,547.0,17.96,ok
23.08102,92.89725,749.0,40.73,ok
23.08434,92.8986,766.0,29.45,ok
23.10112,92.85278,773.0,19.15,ok
23.14222,92.85469,626.0,46.55,ok
23.12308,92.86504,469.0,35.51,ok
23.12075,92.86642,502.0,23.83,ok
22.51972,92.89104,890.0,16.12,ok
22.54735,92.88203,839.0,36.88,ok
22.5653,92.89263,761.0,39.21,ok
22.59026,92.85702,749.0,27.16,ok
22.48765,92.88681,1015.0,49.93,ok
22.96772,92.92568,778.0,22.9,ok
22.97122,92.92554,732.0,30.68,ok
22.96958,92.92592,757.0,26.84,ok
22.99404,92.97957,716.0,21.54,ok
22.92255,92.94919,315.0,25.11,ok
22.9213,92.90349,655.0,17.36,ok
22.78832,92.83382,744.0,20.85,ok
22.79331,92.81983,867.0,28.86,ok
22.78051,92.86137,299.0,35.7,ok
22.8174,92.87191,923.0,26.37,ok
22.75944,92.86706,299.0,41.47,ok
22.81278,92.89109,405.0,13.17,ok
22.64109,92.86764,1035.0,31.46,ok
22.66069,92.8556,979.0,23.04,ok
22.60595,92.81824,793.0,24.14,ok
22.60205,92.85177,668.0,30.3,ok
23.30714,92.70762,448.0,20.97,ok
23.30641,92.70608,416.0,24.71,ok
23.30601,92.70421,435.0,28.16,ok
23.29752,92.68945,315.0,25.96,ok
23.30374,92.67282,550.0,15.98,ok
23.30412,92.67152,569.0,35.95,ok
23.3061,92.6713,521.0,29.7,ok
23.30634,92.66657,690.0,25.84,ok
23.32044,92.64323,726.0,22.04,ok
23.3019,92.6494,721.0,19.12,ok
23.24661,92.65511,413.0,19.82,ok
23.30029,92.69577,362.0,29.33,ok
23.29981,92.6949,349.0,28.72,ok
23.29931,92.69261,411.0,22.95,ok
22.68847,92.84291,968.0,35.66,ok
22.70216,92.83652,816.0,27.54,ok
22.707,92.8416,856.0,23.37,ok
22.74539,92.84154,628.0,12.88,ok
22.69984,92.85028,1163.0,24.78,ok
22.6926,92.87141,960.0,17.92,ok
23.31536,92.79062,612.0,21.18,ok
23.31649,92.7888,647.0,25.88,ok
23.31387,92.79274,597.0,14.72,ok
23.29386,92.74137,765.0,25.8,ok
23.29577,92.74001,744.0,23.9,ok
23.30265,92.74294,694.0,27.64,ok
23.28111,92.79434,831.0,21.94,ok
23.24386,92.90524,739.0,37.47,ok
23.26784,92.93106,504.0,17.99,ok
23.2766,92.9426,909.0,23.32,ok
23.29217,92.95302,648.0,15.12,ok
22.40422,92.95165,202.0,30.98,ok
22.37006,92.91684,818.0,14.29,ok
22.41002,92.94169,266.0,16.24,ok
23.1915,93.01102,885.0,42.18,ok
23.18336,93.06674,1026.0,34.18,ok
23.21795,92.99801,1103.0,27.17,ok
23.21732,92.99812,1083.0,22.18,ok
23.19917,93.0002,765.0,38.45,ok
23.19874,93.07217,879.0,27.63,ok
23.20484,93.06284,761.0,25.35,ok
23.19959,93.04893,957.0,25.79,ok
23.19814,93.16699,673.0,28.14,ok
23.17731,93.19816,1152.0,10.21,ok
23.20868,93.23151,997.0,14.71,ok
23.22425,93.17478,664.0,20.31,ok
23.17144,93.19015,732.0,28.93,ok
23.23429,93.24068,933.0,15.03,ok
23.14788,93.32379,1553.0,20.94,ok
23.09339,93.28973,1339.0,12.92,ok
23.10776,93.32594,975.0,22.16,ok
23.09402,93.28363,1226.0,16.83,ok
23.251,92.63667,749.0,4.88,ok
23.20624,92.49122,647.0,17.65,ok
23.19996,92.4888,727.0,13.67,ok
23.17824,92.49103,763.0,17.65,ok
23.18097,92.48819,776.0,14.46,ok
23.18035,92.48697,746.0,9.42,ok
23.18247,92.48773,786.0,5.86,ok
23.20708,92.50973,736.0,12.83,ok
23.19562,92.54625,571.0,16.34,ok
23.19796,92.5433,596.0,33.31,ok
23.21035,92.53959,696.0,31.18,ok
23.20892,92.54117,666.0,22.32,ok
23.20882,92.53749,730.0,22.18,ok
23.20549,92.54328,657.0,19.63,ok
23.20498,92.5346,776.0,6.69,ok
23.20625,92.5336,790.0,15.89,ok
23.20986,92.50059,617.0,23.84,ok
23.20471,92.53382,774.0,14.29,ok
23.20641,92.6327,546.0,23.49,ok
23.19728,92.63266,596.0,21.78,ok
23.17456,92.61256,772.0,6.69,ok
23.1739,92.61138,785.0,13.21,ok
23.17326,92.61193,792.0,15.89,ok
23.17252,92.61143,807.0,17.98,ok
23.17266,92.61183,803.0,17.98,ok
23.19827,92.58929,705.0,4.6,ok
23.19896,92.59004,681.0,18.98,ok
23.1991,92.58667,719.0,5.86,ok
23.19942,92.58588,709.0,17.65,ok
23.2001,92.58452,702.0,18.86,ok
23.20066,92.5813,733.0,28.93,ok
23.20184,92.57967,735.0,31.18,ok
23.20225,92.57903,742.0,32.08,ok
23.20311,92.57797,752.0,19.16,ok
23.2039,92.57681,757.0,23.44,ok
23.20428,92.57617,758.0,27.69,ok
23.20448,92.57579,764.0,30.29,ok
23.20519,92.57468,787.0,44.89,ok
23.21459,92.57267,827.0,17.04,ok
23.21292,92.55802,862.0,15.03,ok
23.19002,92.5543,632.0,17.98,ok
23.21963,92.56332,919.0,24.66,ok
23.17415,92.54903,523.0,23.53,ok
23.16701,92.6009,632.0,27.17,ok
23.1623,92.55873,544.0,3.26,ok
22.46974,93.10087,1118.0,11.65,ok
22.49388,93.09422,692.0,27.04,ok
22.43263,93.09016,1495.0,27.5,ok
23.2388,92.63692,801.0,25.15,ok
23.23454,92.63723,815.0,19.63,ok
23.21229,92.68806,416.0,31.33,ok
23.21992,92.70103,519.0,33.24,ok
25.69814,93.12942,305.0,15.4,ok
25.64851,93.12153,348.0,19.27,ok
25.66294,93.13958,192.0,8.26,ok
14.9025,74.56196,521.0,23.46,ok
13.0415,75.56029,978.0,3.44,ok
26.11956,92.05212,74.0,11.98,ok
26.16902,92.08037,62.0,11.65,ok
30.99135,78.45671,2977.0,46.46,ok
12.30579,75.68952,918.0,12.45,ok
12.67322,75.75477,1082.0,20.48,ok
14.87983,74.41272,107.0,21.19,ok
26.22329,92.01336,51.0,2.36,ok
26.42423,94.39241,844.0,44.21,ok
26.42314,94.38226,518.0,32.76,ok
26.42195,94.38544,794.0,48.73,ok
26.42314,94.38226,518.0,32.76,ok
26.42186,94.3852,757.0,42.53,ok
26.42535,94.38701,779.0,19.38,ok
26.36992,94.35976,543.0,3.34,ok
26.38459,94.32034,322.0,0.0,ok
26.36782,94.3741,416.0,1.67,ok
26.38588,94.31204,233.0,1.67,ok
11.72567,75.81053,545.0,37.1,ok
11.72522,75.81053,528.0,28.74,ok
31.92544,76.44584,689.0,25.15,ok
26.45278,94.37527,259.0,13.55,ok
26.45278,94.37526,259.0,13.55,ok
14.24137,74.57847,24.0,14.29,ok
30.12292,78.38146,465.0,33.81,ok
30.11964,78.36478,380.0,39.26,ok
18.60092,73.41089,733.0,9.15,ok
18.63083,73.41822,810.0,16.56,ok
18.63087,73.41815,806.0,19.47,ok
33.63193,74.25061,1596.0,15.13,ok
33.63746,74.19266,1535.0,16.16,ok
33.62912,74.27324,1395.0,17.53,ok
33.62186,74.28018,1434.0,29.53,ok
33.61539,74.34367,1554.0,25.67,ok
32.83437,75.14602,517.0,27.4,ok
33.7378,74.17973,1124.0,34.13,ok
33.73363,74.205,1204.0,32.19,ok
33.78096,74.20229,1571.0,14.24,ok
33.69921,74.23315,1246.0,36.28,ok
33.65305,74.25295,1390.0,35.9,ok
33.67733,74.18461,1723.0,4.02,ok
33.37646,74.39488,1196.0,35.78,ok
33.37578,74.41469,1402.0,28.21,ok
33.37626,74.39121,1155.0,22.4,ok
33.38782,74.44095,1623.0,45.09,ok
33.37627,74.39622,1186.0,30.23,ok
33.37227,74.40379,1264.0,12.73,ok
33.37192,74.40791,1286.0,24.16,ok
33.37561,74.42792,1471.0,41.04,ok
33.23927,74.37426,894.0,20.84,ok
33.24148,74.37662,908.0,25.19,ok
33.64252,74.43541,2156.0,44.13,ok
18.36807,73.77814,999.0,17.45,ok
18.38201,73.7594,963.0,20.2,ok
18.38249,73.77577,926.0,29.02,ok
18.38016,73.77685,957.0,26.95,ok
18.3619,73.77245,1089.0,26.04,ok
32.87979,74.95546,637.0,17.06,ok
32.84867,74.94725,560.0,26.67,ok
33.73293,74.12295,1536.0,10.69,ok
18.39178,73.67608,597.0,21.54,ok
18.38673,73.66317,609.0,25.15,ok
18.3355,73.67758,855.0,26.88,ok
18.33571,73.67774,861.0,26.14,ok
18.33617,73.67298,963.0,14.58,ok
18.33455,73.67761,865.0,39.23,ok
31.60556,77.20028,1976.0,16.16,ok
18.38386,73.63431,586.0,19.45,ok
19.77858,73.78489,616.0,4.77,ok
19.33817,73.78496,623.0,17.22,ok
19.3354,73.78389,644.0,6.71,ok
19.33816,73.78501,623.0,17.22,ok
19.33908,73.78491,610.0,30.07,ok
19.3386,73.78494,618.0,21.12,ok
33.07531,74.72877,606.0,34.51,ok
33.0702,74.74497,494.0,7.55,ok
33.80364,74.19372,2081.0,24.11,ok
33.13701,74.60872,861.0,26.29,ok
31.35932,76.80647,688.0,40.13,ok
31.36688,76.78707,709.0,10.13,ok
31.36265,76.77443,709.0,30.52,ok
31.725,76.7725,914.0,28.25,ok
31.25498,76.77428,847.0,20.98,ok
31.16437,76.76176,1238.0,36.74,ok
31.16997,76.76131,1068.0,16.18,ok
32.06917,78.33222,3341.0,15.89,ok
32.82667,76.74639,3094.0,10.58,ok
33.39692,74.48737,1864.0,5.66,ok
13.38037,75.27595,659.0,11.08,ok
13.38882,75.31349,791.0,18.79,ok
33.37896,76.27893,2402.0,14.18,ok
32.44219,75.53151,546.0,21.23,ok
32.44218,75.53151,546.0,21.23,ok
32.44311,75.532,545.0,17.7,ok
32.44476,75.533,551.0,18.54,ok
32.44726,75.5187,480.0,20.47,ok
32.44514,75.51906,490.0,21.41,ok
32.22934,76.32632,1605.0,28.96,ok
32.22764,76.32045,1539.0,24.89,ok
18.27354,73.60226,816.0,9.51,ok
18.26614,73.59632,925.0,19.05,ok
18.26855,73.59893,930.0,22.28,ok
18.26927,73.60043,924.0,21.53,ok
18.26931,73.60056,927.0,11.24,ok
32.53152,75.69416,595.0,22.49,ok
12.83177,75.71679,853.0,12.21,ok
18.3961,73.85762,887.0,21.3,ok
18.4095,73.85817,837.0,30.19,ok
18.41885,73.85771,753.0,12.81,ok
18.51905,72.96179,26.0,23.99,ok
18.51037,73.12553,118.0,27.8,ok
19.09576,73.74714,735.0,30.2,ok
19.09314,73.79751,699.0,2.24,ok
18.71584,73.4609,769.0,27.43,ok
18.71578,73.46041,759.0,27.66,ok
18.71404,73.45972,736.0,12.56,ok
18.71317,73.46003,717.0,16.57,ok
19.0797,73.72756,858.0,24.42,ok
18.46299,73.63227,743.0,15.71,ok
31.21919,76.72501,1051.0,21.75,ok
31.6091,76.2942,721.0,20.37,ok
33.15959,74.27134,641.0,10.03,ok
33.16035,74.27202,637.0,12.7,ok
33.20961,74.27856,722.0,15.81,ok
33.04733,74.6446,839.0,15.78,ok
33.0468,74.70177,704.0,9.54,ok
11.51339,76.01924,790.0,25.98,ok
32.98838,74.92055,822.0,13.69,ok
32.98865,74.92066,822.0,8.87,ok
32.67499,75.16108,616.0,26.49,ok
32.67428,75.16099,624.0,15.99,ok
32.67509,75.15949,606.0,21.28,ok
33.19518,75.3598,1507.0,24.78,ok
33.19665,75.35297,1551.0,45.03,ok
33.19476,75.36014,1504.0,33.62,ok
33.20193,75.36324,1450.0,31.03,ok
33.1933,75.33961,1363.0,40.19,ok
33.1956,75.33775,1360.0,44.98,ok
33.20574,75.3474,1365.0,21.4,ok
33.20484,75.3476,1356.0,29.52,ok
31.7691,76.49038,793.0,12.28,ok
33.34041,74.3252,864.0,14.17,ok
33.16243,74.82163,936.0,9.55,ok
31.43799,76.42395,628.0,30.64,ok
31.48423,76.38859,855.0,23.08,ok
33.1166,74.80328,671.0,12.7,ok
30.90435,77.08974,1493.0,10.92,ok
30.71639,77.22889,1252.0,23.9,ok
33.279,75.004,1876.0,17.7,ok
31.42199,76.41697,473.0,14.68,ok
33.68148,74.17433,1411.0,15.8,ok
33.30954,74.94223,1981.0,36.66,ok
33.09768,75.32573,1973.0,25.15,ok
27.32798,88.15228,1575.0,18.56,ok
27.36567,88.15271,2928.0,30.06,ok
27.31229,88.10585,2696.0,39.24,ok
27.33025,88.06735,3468.0,49.04,ok
27.34174,88.07583,3391.0,13.65,ok
27.35138,88.1052,2650.0,29.2,ok
32.46812,75.91994,1233.0,26.79,ok
30.50231,78.01522,1206.0,46.61,ok
30.40491,78.13888,981.0,17.87,ok
30.46161,78.05969,2027.0,34.41,ok
29.79944,80.25019,1616.0,32.83,ok
27.00862,88.20108,2299.0,27.9,ok
26.98954,88.17134,1890.0,26.8,ok
27.00845,88.15474,1749.0,29.46,ok
26.99383,88.19058,1623.0,19.41,ok
26.98264,88.24056,1736.0,31.43,ok
26.87496,88.19154,1447.0,22.38,ok
26.90107,88.16592,1571.0,7.09,ok
26.88187,88.18454,1651.0,5.03,ok
8.97317,76.89914,141.0,24.83,ok
11.2643,76.6583,1737.0,29.89,ok
27.06862,88.47916,1039.0,12.61,ok
27.07424,88.47305,1245.0,18.98,ok
31.09278,77.20639,2121.0,12.54,ok
27.71508,94.69204,268.0,21.02,ok
27.74985,94.74487,615.0,42.56,ok
25.56742,89.97971,45.0,13.16,ok
26.81238,92.94783,82.0,3.75,ok
27.00063,91.991,1279.0,22.96,ok
27.05516,91.9548,1448.0,43.45,ok
26.82178,93.24343,91.0,3.75,ok
26.9646,94.09792,85.0,3.36,ok
26.96863,94.04682,80.0,2.38,ok
26.92517,94.08649,88.0,3.76,ok
26.91318,94.11219,85.0,1.68,ok
26.93988,94.24801,85.0,1.68,ok
26.92027,94.22589,91.0,17.54,ok
26.95666,94.27877,98.0,4.75,ok
26.90655,94.23976,84.0,2.38,ok
26.99623,95.05165,114.0,3.36,ok
27.03825,95.0146,104.0,3.76,ok
27.00185,95.57473,1533.0,26.21,ok
26.82902,96.50146,603.0,45.25,ok
27.18429,93.48146,1413.0,6.05,ok
27.15346,91.9484,1889.0,33.01,ok
27.28115,95.24486,116.0,2.38,ok
27.2937,94.08671,105.0,3.77,ok
27.0992,92.63657,766.0,33.13,ok
27.12481,92.61494,690.0,32.83,ok
27.0785,92.60439,736.0,24.12,ok
27.25223,94.29529,93.0,4.76,ok
27.19031,95.80766,463.0,17.58,ok
27.16654,95.80538,424.0,29.6,ok
27.24832,96.36949,697.0,5.32,ok
27.27782,96.38536,1273.0,13.35,ok
27.26172,96.36664,853.0,11.64,ok
27.34869,92.61229,971.0,16.72,ok
27.34644,94.88697,112.0,3.37,ok
27.57648,93.10867,1224.0,21.05,ok
27.51592,92.06242,4341.0,13.67,ok
27.52412,94.4613,120.0,8.39,ok
27.38482,95.76551,145.0,3.77,ok
27.42146,93.99777,1249.0,46.89,ok
27.46371,96.31341,637.0,6.07,ok
27.71728,91.77232,3833.0,31.23,ok
27.82714,95.27887,125.0,1.69,ok
27.64378,94.14763,1578.0,51.47,ok
27.83274,93.40937,1866.0,19.67,ok
27.77025,93.37028,1838.0,28.92,ok
27.86869,92.77604,3012.0,35.48,ok
27.70181,94.56892,680.0,16.31,ok
27.77884,95.85815,136.0,5.34,ok
27.62861,96.38375,1695.0,46.93,ok
27.92264,92.08363,4999.0,26.03,ok
28.02878,93.89117,2025.0,37.7,ok
28.05492,92.55635,5455.0,7.55,ok
28.02513,94.3745,1197.0,37.7,ok
27.93285,95.7985,144.0,3.39,ok
28.15946,93.26331,1751.0,35.01,ok
28.18964,93.28195,1829.0,33.06,ok
28.01556,94.84436,1043.0,29.65,ok
27.97189,96.48675,2802.0,37.54,ok
28.20077,92.28808,4330.0,15.65,ok
28.32459,92.57132,4935.0,17.82,ok
28.25876,93.55632,4032.0,35.58,ok
28.29143,94.82616,1090.0,19.69,ok
28.41762,95.3872,1307.0,40.26,ok
28.42181,95.4353,2181.0,33.12,ok
28.24182,94.16845,775.0,22.89,ok
28.38473,95.86551,1176.0,19.77,ok
28.39264,95.83819,1578.0,26.0,ok
28.40627,95.83573,959.0,36.72,ok
28.37774,96.23959,2654.0,7.57,ok
28.3293,96.1718,2947.0,35.7,ok
28.48186,92.23522,4867.0,20.63,ok
28.61385,92.88491,4838.0,13.41,ok
28.65775,92.85505,4996.0,19.24,ok
28.66315,93.5681,3783.0,50.0,ok
28.45172,93.72863,2025.0,35.63,ok
28.50319,95.33158,1980.0,47.81,ok
28.4816,94.52353,2642.0,44.1,ok
28.48416,95.53059,2581.0,27.77,ok
28.80412,92.29356,4694.0,21.27,ok
28.53121,96.38038,4677.0,23.09,ok
28.90036,92.40631,5171.0,12.16,ok
28.85422,94.07426,4067.0,26.44,ok
28.99237,93.33412,3359.0,28.77,ok
28.82842,95.71871,3081.0,16.63,ok
28.82467,95.77279,2870.0,21.84,ok
28.89262,95.37119,3484.0,28.02,ok
28.95448,94.7044,1950.0,21.86,ok
27.01243,91.78329,2425.0,37.81,ok
27.0387,91.77179,2630.0,18.18,ok
28.85049,96.23048,3556.0,50.44,ok
26.82678,92.85384,78.0,2.37,ok
26.87436,95.14504,502.0,18.16,ok
26.84731,95.18259,505.0,20.87,ok
26.87539,95.11552,176.0,0.0,ok
26.81828,93.59881,76.0,1.68,ok
26.77093,93.5462,77.0,0.0,ok
26.81738,93.60017,76.0,1.68,ok
27.04134,93.06608,589.0,47.14,ok
26.99118,93.03895,255.0,28.33,ok
26.80108,94.57634,101.0,3.75,ok
26.79834,95.56655,1889.0,36.24,ok
26.94449,96.33535,535.0,18.9,ok
27.31934,92.40209,1326.0,28.5,ok
27.20827,91.78105,2827.0,52.74,ok
27.3345,93.46238,1583.0,19.53,ok
27.30071,94.49643,97.0,1.69,ok
27.13702,94.91793,104.0,3.76,ok
27.16469,96.28008,1240.0,22.22,ok
27.27895,93.66942,1066.0,28.49,ok
27.43109,92.67376,2051.0,30.68,ok
27.4356,92.68718,2118.0,36.06,ok
27.42237,92.30853,1627.0,1.69,ok
27.40778,92.286,1573.0,3.37,ok
27.56291,93.2947,2576.0,66.49,ok
27.37674,94.59081,97.0,3.37,ok
27.36355,95.41365,132.0,2.39,ok
27.3662,95.38484,131.0,1.69,ok
27.54367,93.71166,1672.0,18.26,ok
27.56194,95.82318,151.0,2.39,ok
27.60214,96.23394,565.0,6.08,ok
27.59851,96.2031,665.0,2.39,ok
27.78772,91.8244,4828.0,21.91,ok
27.74613,92.66578,1892.0,31.36,ok
27.75337,93.33634,1869.0,40.41,ok
27.71794,95.64932,132.0,2.39,ok
27.79926,94.46891,677.0,19.67,ok
27.70948,95.39026,124.0,1.69,ok
27.7025,95.40948,121.0,1.69,ok
28.04715,92.30062,4838.0,28.66,ok
27.87632,96.34882,310.0,5.35,ok
27.99823,92.95469,2416.0,62.09,ok
27.92682,93.49258,2214.0,32.65,ok
28.05692,94.01283,1047.0,33.06,ok
28.12259,94.39217,2103.0,16.52,ok
28.11082,94.33961,861.0,26.28,ok
27.97762,95.40276,134.0,0.0,ok
27.93468,95.36687,140.0,1.7,ok
28.17012,96.00096,2223.0,28.15,ok
28.19598,92.27627,4265.0,13.05,ok
28.19779,92.24436,4568.0,28.63,ok
27.92348,96.69825,1712.0,15.27,ok
28.21054,92.82402,4973.0,15.73,ok
28.33874,94.08467,1246.0,28.19,ok
28.35268,92.98553,3140.0,44.97,ok
28.18206,95.57918,284.0,1.7,ok
28.6513,91.83794,5227.0,12.25,ok
28.42787,95.31165,1936.0,38.15,ok
28.43696,95.28034,1088.0,25.5,ok
28.71931,92.72114,4538.0,50.26,ok
28.3773,96.46844,2718.0,58.13,ok
28.47327,93.69992,1431.0,34.01,ok
28.665,94.60452,1113.0,50.74,ok
28.45959,93.51351,3357.0,21.15,ok
28.55975,96.3714,4014.0,27.83,ok
28.62766,96.03918,2473.0,45.43,ok
28.90054,92.59678,4547.0,24.89,ok
28.8018,91.90746,5325.0,12.15,ok
28.70985,95.01853,1274.0,48.9,ok
28.85609,93.7261,4823.0,43.84,ok
28.88771,93.16041,5545.0,37.03,ok
28.89385,93.09089,4774.0,27.56,ok
28.90215,93.08849,4574.0,31.36,ok
28.94286,95.17282,2667.0,26.33,ok
26.87883,93.07072,105.0,4.74,ok
26.87168,93.04226,94.0,0.0,ok
26.85849,93.0586,90.0,1.68,ok
26.87338,92.23913,164.0,1.68,ok
26.86786,92.27432,156.0,3.75,ok
26.86267,92.28253,146.0,2.38,ok
26.80625,92.86463,77.0,2.37,ok
26.81407,92.82779,77.0,1.68,ok
28.97986,96.38975,4065.0,36.79,ok
28.9192,94.61171,2379.0,21.29,ok
26.79036,94.10067,82.0,3.35,ok
26.78761,94.11698,83.0,5.3,ok
26.7847,94.12294,83.0,1.68,ok
26.78796,94.09131,87.0,2.37,ok
26.79331,94.1044,86.0,6.89,ok
26.82884,94.58238,104.0,2.37,ok
26.83073,94.62853,100.0,3.75,ok
27.05171,95.45072,481.0,10.53,ok
26.97673,95.89275,931.0,46.9,ok
26.78927,96.20634,1063.0,16.34,ok
27.29559,92.95698,523.0,23.21,ok
27.10917,92.23846,2248.0,16.84,ok
27.17194,93.01285,1351.0,52.42,ok
27.1932,93.67946,806.0,14.92,ok
27.22563,95.13804,111.0,1.69,ok
27.07559,94.35326,89.0,6.05,ok
27.29684,95.85052,276.0,25.98,ok
27.2745,96.11235,384.0,23.49,ok
27.43388,92.24354,2764.0,20.97,ok
27.5761,92.65468,2093.0,35.71,ok
27.57562,93.17507,2293.0,46.22,ok
27.59699,95.10998,110.0,9.48,ok
27.38931,94.41926,95.0,2.39,ok
27.34218,95.62664,151.0,3.77,ok
27.86724,92.16647,5000.0,31.89,ok
27.6969,94.0425,1748.0,21.9,ok
27.61204,96.46243,1934.0,26.33,ok
27.85712,92.41142,5610.0,3.79,ok
27.65138,94.23377,244.0,30.7,ok
27.89,95.12041,331.0,10.73,ok
27.83688,95.50635,128.0,0.0,ok
27.83034,95.51161,129.0,1.69,ok
27.87316,96.58834,2298.0,35.85,ok
27.9075,91.78579,3546.0,35.23,ok
28.10828,92.87924,4558.0,26.88,ok
27.90757,93.10904,2108.0,19.69,ok
27.89526,93.90607,691.0,31.4,ok
28.00516,94.76592,1095.0,13.44,ok
28.06001,94.80174,617.0,17.49,ok
28.13017,95.0476,1148.0,31.69,ok
28.05749,95.70069,168.0,3.39,ok
27.94596,96.12898,231.0,0.0,ok
28.39454,92.3396,4206.0,20.85,ok
28.20883,92.69831,5400.0,38.62,ok
28.33577,93.20731,4192.0,29.42,ok
28.20815,93.81314,2222.0,25.63,ok
28.17583,94.4905,1948.0,32.71,ok
28.22497,94.56228,953.0,35.84,ok
28.28735,95.42814,976.0,31.99,ok
28.24974,96.01204,2799.0,37.26,ok
28.42268,96.40588,4434.0,53.32,ok
28.62882,91.90415,4651.0,13.51,ok
28.49091,92.88475,4564.0,38.25,ok
28.53131,92.81992,4078.0,43.57,ok
28.66718,93.45104,5500.0,20.9,ok
28.63022,93.47954,4538.0,21.41,ok
28.72333,94.00567,3865.0,27.17,ok
28.66597,94.32357,1877.0,10.68,ok
28.68373,94.35876,2701.0,14.94,ok
28.62868,95.42574,2413.0,28.55,ok
28.45779,96.05113,2288.0,48.21,ok
28.51601,96.11697,3976.0,50.55,ok
28.50715,96.13791,4024.0,26.81,ok
28.74156,92.77509,5125.0,24.54,ok
28.81135,91.74947,4918.0,18.46,ok
28.83394,93.2224,4879.0,32.33,ok
28.96372,93.58641,4882.0,33.37,ok
28.81704,94.47683,3793.0,45.21,ok
28.79689,95.0317,2109.0,40.36,ok
28.91401,95.59566,3093.0,16.72,ok
26.79942,91.8038,166.0,2.37,ok
26.78173,91.7712,146.0,0.0,ok
28.73824,96.36306,4214.0,21.26,ok
28.71964,96.36819,4439.0,25.03,ok
26.83845,92.35986,132.0,2.37,ok
26.82979,92.31445,121.0,1.68,ok
26.85322,93.31742,92.0,0.0,ok
27.00035,94.74093,95.0,2.38,ok
26.91215,95.20662,567.0,30.69,ok
26.91419,95.24107,583.0,24.54,ok
26.96572,95.24828,327.0,13.31,ok
26.92758,95.2305,434.0,27.14,ok
26.84621,96.33396,509.0,18.88,ok
27.01148,95.65178,1431.0,39.45,ok
27.26405,92.78126,2008.0,17.37,ok
27.22866,92.75689,1385.0,48.26,ok
27.3097,93.33275,1865.0,18.56,ok
27.07149,91.93347,1677.0,39.3,ok
27.25516,93.69332,1111.0,19.7,ok
27.06434,94.2186,80.0,6.05,ok
27.09837,95.3896,196.0,11.63,ok
27.23542,95.62363,239.0,11.64,ok
27.2501,95.61759,179.0,1.69,ok
27.14485,96.48936,849.0,9.0,ok
27.44986,93.38492,2822.0,12.0,ok
27.58216,92.49832,2362.0,39.08,ok
27.34361,94.70391,96.0,0.0,ok
27.55018,94.19795,628.0,29.01,ok
27.38152,96.05223,479.0,16.42,ok
27.57803,96.64438,1308.0,35.41,ok
27.82248,92.79561,2498.0,37.15,ok
27.82021,92.26464,5269.0,18.3,ok
27.64605,93.52585,2566.0,21.51,ok
27.64474,93.71291,1293.0,16.46,ok
27.72637,95.02961,112.0,0.0,ok
27.73038,95.82822,130.0,1.69,ok
27.88826,94.4431,359.0,5.35,ok
27.86507,94.47871,604.0,27.79,ok
27.67156,96.31103,396.0,8.4,ok
27.93911,92.14398,5195.0,33.25,ok
27.96147,92.40197,4875.0,41.6,ok
28.02373,93.74718,1189.0,31.93,ok
27.97103,93.08884,2286.0,40.73,ok
28.15968,94.61455,1007.0,21.77,ok
27.96392,95.01444,545.0,16.58,ok
27.9139,96.16197,206.0,3.39,ok
27.84824,96.17315,198.0,7.54,ok
28.1437,96.06656,1850.0,20.16,ok
28.21672,92.49806,3939.0,24.74,ok
28.16228,92.5338,4680.0,26.78,ok
28.28305,94.05885,1487.0,29.17,ok
28.43168,94.2834,3381.0,22.82,ok
28.33273,93.42072,3558.0,36.29,ok
28.29552,95.60624,859.0,44.35,ok
28.2442,95.35795,1286.0,12.75,ok
28.51566,91.81815,4898.0,17.27,ok
28.41313,96.28744,3516.0,41.83,ok
28.66314,92.66269,5154.0,14.93,ok
28.59646,93.23358,5115.0,10.27,ok
28.71157,93.88577,3503.0,38.68,ok
28.6014,94.33761,2394.0,21.79,ok
28.48081,95.40177,2396.0,28.22,ok
28.57664,95.70287,2216.0,33.41,ok
28.76713,92.29098,4789.0,10.15,ok
28.73232,92.31455,5053.0,6.14,ok
28.72164,96.58568,3725.0,31.83,ok
28.81962,92.83503,3914.0,12.27,ok
28.94457,93.09498,4487.0,24.16,ok
28.90175,93.58708,5039.0,18.68,ok
28.91818,93.57737,5028.0,23.17,ok
28.74198,94.4936,3679.0,44.77,ok
28.89989,95.07556,1298.0,20.53,ok
28.89493,95.0636,1388.0,22.6,ok
28.92589,95.74063,2183.0,18.82,ok
28.85572,96.66771,3305.0,38.79,ok
26.97408,92.2445,834.0,17.33,ok
27.03345,92.80711,187.0,15.57,ok
26.96907,93.15134,261.0,11.95,ok
26.92454,93.16036,190.0,13.61,ok
26.99081,93.83665,86.0,3.36,ok
26.92724,94.77306,93.0,4.75,ok
26.9389,94.82556,97.0,2.38,ok
26.88111,95.08504,160.0,4.74,ok
26.82694,95.04029,235.0,3.36,ok
26.87847,95.03259,337.0,22.78,ok
26.8117,95.86914,757.0,40.64,ok
26.79177,96.27949,478.0,32.76,ok
27.30156,91.87134,3476.0,19.52,ok
27.32504,91.88325,3655.0,13.36,ok
27.13942,92.42671,2850.0,22.98,ok
27.31532,93.08911,1261.0,29.06,ok
27.06966,95.08,102.0,3.36,ok
27.32712,93.96548,290.0,29.53,ok
27.15198,94.81604,95.0,2.38,ok
27.18617,96.03628,1930.0,24.72,ok
27.19292,96.05264,1612.0,6.05,ok
27.21403,96.38115,1121.0,0.0,ok
27.61105,92.80423,1926.0,32.03,ok
27.47325,93.24721,1888.0,37.5,ok
27.42028,93.74616,821.0,27.99,ok
27.40076,94.71638,101.0,4.77,ok
27.34223,95.04019,119.0,3.37,ok
27.37846,95.93566,171.0,0.0,ok
27.6167,96.19608,550.0,34.68,ok
27.78868,92.2986,5128.0,32.61,ok
27.6553,92.83272,1766.0,21.06,ok
27.80081,93.03265,1922.0,35.46,ok
27.64344,95.28408,118.0,1.69,ok
27.68018,95.3037,119.0,2.39,ok
27.7448,95.71802,133.0,0.0,ok
27.79783,94.82595,724.0,42.53,ok
27.76513,94.82689,332.0,11.22,ok
27.73436,93.92945,1142.0,21.08,ok
27.71493,96.56647,1789.0,24.83,ok
28.0094,91.91795,4513.0,3.39,ok
28.03005,92.89641,3300.0,34.06,ok
27.92062,93.0586,2253.0,63.91,ok
27.90863,93.58596,2065.0,30.28,ok
27.89146,93.54114,1355.0,24.82,ok
27.90366,94.61439,1014.0,39.17,ok
28.12087,95.51129,220.0,2.4,ok
28.37905,92.41442,4112.0,17.83,ok
28.37061,92.37702,4329.0,16.4,ok
27.9653,96.5446,2469.0,29.34,ok
28.29962,91.94681,4748.0,0.0,ok
28.2195,93.4755,2476.0,50.05,ok
28.20894,93.99256,1438.0,38.09,ok
28.41327,94.81571,1465.0,53.25,ok
28.23208,95.2394,739.0,36.68,ok
28.40038,96.51857,4286.0,75.91,ok
28.61445,92.02046,4797.0,8.48,ok
28.66603,91.95608,4663.0,10.68,ok
28.63525,93.62678,3778.0,27.81,ok
28.52283,93.28797,4327.0,30.78,ok
28.57801,95.12734,1201.0,20.65,ok
28.58253,95.12849,1082.0,23.1,ok
28.69558,94.61068,2242.0,18.44,ok
28.77357,91.80161,5227.0,17.61,ok
28.75244,93.65251,4143.0,19.83,ok
28.50745,95.81826,472.0,36.72,ok
28.47235,95.87332,1159.0,18.61,ok
28.8247,92.37479,4697.0,17.83,ok
28.87047,95.45147,2693.0,34.32,ok
28.75857,94.739,1397.0,29.39,ok
28.8145,96.0442,3765.0,32.21,ok
26.82176,92.5403,95.0,1.68,ok
27.02616,93.32995,493.0,24.15,ok
26.99112,93.3373,912.0,40.95,ok
28.77197,96.6855,3113.0,56.68,ok
26.9058,93.97986,84.0,0.0,ok
26.91164,93.98389,84.0,3.75,ok
26.88204,95.68926,1828.0,27.69,ok
26.89471,94.41328,90.0,2.38,ok
26.86882,94.4776,94.0,3.36,ok
26.98655,96.31844,588.0,35.63,ok
27.27246,91.87802,3125.0,37.69,ok
27.0739,94.00929,85.0,3.76,ok
27.26911,94.73885,96.0,0.0,ok
27.06474,95.3207,218.0,14.0,ok
27.17192,93.53826,1652.0,34.57,ok
27.607,92.2505,4220.0,35.37,ok
27.58334,92.57353,2808.0,32.92,ok
27.47357,93.31442,2864.0,31.8,ok
27.45784,93.81601,1191.0,38.43,ok
27.56024,94.72986,111.0,3.38,ok
27.53127,95.55527,133.0,4.77,ok
27.58228,94.84583,107.0,2.39,ok
27.51149,96.10114,197.0,4.77,ok
27.67644,91.80468,3684.0,18.62,ok
27.64389,92.93021,2131.0,23.9,ok
27.88692,93.01328,2367.0,34.62,ok
27.84138,93.01845,2316.0,25.08,ok
27.89706,93.07421,1583.0,47.52,ok
27.79272,93.85277,946.0,20.51,ok
27.81254,95.0188,278.0,34.46,ok
28.05115,91.96508,4664.0,20.67,ok
27.87625,95.97498,171.0,4.79,ok
28.12386,94.19327,939.0,18.35,ok
28.16107,93.02172,4278.0,10.23,ok
28.04512,95.1693,1043.0,12.07,ok
28.0892,95.75423,191.0,3.39,ok
27.99415,96.31994,1245.0,30.68,ok
28.3869,91.99548,4794.0,18.6,ok
28.18068,92.43846,4166.0,36.4,ok
28.2315,93.28414,3100.0,26.95,ok
28.26728,96.13257,2087.0,30.62,ok
28.23639,93.61622,1842.0,19.68,ok
28.70975,91.95329,5012.0,9.58,ok
28.49849,92.54008,4846.0,19.21,ok
28.56826,93.10537,3585.0,42.24,ok
28.70726,93.70264,4703.0,34.23,ok
28.73791,93.76408,3908.0,4.82,ok
28.59174,94.52469,2546.0,46.62,ok
28.61207,95.59548,2935.0,31.8,ok
28.55474,95.57617,1213.0,36.77,ok
28.7415,92.22968,5032.0,13.82,ok
28.84337,92.73758,4198.0,43.5,ok
28.82107,93.37552,4301.0,37.52,ok
28.92877,94.4945,2112.0,18.48,ok
28.82751,93.85031,4175.0,31.62,ok
28.76111,94.95455,1404.0,31.12,ok
26.88535,92.63825,103.0,1.68,ok
27.03078,92.19128,1406.0,15.15,ok
28.97256,95.62326,3579.0,20.54,ok
28.76756,96.19924,3088.0,17.82,ok
26.80566,93.8852,83.0,0.0,ok
26.79923,93.91531,81.0,5.3,ok
27.01202,94.48736,90.0,2.38,ok
26.88622,94.94071,132.0,4.74,ok
26.84547,94.95955,641.0,23.75,ok
26.82254,96.3494,352.0,6.89,ok
27.24129,92.88031,672.0,38.08,ok
27.12858,92.19291,2652.0,8.36,ok
27.30963,93.52874,1656.0,28.39,ok
27.19538,94.51605,96.0,2.38,ok
27.21614,95.35181,122.0,2.38,ok
26.85302,95.92162,1399.0,33.77,ok
27.33872,96.61968,1548.0,12.64,ok
27.39421,92.99909,897.0,23.03,ok
27.45138,91.88466,3372.0,40.2,ok
27.49854,91.85088,3786.0,30.66,ok
27.56502,94.37309,401.0,26.69,ok
27.57114,94.00986,2523.0,20.3,ok
27.52783,95.33802,120.0,0.0,ok
27.60726,95.61829,139.0,1.69,ok
27.41023,96.5592,1486.0,8.38,ok
27.84835,91.85041,4452.0,17.75,ok
27.89237,92.36444,4859.0,34.87,ok
27.71997,93.70322,1103.0,19.84,ok
27.8893,95.08733,286.0,26.39,ok
27.68517,95.90794,152.0,1.69,ok
27.74675,96.20105,240.0,1.69,ok
27.97416,92.2134,5371.0,33.66,ok
27.96768,92.51106,4673.0,29.91,ok
27.97869,95.8389,159.0,7.55,ok
28.15537,93.21334,1443.0,34.14,ok
28.12895,94.97266,1470.0,32.04,ok
28.00456,93.60751,1189.0,45.41,ok
28.41371,92.04616,4459.0,24.05,ok
28.11025,96.66052,2295.0,36.27,ok
28.37845,92.5196,4285.0,16.64,ok
28.3102,93.27761,3668.0,31.5,ok
28.38885,94.1542,3496.0,31.52,ok
28.43455,94.21578,3858.0,13.78,ok
28.64502,93.93651,2995.0,37.86,ok
28.35869,94.53397,2101.0,24.04,ok
28.26843,95.85092,2154.0,38.75,ok
28.19692,96.33293,1868.0,20.7,ok
28.54431,94.74691,2479.0,35.79,ok
28.7096,94.86259,1669.0,35.65,ok
28.68785,95.91806,2368.0,33.7,ok
28.595,96.56137,3158.0,9.12,ok
28.57949,96.54549,3671.0,57.48,ok
28.93083,92.67138,4609.0,15.75,ok
28.97483,94.78228,1417.0,32.25,ok
28.8216,93.9459,4450.0,26.92,ok
28.78344,94.88694,391.0,29.29,ok
28.9989,95.49965,3025.0,36.86,ok
28.88548,96.55835,4507.0,10.83,ok
26.96311,92.04284,811.0,43.39,ok
26.96944,92.02892,1168.0,26.56,ok
26.88213,92.63155,102.0,4.74,ok
26.88629,92.61189,111.0,2.38,ok
26.87774,94.0128,79.0,3.75,ok
26.99816,94.39984,84.0,2.38,ok
26.9398,95.84073,1032.0,17.33,ok
26.8237,96.50799,486.0,6.03,ok
27.08374,91.99596,1604.0,51.76,ok
27.08508,91.9373,1995.0,39.91,ok
27.29301,93.30284,2112.0,41.91,ok
27.20147,93.9715,101.0,0.0,ok
27.20603,95.13076,112.0,0.0,ok
27.20963,94.5831,91.0,0.0,ok
27.1233,96.13544,713.0,14.91,ok
27.57547,94.83018,104.0,0.0,ok
27.38288,92.92632,1860.0,31.28,ok
27.55318,92.17442,4174.0,40.42,ok
27.40404,94.14962,122.0,2.39,ok
27.4305,93.36247,3076.0,2.39,ok
27.40951,94.99458,106.0,0.0,ok
27.61439,95.78152,149.0,2.39,ok
27.70105,91.99158,4446.0,30.71,ok
27.72193,91.95756,4538.0,27.75,ok
27.76864,93.31217,1504.0,9.5,ok
27.73016,94.0521,1168.0,28.48,ok
27.7042,94.06752,1813.0,24.1,ok
27.70469,95.56375,126.0,3.38,ok
27.86801,92.83752,4139.0,25.51,ok
27.65231,94.32577,823.0,36.0,ok
27.63507,96.11038,473.0,12.99,ok
28.12906,91.8145,4715.0,20.15,ok
28.02617,95.05485,1899.0,50.45,ok
27.99155,95.89648,183.0,6.1,ok
27.93556,93.71191,1669.0,24.33,ok
28.36803,91.78175,4696.0,7.19,ok
28.07235,96.45623,1575.0,59.82,ok
28.23894,92.36687,4346.0,22.0,ok
28.24389,92.29654,4123.0,23.04,ok
28.28557,93.07301,4089.0,39.34,ok
28.64996,92.24635,5236.0,14.29,ok
28.2267,94.16442,376.0,31.47,ok
28.2038,94.16908,444.0,16.3,ok
28.53433,92.94399,3997.0,34.81,ok
28.49628,93.09973,4327.0,39.98,ok
28.51928,95.26234,2413.0,33.26,ok
28.65117,93.71966,3955.0,36.37,ok
28.95899,92.04156,4904.0,14.33,ok
28.01665,92.38508,4838.0,27.37,ok
28.9887,92.74558,4404.0,21.31,ok
28.86028,93.0512,3822.0,36.84,ok
26.79234,92.03848,125.0,3.75,ok
26.77134,92.07755,123.0,3.75,ok
28.83954,94.53321,3095.0,19.97,ok
28.72861,95.60814,1796.0,35.98,ok
28.94919,96.31142,3817.0,45.15,ok
26.86517,94.076,86.0,1.68,ok
26.86095,94.08223,84.0,0.0,ok
27.05797,94.23464,83.0,3.76,ok
26.91161,95.9782,1702.0,14.88,ok
27.05715,96.37184,657.0,30.44,ok
27.1349,93.27716,1014.0,13.33,ok
27.06349,93.29519,1081.0,25.86,ok
27.17174,94.95555,102.0,3.37,ok
27.18055,92.91949,1090.0,10.14,ok
27.14062,94.11829,87.0,1.68,ok
27.33365,94.32438,92.0,1.69,ok
27.35095,92.64833,2219.0,50.45,ok
27.54705,93.04442,2081.0,35.77,ok
27.50812,94.02793,1256.0,29.3,ok
27.43474,94.30967,105.0,1.69,ok
27.41342,95.47817,130.0,3.77,ok
27.38942,95.21265,116.0,0.0,ok
27.41601,96.0966,354.0,3.77,ok
27.64193,92.35607,4466.0,32.07,ok
27.83037,96.57379,2200.0,25.07,ok
27.92112,91.88954,4385.0,9.8,ok
28.01813,92.50551,5488.0,39.71,ok
28.03322,94.30279,785.0,28.08,ok
28.00849,95.3439,142.0,1.7,ok
28.13754,93.13133,2542.0,25.13,ok
27.98479,93.89852,1930.0,39.46,ok
28.11132,96.05599,1111.0,60.89,ok
28.0398,96.182,959.0,33.03,ok
28.26046,94.57416,838.0,21.34,ok
28.21422,94.89576,350.0,16.85,ok
28.54622,91.99946,4446.0,4.82,ok
28.69665,92.4981,5072.0,24.29,ok
28.41257,95.75388,1968.0,32.11,ok
28.20251,96.65499,2194.0,43.49,ok
28.4586,93.37004,3044.0,27.5,ok
28.4739,94.17705,2842.0,32.04,ok
28.48566,94.40762,1380.0,32.5,ok
28.53008,94.86866,1698.0,17.78,ok
24.52329,91.1361,8.0,1.65,ok
28.82971,92.08355,4489.0,13.13,ok
28.97674,92.83454,4100.0,30.15,ok
28.55536,96.29122,3330.0,54.97,ok
24.57896,91.88292,14.0,1.65,ok
24.5723,91.86168,11.0,6.77,ok
24.5897,92.2999,25.0,3.29,ok
24.59089,92.35106,55.0,8.19,ok
24.60415,92.34466,30.0,3.68,ok
24.54342,92.33633,46.0,6.96,ok
24.52128,92.46009,35.0,2.33,ok
24.49276,92.43785,27.0,2.33,ok
24.456,92.41602,31.0,1.65,ok
24.45999,92.4538,37.0,3.68,ok
24.4744,92.87654,115.0,11.49,ok
24.51776,92.84681,35.0,3.68,ok
24.47004,92.8595,145.0,1.65,ok
24.39995,93.26455,359.0,18.59,ok
24.36916,93.32532,251.0,10.42,ok
24.39019,93.29443,360.0,12.65,ok
24.3917,93.32545,288.0,17.61,ok
24.36758,93.28108,453.0,37.8,ok
24.43486,93.27684,409.0,36.72,ok
24.39838,93.77823,956.0,32.22,ok
24.42959,93.7017,874.0,8.34,ok
24.43938,93.76238,780.0,1.65,ok
24.38952,93.72842,983.0,33.85,ok
24.92556,91.10036,9.0,1.65,ok
24.9018,91.05838,9.0,3.3,ok
24.98827,91.76193,14.0,1.65,ok
24.9837,91.82425,11.0,1.65,ok
24.95533,91.80841,14.0,6.79,ok
24.82474,92.07801,16.0,1.65,ok
24.88062,92.75227,18.0,3.69,ok
24.87841,92.73445,21.0,0.0,ok
24.87244,92.75981,35.0,8.37,ok
24.807,92.87337,29.0,3.69,ok
24.81563,92.8739,30.0,13.08,ok
24.79692,92.8354,20.0,1.65,ok
24.78611,92.84068,28.0,4.94,ok
25.27022,92.91937,661.0,17.38,ok
25.28388,92.95726,607.0,8.23,ok
25.28607,92.96421,558.0,5.23,ok
24.76494,94.50401,1069.0,17.24,ok
24.75241,94.52061,585.0,31.49,ok
25.31666,93.58249,874.0,3.7,ok
25.01256,93.96967,1539.0,26.49,ok
25.49048,92.59086,765.0,6.82,ok
25.51089,92.61476,733.0,11.47,ok
25.66482,93.48247,230.0,3.71,ok
25.46941,92.90343,529.0,14.0,ok
25.91462,92.70692,118.0,20.2,ok
25.88788,92.6474,351.0,10.42,ok
25.89494,92.66482,304.0,13.1,ok
25.9868,92.90189,71.0,1.67,ok
26.02483,92.92967,72.0,3.72,ok
25.8527,93.88327,178.0,2.35,ok
25.87044,93.90817,180.0,15.01,ok
25.87188,93.92845,230.0,6.84,ok
25.82266,93.6238,180.0,3.72,ok
25.86629,93.60432,234.0,6.84,ok
25.81931,93.66235,159.0,6.84,ok
26.27161,92.26343,55.0,2.36,ok
25.65639,93.75475,435.0,12.47,ok
25.66981,93.71038,331.0,2.35,ok
25.65626,93.69886,330.0,3.32,ok
26.25594,92.5056,60.0,2.36,ok
26.22522,92.48035,67.0,5.0,ok
26.25802,92.52994,64.0,2.36,ok
26.2564,93.08061,88.0,3.73,ok
26.2198,93.89789,127.0,6.86,ok
26.39784,93.29318,479.0,20.28,ok
26.25483,94.33225,730.0,19.84,ok
26.25176,94.37472,936.0,10.06,ok
26.1989,94.39028,537.0,16.34,ok
26.20249,94.35456,630.0,5.0,ok
26.23952,94.31917,546.0,10.06,ok
26.6199,91.4205,68.0,1.68,ok
26.58914,91.44005,63.0,2.37,ok
26.6077,91.55374,68.0,1.68,ok
26.69971,92.22988,88.0,2.37,ok
26.60259,92.94102,83.0,3.74,ok
26.58913,92.97141,75.0,3.74,ok
26.47512,92.68195,65.0,5.28,ok
26.6481,93.44717,80.0,3.35,ok
26.44797,93.73568,129.0,2.37,ok
26.4948,93.77423,102.0,1.67,ok
26.57286,94.18212,97.0,1.68,ok
26.58692,94.16634,96.0,2.37,ok
26.76108,92.33455,96.0,3.75,ok
26.93396,92.45815,205.0,8.98,ok
26.91492,92.38153,226.0,8.35,ok
27.02483,91.24613,857.0,21.4,ok
27.01795,91.27093,878.0,20.9,ok
26.83911,93.2473,91.0,1.68,ok
26.7552,93.08862,82.0,1.68,ok
26.77265,93.12778,81.0,1.68,ok
26.75638,93.14046,83.0,3.35,ok
24.37977,91.17901,6.0,2.33,ok
26.92712,93.92821,80.0,0.0,ok
26.9541,93.86788,86.0,3.36,ok
26.9366,93.91506,82.0,3.36,ok
24.38576,91.75177,13.0,1.65,ok
24.44425,91.68182,15.0,3.68,ok
24.44213,91.73802,11.0,3.68,ok
24.39064,91.71007,7.0,1.65,ok
24.64406,92.0036,12.0,3.3,ok
24.6377,91.97785,51.0,14.44,ok
24.65319,91.95232,37.0,5.2,ok
24.78458,91.20783,7.0,1.65,ok
24.78207,91.15823,6.0,1.65,ok
24.5676,92.80299,116.0,22.53,ok
24.54253,92.79807,67.0,8.34,ok
24.6154,92.63793,29.0,3.68,ok
24.64711,92.70725,32.0,4.94,ok
24.63469,92.67209,52.0,9.25,ok
24.67023,92.71119,33.0,2.33,ok
24.47779,93.84742,770.0,0.0,ok
24.89634,91.91747,23.0,0.0,ok
24.68297,92.05134,8.0,3.68,ok
24.88735,92.65808,20.0,1.65,ok
24.91512,92.66638,21.0,0.0,ok
25.28394,92.75014,1117.0,23.28,ok
24.88262,92.96565,48.0,13.09,ok
24.88306,92.94314,32.0,5.94,ok
25.12107,93.1873,510.0,8.22,ok
25.34423,93.63182,1221.0,32.42,ok
25.38708,93.60603,777.0,16.6,ok
25.38404,93.66352,635.0,11.46,ok
25.3575,93.65441,580.0,19.47,ok
25.36419,93.68321,355.0,5.23,ok
25.4028,93.6358,1397.0,5.96,ok
25.17671,93.97584,1146.0,21.88,ok
25.44281,92.76672,555.0,13.9,ok
25.55731,92.94274,168.0,16.17,ok
25.39249,93.43724,653.0,19.94,ok
25.38892,93.43406,622.0,9.58,ok
25.3296,93.442,1598.0,19.47,ok
25.39028,93.46139,815.0,14.52,ok
25.34098,93.43848,1337.0,24.34,ok
25.37123,93.50293,1595.0,22.37,ok
25.34079,93.50449,1210.0,20.68,ok
25.54373,93.83662,1190.0,19.19,ok
25.54297,93.85834,1649.0,43.98,ok
25.51376,93.78232,991.0,20.88,ok
25.54881,93.86418,1211.0,29.15,ok
25.48407,93.81868,803.0,36.26,ok
25.98961,92.68648,67.0,5.26,ok
25.84495,93.03824,117.0,1.67,ok
25.99885,93.39438,140.0,3.72,ok
26.00738,93.39002,137.0,3.72,ok
25.87846,93.99827,258.0,8.43,ok
25.84486,93.96966,336.0,18.01,ok
26.32988,92.3047,56.0,2.36,ok
26.15218,92.68416,67.0,7.43,ok
26.14177,93.01496,86.0,8.92,ok
26.3558,93.64737,656.0,8.94,ok
26.33646,93.66674,538.0,26.67,ok
26.29131,94.30977,415.0,16.57,ok
26.29801,94.38568,827.0,26.39,ok
26.64335,91.28258,60.0,5.29,ok
26.50747,91.99449,64.0,2.37,ok
26.57218,92.79202,70.0,2.37,ok
26.57532,93.14194,73.0,1.68,ok
26.53434,94.03559,104.0,7.45,ok
26.55113,93.95517,106.0,0.0,ok
26.58387,94.03682,94.0,0.0,ok
26.51666,94.0388,96.0,2.37,ok
26.51747,93.9552,101.0,10.48,ok
26.53151,94.01884,99.0,1.68,ok
26.45656,93.5419,637.0,13.26,ok
26.47861,93.55202,436.0,21.47,ok
26.59006,94.22465,108.0,1.68,ok
26.80611,91.30882,968.0,48.45,ok
26.81546,91.29542,826.0,31.12,ok
27.03229,92.83055,257.0,1.68,ok
26.77562,91.87222,146.0,3.35,ok
27.04343,93.52374,361.0,28.37,ok
26.7685,94.48635,105.0,2.37,ok
26.76044,94.5264,108.0,7.09,ok
24.55315,92.15918,15.0,4.93,ok
24.566,92.15822,28.0,1.65,ok
24.61955,91.50652,11.0,2.33,ok
24.63551,91.53132,16.0,4.94,ok
24.67858,91.56489,16.0,0.0,ok
24.36981,92.41169,52.0,3.68,ok
24.42453,92.40779,38.0,3.68,ok
24.42564,92.39001,52.0,5.19,ok
24.36995,92.42614,52.0,3.68,ok
24.71538,91.61527,6.0,2.33,ok
24.6907,91.62754,10.0,3.68,ok
24.9135,92.38453,16.0,1.65,ok
24.91164,92.42417,17.0,0.0,ok
24.92591,92.43798,25.0,3.69,ok
24.84921,92.42809,31.0,5.94,ok
24.73773,92.00992,17.0,1.65,ok
25.09142,92.61931,788.0,14.66,ok
25.30028,93.36193,1244.0,32.05,ok
25.31821,93.39373,838.0,9.58,ok
25.24711,93.83795,1341.0,34.52,ok
25.26788,93.78898,1658.0,19.21,ok
25.45875,92.53938,848.0,5.97,ok
25.4617,92.51043,867.0,25.26,ok
25.55318,93.3195,416.0,17.97,ok
26.04272,92.3921,519.0,1.67,ok
25.41988,92.83603,820.0,5.23,ok
25.40141,93.70733,1168.0,42.83,ok
25.36402,93.754,871.0,25.24,ok
25.39057,93.7725,833.0,29.73,ok
25.35341,93.77643,1211.0,17.39,ok
25.33465,93.74896,1249.0,14.52,ok
25.95184,92.85986,90.0,6.84,ok
25.93614,92.85334,74.0,1.67,ok
25.86627,93.29086,193.0,8.43,ok
25.81222,93.3239,208.0,9.62,ok
26.24799,92.31681,61.0,1.67,ok
26.16469,92.40422,59.0,1.67,ok
26.14694,92.43768,63.0,2.36,ok
26.14127,92.38106,94.0,2.36,ok
26.39404,92.89127,70.0,3.34,ok
26.15159,93.40369,489.0,14.79,ok
26.38406,94.02804,104.0,1.67,ok
26.10481,94.47288,758.0,31.72,ok
26.10399,94.45883,784.0,38.94,ok
26.6736,91.92595,82.0,3.75,ok
26.73974,91.91615,114.0,2.37,ok
26.48733,92.17156,59.0,0.0,ok
26.59655,92.44597,62.0,1.68,ok
26.44285,93.19471,731.0,6.87,ok
26.62416,93.5287,94.0,6.68,ok
26.60893,93.55136,98.0,6.02,ok
26.62125,93.5418,88.0,3.35,ok
26.61026,93.77219,87.0,1.68,ok
26.42153,94.18488,197.0,28.31,ok
26.79881,91.34343,757.0,38.53,ok
26.85026,91.74562,352.0,17.53,ok
27.00632,93.95215,84.0,2.38,ok
27.02948,92.62199,147.0,1.68,ok
27.07049,94.12072,81.0,1.68,ok
27.08421,94.06917,84.0,3.76,ok
27.06415,94.09991,85.0,3.76,ok
24.46509,91.39996,11.0,2.33,ok
24.47729,91.3759,8.0,3.68,ok
24.49475,91.34121,12.0,0.0,ok
24.43782,91.57092,17.0,2.33,ok
24.3983,91.56856,21.0,1.65,ok
24.53723,92.10087,41.0,10.31,ok
24.41703,92.46602,62.0,13.33,ok
24.41278,92.46496,54.0,11.49,ok
24.89796,91.41732,10.0,5.21,ok
24.91811,91.41532,9.0,1.65,ok
24.91435,91.48793,10.0,3.69,ok
24.88214,91.44854,10.0,3.69,ok
24.88724,91.57537,9.0,3.3,ok
24.88149,91.55994,8.0,0.0,ok
24.9146,91.53661,8.0,2.34,ok
24.88049,92.12826,16.0,2.34,ok
24.91956,92.15484,22.0,1.65,ok
24.91285,92.16566,13.0,0.0,ok
24.9079,92.14047,20.0,8.83,ok
24.91406,92.14861,23.0,3.69,ok
24.91418,92.13314,21.0,3.3,ok
25.34792,93.30819,395.0,7.0,ok
25.24024,93.94265,2208.0,22.5,ok
25.0243,94.56079,1583.0,31.49,ok
25.60164,93.20043,328.0,19.5,ok
25.56719,93.25094,339.0,5.24,ok
25.39797,93.24286,584.0,24.6,ok
25.40075,93.20951,495.0,29.12,ok
25.36473,93.20428,588.0,4.97,ok
25.32688,93.23882,754.0,13.43,ok
25.6548,93.67731,317.0,3.71,ok
25.70011,93.66982,299.0,24.39,ok
25.64898,93.66745,340.0,1.66,ok
25.65805,93.65797,361.0,11.82,ok
25.6692,93.65717,323.0,4.69,ok
25.77312,92.50957,768.0,22.74,ok
25.75809,93.53081,216.0,11.61,ok
25.78665,93.57316,197.0,3.72,ok
25.7421,93.73377,288.0,43.62,ok
25.78177,93.70807,173.0,1.66,ok
25.76747,93.76124,300.0,9.89,ok
26.04916,94.36944,399.0,18.04,ok
26.05564,94.32399,617.0,18.76,ok
26.30451,92.73768,64.0,1.67,ok
26.12104,92.80744,69.0,2.36,ok
26.1738,92.77548,347.0,21.41,ok
26.13547,92.80872,77.0,1.67,ok
26.27722,93.39074,965.0,17.45,ok
26.31311,93.40596,833.0,15.06,ok
26.34049,93.38386,749.0,26.51,ok
26.44915,92.25939,51.0,1.67,ok
26.46936,92.28438,56.0,1.67,ok
26.107,94.05226,550.0,19.33,ok
26.05413,94.09652,269.0,11.06,ok
26.08794,94.11485,356.0,27.71,ok
26.06524,94.05558,441.0,23.93,ok
26.51994,91.81089,68.0,2.37,ok
26.49541,92.50908,67.0,1.67,ok
26.66072,93.09399,59.0,0.0,ok
26.63218,93.30794,75.0,1.68,ok
26.55016,93.70101,218.0,6.67,ok
26.45529,94.13828,98.0,3.74,ok
26.45445,94.1963,202.0,17.47,ok
26.50553,94.17204,100.0,8.31,ok
26.86601,91.21988,868.0,28.41,ok
26.93847,93.24286,117.0,3.75,ok
27.0605,91.6389,2405.0,17.05,ok
24.66043,91.33673,12.0,1.65,ok
26.76826,93.8574,73.0,3.75,ok
26.82075,93.85418,78.0,3.75,ok
26.74926,93.8332,79.0,5.3,ok
26.7926,93.84201,82.0,1.68,ok
26.74878,93.81599,78.0,1.68,ok
26.78194,93.80283,71.0,0.0,ok
26.80861,94.40862,96.0,3.75,ok
26.81013,94.43161,94.0,3.75,ok
26.80619,94.41846,95.0,1.68,ok
24.44115,91.984,22.0,6.95,ok
24.54621,92.97636,164.0,11.5,ok
24.55068,92.9845,55.0,3.68,ok
24.56945,92.96242,35.0,1.65,ok
24.7626,91.51013,13.0,3.69,ok
24.69568,91.52131,14.0,1.65,ok
24.99623,92.34038,21.0,1.65,ok
24.95995,92.30299,15.0,2.34,ok
24.97988,92.35281,19.0,5.22,ok
24.93564,92.30253,16.0,5.94,ok
25.19266,92.65533,1325.0,16.13,ok
25.03255,93.36541,206.0,13.86,ok
25.06829,93.4047,359.0,14.91,ok
25.01042,93.37342,195.0,6.99,ok
25.21253,93.85892,1037.0,13.41,ok
25.36756,92.75968,985.0,7.0,ok
25.46295,93.16714,263.0,7.38,ok
25.42104,93.23615,755.0,17.68,ok
25.46912,93.17839,245.0,21.24,ok
25.43396,93.51809,777.0,7.01,ok
25.45332,93.51574,654.0,0.0,ok
25.44281,93.5956,1002.0,19.42,ok
25.46737,93.52893,622.0,20.64,ok
26.00577,94.22815,875.0,11.05,ok
25.51555,93.76803,930.0,33.92,ok
25.54029,93.7129,888.0,14.0,ok
25.487,93.73869,1179.0,18.29,ok
26.16717,92.50554,74.0,13.23,ok
26.15358,92.54672,63.0,1.67,ok
26.13858,92.50673,79.0,17.43,ok
26.39334,92.04513,55.0,1.67,ok
26.35691,93.36872,406.0,9.94,ok
26.14484,92.87643,185.0,20.81,ok
26.16694,94.00505,128.0,5.0,ok
26.15194,94.00805,133.0,3.73,ok
26.18246,94.00547,124.0,2.36,ok
26.72198,91.46852,92.0,4.74,ok
26.70141,91.47266,85.0,3.75,ok
26.55423,91.84872,66.0,4.73,ok
26.65775,92.27872,81.0,2.37,ok
26.68375,93.61399,69.0,2.37,ok
26.50568,92.78169,70.0,3.74,ok
26.64005,94.40276,151.0,12.88,ok
26.59315,94.46961,726.0,25.14,ok
26.97849,93.34361,370.0,26.68,ok
26.9908,92.26384,1101.0,27.6,ok
26.99606,92.27014,1230.0,49.94,ok
26.95368,94.15526,84.0,3.76,ok
26.972,94.16758,83.0,1.68,ok
26.9193,94.19092,81.0,0.0,ok
26.95533,94.20318,83.0,3.76,ok
26.93226,94.17743,87.0,1.68,ok
24.5091,91.45392,11.0,1.65,ok
24.79298,91.30436,6.0,2.33,ok
24.83939,91.23412,5.0,2.33,ok
24.50396,91.69564,12.0,6.56,ok
24.46574,91.67804,9.0,0.0,ok
24.61834,92.14646,23.0,0.0,ok
24.61661,92.11118,16.0,3.68,ok
24.44329,93.85478,773.0,0.0,ok
24.39139,93.84247,767.0,3.68,ok
24.38256,93.85247,771.0,4.93,ok
24.41384,93.79912,770.0,3.68,ok
24.84618,91.90712,12.0,3.3,ok
24.80435,91.89479,18.0,3.69,ok
24.77687,91.90017,16.0,2.33,ok
25.01001,92.71545,92.0,9.56,ok
25.02024,92.69609,270.0,8.22,ok
25.04738,92.65629,696.0,30.01,ok
25.00647,92.68867,108.0,28.58,ok
25.34726,92.98376,561.0,5.23,ok
25.19205,93.31874,1311.0,15.97,ok
25.20787,93.26489,1317.0,10.98,ok
25.66932,92.65557,744.0,16.86,ok
25.64152,93.88196,1262.0,9.88,ok
25.06858,93.75858,1846.0,33.39,ok
25.0158,93.75694,1330.0,17.69,ok
25.06482,93.7443,1622.0,37.17,ok
26.01222,92.82048,77.0,2.36,ok
26.01586,93.5156,365.0,6.85,ok
26.2006,92.1476,55.0,4.72,ok
26.23706,92.19006,55.0,2.36,ok
26.06721,93.05316,84.0,1.67,ok
26.06233,93.83724,135.0,3.33,ok
26.05107,93.83892,132.0,2.36,ok
26.06808,93.79454,130.0,2.36,ok
26.09078,93.86329,130.0,2.36,ok
26.51289,91.36901,53.0,0.0,ok
26.69253,92.29558,86.0,1.68,ok
26.68911,92.35613,87.0,1.68,ok
26.69785,91.83536,96.0,3.35,ok
26.72099,92.57105,80.0,3.35,ok
26.69214,92.98078,73.0,1.68,ok
26.73037,93.33112,72.0,4.74,ok
26.72154,94.04159,84.0,3.75,ok
26.71331,93.98648,92.0,6.89,ok
26.45634,94.49927,356.0,10.47,ok
26.77278,92.58661,91.0,0.0,ok
26.77635,92.56162,87.0,3.75,ok
26.90374,92.94326,103.0,0.0,ok
27.03888,91.72925,2337.0,30.09,ok
26.77399,93.75953,79.0,13.2,ok
26.77913,93.75097,84.0,6.89,ok
24.6536,91.49378,6.0,2.33,ok
24.61969,91.48093,9.0,5.2,ok
24.60275,91.72091,11.0,3.68,ok
24.5326,91.73138,16.0,4.65,ok
24.66062,92.85073,25.0,2.33,ok
24.67855,92.84976,26.0,0.0,ok
24.66805,92.84879,24.0,3.3,ok
24.66772,92.82404,27.0,3.68,ok
24.61074,92.87443,28.0,1.65,ok
24.46267,93.93857,772.0,1.65,ok
24.40588,93.36362,292.0,16.03,ok
24.39725,93.3708,277.0,18.14,ok
24.42269,93.41506,679.0,36.04,ok
24.43194,93.38731,364.0,19.57,ok
24.43754,93.41737,542.0,32.72,ok
24.41075,93.42014,790.0,48.27,ok
24.90405,91.78017,20.0,5.21,ok
24.86018,91.83203,21.0,1.65,ok
24.87014,91.99784,16.0,8.2,ok
24.84933,91.98154,16.0,1.65,ok
24.85726,91.97677,18.0,8.2,ok
24.82293,92.53465,22.0,6.78,ok
25.16543,93.34345,546.0,25.21,ok
25.22727,93.38059,627.0,27.13,ok
25.20366,93.37577,930.0,28.82,ok
25.17163,93.41823,521.0,41.69,ok
25.19527,93.39922,1148.0,21.26,ok
25.22745,93.74719,1874.0,28.38,ok
25.21527,93.75336,1952.0,10.98,ok
25.61149,93.61637,354.0,3.32,ok
25.61417,93.60855,321.0,5.97,ok
25.83803,92.65388,508.0,1.67,ok
25.8878,93.88644,159.0,0.0,ok
25.89757,93.14727,158.0,4.7,ok
26.11962,93.48512,1039.0,13.98,ok
26.22542,92.83588,613.0,14.09,ok
26.12612,93.69202,222.0,10.57,ok
26.14452,93.76174,148.0,8.29,ok
26.16629,93.76824,141.0,1.67,ok
26.16938,93.69513,185.0,3.34,ok
26.17192,93.76319,154.0,2.36,ok
26.72433,91.38822,101.0,1.68,ok
26.51758,92.40613,61.0,1.67,ok
26.57863,93.30886,93.0,7.45,ok
26.55361,93.27308,175.0,11.1,ok
26.54766,92.85736,79.0,1.68,ok
26.55343,92.8827,70.0,5.28,ok
26.41754,93.7127,197.0,19.44,ok
26.4172,93.76605,147.0,14.11,ok
26.42877,94.27047,229.0,5.28,ok
26.87183,91.11264,367.0,43.86,ok
26.99047,92.94896,197.0,4.75,ok
24.4159,91.27588,10.0,2.33,ok
24.40803,91.30004,13.0,5.19,ok
26.92918,93.30336,144.0,2.38,ok
24.40593,91.59325,42.0,6.76,ok
24.49502,92.7553,108.0,8.18,ok
24.4597,92.73882,141.0,13.05,ok
24.4955,92.79579,39.0,4.65,ok
24.43753,93.58733,802.0,21.35,ok
24.43279,93.60092,981.0,35.16,ok
24.38851,93.57577,1064.0,25.07,ok
24.43007,93.54147,706.0,6.76,ok
24.38481,93.52714,984.0,22.51,ok
24.41133,93.5411,899.0,19.8,ok
24.75762,91.19545,4.0,3.3,ok
24.48204,93.97585,828.0,5.92,ok
24.49221,93.96616,773.0,3.68,ok
25.05401,93.12367,676.0,16.19,ok
25.08186,93.1559,1103.0,26.81,ok
24.8106,92.71026,59.0,5.93,ok
24.83704,92.67332,22.0,4.94,ok
24.79684,92.68686,23.0,5.21,ok
25.09482,93.36295,1000.0,44.61,ok
25.13975,93.42131,511.0,23.76,ok
25.47372,93.00314,170.0,33.71,ok
25.42514,93.06425,261.0,23.86,ok
25.46593,93.0625,232.0,11.58,ok
25.47554,93.05247,240.0,11.8,ok
25.8699,92.53483,583.0,10.03,ok
25.66997,93.38953,292.0,5.98,ok
25.85998,93.42756,199.0,5.25,ok
25.85897,92.97406,94.0,3.33,ok
26.38555,92.24179,61.0,1.67,ok
26.3259,92.60548,63.0,2.36,ok
26.02196,93.68343,205.0,6.84,ok
25.97466,93.65853,197.0,0.0,ok
26.27932,93.18109,113.0,5.27,ok
26.29499,93.43199,787.0,17.87,ok
26.0897,93.71035,176.0,1.67,ok
26.04056,93.7208,156.0,3.73,ok
26.65598,92.68926,66.0,0.0,ok
26.63281,93.68346,100.0,6.02,ok
26.63393,93.63943,85.0,3.35,ok
26.46132,94.08752,97.0,0.0,ok
26.81883,91.45585,291.0,33.38,ok
26.87604,92.73943,86.0,1.68,ok
26.93548,91.61999,753.0,32.88,ok
27.01354,93.1508,422.0,24.91,ok
26.81103,93.99586,83.0,1.68,ok
26.80765,93.99098,81.0,1.68,ok
26.77391,94.00428,81.0,1.68,ok
26.81079,94.01648,84.0,0.0,ok
26.80792,94.30892,98.0,5.3,ok
26.79558,94.35882,94.0,2.37,ok
26.77788,94.35599,98.0,3.75,ok
26.75454,94.37768,106.0,1.68,ok
24.66026,91.89077,13.0,1.65,ok
24.62783,91.858,15.0,3.68,ok
24.33999,91.2812,8.0,1.64,ok
24.33201,93.80524,1055.0,15.24,ok
24.35363,93.85095,767.0,3.29,ok
24.70018,91.76316,12.0,3.3,ok
24.74137,91.83966,13.0,2.33,ok
24.82774,92.19142,16.0,2.33,ok
25.30897,92.82606,946.0,20.11,ok
25.19552,93.57223,904.0,25.0,ok
25.52799,93.04823,164.0,20.88,ok
25.54281,93.01345,190.0,5.97,ok
25.55448,93.01106,154.0,5.24,ok
25.462,93.27537,632.0,14.96,ok
25.77112,93.12011,139.0,5.25,ok
25.59149,92.78685,339.0,3.32,ok
25.58014,92.74686,451.0,4.69,ok
25.98413,93.54438,178.0,3.33,ok
26.01069,94.15152,543.0,35.61,ok
26.33959,93.75422,246.0,4.72,ok
26.29253,93.75279,236.0,16.27,ok
26.53016,91.72008,63.0,1.68,ok
26.58073,92.51066,59.0,2.37,ok
26.41415,93.14924,658.0,6.01,ok
26.51148,93.63983,414.0,13.27,ok
26.53676,93.66754,267.0,18.11,ok
26.5303,93.60677,474.0,16.07,ok
26.55565,93.65711,275.0,27.06,ok
26.52695,93.67168,283.0,14.03,ok
26.45574,93.93516,96.0,1.67,ok
26.49014,93.89035,100.0,0.0,ok
26.71096,94.20088,104.0,1.68,ok
26.71665,94.17086,93.0,2.37,ok
26.91444,91.36236,962.0,39.71,ok
27.02923,91.9261,2752.0,17.91,ok
27.0161,92.04238,1607.0,19.54,ok
26.8371,93.37768,87.0,0.0,ok
27.03878,93.98316,86.0,2.38,ok
24.47144,91.1623,8.0,1.65,ok
24.45549,91.20105,7.0,2.33,ok
27.01107,92.41545,686.0,11.15,ok
24.36888,92.06759,112.0,17.6,ok
24.72311,91.23874,5.0,1.65,ok
24.59267,92.47252,26.0,5.92,ok
24.54087,92.47729,40.0,11.39,ok
24.58323,92.50877,56.0,8.81,ok
24.56371,92.54821,37.0,13.72,ok
24.57305,92.48374,32.0,4.65,ok
23.86749,93.02305,695.0,27.28,ok
23.85162,93.00485,523.0,40.39,ok
23.94271,93.41324,744.0,5.17,ok
23.92816,93.35932,662.0,18.08,ok
23.91167,93.34819,905.0,31.24,ok
23.91375,93.41869,1034.0,24.78,ok
24.02579,93.84786,1100.0,14.79,ok
23.96678,93.85802,1576.0,20.14,ok
23.97172,93.84139,1233.0,24.66,ok
23.97831,94.28164,151.0,3.28,ok
24.20392,93.15048,401.0,12.32,ok
24.13744,93.14313,506.0,23.46,ok
24.16393,93.11634,490.0,31.32,ok
24.14545,93.13063,470.0,25.99,ok
24.18658,93.16039,536.0,4.92,ok
23.99813,94.35442,192.0,29.37,ok
24.22162,93.24142,1177.0,33.2,ok
24.2399,93.16727,675.0,45.31,ok
24.23437,93.22835,844.0,19.31,ok
24.2686,93.24151,314.0,14.57,ok
24.27992,93.2106,582.0,21.32,ok
23.93012,94.57769,176.0,9.48,ok
24.08488,93.618,1141.0,7.3,ok
24.08036,93.6126,1143.0,14.55,ok
24.06573,93.68765,1385.0,15.21,ok
24.06675,93.63282,1247.0,23.08,ok
24.08163,93.60538,1172.0,43.02,ok
24.21592,93.7306,1349.0,20.51,ok
24.26051,93.75691,1194.0,19.06,ok
24.23512,93.69316,902.0,20.18,ok
24.09171,93.9774,1602.0,20.49,ok
24.06563,93.99224,839.0,34.89,ok
24.36217,93.95787,1280.0,28.92,ok
24.10533,94.59666,114.0,2.32,ok
24.68861,94.73109,155.0,3.69,ok
24.75285,94.66723,805.0,41.78,ok
24.44882,94.74521,192.0,11.49,ok
24.48536,94.72668,125.0,7.33,ok
24.51069,94.70202,147.0,1.65,ok
24.81309,94.67589,1179.0,15.85,ok
24.83008,94.66633,1077.0,19.21,ok
25.12129,93.26153,655.0,23.85,ok
25.16342,93.26477,966.0,34.49,ok
25.13894,93.6354,1644.0,27.52,ok
25.06095,93.45004,396.0,8.22,ok
25.03712,93.48586,693.0,28.89,ok
25.03012,93.90358,1117.0,9.28,ok
25.02718,94.65704,1031.0,22.8,ok
25.03016,94.63906,1186.0,14.65,ok
25.42465,93.51175,836.0,26.26,ok
25.4151,93.42872,690.0,18.28,ok
25.36063,93.94274,1343.0,23.85,ok
25.38696,93.91953,2015.0,34.16,ok
25.42334,94.6697,2378.0,5.24,ok
25.41478,94.67978,2016.0,44.94,ok
25.44602,94.67233,2147.0,9.86,ok
25.48277,94.67079,2227.0,35.39,ok
25.48136,94.72722,2119.0,20.13,ok
25.51609,93.11093,213.0,5.24,ok
25.53512,93.07846,187.0,3.32,ok
25.51436,93.08374,171.0,6.82,ok
25.55576,93.17187,326.0,8.88,ok
25.51538,93.43744,525.0,11.01,ok
25.48318,93.44002,428.0,22.54,ok
25.49948,93.47535,410.0,11.59,ok
25.53329,93.4825,377.0,7.01,ok
25.45324,93.95763,1219.0,14.62,ok
25.63675,93.79695,672.0,19.98,ok
25.4887,94.50504,1048.0,19.42,ok
23.95453,93.06596,407.0,22.44,ok
23.94382,93.02728,858.0,34.7,ok
23.94924,93.01137,693.0,21.28,ok
23.94263,93.06868,298.0,35.59,ok
23.87122,93.49047,1015.0,23.23,ok
23.84002,93.50959,1163.0,34.57,ok
23.90653,94.04061,448.0,20.13,ok
23.96675,93.69236,2002.0,11.78,ok
23.97366,93.70562,1679.0,22.92,ok
23.85833,94.11574,344.0,17.13,ok
23.84024,94.13024,221.0,9.47,ok
23.89334,94.40604,422.0,11.33,ok
23.91063,94.47177,310.0,22.91,ok
23.86177,94.6858,258.0,9.19,ok
24.16022,94.59199,108.0,0.0,ok
24.19272,94.64455,173.0,8.16,ok
24.38002,93.47895,801.0,44.98,ok
24.392,93.44482,1316.0,17.61,ok
24.44556,93.50667,1085.0,17.81,ok
24.34164,94.6517,204.0,1.64,ok
24.68623,94.60161,311.0,11.84,ok
24.60977,94.64784,295.0,11.51,ok
24.93294,92.99722,124.0,4.95,ok
24.78807,94.5725,508.0,36.31,ok
25.11599,93.71804,1509.0,41.68,ok
25.10543,93.71863,1567.0,23.8,ok
25.14146,93.75962,1222.0,13.78,ok
25.1447,93.706,500.0,3.7,ok
25.03616,92.94211,369.0,42.92,ok
24.98346,94.73119,1424.0,14.9,ok
25.34944,92.99098,561.0,3.31,ok
25.29362,93.30833,661.0,21.49,ok
25.30904,93.28404,628.0,20.34,ok
25.26638,93.9734,1652.0,13.03,ok
25.49809,93.88651,1200.0,51.54,ok
25.53687,93.88263,1645.0,51.14,ok
25.49458,94.63239,1583.0,10.52,ok
23.96883,93.18069,359.0,6.73,ok
24.03386,93.19959,1170.0,33.47,ok
23.99369,93.2056,860.0,38.75,ok
23.99685,93.2509,641.0,30.79,ok
24.01818,93.00264,494.0,20.42,ok
23.89958,93.42911,1066.0,25.99,ok
23.93703,93.48555,853.0,16.27,ok
23.91982,93.49668,989.0,29.94,ok
23.8978,93.9305,1207.0,31.12,ok
23.90949,93.94245,1722.0,7.29,ok
23.93098,93.87071,1848.0,36.62,ok
23.926,94.54799,137.0,3.28,ok
24.15534,93.34108,722.0,13.77,ok
24.1428,93.3449,768.0,38.55,ok
24.25111,93.82062,817.0,8.32,ok
24.2207,93.8169,1139.0,29.66,ok
24.08726,94.74748,182.0,15.13,ok
24.36423,94.52014,340.0,6.75,ok
24.49714,94.64645,311.0,12.35,ok
24.48976,94.65337,297.0,5.2,ok
24.67281,92.96006,26.0,1.65,ok
24.61039,92.9312,32.0,3.3,ok
24.56538,94.53721,208.0,3.68,ok
24.52833,94.5271,194.0,2.33,ok
24.79069,94.54073,560.0,27.27,ok
24.99868,92.95669,659.0,11.87,ok
24.94346,92.94623,63.0,11.87,ok
24.9281,92.96126,39.0,3.69,ok
25.00546,93.75199,1200.0,41.29,ok
25.28273,93.22762,793.0,9.98,ok
25.32267,93.63827,1387.0,21.22,ok
25.30342,93.69021,923.0,13.42,ok
25.28028,93.68901,647.0,24.24,ok
25.27227,93.60406,1048.0,5.96,ok
25.24793,94.51016,1332.0,23.87,ok
25.28779,94.73459,1676.0,19.21,ok
25.26973,94.70406,1923.0,35.35,ok
25.48358,93.56285,848.0,19.49,ok
25.52665,93.60338,678.0,9.31,ok
25.54428,93.60134,551.0,23.32,ok
25.5306,93.34053,287.0,2.35,ok
25.52374,93.41319,463.0,18.75,ok
25.62346,93.97865,1981.0,30.41,ok
25.61585,93.98392,2258.0,35.63,ok
23.95763,93.07987,210.0,26.9,ok
23.93712,93.13749,1053.0,36.92,ok
23.96345,93.14009,1383.0,14.53,ok
23.89491,93.11441,623.0,19.2,ok
23.90408,93.14034,931.0,17.55,ok
23.903,93.0873,756.0,15.97,ok
23.928,93.68132,1138.0,22.28,ok
23.89632,93.63877,1608.0,9.2,ok
23.96875,94.7463,252.0,8.77,ok
23.92374,94.15499,306.0,17.75,ok
23.91492,94.18414,187.0,2.32,ok
23.9253,94.13566,456.0,27.72,ok
24.23681,93.10933,992.0,20.46,ok
24.24508,93.08823,465.0,32.37,ok
24.28315,93.08083,284.0,31.1,ok
24.25146,93.45926,700.0,26.04,ok
24.26594,93.45232,687.0,22.09,ok
24.21435,93.4398,640.0,29.48,ok
24.26275,93.43193,1068.0,24.19,ok
24.21135,93.96728,1017.0,26.04,ok
24.26872,94.51988,380.0,1.64,ok
24.27199,94.54771,580.0,26.16,ok
24.14417,94.72301,116.0,5.9,ok
24.48155,93.46806,555.0,39.97,ok
24.48436,93.44954,660.0,19.28,ok
24.45507,93.49128,1546.0,17.82,ok
24.29771,93.76031,940.0,24.16,ok
24.34367,93.71851,807.0,1.64,ok
24.39569,94.74834,142.0,6.56,ok
25.02294,93.31533,575.0,16.11,ok
25.21822,92.94007,708.0,22.49,ok
25.18402,92.95048,844.0,5.22,ok
25.28427,93.77534,1713.0,31.99,ok
25.41047,93.90926,1828.0,22.87,ok
25.46932,93.94631,1036.0,16.24,ok
25.25107,94.62745,1614.0,21.11,ok
25.54484,93.68101,624.0,15.38,ok
25.54956,93.6641,730.0,5.97,ok
25.5312,93.67311,923.0,19.73,ok
23.98253,94.05257,956.0,34.24,ok
23.98444,94.1142,546.0,10.39,ok
23.85331,94.34803,264.0,6.53,ok
23.98257,94.57184,108.0,4.63,ok
24.02169,94.64474,237.0,8.77,ok
24.09448,92.94428,461.0,40.77,ok
24.13548,93.19726,977.0,28.08,ok
24.15086,93.18994,982.0,27.3,ok
24.17095,93.16519,623.0,27.05,ok
24.18921,93.23044,1013.0,17.78,ok
24.1351,93.78759,917.0,24.69,ok
24.19138,93.91932,836.0,21.31,ok
24.14474,93.88826,1137.0,17.24,ok
24.18051,93.88903,902.0,19.94,ok
24.43026,93.86781,768.0,1.65,ok
24.40635,93.89597,776.0,0.0,ok
24.30401,93.30438,694.0,22.2,ok
24.3878,94.57722,377.0,19.27,ok
24.4458,94.61196,497.0,16.33,ok
24.61754,94.53974,201.0,5.2,ok
24.6404,94.50142,860.0,27.89,ok
24.61602,94.5024,559.0,6.77,ok
24.8772,94.5603,1009.0,30.25,ok
25.17222,94.53549,1394.0,17.91,ok
25.17534,94.56726,2105.0,23.86,ok
25.15774,94.55091,1629.0,39.26,ok
25.10767,94.5534,2425.0,46.96,ok
25.3691,93.60031,961.0,27.99,ok
25.37802,93.99815,1362.0,10.38,ok
25.4354,94.5288,1236.0,4.68,ok
25.38726,94.70791,1549.0,18.72,ok
25.37893,94.69912,1759.0,21.23,ok
25.34284,94.69247,1197.0,32.53,ok
25.36035,94.72421,1134.0,20.63,ok
25.50849,93.99371,2004.0,40.57,ok
23.86051,93.65014,1659.0,44.51,ok
23.8386,93.6305,1786.0,30.26,ok
23.83388,93.68589,1142.0,26.99,ok
23.81842,93.6038,1412.0,38.35,ok
23.84211,93.64178,2118.0,25.93,ok
24.03255,93.3538,785.0,19.74,ok
23.99609,93.36289,922.0,24.83,ok
24.03075,93.35638,758.0,23.97,ok
23.9997,93.41738,1048.0,36.86,ok
23.98195,94.1705,259.0,16.06,ok
23.99248,94.72558,281.0,5.9,ok
24.0232,94.6641,281.0,11.45,ok
24.2168,93.33143,566.0,16.46,ok
24.28424,93.27996,707.0,25.04,ok
24.25927,93.28592,1009.0,28.87,ok
24.2709,93.30877,503.0,10.9,ok
24.24205,93.26155,1204.0,42.01,ok
24.12954,93.44211,1553.0,10.89,ok
24.12786,93.44442,1524.0,11.68,ok
24.15564,93.51196,706.0,24.86,ok
24.19654,93.51104,853.0,33.43,ok
24.26172,94.65312,216.0,11.69,ok
24.21976,94.65158,169.0,13.78,ok
24.26205,94.58862,375.0,22.09,ok
24.23838,94.57957,318.0,22.96,ok
24.29621,93.90943,978.0,22.35,ok
24.30604,93.87869,772.0,0.0,ok
24.36164,93.92604,1039.0,29.49,ok
24.30049,93.90317,891.0,11.81,ok
24.35706,93.87775,770.0,3.29,ok
24.54799,94.72796,175.0,10.31,ok
24.58934,94.73592,126.0,1.65,ok
24.88085,94.57484,864.0,24.81,ok
24.90104,94.58454,1009.0,22.78,ok
24.84955,94.59651,753.0,34.05,ok
25.59631,93.0235,275.0,14.55,ok
25.66456,93.60311,275.0,12.78,ok
25.72028,93.57815,195.0,3.71,ok
25.66431,93.58778,260.0,11.6,ok
25.05316,93.22489,368.0,12.71,ok
25.08549,93.2143,443.0,30.29,ok
25.66149,93.27823,380.0,15.95,ok
25.65179,93.27975,349.0,16.19,ok
23.83234,93.08277,962.0,17.73,ok
24.00136,93.61242,1231.0,22.3,ok
23.86062,93.8244,1526.0,12.99,ok
23.86494,93.87876,1678.0,7.29,ok
23.87852,93.92144,1137.0,40.09,ok
23.80798,93.87072,1838.0,27.81,ok
24.05901,94.5081,433.0,3.67,ok
24.09649,94.5011,811.0,10.88,ok
23.88071,94.63334,163.0,8.14,ok
25.34242,94.56951,1490.0,28.54,ok
24.59696,94.59253,706.0,26.06,ok
24.55326,94.61306,432.0,14.86,ok
25.63572,93.75315,572.0,11.01,ok
25.57541,93.7144,770.0,23.19,ok
24.00375,92.944,832.0,31.14,ok
23.93443,93.58724,1126.0,28.84,ok
23.94694,93.57802,1148.0,18.53,ok
23.87842,94.22985,170.0,2.32,ok
24.49008,93.19309,328.0,36.47,ok
24.4479,93.20477,394.0,38.69,ok
24.26951,93.39402,1147.0,17.52,ok
24.12462,93.84418,877.0,3.67,ok
24.12,93.81697,928.0,24.03,ok
24.09457,93.78266,831.0,9.49,ok
24.0777,93.83642,1206.0,30.13,ok
25.00034,93.62923,991.0,24.54,ok
25.06049,93.51643,630.0,19.24,ok
25.01316,93.5898,984.0,26.8,ok
25.17869,94.66735,1974.0,27.13,ok
25.64271,93.79169,684.0,22.71,ok
24.0472,93.17867,820.0,29.47,ok
24.0801,93.21425,629.0,31.29,ok
24.04784,93.16592,421.0,29.82,ok
23.89973,94.31422,451.0,10.38,ok
23.86444,93.73115,728.0,12.59,ok
23.82951,93.72287,1182.0,31.02,ok
24.22662,93.91598,1073.0,19.77,ok
24.70738,94.59856,244.0,5.93,ok
23.89314,94.76253,239.0,17.2,ok
24.9037,94.76181,686.0,28.86,ok
24.99018,94.64052,766.0,24.27,ok
25.41783,93.81066,1289.0,33.9,ok
25.4094,93.85021,1571.0,36.6,ok
25.42685,93.84611,920.0,9.31,ok
25.35185,94.57211,1132.0,27.53,ok
25.29125,93.88022,1430.0,21.49,ok
25.61308,93.35971,370.0,8.88,ok
24.17934,93.25586,856.0,33.44,ok
24.17283,93.30982,1069.0,22.32,ok
24.18224,93.25397,738.0,39.75,ok
24.14876,93.29003,1061.0,31.76,ok
23.84396,93.16996,890.0,37.24,ok
23.8292,93.24347,1492.0,24.97,ok
23.82887,93.22163,1224.0,28.66,ok
24.14807,93.7117,1551.0,31.28,ok
24.183,93.70826,1228.0,25.39,ok
24.14966,93.70886,1486.0,22.07,ok
24.15141,93.76592,1083.0,28.72,ok
24.13158,93.73575,897.0,10.28,ok
24.2942,94.73262,198.0,3.67,ok
25.06235,94.68525,787.0,34.75,ok
25.57979,93.16052,285.0,5.97,ok
25.60779,93.27686,386.0,11.93,ok
24.97865,90.12388,21.0,4.67,ok
24.93648,90.13142,17.0,3.69,ok
24.98864,90.11678,21.0,1.65,ok
24.93636,91.66526,12.0,0.0,ok
24.9308,91.60467,10.0,1.65,ok
24.9824,90.74602,9.0,2.34,ok
24.96105,90.71456,9.0,0.0,ok
24.80104,92.96562,27.0,2.33,ok
24.84532,92.92399,24.0,1.65,ok
24.82783,92.98241,28.0,4.94,ok
25.19153,90.31478,32.0,4.96,ok
25.21354,90.14259,45.0,8.39,ok
25.23879,90.1103,53.0,8.23,ok
25.2339,90.13707,63.0,8.23,ok
25.40299,92.52489,927.0,7.38,ok
25.4013,90.0699,115.0,21.13,ok
25.58895,90.82286,407.0,17.42,ok
25.83165,90.50355,106.0,9.34,ok
25.71593,90.87864,531.0,24.31,ok
25.61133,90.5139,408.0,11.82,ok
25.61225,90.52647,367.0,10.01,ok
25.78465,92.66132,453.0,22.59,ok
25.75622,92.64029,576.0,10.41,ok
26.00359,92.1883,369.0,22.38,ok
26.03468,92.18159,294.0,11.05,ok
26.0579,90.1748,26.0,0.0,ok
26.04782,90.09225,25.0,0.0,ok
26.03771,90.1024,28.0,1.67,ok
25.96628,92.53452,103.0,9.91,ok
26.09862,92.34332,211.0,8.29,ok
26.04754,92.36896,523.0,33.82,ok
26.06106,92.35125,251.0,21.61,ok
26.1006,90.49223,49.0,4.71,ok
26.06426,90.52571,40.0,3.33,ok
26.07524,90.45751,45.0,7.42,ok
24.9764,90.44685,14.0,1.65,ok
24.96939,90.49348,15.0,3.69,ok
24.94599,90.48218,13.0,3.3,ok
24.89663,90.84406,12.0,5.94,ok
24.94095,91.147,3.0,3.3,ok
24.97381,91.22612,10.0,3.3,ok
24.98957,91.67046,19.0,6.79,ok
24.92959,91.72755,12.0,2.34,ok
24.93695,91.75235,5.0,1.65,ok
24.9697,92.02769,25.0,10.96,ok
25.1387,90.23823,19.0,3.7,ok
25.3414,90.4405,59.0,4.96,ok
25.34049,90.4502,69.0,1.66,ok
25.13917,90.41773,20.0,1.66,ok
25.10926,90.3819,17.0,2.34,ok
25.15476,90.40263,22.0,1.66,ok
25.15975,90.38944,21.0,5.95,ok
25.27548,92.50875,1084.0,14.94,ok
25.15112,92.66302,1327.0,34.09,ok
25.42391,90.12365,129.0,14.53,ok
25.43654,90.09315,103.0,12.44,ok
25.68744,90.93,694.0,13.84,ok
25.65427,90.89265,678.0,14.73,ok
25.62054,92.69088,665.0,5.97,ok
25.75219,90.5285,93.0,11.83,ok
25.8708,90.601,82.0,8.9,ok
25.87732,90.60544,81.0,11.62,ok
26.02383,90.62076,56.0,1.67,ok
26.09194,90.90106,37.0,1.67,ok
26.08468,90.90788,45.0,1.67,ok
26.15734,90.34058,27.0,11.65,ok
26.12126,90.27179,28.0,10.05,ok
26.06592,92.00659,357.0,3.73,ok
26.14149,92.61548,63.0,2.36,ok
26.16104,92.56378,63.0,3.73,ok
26.16847,92.63476,62.0,1.67,ok
26.14882,92.59956,59.0,1.67,ok
24.97304,91.04442,6.0,3.3,ok
24.9824,91.05373,7.0,1.65,ok
24.94906,90.22041,20.0,3.3,ok
24.93944,91.33772,8.0,1.65,ok
24.97282,92.66055,28.0,1.65,ok
24.94565,92.24775,17.0,2.34,ok
24.93855,92.25666,16.0,5.21,ok
25.13834,90.3126,18.0,1.66,ok
25.29485,90.34182,125.0,24.24,ok
25.31108,90.28377,67.0,36.55,ok
25.26086,92.71138,1118.0,13.42,ok
25.51884,90.74632,359.0,13.16,ok
25.55482,90.716,294.0,9.6,ok
25.67851,90.73209,357.0,0.0,ok
25.42196,92.65092,736.0,3.71,ok
25.41565,92.69662,836.0,11.8,ok
25.45827,92.68193,618.0,2.35,ok
25.44354,92.69855,779.0,7.38,ok
25.77476,90.71987,413.0,8.89,ok
25.78876,90.76176,274.0,10.41,ok
25.72528,90.70384,331.0,16.65,ok
25.77881,90.72763,430.0,13.85,ok
25.76909,90.773,274.0,11.83,ok
25.54231,92.69609,657.0,11.59,ok
25.54246,92.65575,715.0,14.97,ok
25.59821,90.98034,725.0,8.25,ok
25.76285,92.74749,129.0,1.66,ok
25.95707,90.57305,252.0,29.24,ok
25.95061,90.58243,212.0,16.3,ok
26.00568,90.87167,50.0,2.36,ok
26.06708,90.34437,32.0,2.36,ok
26.10274,92.02245,293.0,14.78,ok
24.93852,92.01606,14.0,0.0,ok
24.96435,91.97321,43.0,1.65,ok
26.04175,90.5786,51.0,2.36,ok
25.24177,90.20416,70.0,7.37,ok
25.19871,90.22868,28.0,5.95,ok
25.31744,92.60875,1083.0,8.86,ok
25.46723,92.57701,739.0,3.71,ok
25.54405,92.53549,960.0,8.25,ok
25.67447,90.51836,369.0,11.93,ok
26.00479,90.20944,28.0,2.36,ok
26.02175,90.18327,30.0,0.0,ok
25.83955,92.74377,138.0,11.04,ok
25.88522,90.88469,226.0,8.9,ok
25.95594,90.92875,55.0,2.36,ok
25.98615,90.5946,232.0,27.8,ok
26.00526,92.55366,218.0,20.04,ok
25.96359,92.63308,275.0,8.91,ok
26.15054,90.62881,42.0,1.67,ok
26.1424,90.6415,46.0,11.53,ok
25.04112,90.39222,12.0,4.67,ok
25.06936,90.39077,15.0,1.65,ok
24.90122,91.18628,3.0,0.0,ok
24.90858,91.22876,6.0,4.95,ok
25.05321,90.14662,18.0,2.34,ok
25.03391,90.12634,15.0,2.34,ok
25.18774,92.5684,953.0,24.31,ok
25.1726,92.5997,1247.0,34.5,ok
25.22369,92.60123,1327.0,21.47,ok
25.3282,90.39395,83.0,9.99,ok
25.34762,90.37725,132.0,10.38,ok
25.37146,92.57877,935.0,12.74,ok
25.52475,90.79496,324.0,20.14,ok
25.53809,90.83902,562.0,8.41,ok
25.79208,90.93274,573.0,10.02,ok
26.01959,90.39493,34.0,4.99,ok
26.05908,92.12536,335.0,27.3,ok
25.04062,90.26974,16.0,3.69,ok
25.01832,90.28037,16.0,3.69,ok
24.95512,91.42561,7.0,3.69,ok
24.95118,92.44279,17.0,0.0,ok
25.32153,90.15896,103.0,16.45,ok
25.55366,90.99092,864.0,12.76,ok
25.69071,92.61033,555.0,21.97,ok
25.70476,90.58257,261.0,6.83,ok
25.85679,90.74535,241.0,20.02,ok
25.85226,90.77707,76.0,6.84,ok
25.87822,90.724,238.0,22.05,ok
26.12133,90.58638,42.0,3.73,ok
26.00673,92.44529,560.0,16.31,ok
25.04353,90.08705,18.0,4.67,ok
24.98945,90.91367,8.0,1.65,ok
24.92554,90.71399,10.0,2.34,ok
24.98167,91.07453,8.0,2.34,ok
24.97081,91.08246,9.0,3.3,ok
24.91831,91.60898,11.0,1.65,ok
24.9113,91.59189,10.0,2.34,ok
24.95556,92.60344,21.0,1.65,ok
25.14122,90.10122,18.0,2.34,ok
25.4597,90.06639,164.0,8.87,ok
25.39872,92.6595,750.0,5.96,ok
25.56304,90.64516,474.0,7.39,ok
25.62266,90.69488,372.0,3.71,ok
25.56594,90.96495,839.0,10.01,ok
25.57574,90.94168,795.0,3.71,ok
25.76888,90.61774,229.0,2.35,ok
25.89506,90.77967,64.0,0.0,ok
25.8905,90.74289,190.0,24.48,ok
25.93225,92.55573,355.0,24.31,ok
26.04737,90.75574,47.0,3.73,ok
24.91963,90.64445,18.0,1.65,ok
26.05192,92.25739,173.0,3.73,ok
25.16133,90.46161,41.0,3.7,ok
25.07462,92.55198,268.0,53.27,ok
25.06716,92.60978,334.0,13.11,ok
25.84712,90.81708,87.0,2.35,ok
25.76567,92.57243,674.0,22.13,ok
25.77326,92.58101,597.0,17.16,ok
26.0552,90.19168,26.0,0.0,ok
26.16262,90.91622,47.0,1.67,ok
26.11859,92.35658,89.0,6.0,ok
26.06117,92.74255,74.0,7.04,ok
25.41667,90.34092,314.0,21.29,ok
25.97651,90.73189,55.0,3.72,ok
25.9766,90.95808,52.0,5.26,ok
26.17361,90.7345,32.0,1.67,ok
26.17302,90.84692,32.0,8.29,ok
22.02977,92.50345,322.0,27.81,ok
22.03585,92.50682,279.0,18.28,ok
22.07236,92.47607,633.0,16.7,ok
22.28578,92.45837,326.0,12.84,ok
22.17886,92.67505,232.0,8.04,ok
22.10154,92.8261,372.0,28.47,ok
22.04006,92.881,585.0,24.35,ok
22.29849,92.95987,558.0,22.8,ok
22.34962,92.96031,377.0,36.75,ok
22.28196,92.94471,502.0,33.27,ok
22.15224,93.14831,1258.0,46.77,ok
22.17849,93.52239,1304.0,22.79,ok
22.56013,92.47134,342.0,18.35,ok
22.56118,92.53207,97.0,6.85,ok
22.56479,92.51005,76.0,9.65,ok
22.37912,92.42685,117.0,27.49,ok
22.41674,92.45404,247.0,17.36,ok
22.46318,92.76172,166.0,1.62,ok
22.49094,92.76997,204.0,17.57,ok
22.46322,92.74006,688.0,33.17,ok
22.25807,93.36758,1112.0,29.3,ok
22.52203,92.94335,446.0,28.12,ok
22.59473,93.24906,674.0,25.88,ok
22.5961,93.25001,772.0,35.66,ok
22.3916,93.53492,1294.0,6.66,ok
22.96069,92.36688,40.0,3.25,ok
22.9615,92.34447,242.0,27.23,ok
22.93484,92.34422,128.0,22.14,ok
22.69931,92.53624,83.0,8.23,ok
22.68608,92.47238,205.0,19.1,ok
22.74972,92.52729,117.0,30.81,ok
22.71563,92.46345,105.0,12.88,ok
22.70792,92.477,158.0,19.85,ok
22.85331,93.31817,1048.0,16.3,ok
22.9446,93.12555,619.0,37.11,ok
23.15988,92.40462,87.0,14.36,ok
23.08108,92.41535,342.0,32.07,ok
23.11486,92.39846,109.0,1.63,ok
23.15566,92.41087,73.0,7.25,ok
22.71213,93.48353,1865.0,16.99,ok
22.70606,93.43738,1347.0,21.96,ok
23.05036,92.61943,512.0,32.03,ok
23.03202,92.6098,258.0,25.13,ok
23.0782,92.57033,84.0,0.0,ok
23.36387,93.33648,903.0,15.76,ok
23.12644,93.45972,1234.0,20.95,ok
23.10984,93.47867,1392.0,10.33,ok
23.14979,93.43893,1451.0,28.69,ok
23.48281,92.95412,1042.0,16.87,ok
23.45901,92.98236,831.0,24.74,ok
23.4378,92.97286,911.0,27.74,ok
23.48248,92.97936,923.0,15.14,ok
23.66876,93.36258,1462.0,32.58,ok
23.71846,93.41515,1168.0,29.75,ok
23.62704,92.35054,380.0,23.55,ok
23.63391,92.3302,298.0,21.84,ok
23.95713,92.41337,198.0,3.66,ok
23.79024,93.23045,975.0,27.38,ok
23.58199,93.52115,1439.0,18.91,ok
23.57406,93.52626,1290.0,9.85,ok
23.84251,93.35008,780.0,40.48,ok
23.81549,93.41198,763.0,23.04,ok
23.72559,93.39601,1301.0,23.21,ok
23.78307,93.42192,1029.0,20.44,ok
23.73797,93.40016,1306.0,33.79,ok
23.7701,93.34597,879.0,23.02,ok
22.27257,92.34893,84.0,11.52,ok
24.65206,92.41303,18.0,5.93,ok
24.62635,92.37861,70.0,13.91,ok
24.61782,92.43635,22.0,3.68,ok
24.6532,92.39023,28.0,3.68,ok
24.27675,92.59313,366.0,29.42,ok
24.21136,92.58227,157.0,43.35,ok
24.24688,92.57423,424.0,13.78,ok
24.26463,92.55609,88.0,13.78,ok
24.30484,92.85894,125.0,16.47,ok
24.32041,92.81352,300.0,20.52,ok
24.29038,92.8821,217.0,16.32,ok
22.15384,92.76496,129.0,5.11,ok
24.67777,92.62267,23.0,2.33,ok
24.64073,92.5734,20.0,4.65,ok
24.61242,92.61293,28.0,1.65,ok
24.62779,92.62399,32.0,4.65,ok
24.24828,92.43064,428.0,15.23,ok
24.24655,92.41939,359.0,26.62,ok
24.27945,92.38975,54.0,5.91,ok
24.26864,92.44861,341.0,20.95,ok
22.04771,92.79799,363.0,33.61,ok
22.05552,92.7926,247.0,4.84,ok
22.09668,92.77588,162.0,25.33,ok
22.23295,93.11385,984.0,27.53,ok
22.36812,92.69767,486.0,27.76,ok
22.38321,92.65655,109.0,1.62,ok
22.36333,92.70584,647.0,48.86,ok
22.43101,92.64773,94.0,1.62,ok
22.52912,92.78595,223.0,9.78,ok
22.53835,92.79355,394.0,34.87,ok
22.46036,92.48561,314.0,24.54,ok
22.45845,92.46491,189.0,15.88,ok
22.46579,92.50666,183.0,17.57,ok
22.21245,93.26507,1412.0,24.38,ok
22.21441,93.33566,1225.0,30.2,ok
22.24295,93.32775,1124.0,37.82,ok
22.5401,93.02621,1626.0,21.64,ok
22.56081,92.99002,793.0,32.66,ok
22.21947,93.45807,1362.0,10.26,ok
22.6669,93.13672,1116.0,34.44,ok
22.65708,93.14535,1151.0,24.15,ok
22.66539,93.14371,1115.0,21.7,ok
22.5066,93.4716,2356.0,15.04,ok
22.45891,93.45623,1674.0,3.62,ok
22.47138,93.43272,1492.0,3.62,ok
22.45637,93.5015,2183.0,18.83,ok
22.9152,93.16789,342.0,5.85,ok
22.85085,93.20244,1191.0,39.12,ok
22.85479,93.24412,1302.0,24.97,ok
23.00493,92.48215,132.0,17.36,ok
22.72033,93.33395,1347.0,24.62,ok
22.83574,93.50158,1896.0,22.74,ok
22.79969,93.44962,1403.0,13.63,ok
23.2728,92.4742,686.0,15.12,ok
23.30644,92.47525,235.0,8.26,ok
23.28327,92.53923,962.0,23.99,ok
23.21078,93.42086,1064.0,18.43,ok
23.16193,93.3913,687.0,20.31,ok
23.17103,93.37582,617.0,19.1,ok
23.43126,92.45571,178.0,5.15,ok
23.43187,92.40872,243.0,40.0,ok
23.42442,92.38672,146.0,15.76,ok
23.42662,92.41005,283.0,36.74,ok
23.57046,93.0394,655.0,15.71,ok
23.63119,93.01672,630.0,24.3,ok
23.60074,93.0207,546.0,5.16,ok
23.44542,93.44643,1083.0,20.4,ok
23.46496,93.43823,1167.0,19.67,ok
23.97321,92.45955,343.0,23.57,ok
23.9939,92.39073,184.0,5.17,ok
23.92455,92.46815,297.0,27.26,ok
23.90149,92.4816,608.0,6.73,ok
24.00889,92.78874,640.0,19.21,ok
24.13346,92.43888,134.0,11.46,ok
24.17632,92.4277,174.0,23.59,ok
24.37025,92.61812,75.0,5.19,ok
24.38947,92.63485,95.0,14.84,ok
24.42344,92.62623,67.0,8.33,ok
24.39122,92.61566,50.0,13.33,ok
24.13849,92.76801,738.0,26.93,ok
24.41395,92.3335,60.0,9.23,ok
24.40294,92.32011,48.0,2.33,ok
24.44597,92.32562,58.0,6.56,ok
24.3759,92.30761,43.0,1.65,ok
24.4289,92.36456,75.0,16.03,ok
24.40366,92.79096,45.0,4.65,ok
24.4288,92.79575,42.0,10.3,ok
24.48538,92.94717,53.0,20.55,ok
24.48131,92.93221,43.0,2.33,ok
24.44939,92.93301,120.0,18.15,ok
24.47373,92.98519,202.0,14.85,ok
24.51561,92.96676,66.0,13.05,ok
22.26636,92.46256,325.0,30.12,ok
22.26386,92.47891,240.0,39.14,ok
22.25546,92.5463,552.0,17.87,ok
22.21585,92.54282,622.0,42.8,ok
22.92236,92.41785,52.0,5.13,ok
22.97008,92.42688,419.0,37.42,ok
22.22441,92.58862,111.0,4.85,ok
22.23675,92.63587,133.0,8.04,ok
22.22486,92.76388,189.0,6.65,ok
22.19784,92.8001,624.0,8.04,ok
22.22993,93.18376,849.0,28.5,ok
22.24257,93.2254,930.0,23.69,ok
22.04597,93.0186,1073.0,27.25,ok
22.04226,92.98893,841.0,41.54,ok
22.68018,92.44767,242.0,17.92,ok
22.70063,92.43075,64.0,13.53,ok
22.70413,92.43637,188.0,17.59,ok
22.44178,93.0282,884.0,24.54,ok
22.2443,93.52877,2487.0,11.3,ok
22.26328,93.52159,2172.0,28.54,ok
22.61979,93.25294,935.0,21.65,ok
22.48356,93.19686,740.0,31.19,ok
22.44696,93.19388,670.0,31.49,ok
22.47352,93.18939,571.0,30.27,ok
22.48086,93.24439,902.0,17.03,ok
22.59133,93.51647,1843.0,29.2,ok
22.91776,92.34454,82.0,24.19,ok
22.71442,92.98987,988.0,35.68,ok
22.67796,92.99528,1079.0,30.81,ok
22.73661,93.03546,886.0,27.08,ok
22.76715,92.52237,87.0,11.67,ok
22.92707,93.19485,770.0,33.26,ok
22.9277,93.24507,1055.0,23.93,ok
22.99146,93.23147,871.0,34.52,ok
23.35844,92.33694,80.0,1.63,ok
23.33478,92.31921,153.0,22.82,ok
23.31917,93.53972,1197.0,41.15,ok
23.25347,93.51565,2456.0,21.94,ok
23.54454,93.0048,850.0,8.28,ok
23.50172,93.05693,839.0,35.57,ok
23.51506,93.03314,650.0,26.49,ok
23.50949,93.01659,592.0,2.31,ok
23.51293,93.03613,597.0,17.08,ok
23.38982,93.22488,850.0,36.72,ok
23.36018,93.19536,960.0,26.5,ok
23.36979,93.3577,1073.0,19.12,ok
23.72022,93.06884,1096.0,33.61,ok
23.6856,93.05208,782.0,2.31,ok
23.38443,93.51743,1401.0,28.7,ok
23.35657,93.53453,1442.0,23.56,ok
24.15198,92.597,114.0,11.46,ok
24.1851,92.56875,188.0,26.03,ok
24.18791,92.61367,141.0,10.89,ok
24.18427,92.61906,119.0,14.56,ok
23.71057,93.22053,724.0,24.61,ok
23.7245,93.18573,1041.0,12.28,ok
23.70337,93.21459,857.0,14.51,ok
23.70154,93.21451,821.0,23.02,ok
24.15467,92.82032,258.0,9.49,ok
24.16294,92.82567,232.0,20.16,ok
24.13499,92.88419,229.0,30.82,ok
24.08082,93.06515,755.0,8.77,ok
24.12288,93.00413,510.0,24.38,ok
24.09759,93.0006,623.0,21.09,ok
24.6581,92.81038,43.0,15.91,ok
24.60758,92.73523,72.0,12.37,ok
24.64456,92.78059,39.0,6.77,ok
24.67793,92.35498,21.0,2.33,ok
24.66319,92.29387,21.0,0.0,ok
22.146,92.40578,253.0,14.35,ok
22.30073,93.20765,483.0,15.56,ok
22.26954,93.19377,508.0,10.26,ok
22.31635,93.21272,645.0,14.28,ok
22.35269,93.01993,604.0,27.48,ok
22.11843,93.28985,792.0,28.75,ok
22.17788,93.27572,1634.0,32.64,ok
22.48339,92.38425,381.0,37.42,ok
22.48006,92.42683,98.0,17.37,ok
22.1401,93.45969,786.0,17.33,ok
22.13293,93.43319,1006.0,27.72,ok
22.42579,92.47005,155.0,14.38,ok
22.39732,92.48948,265.0,23.0,ok
22.67295,92.94348,614.0,31.03,ok
22.66449,92.97631,928.0,30.04,ok
22.66973,93.41571,1322.0,20.72,ok
22.63971,93.38553,1063.0,33.21,ok
22.88943,92.426,52.0,11.36,ok
22.46261,93.39016,1420.0,49.49,ok
22.90949,93.14806,330.0,18.33,ok
22.86317,93.10136,760.0,35.2,ok
22.69523,93.23992,1991.0,32.39,ok
22.72992,93.24045,1265.0,8.23,ok
22.97803,93.41742,1115.0,21.75,ok
23.28054,92.46002,526.0,23.99,ok
23.31361,92.39434,68.0,4.61,ok
23.26044,92.4203,71.0,5.15,ok
23.42019,92.56227,279.0,44.23,ok
23.43328,92.60816,518.0,8.73,ok
23.4578,92.63219,737.0,20.34,ok
23.44689,92.60884,778.0,39.99,ok
23.2061,93.27114,1237.0,17.65,ok
23.20713,93.30668,1184.0,15.03,ok
23.16995,93.30407,1318.0,27.45,ok
23.1692,93.3099,1167.0,28.54,ok
23.49554,93.43667,1138.0,17.49,ok
23.5586,93.50535,1347.0,11.74,ok
23.49214,93.49814,1342.0,25.4,ok
23.51264,93.42987,1056.0,27.75,ok
23.50469,93.46626,1147.0,15.77,ok
23.71054,92.37732,271.0,8.75,ok
23.87239,92.46516,376.0,8.3,ok
24.57742,92.82692,36.0,5.92,ok
24.58982,92.84815,28.0,3.29,ok
24.47226,92.56643,41.0,3.68,ok
24.45355,92.62637,108.0,11.71,ok
24.44851,92.59132,37.0,5.92,ok
24.38194,93.22412,134.0,5.91,ok
24.36874,93.19763,500.0,17.81,ok
22.25754,92.70556,333.0,14.61,ok
22.02313,92.52882,455.0,17.32,ok
22.19259,92.34174,63.0,20.23,ok
22.20381,92.31554,116.0,7.2,ok
22.24803,92.3675,206.0,3.62,ok
22.04135,93.29208,1108.0,36.54,ok
22.068,93.33971,1106.0,24.85,ok
22.63435,92.33735,272.0,25.77,ok
22.60555,92.32855,185.0,21.84,ok
22.89848,92.51906,62.0,12.9,ok
22.76212,92.95613,981.0,27.2,ok
22.94588,92.6912,411.0,18.89,ok
22.94442,92.63995,139.0,42.08,ok
22.98024,93.29,886.0,17.63,ok
22.96721,93.33629,1311.0,24.83,ok
22.9443,93.45618,1439.0,25.19,ok
22.92757,93.51045,2173.0,35.39,ok
22.92927,93.4468,1427.0,25.78,ok
23.27254,93.05856,736.0,25.88,ok
23.29172,93.06954,755.0,22.95,ok
23.31678,93.04256,668.0,19.82,ok
23.32544,92.55779,480.0,38.25,ok
23.39518,92.5761,256.0,18.39,ok
23.11179,93.42053,650.0,30.12,ok
23.50046,92.44049,316.0,11.41,ok
23.56155,92.38943,195.0,12.96,ok
23.55519,92.40024,255.0,14.32,ok
23.5315,92.43558,504.0,18.03,ok
24.01006,92.46766,169.0,11.67,ok
23.87073,92.41179,104.0,3.66,ok
24.30197,92.35759,65.0,8.33,ok
24.2977,92.28629,44.0,4.92,ok
24.30556,92.30768,51.0,5.19,ok
24.33811,92.32715,83.0,4.92,ok
23.95192,93.20172,812.0,26.22,ok
23.92568,93.24775,1193.0,33.14,ok
24.0927,92.49422,485.0,23.31,ok
24.08043,92.53001,194.0,21.3,ok
24.06294,92.4763,151.0,22.65,ok
24.23883,92.70644,320.0,30.61,ok
24.06267,92.83438,340.0,23.63,ok
24.06439,92.81614,584.0,7.3,ok
24.43966,92.64777,57.0,19.27,ok
22.28657,92.64929,105.0,3.62,ok
22.3223,92.67435,151.0,11.31,ok
22.34836,93.02973,764.0,25.21,ok
22.2849,93.02288,1053.0,22.05,ok
22.10464,93.21504,724.0,40.28,ok
22.04606,93.18891,1103.0,27.5,ok
22.2789,93.51962,2236.0,34.25,ok
22.52069,92.37697,369.0,48.14,ok
22.61892,93.50744,1700.0,32.37,ok
22.6008,93.44913,1660.0,20.72,ok
22.65218,93.50409,1580.0,20.82,ok
22.71556,92.71966,222.0,21.66,ok
22.99714,92.9945,937.0,31.4,ok
22.73173,93.16056,1142.0,13.71,ok
22.81108,93.34703,1143.0,24.96,ok
23.3444,92.38309,76.0,6.89,ok
23.36117,92.39816,77.0,6.7,ok
23.3315,92.41345,214.0,24.04,ok
23.34844,92.37417,86.0,3.65,ok
23.11423,92.59451,304.0,32.46,ok
23.30531,93.26598,993.0,16.35,ok
23.09104,93.51908,1778.0,28.91,ok
23.13181,93.5687,1779.0,33.0,ok
23.57754,93.45685,1207.0,13.71,ok
23.57247,93.47749,1511.0,26.0,ok
23.57507,93.43082,1118.0,29.85,ok
22.44561,92.71684,549.0,20.26,ok
24.12441,92.31984,92.0,3.28,ok
23.78385,92.38295,193.0,14.34,ok
23.73496,92.39029,193.0,16.9,ok
23.80025,92.41078,133.0,9.87,ok
23.74404,92.39097,234.0,19.48,ok
24.7166,92.89326,28.0,2.33,ok
24.73453,92.8426,24.0,3.3,ok
24.25902,92.7843,349.0,20.95,ok
24.27889,92.76902,145.0,17.79,ok
24.2718,92.79021,344.0,14.82,ok
24.21859,92.77734,330.0,40.28,ok
22.1883,92.4383,239.0,12.15,ok
22.19782,92.4108,340.0,18.79,ok
22.31516,92.85197,445.0,13.58,ok
22.27938,92.85176,239.0,16.73,ok
22.35088,93.47567,2194.0,27.99,ok
22.63757,92.37716,49.0,13.53,ok
22.36911,92.79933,175.0,23.18,ok
22.53261,93.08738,901.0,25.71,ok
22.60028,93.02201,1004.0,24.56,ok
22.44447,93.30788,1863.0,10.76,ok
22.5096,93.27027,1067.0,20.21,ok
22.86242,92.59338,545.0,13.18,ok
23.00851,93.06657,1122.0,19.61,ok
22.76721,93.20905,1641.0,24.16,ok
22.77885,93.30265,1564.0,10.78,ok
23.08265,92.36176,64.0,3.64,ok
23.14392,92.30631,117.0,6.88,ok
23.1558,92.32338,73.0,11.38,ok
23.11971,92.65734,436.0,30.39,ok
23.14184,92.65835,364.0,31.5,ok
23.13466,92.66154,569.0,14.7,ok
23.06654,93.42924,874.0,31.3,ok
23.6026,93.31759,1139.0,32.69,ok
23.60597,93.29577,1592.0,24.93,ok
23.62615,93.39721,1483.0,22.09,ok
23.58593,93.36741,1277.0,21.99,ok
23.62814,93.40884,1157.0,14.5,ok
23.81822,92.32212,244.0,21.26,ok
23.97667,93.16012,661.0,20.64,ok
24.04005,93.12618,591.0,24.37,ok
24.22856,92.5057,73.0,8.16,ok
24.23523,92.53687,81.0,15.78,ok
24.21107,92.52165,27.0,12.63,ok
24.48019,92.34735,74.0,16.04,ok
24.52551,92.34806,39.0,7.33,ok
24.52129,92.30278,78.0,5.2,ok
22.11975,92.49251,503.0,14.6,ok
22.26461,92.85118,340.0,33.64,ok
22.33622,93.38451,1168.0,24.73,ok
22.17602,93.42318,851.0,26.99,ok
22.67714,92.55008,173.0,10.17,ok
22.78249,92.60273,239.0,16.14,ok
22.88405,92.64669,357.0,10.79,ok
22.88562,93.5224,1858.0,38.91,ok
23.35767,93.4414,1135.0,31.55,ok
23.57573,92.43425,858.0,17.09,ok
23.62095,92.41232,414.0,24.04,ok
23.57483,92.40149,224.0,6.71,ok
23.49435,92.50352,604.0,20.57,ok
23.51057,93.29601,1148.0,33.05,ok
23.50581,93.32682,1399.0,26.49,ok
23.49481,93.28917,1005.0,39.06,ok
23.66376,93.44122,1233.0,29.02,ok
24.04255,92.83643,240.0,18.09,ok
24.00715,92.84002,189.0,13.66,ok
24.18902,92.36586,111.0,7.31,ok
24.15714,92.34382,81.0,5.9,ok
24.18718,92.36941,124.0,11.46,ok
24.10034,92.67483,532.0,21.09,ok
24.05802,92.64142,219.0,10.4,ok
22.04423,92.41939,30.0,3.61,ok
22.09445,93.13654,1579.0,12.44,ok
22.02562,93.41765,873.0,6.64,ok
22.04502,93.37319,1100.0,27.08,ok
22.38327,93.31057,1832.0,20.2,ok
22.53398,93.20061,1412.0,30.26,ok
22.94456,92.55575,441.0,29.88,ok
22.77471,93.0033,853.0,20.84,ok
22.85932,93.43231,1261.0,12.8,ok
23.21565,92.35428,131.0,12.93,ok
23.21216,92.37081,161.0,25.51,ok
23.07756,92.94709,611.0,21.56,ok
23.06314,93.17524,423.0,5.85,ok
23.01692,93.21635,644.0,40.91,ok
23.40495,93.42504,1248.0,17.68,ok
23.44635,93.39431,945.0,43.72,ok
23.41626,93.36694,1121.0,21.61,ok
23.65127,92.36578,475.0,4.9,ok
23.66007,92.31242,244.0,26.17,ok
23.65514,92.35109,287.0,20.37,ok
23.94063,92.34825,229.0,14.78,ok
23.88652,92.34798,222.0,21.84,ok
24.34218,93.1292,307.0,26.93,ok
24.10232,93.35995,680.0,19.28,ok
24.09465,93.41517,724.0,18.1,ok
24.4291,92.88218,230.0,3.29,ok
22.26351,92.94385,654.0,35.93,ok
22.47106,92.34682,50.0,9.38,ok
22.45223,92.62274,226.0,31.43,ok
22.52365,93.30179,1700.0,45.04,ok
22.74638,92.75111,356.0,24.16,ok
23.33101,92.66536,416.0,34.12,ok
23.39362,92.67879,423.0,16.35,ok
23.85615,93.3279,1191.0,23.04,ok
23.8197,93.28344,1330.0,37.3,ok
24.30634,92.80668,241.0,20.52,ok
24.3227,92.72777,210.0,8.79,ok
24.3484,93.18549,478.0,3.29,ok
24.29383,93.20919,729.0,17.26,ok
24.35748,93.22766,215.0,13.04,ok
23.81581,93.52996,949.0,17.93,ok
23.85534,93.52601,957.0,14.44,ok
22.09708,92.33184,89.0,14.59,ok
22.28093,92.57398,137.0,9.36,ok
22.15669,92.86715,421.0,17.85,ok
25.46754,94.79315,2734.0,30.09,ok
25.40669,94.76792,1867.0,25.54,ok
25.41346,94.9551,465.0,25.62,ok
25.43348,94.95307,1149.0,12.44,ok
25.42727,95.00348,485.0,20.64,ok
25.32293,95.07997,209.0,3.7,ok
25.59302,95.21624,728.0,14.97,ok
25.6039,95.18971,1170.0,74.27,ok
25.59247,95.20835,634.0,34.33,ok
25.57086,95.19121,962.0,18.69,ok
25.57709,95.20512,867.0,1.66,ok
25.90699,93.69575,162.0,2.36,ok
25.63458,93.59877,301.0,14.98,ok
25.74662,95.0446,3470.0,44.0,ok
25.7801,95.07568,2125.0,34.63,ok
26.01937,94.32279,661.0,24.72,ok
26.15048,94.44756,760.0,10.45,ok
26.0897,93.55912,701.0,23.6,ok
26.10516,93.56896,880.0,13.22,ok
26.04762,93.53518,521.0,6.0,ok
26.04611,93.59154,570.0,5.26,ok
26.08318,95.17842,2993.0,11.64,ok
26.21412,93.64566,626.0,31.8,ok
26.25434,93.60428,827.0,25.23,ok
26.19908,93.60422,879.0,24.76,ok
26.27438,94.11552,307.0,17.8,ok
26.31039,94.05125,118.0,0.0,ok
26.29092,94.06048,127.0,3.34,ok
26.3337,94.05696,118.0,5.27,ok
26.23016,94.27814,325.0,15.05,ok
26.27278,94.24524,818.0,37.26,ok
26.28446,95.0351,2105.0,32.86,ok
26.51982,93.56072,517.0,3.74,ok
26.51923,93.55318,580.0,11.1,ok
26.56825,93.5959,257.0,28.89,ok
26.56525,93.554,101.0,8.95,ok
26.461,94.02597,97.0,3.74,ok
26.46586,94.02316,102.0,4.73,ok
26.51794,94.25708,195.0,8.32,ok
26.56422,94.22493,118.0,3.35,ok
26.5531,95.03291,659.0,31.09,ok
26.54045,95.02878,739.0,29.46,ok
26.73031,93.59029,88.0,2.37,ok
26.69136,93.59262,67.0,0.0,ok
26.49303,95.08463,1893.0,24.54,ok
26.71129,93.79797,80.0,2.37,ok
26.72845,93.79445,81.0,1.68,ok
26.69267,93.86525,80.0,1.68,ok
26.61812,93.97181,95.0,2.37,ok
26.68736,94.26396,107.0,5.29,ok
26.69739,94.27789,106.0,3.75,ok
26.67593,94.58433,183.0,8.33,ok
26.75652,94.78633,217.0,10.5,ok
26.66094,94.92139,428.0,19.42,ok
26.63966,94.85941,713.0,25.77,ok
26.62537,94.86978,486.0,30.35,ok
26.63452,94.87746,656.0,39.5,ok
26.85078,93.71293,75.0,3.36,ok
26.89719,93.7278,78.0,0.0,ok
26.88436,93.73465,76.0,6.9,ok
26.60348,95.04592,562.0,18.84,ok
26.85043,94.29392,88.0,2.37,ok
26.91736,94.60168,97.0,1.68,ok
26.92448,94.5996,93.0,3.36,ok
26.93598,94.59744,94.0,3.75,ok
26.96291,94.65608,95.0,6.04,ok
26.89725,95.21301,602.0,15.47,ok
26.8829,95.24215,986.0,22.93,ok
25.37963,94.97167,1190.0,16.6,ok
25.36078,94.94376,1679.0,12.74,ok
25.4059,95.1645,236.0,16.16,ok
25.41447,95.12852,208.0,8.24,ok
25.6943,93.88052,464.0,15.96,ok
25.66508,93.90895,1255.0,37.07,ok
25.69243,93.95076,1193.0,42.7,ok
25.96595,93.78814,146.0,0.0,ok
25.99166,93.82303,139.0,3.72,ok
25.88642,95.0973,1540.0,23.38,ok
25.90219,95.04531,2119.0,10.03,ok
26.03804,94.21095,944.0,6.0,ok
26.10597,94.19126,482.0,21.4,ok
25.95677,95.12086,2298.0,30.47,ok
25.90498,95.13052,1656.0,34.18,ok
25.93886,95.13782,1663.0,16.22,ok
25.89365,95.14295,1194.0,11.04,ok
26.25942,93.59645,807.0,7.06,ok
26.21315,93.54056,1047.0,15.05,ok
26.18818,93.79139,151.0,3.34,ok
26.18932,93.83077,118.0,1.67,ok
26.13817,93.79918,129.0,4.71,ok
26.11641,93.84397,126.0,2.36,ok
26.1937,93.86601,123.0,1.67,ok
26.33737,94.18164,230.0,9.66,ok
26.30968,94.17391,564.0,12.84,ok
26.27918,94.18774,329.0,8.3,ok
26.46434,93.85117,107.0,3.74,ok
26.44772,93.86102,109.0,3.74,ok
26.37387,94.12619,112.0,3.74,ok
26.22345,95.14392,2077.0,16.26,ok
26.23621,95.10681,2025.0,32.72,ok
26.44008,95.14341,2055.0,24.58,ok
26.43566,95.13557,1709.0,16.37,ok
26.49683,95.1149,1540.0,24.09,ok
26.60189,93.94471,96.0,2.37,ok
26.65647,93.90005,85.0,2.37,ok
26.71228,93.69171,74.0,13.29,ok
26.69559,93.72494,81.0,3.75,ok
26.68246,94.38367,118.0,3.35,ok
26.72211,94.36369,114.0,3.35,ok
26.6341,94.74767,447.0,46.19,ok
26.66402,94.7866,313.0,47.29,ok
26.59799,94.78057,919.0,58.75,ok
26.65825,94.78723,306.0,22.18,ok
26.69737,94.85013,654.0,13.29,ok
26.67077,95.0848,615.0,19.91,ok
26.68894,95.06444,553.0,41.38,ok
26.8773,93.60437,78.0,3.36,ok
26.83029,93.65829,76.0,3.75,ok
26.90552,94.66726,92.0,1.68,ok
26.95587,94.70976,102.0,5.3,ok
26.93695,94.68006,94.0,1.68,ok
26.78932,94.89126,169.0,7.47,ok
26.8191,94.90976,193.0,8.34,ok
26.81581,95.23816,1135.0,33.24,ok
26.76748,95.2259,1057.0,19.5,ok
25.32943,95.01121,698.0,49.27,ok
25.40047,95.08542,534.0,6.81,ok
25.42892,93.77434,419.0,20.64,ok
25.41051,93.6923,516.0,27.69,ok
25.45519,93.76319,1466.0,50.93,ok
25.4683,95.0558,847.0,16.83,ok
26.14891,93.88564,121.0,1.67,ok
26.08612,95.08652,1997.0,15.37,ok
26.33043,93.85757,125.0,0.0,ok
26.34624,93.86167,144.0,3.74,ok
26.29176,93.56819,625.0,27.86,ok
26.26154,94.04268,130.0,1.67,ok
26.36909,93.55097,304.0,32.17,ok
26.55526,94.096,97.0,3.74,ok
26.52905,94.07443,94.0,0.0,ok
26.53784,94.048,101.0,2.37,ok
26.48982,94.42842,466.0,20.87,ok
26.49766,94.41774,364.0,16.06,ok
26.48454,94.41392,302.0,10.08,ok
26.5025,94.48186,1017.0,35.83,ok
26.50335,94.97203,1265.0,31.58,ok
26.49544,95.19853,1289.0,30.62,ok
26.486,95.21399,1537.0,30.47,ok
26.75666,94.27635,103.0,3.75,ok
26.63329,94.13274,98.0,1.68,ok
26.60906,94.14902,91.0,5.02,ok
26.70696,94.46413,120.0,5.29,ok
26.68336,94.43581,122.0,2.37,ok
26.58848,94.89552,370.0,20.31,ok
25.39578,95.14548,245.0,1.66,ok
25.39707,95.11909,245.0,3.71,ok
25.83714,93.52235,224.0,7.41,ok
25.80184,93.5248,214.0,5.25,ok
25.66013,95.02598,1988.0,48.95,ok
25.66168,95.07192,1664.0,28.91,ok
25.67376,95.06658,1982.0,30.05,ok
26.08779,93.67278,216.0,7.42,ok
26.08483,93.6164,636.0,19.39,ok
26.08289,93.63111,409.0,35.53,ok
26.11209,94.02861,357.0,35.43,ok
26.00417,94.40992,1142.0,14.06,ok
26.02826,94.44849,681.0,29.25,ok
26.14487,95.13554,2237.0,19.4,ok
26.24645,94.46926,858.0,8.3,ok
26.27164,95.04341,1864.0,32.61,ok
26.20088,95.05812,1018.0,22.21,ok
26.41296,93.88801,124.0,8.94,ok
26.37163,93.95203,102.0,3.74,ok
26.4426,94.28779,278.0,5.28,ok
26.48825,94.28172,194.0,8.31,ok
26.43857,94.22144,259.0,34.31,ok
26.50374,94.60707,393.0,13.26,ok
26.41975,95.15052,1151.0,18.88,ok
26.4219,95.16798,1011.0,28.31,ok
26.58407,94.45004,542.0,35.29,ok
26.7724,95.13362,1087.0,10.63,ok
26.62277,94.67437,642.0,28.91,ok
26.90501,93.57391,94.0,6.04,ok
26.97025,93.5578,274.0,17.54,ok
26.87912,94.55137,100.0,1.68,ok
26.85202,94.49622,92.0,2.38,ok
26.82895,94.55908,97.0,1.68,ok
26.86212,93.94791,77.0,1.68,ok
26.8935,93.88352,81.0,3.36,ok
26.97304,94.90846,106.0,1.68,ok
25.42976,94.87632,1684.0,30.37,ok
25.39131,95.19088,227.0,8.4,ok
25.4018,95.23471,195.0,4.97,ok
25.76164,95.1335,2321.0,36.67,ok
25.93467,93.59032,197.0,12.49,ok
26.05266,95.19183,2538.0,15.03,ok
26.05572,95.22872,2527.0,23.41,ok
26.24241,94.0927,213.0,16.72,ok
26.26698,94.09673,176.0,9.65,ok
26.38023,95.19229,1651.0,27.73,ok
26.35358,95.22982,925.0,18.81,ok
26.40796,93.80057,139.0,1.67,ok
26.41387,93.82832,120.0,3.74,ok
26.66976,93.95295,98.0,6.03,ok
26.7484,94.17917,95.0,0.0,ok
26.75959,95.01619,510.0,14.15,ok
26.82246,95.0425,274.0,25.88,ok
26.71573,95.17668,880.0,20.85,ok
26.83536,93.85078,74.0,5.03,ok
26.96742,95.08144,122.0,1.68,ok
25.55998,95.22559,446.0,15.38,ok
25.37688,94.74825,1458.0,20.11,ok
25.34358,94.78163,1421.0,30.83,ok
25.35697,94.8223,1004.0,25.07,ok
25.32421,94.81046,827.0,4.68,ok
26.16355,93.59988,646.0,18.05,ok
25.804,95.10318,2339.0,23.37,ok
25.8407,95.10977,1745.0,35.29,ok
26.32392,93.91872,114.0,0.0,ok
26.19684,94.18547,643.0,23.63,ok
26.33602,95.11002,1521.0,17.53,ok
26.43946,93.67221,364.0,17.54,ok
26.56789,93.88674,95.0,5.01,ok
26.51001,93.95253,91.0,5.01,ok
26.54436,94.69677,565.0,29.94,ok
26.51519,94.71127,722.0,30.63,ok
26.69648,94.51682,213.0,8.49,ok
26.72619,94.49801,141.0,7.08,ok
26.58934,94.32439,144.0,6.88,ok
26.83294,94.73611,108.0,6.04,ok
26.65022,95.15259,855.0,23.51,ok
26.60279,95.16434,1865.0,33.97,ok
26.84845,94.84544,188.0,18.15,ok
26.8285,94.91467,186.0,11.71,ok
26.85147,94.87676,268.0,32.75,ok
25.63529,95.08702,2223.0,16.49,ok
26.55934,93.78566,100.0,2.37,ok
25.82298,93.83164,218.0,5.25,ok
25.8175,93.81068,272.0,11.95,ok
26.63129,93.85819,91.0,3.74,ok
26.56924,94.65647,278.0,15.09,ok
25.55804,95.11792,326.0,10.01,ok
26.67362,94.95939,540.0,15.11,ok
25.78363,93.6208,162.0,4.7,ok
25.75717,93.61904,177.0,2.35,ok
26.1438,93.6142,524.0,8.92,ok
26.16326,93.62805,722.0,15.04,ok
26.16469,93.62045,571.0,16.33,ok
26.1626,94.19594,294.0,20.76,ok
25.97232,95.20545,1885.0,22.17,ok
26.23373,95.00579,2187.0,28.48,ok
26.41093,94.48561,549.0,27.07,ok
26.26037,95.24779,1811.0,34.16,ok
26.58951,94.59613,222.0,11.69,ok
26.587,94.7747,668.0,17.56,ok
26.57955,95.24256,1239.0,6.02,ok
26.85472,94.35689,88.0,2.38,ok
26.88158,94.37759,88.0,2.38,ok
26.97351,94.53192,89.0,3.36,ok
26.85979,94.81393,110.0,0.0,ok
26.83757,94.78389,105.0,3.75,ok
25.50267,95.06139,1093.0,22.88,ok
25.45841,93.63203,1191.0,15.37,ok
25.47499,93.69056,832.0,23.17,ok
25.98117,93.76839,140.0,0.0,ok
25.96417,95.14609,2086.0,17.19,ok
26.28652,93.98531,109.0,0.0,ok
26.76434,93.60545,74.0,8.5,ok
26.79825,93.64025,79.0,3.75,ok
26.32488,95.208,1195.0,24.56,ok
26.60035,94.08086,89.0,8.32,ok
26.12119,94.23928,1337.0,9.64,ok
25.92088,93.62356,207.0,7.04,ok
26.61859,94.95471,463.0,15.1,ok
26.54501,95.1302,1739.0,26.79,ok
26.1313,95.21351,2099.0,15.46,ok
27.03926,87.99306,1906.0,41.88,ok
27.01466,87.99239,1598.0,10.52,ok
26.99368,88.04146,1874.0,27.9,ok
27.03289,87.98682,1624.0,43.24,ok
26.98198,88.03436,2091.0,31.98,ok
26.99026,88.05217,1632.0,30.74,ok
27.057,87.97913,2398.0,26.53,ok
27.01163,88.36802,849.0,38.34,ok
27.04581,88.35577,1762.0,18.18,ok
27.02074,88.38756,759.0,38.74,ok
26.99232,88.66246,583.0,14.89,ok
27.04449,88.64217,1541.0,20.9,ok
27.12282,88.74951,2912.0,10.53,ok
27.12453,88.72163,2391.0,13.23,ok
27.13377,88.70712,1843.0,32.81,ok
27.07423,88.7488,1692.0,25.36,ok
27.09969,88.70648,2477.0,36.33,ok
27.01457,88.78886,891.0,18.18,ok
27.00966,88.77933,904.0,15.57,ok
27.03572,88.79122,1265.0,16.67,ok
27.03076,88.77944,1256.0,22.96,ok
27.00866,88.84287,679.0,18.52,ok
27.04515,88.84691,757.0,24.15,ok
27.02137,88.80102,658.0,23.96,ok
27.01903,88.83374,791.0,17.97,ok
27.1268,88.04538,2584.0,14.1,ok
27.13597,88.00862,3207.0,28.46,ok
27.11764,88.0558,2256.0,37.48,ok
27.28994,88.1632,2341.0,22.6,ok
27.22803,88.17935,2140.0,6.72,ok
27.28823,88.17937,2223.0,33.17,ok
27.27324,88.22164,819.0,26.26,ok
27.26603,87.98873,1991.0,37.86,ok
27.28105,87.99303,2700.0,36.37,ok
27.28633,88.02177,3376.0,40.64,ok
27.28919,88.01842,3220.0,37.37,ok
27.26523,88.03327,3079.0,43.42,ok
27.28795,88.02072,3355.0,36.37,ok
27.28196,88.02274,3092.0,33.09,ok
27.23622,88.39296,1619.0,39.78,ok
27.28418,88.33965,1728.0,26.86,ok
27.27831,88.3319,1780.0,14.93,ok
27.23662,88.71544,1186.0,28.06,ok
27.25235,88.76481,2425.0,38.08,ok
27.2606,88.8709,3192.0,51.04,ok
27.25459,88.9409,3653.0,30.13,ok
27.22698,88.9026,2080.0,17.66,ok
27.35213,87.96421,3253.0,30.78,ok
27.32862,87.94708,2813.0,32.97,ok
27.30936,87.96316,1930.0,51.8,ok
27.36757,87.95305,2439.0,37.03,ok
27.40269,88.1504,3588.0,29.65,ok
27.39456,88.10989,2889.0,38.53,ok
27.42166,88.12449,3975.0,27.98,ok
27.37944,88.10328,2843.0,46.81,ok
27.42434,88.12989,3939.0,19.48,ok
27.38648,88.22718,2406.0,30.17,ok
27.41107,88.16249,3225.0,27.54,ok
27.39462,88.17999,2788.0,19.79,ok
27.4473,88.16249,2904.0,42.64,ok
27.44488,88.15546,3225.0,37.65,ok
27.39453,88.48862,1593.0,43.34,ok
27.41019,88.42034,2477.0,20.97,ok
27.38192,88.46742,766.0,38.53,ok
27.4192,88.44536,2695.0,23.85,ok
27.44453,88.43569,2809.0,21.58,ok
27.39402,88.83161,4162.0,3.77,ok
27.4206,88.78081,4047.0,14.23,ok
27.43456,88.82455,4671.0,42.43,ok
27.40913,88.80085,4445.0,26.29,ok
27.40886,88.79316,4400.0,13.37,ok
27.37697,88.84474,4186.0,6.93,ok
27.352,88.72968,3107.0,22.31,ok
27.32574,88.69979,3004.0,33.89,ok
27.32248,88.73087,2454.0,42.97,ok
27.31746,88.72328,2149.0,39.3,ok
27.34385,88.68756,2329.0,37.03,ok
27.32716,88.71755,2560.0,40.7,ok
27.46556,87.97602,2547.0,45.03,ok
27.51772,87.97422,4078.0,31.89,ok
27.50842,87.9414,3587.0,39.84,ok
27.45268,87.95426,2899.0,39.71,ok
27.47516,87.97015,2636.0,21.86,ok
27.48465,88.18653,3535.0,23.04,ok
27.51486,88.23094,5122.0,19.55,ok
27.49508,88.23041,4741.0,8.55,ok
27.47077,88.23922,4662.0,40.69,ok
27.45577,88.16875,3363.0,15.55,ok
27.47915,88.18864,3484.0,35.13,ok
27.484,88.19412,3765.0,43.19,ok
27.50679,88.18198,3967.0,38.74,ok
27.46905,88.59728,2751.0,27.29,ok
27.47097,88.669,2609.0,38.08,ok
27.45957,88.64656,2103.0,55.67,ok
27.47653,88.64704,2859.0,40.94,ok
27.468,88.64321,2357.0,26.02,ok
27.49422,88.6483,3292.0,24.05,ok
27.50858,88.39334,2969.0,46.1,ok
27.47206,88.40916,3381.0,33.22,ok
27.48551,88.93058,3721.0,32.0,ok
27.48389,88.91407,3363.0,42.57,ok
27.46622,88.90201,3038.0,14.78,ok
27.47629,88.80802,4203.0,25.31,ok
27.47519,88.8193,4590.0,39.99,ok
27.47147,88.8349,4656.0,5.33,ok
27.47351,88.85104,4349.0,29.4,ok
27.49425,88.84031,4355.0,38.55,ok
27.49922,88.79425,4770.0,27.56,ok
27.63162,87.94675,3996.0,32.94,ok
27.68246,87.94046,4118.0,52.91,ok
27.63055,87.9642,4208.0,29.44,ok
27.61242,88.17528,5656.0,31.93,ok
27.6589,88.18429,5447.0,28.32,ok
27.6536,88.16442,4951.0,24.63,ok
27.65193,88.20764,4988.0,19.07,ok
27.62005,88.22542,4955.0,20.07,ok
27.61759,88.2252,4968.0,13.39,ok
27.67229,88.17574,6499.0,43.96,ok
27.58397,88.27334,3686.0,16.29,ok
27.58821,88.24581,5104.0,45.16,ok
27.59548,88.28851,3371.0,77.69,ok
27.59235,88.27349,3840.0,29.59,ok
27.58988,88.30587,3563.0,55.71,ok
27.53807,88.36759,3757.0,30.11,ok
27.60509,88.3745,2618.0,79.83,ok
27.59878,88.33248,3214.0,54.22,ok
27.5689,88.38557,1983.0,27.0,ok
27.56709,88.37686,2242.0,25.66,ok
27.55693,88.36378,2906.0,40.96,ok
27.58922,88.5466,3273.0,49.23,ok
27.55431,88.50818,1537.0,29.25,ok
27.56392,88.54442,2099.0,12.02,ok
27.59552,88.55789,3787.0,6.07,ok
27.52851,88.5224,888.0,40.0,ok
27.58306,88.57646,3430.0,40.36,ok
27.57131,88.55131,2307.0,45.08,ok
27.57958,88.58381,3178.0,67.3,ok
27.58563,88.54731,2988.0,24.25,ok
27.5827,88.93499,4081.0,25.32,ok
27.56246,88.9089,3753.0,44.71,ok
27.60512,88.90166,4223.0,36.09,ok
27.53552,88.94137,3848.0,35.89,ok
27.5898,88.80547,4603.0,14.16,ok
27.56338,88.78262,4619.0,24.8,ok
27.58188,88.80134,4948.0,50.47,ok
27.74879,87.96005,4284.0,13.0,ok
27.73815,87.96817,4186.0,45.15,ok
27.75219,87.97576,4820.0,37.97,ok
27.72557,88.30765,5788.0,48.09,ok
27.74559,88.27676,5013.0,10.19,ok
27.72565,88.26075,5446.0,49.1,ok
27.72742,88.29656,5991.0,64.56,ok
27.72564,88.29482,6061.0,47.65,ok
27.72759,88.17326,5979.0,8.41,ok
27.68999,88.22058,5288.0,11.8,ok
27.69546,88.22431,5266.0,5.34,ok
27.71303,88.1838,5903.0,33.98,ok
27.7022,88.20377,5297.0,14.26,ok
27.7368,88.17405,5938.0,23.09,ok
27.66413,88.36085,4603.0,26.82,ok
27.63999,88.41601,3689.0,31.34,ok
27.62523,88.39866,3336.0,39.18,ok
27.66606,88.36762,4732.0,21.89,ok
27.64843,88.34619,4367.0,67.66,ok
27.66416,88.35539,4650.0,28.33,ok
27.72985,88.82429,4392.0,24.1,ok
27.7395,88.85215,5020.0,39.06,ok
27.69117,88.82364,4809.0,41.63,ok
27.73407,88.89465,4225.0,2.39,ok
27.68515,88.91848,4622.0,30.87,ok
27.74568,88.92202,4906.0,34.43,ok
27.68469,88.90677,4064.0,33.7,ok
27.73095,88.88241,4722.0,9.04,ok
27.70984,88.89694,4242.0,16.77,ok
27.74337,88.66716,4127.0,20.5,ok
27.71693,88.63487,3919.0,27.34,ok
27.69325,88.62794,4086.0,47.32,ok
27.70953,88.6334,3859.0,22.68,ok
27.6978,88.62799,4167.0,26.68,ok
27.72529,88.63144,3420.0,33.59,ok
27.72627,88.66063,4558.0,38.8,ok
27.79548,87.98104,5699.0,48.4,ok
27.82041,87.99876,5708.0,32.34,ok
27.82692,87.98724,5764.0,38.82,ok
27.77638,88.06236,5401.0,28.82,ok
27.84308,88.06892,5779.0,13.71,ok
27.83947,88.15415,5698.0,6.75,ok
27.85532,88.12778,5950.0,8.58,ok
27.86632,88.14377,6732.0,71.52,ok
27.7596,88.36235,4414.0,10.19,ok
27.69263,88.39864,4551.0,30.4,ok
27.71385,88.34702,5586.0,31.33,ok
27.73957,88.34286,5169.0,44.82,ok
27.85663,88.31516,5076.0,20.11,ok
27.84992,88.30978,5233.0,21.1,ok
27.85806,88.29406,5203.0,8.58,ok
27.84544,88.24643,5401.0,13.42,ok
27.85932,88.29049,5102.0,14.83,ok
27.86463,88.47565,5103.0,28.62,ok
27.867,88.48943,4952.0,19.11,ok
27.86554,88.4897,4965.0,30.93,ok
27.86914,88.4424,4728.0,37.66,ok
27.78078,88.6314,4560.0,45.57,ok
27.83407,88.60686,4717.0,22.39,ok
27.81238,88.67755,4289.0,6.09,ok
27.7752,88.62632,4758.0,5.07,ok
27.83151,88.70298,3908.0,38.63,ok
27.77308,88.72715,3925.0,54.25,ok
27.79256,88.72705,4331.0,21.7,ok
27.76202,88.69932,4849.0,35.46,ok
27.78969,88.73672,4568.0,21.09,ok
27.83857,88.68415,4182.0,45.21,ok
27.79416,88.70248,3667.0,13.71,ok
27.85289,88.85871,4889.0,36.5,ok
27.87048,88.91198,5556.0,59.15,ok
27.02722,88.90742,601.0,26.05,ok
27.00021,88.93047,347.0,1.68,ok
27.05662,88.9197,1040.0,15.15,ok
27.0547,88.93045,1314.0,11.15,ok
27.16509,88.19358,1319.0,19.5,ok
27.18199,88.16895,1649.0,14.11,ok
27.18276,88.72437,1523.0,27.18,ok
27.14322,88.69894,1382.0,24.72,ok
27.15803,88.70972,2000.0,35.42,ok
27.16376,88.72908,1687.0,10.54,ok
27.28933,88.8393,3456.0,20.54,ok
27.24827,88.81342,2772.0,34.79,ok
27.23692,88.83344,1890.0,22.85,ok
27.28506,88.82936,3261.0,27.21,ok
27.25677,88.77294,2595.0,22.45,ok
27.27359,88.83602,3030.0,31.25,ok
27.23454,88.82633,1931.0,17.66,ok
27.36652,88.00754,3322.0,29.06,ok
27.36143,88.04372,3486.0,30.31,ok
27.33077,88.06131,3566.0,27.97,ok
27.29907,88.0561,2834.0,36.19,ok
27.32455,88.05877,3334.0,41.16,ok
27.34466,88.87768,4395.0,20.67,ok
27.35093,88.86176,4088.0,33.5,ok
27.34283,88.89708,4449.0,30.12,ok
27.35968,88.86093,4199.0,19.78,ok
27.40648,88.34573,1886.0,33.62,ok
27.42502,88.37872,2267.0,58.95,ok
27.42125,88.36399,1762.0,44.21,ok
27.3882,88.35837,1473.0,35.85,ok
27.42307,88.36246,1816.0,26.29,ok
27.40146,88.41486,2497.0,30.17,ok
27.41169,88.05277,4259.0,30.17,ok
27.43903,88.01105,3192.0,31.53,ok
27.51847,88.29262,5124.0,30.19,ok
27.48229,88.30604,4230.0,50.49,ok
27.4982,88.27147,4597.0,3.38,ok
27.47254,88.27362,4095.0,26.91,ok
27.46373,88.31073,3328.0,45.23,ok
27.5118,88.69128,3090.0,22.9,ok
27.48442,88.7452,4283.0,35.34,ok
27.51404,88.75213,4527.0,41.35,ok
27.50987,88.6852,3287.0,24.74,ok
27.5123,88.71618,3459.0,30.35,ok
27.51888,88.7215,3458.0,51.1,ok
27.46062,88.75708,4150.0,23.24,ok
27.42996,88.88371,3798.0,20.68,ok
27.43699,88.8961,3670.0,22.88,ok
27.39709,88.88878,3519.0,22.88,ok
27.39829,88.88118,3754.0,27.8,ok
27.43847,88.94417,3486.0,26.62,ok
27.42164,88.91951,3208.0,14.77,ok
27.63112,88.00261,4773.0,13.69,ok
27.6222,88.04336,5383.0,7.52,ok
27.64856,88.06244,5335.0,10.05,ok
27.64731,88.03128,5643.0,25.97,ok
27.61299,87.99708,5527.0,52.05,ok
27.62886,87.98317,4555.0,19.76,ok
27.60822,88.07998,5418.0,38.59,ok
27.65183,88.14327,5687.0,54.86,ok
27.62094,88.07292,4738.0,8.4,ok
27.62354,88.12999,6362.0,23.27,ok
27.63029,88.79544,4655.0,33.12,ok
27.64728,88.79994,4441.0,7.52,ok
27.62336,88.80515,4895.0,17.43,ok
27.65526,88.85618,4782.0,27.02,ok
27.64676,88.77814,4265.0,21.06,ok
27.65889,88.80314,4564.0,33.44,ok
27.6353,88.85266,4958.0,35.43,ok
27.63607,88.78354,4296.0,29.83,ok
27.62019,88.8063,4815.0,24.77,ok
27.67917,88.79889,4231.0,50.45,ok
27.84468,88.34855,4798.0,30.24,ok
27.85267,88.38027,5133.0,2.4,ok
27.68906,88.44057,3503.0,5.34,ok
27.75719,88.49009,4649.0,37.0,ok
27.70719,88.42516,4768.0,59.8,ok
27.75751,88.49331,4835.0,21.52,ok
27.701,88.48708,4460.0,43.42,ok
27.69592,88.49001,4364.0,16.47,ok
27.61169,88.47578,2560.0,21.62,ok
27.65468,88.46377,2838.0,30.7,ok
27.61922,88.47524,2784.0,43.85,ok
27.67116,88.4418,3032.0,12.99,ok
27.65933,88.43986,4066.0,22.67,ok
27.77248,87.96184,5123.0,54.05,ok
27.83349,87.95337,4913.0,34.05,ok
27.81968,87.94065,5545.0,26.7,ok
27.82424,88.4944,4965.0,15.25,ok
27.80358,88.43783,4606.0,41.33,ok
27.80234,88.47819,4339.0,37.02,ok
27.76975,88.45591,3679.0,35.39,ok
27.79575,88.83117,4576.0,53.82,ok
27.77895,88.80744,3976.0,45.76,ok
27.8274,88.80305,4406.0,31.38,ok
27.83081,88.84732,4789.0,9.79,ok
27.82869,88.79696,4560.0,52.81,ok
27.20112,88.04196,3085.0,22.99,ok
27.21065,88.05287,2701.0,22.84,ok
27.17615,87.99915,2701.0,44.96,ok
27.21506,88.03549,3044.0,36.53,ok
27.17858,87.98729,2323.0,33.91,ok
26.97928,88.91004,297.0,3.76,ok
26.96672,88.86937,284.0,8.35,ok
26.98041,88.93325,378.0,0.0,ok
27.42241,87.97544,3184.0,47.74,ok
27.37948,87.95967,1914.0,40.18,ok
27.39838,87.97552,2962.0,24.04,ok
27.425,87.943,2425.0,33.2,ok
27.51775,88.44565,2544.0,27.97,ok
27.45443,88.43639,3062.0,30.7,ok
27.50866,88.4604,2599.0,49.04,ok
27.51059,88.44494,2533.0,38.36,ok
27.52603,88.49548,1450.0,20.28,ok
27.49246,88.45871,1661.0,31.3,ok
27.48749,88.50344,956.0,47.5,ok
27.46494,88.15053,3251.0,35.34,ok
27.4762,88.13475,3625.0,11.78,ok
27.5276,87.98181,4502.0,35.04,ok
27.49358,87.97878,3021.0,44.75,ok
27.50741,88.04165,4381.0,10.57,ok
27.57337,88.21239,6272.0,64.8,ok
27.52863,88.17992,4465.0,55.15,ok
27.53535,88.19159,4191.0,25.96,ok
27.53733,88.18727,4092.0,2.39,ok
27.58641,88.19854,4897.0,14.96,ok
27.58106,88.15856,5215.0,21.49,ok
27.60445,88.20917,4597.0,23.93,ok
27.71652,88.03169,5165.0,24.83,ok
27.69053,88.02892,5852.0,19.53,ok
27.74935,87.98027,4380.0,22.94,ok
27.75856,87.97937,4900.0,25.53,ok
27.7484,88.04575,5066.0,30.59,ok
27.70034,87.98794,5239.0,39.77,ok
27.61171,88.89942,4068.0,24.68,ok
27.6526,88.87605,5029.0,33.68,ok
27.61024,88.90579,4055.0,8.4,ok
27.65378,88.86505,4737.0,39.88,ok
27.67333,88.91101,4261.0,45.72,ok
27.61448,88.51793,3823.0,27.29,ok
27.64603,88.51523,4153.0,31.81,ok
27.66633,88.57218,2628.0,40.19,ok
27.67976,88.57141,3202.0,42.61,ok
27.64388,88.763,3794.0,56.05,ok
27.61124,88.70942,3170.0,49.25,ok
27.6072,88.74969,4589.0,38.12,ok
27.60818,88.7012,3170.0,48.54,ok
27.6471,88.76528,4069.0,39.6,ok
27.82475,88.15863,6311.0,45.89,ok
27.76152,88.22236,5976.0,43.08,ok
27.77703,88.17253,6669.0,52.7,ok
27.77998,88.15644,5569.0,48.58,ok
27.76662,88.19883,5754.0,15.59,ok
27.84664,88.55862,4001.0,24.86,ok
27.86809,88.56994,4005.0,44.53,ok
27.86838,88.57946,4320.0,47.44,ok
27.8621,88.5703,4235.0,14.83,ok
26.9701,87.94366,1115.0,22.8,ok
26.96384,87.95242,905.0,23.77,ok
27.84205,88.60074,4793.0,30.62,ok
27.83938,88.65006,5393.0,38.93,ok
27.02337,88.3268,1698.0,10.65,ok
27.14918,87.96792,2683.0,19.5,ok
27.17078,87.95157,2035.0,39.79,ok
27.14092,88.10199,2035.0,34.3,ok
27.20741,88.0813,2638.0,25.59,ok
27.19784,88.10541,2961.0,14.2,ok
27.17377,88.81535,1760.0,22.38,ok
27.2139,88.8105,2214.0,28.69,ok
27.21501,88.7963,2523.0,21.81,ok
27.15452,88.78593,1765.0,34.89,ok
27.16022,88.82214,1976.0,25.59,ok
27.21513,88.82892,1762.0,34.96,ok
27.18863,88.838,1176.0,10.01,ok
27.10508,88.94031,1886.0,35.59,ok
27.08807,88.91342,1161.0,37.65,ok
27.08822,88.87707,576.0,18.19,ok
27.12668,88.87507,998.0,8.99,ok
27.10994,88.86386,638.0,3.76,ok
27.22246,88.13513,2444.0,42.51,ok
27.25983,88.10097,2013.0,22.39,ok
27.35448,88.82937,3694.0,32.23,ok
27.33191,88.78569,3663.0,28.82,ok
27.38305,88.29305,2006.0,36.73,ok
27.42202,88.25903,2221.0,24.59,ok
27.43084,88.29514,2603.0,25.63,ok
27.37409,88.28075,2163.0,19.03,ok
27.43454,88.32121,2783.0,24.99,ok
27.38301,88.25461,2774.0,35.74,ok
27.56505,88.01844,4976.0,32.05,ok
27.54749,87.9943,4388.0,31.91,ok
27.57719,88.70213,2964.0,34.48,ok
27.59804,88.71282,3977.0,25.67,ok
27.59025,88.94736,4430.0,31.05,ok
27.5927,88.95014,4514.0,36.78,ok
27.55053,88.1231,4570.0,25.28,ok
27.55256,88.07781,5310.0,26.76,ok
27.54316,88.07473,5081.0,23.88,ok
27.86245,88.83206,4543.0,17.75,ok
27.84592,88.84006,4742.0,29.07,ok
27.85111,88.7848,4762.0,28.51,ok
27.69024,88.68582,4088.0,45.97,ok
27.70202,88.69658,4608.0,31.35,ok
27.69552,88.73729,3422.0,26.68,ok
27.72252,88.71549,4994.0,34.23,ok
27.73148,88.74222,3184.0,19.78,ok
27.78793,88.11886,5312.0,28.54,ok
27.82302,88.13883,5427.0,3.78,ok
27.83244,88.07162,5675.0,27.89,ok
27.81379,88.13211,5612.0,28.61,ok
27.03733,87.96713,1919.0,13.32,ok
27.01831,87.95601,1433.0,32.98,ok
26.99995,88.74277,932.0,13.22,ok
27.09008,87.95722,2265.0,19.98,ok
27.09099,87.95814,2333.0,37.32,ok
27.13289,87.96178,2650.0,19.55,ok
27.06625,87.96416,1972.0,37.65,ok
27.07315,88.79688,1639.0,30.26,ok
27.08242,88.84961,1466.0,28.67,ok
27.12867,88.8498,1154.0,18.98,ok
27.16631,88.90543,1970.0,22.59,ok
27.2137,88.93103,2515.0,26.57,ok
27.34501,88.30752,1363.0,45.73,ok
27.30502,88.31579,977.0,27.22,ok
27.33155,88.29572,999.0,45.15,ok
27.34448,88.28455,1820.0,23.84,ok
27.72826,88.07031,5898.0,18.29,ok
27.70898,88.10092,7381.0,45.0,ok
27.72529,88.13897,6450.0,52.38,ok
27.70571,88.15175,7795.0,46.66,ok
27.84901,87.94772,5201.0,32.57,ok
27.84118,87.95432,5298.0,29.62,ok
27.85662,87.96086,5592.0,34.86,ok
27.7633,88.37809,4286.0,8.41,ok
27.79238,88.35885,5004.0,16.32,ok
27.81967,88.39742,5011.0,30.64,ok
27.83542,88.38261,5429.0,5.34,ok
26.9695,88.14975,1838.0,22.19,ok
27.83704,88.30799,5701.0,12.7,ok
27.83771,88.2787,5173.0,3.39,ok
27.83708,88.32446,5241.0,9.05,ok
27.77309,88.30544,4972.0,33.61,ok
27.76263,88.24858,4950.0,6.95,ok
27.57244,88.42705,1771.0,45.44,ok
27.53453,88.44661,2079.0,37.77,ok
27.58722,88.47459,2908.0,38.63,ok
27.57006,88.42029,1443.0,32.92,ok
27.64255,88.2659,5194.0,16.76,ok
27.65088,88.27761,4343.0,61.21,ok
27.60667,88.31938,3560.0,43.4,ok
27.7702,88.90228,4819.0,20.51,ok
27.78212,88.86734,4516.0,15.25,ok
27.7743,88.89171,4854.0,16.55,ok
26.98092,88.49691,1222.0,21.77,ok
26.97492,88.72335,413.0,22.8,ok
26.95117,88.75384,281.0,6.04,ok
26.94972,88.75404,280.0,1.68,ok
27.23851,88.25493,1257.0,15.52,ok
27.58525,87.97656,4673.0,40.63,ok
27.57102,87.97712,3934.0,33.24,ok
27.03443,88.56489,1246.0,27.16,ok
27.06679,88.27126,1495.0,18.52,ok
27.78564,88.51396,4031.0,43.93,ok
27.14162,88.41914,1241.0,30.27,ok
27.18866,88.46832,1032.0,19.44,ok
27.28417,88.94735,3743.0,37.43,ok
27.44242,88.7098,2638.0,37.55,ok
27.87291,88.69445,4320.0,18.03,ok
27.85124,88.75538,5642.0,40.28,ok
27.44499,88.95473,3889.0,23.67,ok
26.95859,88.5323,641.0,24.68,ok
27.06892,88.63713,1521.0,19.73,ok
27.17892,88.41507,1667.0,30.02,ok
27.61911,88.95547,4309.0,30.57,ok
27.63865,88.94883,3673.0,26.82,ok
27.3667,88.9524,3325.0,22.72,ok
27.26202,87.96794,1640.0,23.0,ok
27.78692,88.95236,4708.0,31.25,ok
23.28645,91.50017,37.0,17.46,ok
23.26457,91.52349,27.0,4.61,ok
27.04594,88.13757,1819.0,32.79,ok
27.02273,88.07945,2695.0,28.34,ok
27.75612,88.55044,3059.0,34.51,ok
27.69375,88.54868,3465.0,30.9,ok
27.70567,88.58947,3335.0,34.03,ok
23.19512,91.83838,103.0,16.33,ok
23.1815,91.79432,45.0,1.63,ok
23.32672,92.05113,62.0,10.22,ok
23.33082,92.09984,189.0,15.98,ok
23.37728,92.05142,153.0,5.87,ok
23.27411,93.72326,1434.0,16.2,ok
23.25219,93.72455,1652.0,26.78,ok
23.31634,93.72616,1772.0,22.33,ok
23.53657,91.55362,34.0,5.16,ok
23.52815,91.51004,26.0,4.62,ok
23.55396,91.51304,52.0,13.61,ok
23.49133,91.93083,162.0,8.12,ok
23.55683,91.8858,113.0,8.12,ok
23.34207,92.25198,185.0,9.44,ok
23.39963,92.22259,129.0,8.73,ok
23.39715,93.67733,1380.0,34.84,ok
23.63488,91.61675,65.0,8.29,ok
23.70219,91.9166,200.0,10.85,ok
23.61513,92.48628,439.0,34.17,ok
23.5606,93.84059,1777.0,12.86,ok
24.01233,92.15749,84.0,9.2,ok
23.99976,92.15241,76.0,11.67,ok
24.02896,92.12726,184.0,3.66,ok
24.16013,91.34114,10.0,1.64,ok
24.18594,92.10228,38.0,6.75,ok
24.19893,92.09763,48.0,13.02,ok
24.19281,92.02706,38.0,3.67,ok
24.07272,91.71082,65.0,3.67,ok
24.08266,91.74569,220.0,13.76,ok
24.28184,91.4647,15.0,3.28,ok
24.21052,91.45356,11.0,0.0,ok
24.42532,92.20121,34.0,2.33,ok
24.56455,91.245,8.0,3.68,ok
24.59898,91.26732,8.0,2.33,ok
24.68381,91.60152,12.0,3.68,ok
24.65141,91.64246,10.0,1.65,ok
24.6456,91.6406,15.0,0.0,ok
24.78163,91.42322,7.0,1.65,ok
24.78514,91.47073,6.0,3.69,ok
24.83179,91.44878,13.0,3.69,ok
24.76108,91.71591,12.0,3.3,ok
24.69257,91.69853,14.0,4.66,ok
24.49819,92.06215,25.0,0.0,ok
24.91499,92.56479,19.0,5.94,ok
23.10203,91.24581,8.0,3.26,ok
23.17996,91.54456,100.0,3.64,ok
23.19239,91.56583,47.0,1.63,ok
23.24889,92.0716,41.0,1.63,ok
23.53049,91.59004,40.0,9.45,ok
23.53177,91.6356,52.0,5.87,ok
23.51608,91.60228,98.0,11.74,ok
23.39999,93.73878,1333.0,33.74,ok
23.59572,91.675,47.0,5.88,ok
23.61148,91.73573,217.0,5.16,ok
23.75878,93.07531,1068.0,27.37,ok
23.72694,93.00441,816.0,21.04,ok
23.57125,92.0943,122.0,6.91,ok
23.6185,92.04266,271.0,26.05,ok
23.66536,93.93085,1601.0,28.63,ok
23.83724,91.54809,159.0,20.12,ok
23.90986,91.96903,101.0,21.68,ok
24.07804,91.25923,8.0,2.32,ok
24.11763,92.14362,52.0,5.18,ok
24.09306,92.1866,62.0,3.67,ok
24.05441,92.80501,299.0,15.21,ok
24.07797,92.27123,406.0,30.13,ok
24.12009,91.7837,61.0,6.93,ok
24.42553,91.38753,9.0,0.0,ok
24.3717,91.3796,11.0,0.0,ok
24.38269,91.3805,8.0,2.33,ok
24.46062,92.17024,37.0,8.8,ok
24.48382,92.13692,27.0,3.68,ok
24.81949,91.60084,6.0,3.69,ok
24.83205,91.58701,16.0,2.33,ok
23.27208,91.2068,15.0,1.63,ok
23.13462,92.13204,56.0,4.88,ok
23.14701,92.11235,55.0,3.64,ok
23.26006,93.355,1205.0,43.55,ok
23.13367,92.23706,56.0,5.14,ok
23.11899,92.22007,32.0,0.0,ok
23.29089,93.91865,746.0,8.11,ok
23.30254,93.9138,706.0,10.34,ok
23.33403,91.93762,95.0,8.72,ok
23.58027,91.50736,56.0,8.12,ok
23.44192,93.69874,1031.0,24.7,ok
23.47136,93.74114,1796.0,39.71,ok
23.44474,93.738,1490.0,21.61,ok
23.41275,93.73354,990.0,14.73,ok
23.4618,93.77591,1488.0,8.12,ok
23.75792,91.79092,126.0,4.9,ok
23.8543,91.86134,130.0,5.89,ok
23.87525,91.90842,94.0,3.66,ok
23.84092,91.89862,104.0,8.3,ok
23.65506,93.61489,1421.0,46.0,ok
23.67139,93.61639,862.0,34.11,ok
23.65912,93.11281,834.0,24.61,ok
23.75589,92.21237,198.0,12.98,ok
24.00408,92.2589,220.0,2.32,ok
24.16063,91.31716,6.0,0.0,ok
24.14232,91.85088,54.0,2.32,ok
24.18098,92.46437,92.0,11.69,ok
24.16956,92.49271,52.0,12.92,ok
24.30609,91.98387,33.0,1.64,ok
24.27004,91.5819,28.0,3.67,ok
24.81617,91.99121,13.0,4.66,ok
24.8453,92.33297,15.0,1.65,ok
24.809,92.34094,28.0,3.69,ok
24.5473,91.47383,8.0,0.0,ok
23.17859,91.20048,10.0,2.31,ok
23.22163,91.19677,7.0,5.86,ok
23.32462,91.53689,39.0,14.47,ok
23.35588,91.55554,67.0,5.15,ok
23.22985,92.11256,115.0,17.66,ok
23.24499,92.29009,64.0,1.63,ok
23.3749,91.8477,141.0,2.31,ok
23.36937,91.87898,75.0,3.65,ok
23.37824,91.89962,83.0,3.65,ok
23.33471,92.4693,145.0,9.83,ok
23.49511,91.95229,197.0,10.35,ok
23.33638,93.88558,1050.0,20.38,ok
23.32585,93.89464,879.0,22.2,ok
23.70919,92.03577,95.0,2.31,ok
23.72286,92.04576,224.0,8.75,ok
23.76562,93.6072,1484.0,19.18,ok
23.77728,93.63463,2030.0,31.29,ok
23.91718,93.2657,1395.0,14.78,ok
23.91095,93.25689,1245.0,13.83,ok
23.78889,93.89107,1336.0,32.59,ok
23.76033,93.88121,1858.0,21.87,ok
24.22974,92.13018,65.0,2.32,ok
24.01806,92.30749,135.0,18.97,ok
24.28659,91.30463,11.0,3.67,ok
24.35892,91.68214,6.0,2.33,ok
24.3096,91.75584,24.0,3.67,ok
24.25812,91.96159,49.0,3.67,ok
24.65945,91.27684,8.0,2.33,ok
24.66298,91.29625,7.0,2.33,ok
24.61751,91.72265,13.0,8.81,ok
23.20734,91.3626,27.0,4.88,ok
23.24005,91.34915,31.0,5.14,ok
23.29981,91.67377,81.0,0.0,ok
23.25028,91.7215,110.0,15.04,ok
23.14565,93.86874,726.0,24.65,ok
23.12293,93.91913,610.0,10.81,ok
23.19775,92.00505,135.0,9.15,ok
23.22627,92.0173,185.0,17.46,ok
23.41911,91.23704,13.0,3.65,ok
23.76746,92.34078,328.0,28.54,ok
23.73065,92.34863,483.0,43.45,ok
23.79572,92.343,246.0,7.29,ok
23.71939,93.74214,1192.0,17.92,ok
23.68893,93.75486,1442.0,26.56,ok
23.99808,91.61912,33.0,1.64,ok
23.80408,91.94547,153.0,18.44,ok
23.77854,91.93474,184.0,5.17,ok
24.00745,93.90004,1681.0,22.44,ok
23.98952,93.87181,1240.0,25.49,ok
24.13193,91.49631,38.0,1.64,ok
24.15004,91.53267,26.0,1.64,ok
24.13398,91.6494,44.0,2.32,ok
24.17787,91.63612,41.0,10.4,ok
24.34328,92.18652,35.0,2.33,ok
24.07796,92.58731,87.0,20.49,ok
24.80988,91.37701,9.0,2.33,ok
23.28476,91.62777,81.0,9.83,ok
23.30918,91.3366,30.0,11.28,ok
23.11681,91.98917,47.0,1.63,ok
23.46284,91.47555,48.0,8.11,ok
23.40432,91.43342,58.0,7.27,ok
23.37884,92.14848,93.0,13.78,ok
23.43909,92.37094,298.0,21.67,ok
23.46957,92.317,133.0,11.4,ok
23.56364,91.69222,95.0,6.71,ok
23.45527,93.56434,873.0,24.06,ok
23.57616,92.0189,151.0,11.63,ok
23.72549,93.47646,1491.0,37.12,ok
23.94464,91.80041,100.0,5.17,ok
23.86554,92.087,179.0,24.81,ok
24.04898,91.3288,13.0,5.18,ok
24.05672,91.85998,78.0,6.74,ok
24.06598,91.85149,61.0,5.18,ok
24.30048,91.51016,15.0,2.32,ok
24.23833,92.2869,103.0,8.16,ok
24.3904,92.1416,40.0,5.19,ok
24.54532,92.58508,30.0,1.65,ok
24.59036,92.19884,38.0,3.68,ok
24.85143,91.30319,6.0,1.65,ok
24.88547,91.311,6.0,2.34,ok
23.11665,91.39679,14.0,4.6,ok
23.23639,92.28389,81.0,20.53,ok
23.22571,93.47218,2195.0,31.98,ok
23.47322,91.71082,44.0,14.48,ok
23.54217,93.34647,1392.0,23.18,ok
23.59505,93.73117,1221.0,25.93,ok
23.76326,91.74155,187.0,7.29,ok
23.9537,91.85948,80.0,14.45,ok
24.08614,91.53156,44.0,3.67,ok
24.1619,91.70577,55.0,6.74,ok
24.19764,91.9752,44.0,2.32,ok
24.02861,92.68482,443.0,44.36,ok
24.0086,92.71392,557.0,11.67,ok
24.43152,91.46378,11.0,1.65,ok
24.25442,92.03288,30.0,2.32,ok
24.45826,91.84958,14.0,2.33,ok
24.4885,91.88978,20.0,5.19,ok
24.25489,93.62284,1137.0,26.35,ok
24.47744,91.65724,11.0,4.65,ok
24.85227,91.75567,12.0,2.34,ok
23.20427,93.53953,1840.0,26.17,ok
23.18767,91.68545,58.0,3.26,ok
23.19906,91.71636,75.0,5.14,ok
23.21242,93.72098,839.0,28.93,ok
23.41038,93.25819,1117.0,45.8,ok
23.51727,93.74986,2072.0,36.83,ok
23.57787,91.80389,98.0,5.88,ok
23.82127,92.00898,95.0,11.43,ok
23.92556,93.69362,1021.0,6.92,ok
24.20076,91.47712,12.0,2.32,ok
24.12612,92.03652,86.0,13.3,ok
24.36443,92.05454,64.0,16.1,ok
24.70589,92.19429,24.0,1.65,ok
24.53657,92.01193,15.0,2.33,ok
24.59952,91.95762,54.0,4.93,ok
24.72423,92.44406,36.0,7.34,ok
23.24637,92.2341,287.0,11.27,ok
23.26596,93.49956,2028.0,24.71,ok
23.36722,91.77415,64.0,3.26,ok
23.28879,93.82088,1065.0,38.23,ok
23.47359,91.95742,249.0,6.71,ok
23.42424,92.47546,322.0,22.21,ok
24.01154,91.51371,83.0,1.64,ok
23.61197,91.87769,146.0,6.71,ok
23.57326,91.89353,169.0,9.85,ok
23.88161,91.84076,117.0,5.17,ok
23.79007,92.081,148.0,14.43,ok
23.74322,92.06022,175.0,9.87,ok
24.09948,93.77247,799.0,15.21,ok
24.38896,91.93313,32.0,2.33,ok
24.55852,91.33475,7.0,2.33,ok
24.58737,92.37825,92.0,17.29,ok
23.25748,92.1787,60.0,0.0,ok
23.47395,91.5328,80.0,5.87,ok
23.37147,91.65659,80.0,3.65,ok
23.39312,93.81782,1748.0,19.83,ok
23.71458,91.6841,115.0,9.46,ok
