record_id,latitude,longitude,historical_landslide_distance,historical_landslide_density
MH/RGD/47F08/2012/0001,18.0915,73.36483,2.335,14
KER/IDUK/58C14/2007/0022,9.7386,76.8754,0.417,55
MAN/TAM/83H09/2007/C-1,24.81722,93.51722,0.153,102
MEGH/WKH/78O07/2007/D-15,25.38803,91.46977,1.857,11
MEGH/WKH/78O11/2007/D-14,25.40023,91.5159,2.21,9
KER/IDUK/58C14/2007/0021,9.7409,76.8724,0.196,54
KER/PALA/58B10/2007/0039,10.5185,76.6306,0.152,132
KER/PALA/58B10/2007/0040,10.5252,76.6391,0.143,137
KER/PALA/58B10/2007/0041,10.5248,76.6413,0.016,138
KER/PALA/58B10/2007/0042,10.5249,76.6414,0.016,138
KER/PALA/58B10/2007/0043,10.5259,76.6566,0.053,132
KER/PALA/58B10/2007/0044,10.528,76.6587,0.133,132
KER/PALA/58B10/2007/0045,10.527,76.6603,0.207,132
KER/PALA/58B10/2007/0046,10.528,76.6675,0.211,132
KER/MALA/58A03/2007/0012,11.275,76.123,0.421,130
MEGH/WKH/78O07/2007/D-13,25.44465,91.34622,6.294,4
ME/EKJ/78O15/2015/134,25.320833,91.9275,0.03,92
ME/EKJ/78O15/2015/140,25.315176,91.923021,0.669,90
MEG/EKH/78O10/2021/04,25.50368056,91.72342222,0.0,27
MEGH/WKH/78O06/2007/D-9,25.50667,91.28318,0.37,61
MEGH/WKH/78O07/2007/D-10,25.31488,91.44913,0.332,19
MEGH/WKH/78O07/2007/D-11,25.31488,91.33367,1.907,6
MEGH/WKH/78O07/2007/D-12,25.31848,91.45262,0.434,19
MEGH/WKH/78O06/2007/D-6,25.5208,91.25985,0.676,63
MEGH/WKH/78O06/2007/D-7,25.51973,91.28443,1.458,62
MEGH/WKH/78O06/2007/D-8,25.50335,91.28335,0.37,58
MEGH/WGH/78K02/2007/D-19,25.51028,90.21678,0.681,5
MEGH/JH/83C08/2007/D-22,25.134194,92.383528,0.16,70
MEGH/JH/83C08/2007/D-23,25.12186,92.388583,0.406,88
NAG/KOH/83K02/2008/F-3B,25.66667,94.10972,0.31,259
ME/EKJ/78O15/2015/87,25.407917,91.998889,1.139,23
MG/SGH/78K11/2018/7,25.403061,90.724166,0.727,10
MEGH/WKH/78O07/2007/D-3,25.425,91.405,3.83,5
MEGH/WKH/78O07/2007/D-4,25.4013,91.45855,1.857,10
MEGH/WKH/78O07/2007/D-5,25.40547,91.53712,2.015,9
MAN/TAM/83H09/2007/C-2,24.98611,93.50583,0.086,53
MN/KAN/83L01/2018/47,24.997972,94.020444,0.198,6
MAN/TAM/83H05/2007/C-5,24.99306,93.4975,0.642,52
MAN/TAM/83H09/2007/C-6,24.99694,93.50222,0.642,52
MAN/TAM/83H09/2007/C-7A,24.99083,93.50583,0.0,52
MAN/TAM/83H09/2007/C-7B,24.99083,93.50583,0.0,52
MN/UKH/83L01/2018/14,24.994278,94.205917,2.491,41
MAN/CHAN/83L03/2007/C-10,24.40639,94.06583,2.608,6
MEGH/EKH/78O14/2007/D-17,25.56667,91.90194,0.584,84
MIZO/AIZ/84A10/2007/E-3,23.751694,92.731528,0.204,316
MAN/SEN/83K03/2007/C-12,25.47217,94.15433,0.265,47
MAN/TAM/83H09/2007/C-13,24.81778,93.51583,0.153,102
MAN/TAM/83H05/2007/C-14,24.84833,93.45917,0.0,89
ME/EKJ/78O14/2015/23,25.695552,91.903777,1.078,67
MEG/WKH/78O10/2016/51,25.687056,91.6485,0.039,42
MEGH/WKH/78O02/2007/D-1,25.68625,91.118358,0.954,56
MEGH/WKH/78O02/2007/D-2,25.69483,91.11836,0.954,51
MAN/TAM/83H05/2008/C-17,24.84833,93.45917,0.0,89
MAN/TAM/83H05/2008/C-18,24.90139,93.45389,1.781,56
MAN/TAM/83H05/2008/C-19,24.83278,93.46333,0.463,96
NAG/KOH/83K02/2008/F-3A,25.66083,94.10278,0.29,252
MEGH/WKH/78O04/2008/D-27,25.20283,91.20908,0.942,8
MEGH/WKH/78O04/2008/D-26,25.201,91.234,0.692,8
NAG/KOH/83K02/2008/F-4(A),25.66917,94.10722,0.132,257
7192,26.2272613,91.6922458,1.58,40
NAG/TUE/83J15/2009/F-13,26.36083,94.84,1.731,32
NAG/TUE/83J15/2009/F-12,26.37639,94.84056,1.731,33
NAG/TUE/83J15/2009/F-14,26.34417,94.83333,1.968,32
NAG/KIPH/83K13/2009/F-7,25.9,94.78917,1.389,45
NAG/KIPH/83K13/2009/F-8,25.88667,94.78639,0.189,45
MEGH/EKH/78O11/2009/D-37,25.300389,91.726722,0.068,67
MEGH/EKH/83C02/2009/D-31,25.54261,92.10867,0.397,22
MEGH/EKH/83C02/2009/D-32,25.54328,92.10478,0.207,20
MEGH/EKH/83C02/2009/D-33,25.54264,92.10214,0.208,20
MEGH/EKH/83C02/2009/D-34,25.54231,92.1,0.162,21
MEGH/EKH/83C02/2009/D-35,25.54261,92.09842,0.147,20
TRI/TRI-W/79M05/2009/G-1,23.85417,91.34361,9.243,1
LS1/2009,19.13194444,72.87472222,18.64,0
MEGH/JH/78O15/2009/D-36,25.43561,91.862056,0.269,51
NAG/TUE/83J15/2009/F-10,26.38778,94.82583,0.0,25
AS/NC/83G04/2009/B-5,26.20261,91.14528,31.145,0
NAG/TUE/83J15/2009/F-11,26.38778,94.82583,0.0,25
KA/UK/48J01/2025/11,14.842847,74.176548,0.818,36
MN-12/2010,24.73133333,93.92738889,10.557,0
AS/CAC/83D10/2009-10/AS-1,24.57025,92.685,1.896,13
AS/NC/83C16/2009-10/AS-5,25.124306,92.904278,1.143,28
AS/NC/83G04/2009-10/AS-6,25.229556,93.1556,0.632,37
ML-10/2010,25.05108333,92.40219444,0.213,95
ML-11/2010,25.04305556,92.42041667,0.199,81
ML-12/2010,25.04222222,92.44127778,0.069,67
ML-6/2010,25.13561111,92.3805,0.0,65
ML-7/2010,25.13486111,92.382,0.078,67
ML-8/2010,25.12383333,92.38519444,0.406,85
ML-9/2010,25.07533333,92.36341667,0.028,94
AS/KAR/83D06/2009-10/AS-2,24.710833,92.481167,5.95,3
TR-3/09-10,23.9,91.75622222,1.035,3
MAN/TAM/83H09/2009-10/MN- 2,24.862444,93.610639,0.563,60
MN-10/2010,24.86469444,93.62116667,0.342,61
MN-11/2010,24.86297222,93.62397222,0.032,63
MAN/TAM/83H09/2009-10/MN- 1,24.792333,93.658222,0.247,85
AS/NC/83C16/2009-10/AS-3,25.124583,92.989111,1.583,164
AS/NC/83C16/2009-10/AS-4,25.121,92.915028,1.143,35
ML-2/2010,25.56183333,91.86855556,1.204,71
ML-3/2010,25.57188889,91.90127778,0.584,84
ML-4/2010,25.56852778,91.89219444,0.948,84
ML-1/2010,25.57711111,91.88141667,0.512,84
KER/IDUK/53C13/2010/0001,9.8222,76.8433,0.404,95
KER/IDUK/53C13/2010/0002,9.823,76.8397,0.404,94
KER/IDUK/53C13/2010/0003,9.8116,76.8508,0.32,100
KER/IDUK/53G02/2010/0004,9.7005,77.1069,0.116,26
KER/IDUK/53G02/2010/0005,9.7015,77.1066,0.116,27
AS/KAM/78N16/2014/05,26.19622,91.76336,0.0,77
MZ-31/2011,23.70213889,92.71822222,0.135,360
MN-33/2011,24.985,93.52113889,0.289,52
ML-94/2011,25.67469444,91.88652778,0.0,74
ML- 94/2011,25.67469444,91.88652778,0.0,74
MN-34/2011,24.79083333,93.72333333,0.193,74
SKM-07/2012-13,27.57502778,88.65402778,0.261,53
SKM-08/2012-13,27.56111111,88.65452778,0.692,51
SKM-09/2012-13,27.52838889,88.59972222,0.116,55
SKM-10/2012-13,27.56941667,88.65272222,0.637,53
SKM-06/2012-13,27.59027778,88.65394444,1.668,52
SKM-04/2012-13,27.37441667,88.54505556,0.234,101
SKM-05/2012-13,27.36977778,88.54466667,0.478,99
SKM-11/2012-13,27.51491667,88.56313889,0.144,63
NL/KOH/83K02/2014/04,25.71611,94.08883,0.298,264
NL/DIM/83G13/2014/01,25.78417,93.80028,0.168,39
NL/DIM/83G13/2014/02,25.76939,93.80278,0.504,47
ML/SWKH/78O07/2014/01,25.31458,91.45242,0.332,19
MIZ/AZL/2023/102,24.18561111,92.94536111,0.417,57
NL/MON/83J15/2014/08,26.39094,94.94406,0.948,39
NL/MON/83J15/2014/11,26.40908,94.96308,0.199,38
NL/MON/83J15/2014/12,26.41931,94.97369,0.152,35
SK/EAS/78A11/2014/01,27.28408,88.54611,0.754,95
NL/KOH/83G14/2014/15,25.74697,93.98167,1.216,106
HP/KAN/52D/03/2019/17,32.25430556,76.08022222,0.547,117
Tamil Nadu/THENI/58G/2/2014/01.,9.616,77.19,0.111,2
Tamil Nadu/THENI/58G/2/2014/02.,9.617,77.19,0.111,2
AS/KRM/83D06/2014-15/0001,24.70619444,92.28997222,0.001,1
SKM/NOR/78A11/2014/007,27.4097,88.54371,0.004,83
AS/KAMRUP (M)/78N16/2014- 15/0002,26.15477778,91.77411111,0.0,83
AS/KAMRUP(M)/78N16/2014- 15/0003,26.17672222,91.78672222,0.0,81
AS/KAMRUP(M)/78N16/2014- 15/0004,26.18866667,91.76694444,0.001,82
AS/KAMRUP(M)/78N16/2014- 15/0005,26.19622222,91.76336111,0.0,77
SKM/NOR/78A10/2014/004,27.5091,88.53848,0.795,55
SKM/NOR/78A11/2014/006,27.48603,88.53269,0.494,64
6986,25.757752,91.252285,3.44,3
7201,25.740148,91.224044,3.44,4
ASM/DH/83G4/ PD /2016/03,25.20738889,93.12277778,0.0,52
Tamil Nadu/Dindigul/58F/12/2014/01.,10.24138889,77.50508333,0.057,100
Tamil Nadu/Dindigul/58F/12/2014/02.,10.24097222,77.50466667,0.034,100
Tamil Nadu/Dindigul/58F/12/2014/03.,11.23847222,77.50402778,0.214,1
Tamil Nadu/Dindigul/58F/12/2014/04.,11.23952778,77.50566667,0.214,1
SKM/EAS/78A12/2014/002,27.23772,88.51384,0.437,137
ML/RIB/78N16/2014/02,26.02547,91.87158,0.338,38
AS/KAMRUP(M)/78N16/2014- 15/0006,26.13441667,91.74875,0.135,77
7115,25.872268,91.213965,5.048,3
AS/KAMRUP(M)/78N16/2014- 15/0007,26.10711111,91.78916667,0.0,79
ML/EKH/78O14/2014/03,25.57822,91.86545,1.606,84
ML/RIB/78N16/2014/06,26.00294,91.86692,0.547,32
AS/KAMRUP/78N12/2015- 16/0004,26.09961111,91.87811111,0.154,37
SKM/NORTH/78A11/2015/003,27.46166,88.52341,0.007,54
SKM/EAST/78A12/2015/002,27.179,88.53313889,0.013,209
SKM/EAST/78A11/2015/004,27.33208,88.50902,1.663,69
NAG/ KOH/ 83K2/ 2015/02,25.73425,94.00119444,0.549,163
Manipur/ Ukhrul/ 83 L5/ 2015/01,24.82022222,94.35255556,0.034,62
AS/KAMRUP/78N12/2015- 16/0001,26.21111111,91.68416667,0.0,43
ASM/KAMRUP(M)/78N16/2016- 17/057,26.1895,91.78716667,0.0,76
ARN/TWG/FM/2016-17/01,27.58741667,91.88694444,0.0,40
ARN/TWG/FM/2016-17/02,27.58741667,91.88694444,0.0,40
ARN/TWNG/78M14/2016/0001,27.587417,91.886944,0.0,40
ARN/TWNG/78M14/2016/0002,27.587417,91.886944,0.0,40
ARN/TWNG/78M14/2016/0008,27.591806,91.865028,0.004,37
ARN/TWNG/78M14/2016/0010,27.593139,91.873889,0.4,39
ARN/TWNG/78M14/2016/0013,27.594833,91.866417,0.004,37
ARN/TWG/NYD/2016-17/06,27.59152778,91.88044444,0.0,40
ARN/TWNG/78M14/2016/0004,27.591389,91.9025,0.812,39
ARN/TWNG/78M14/2016/0022,27.589417,91.861444,0.442,37
ARN/TWNG/78M14/2016/0023,27.593361,91.879444,0.226,40
ARN/TWNG/78M14/2016/0024,27.596639,91.878972,0.0,40
ARN/TWNG/78M14/2016/0025,27.596639,91.878972,0.0,40
ASM/DH/83G4/ PD/2016 /35,25.23230556,93.03333333,0.075,148
ASM/DH/83G4/ PD/2016/25,25.15561111,93.02222222,0.0,183
ASM/DH/83G4/ PD/2016 /01,25.17986111,93.07077778,0.0,188
ASM/DH/83G4/PD/2016/02,25.14677778,93.03097222,0.0,180
ASM/DH/83G4/PD/2016/43,25.14872222,93.03191667,0.0,182
ASM/DH/83G4/PD/2016/44,25.14525,93.02916667,0.0,179
ASM/HLKD/83D10/2016/58,24.478972,92.682861,3.74,12
ASM/HLKD/83D10/2016/59,24.511306,92.693028,1.723,19
ASM/HLKD/83D10/2016/60,24.515944,92.540889,1.19,8
ASM/KRGJ/83D06/2016/61,24.659389,92.497361,5.95,1
ASM/DH/83G4/ PD/2016/08,25.17691667,93.02655556,0.0,189
ASM/DH/83G4/ PD/2016/09,25.17702778,93.02088889,0.0,185
ASM/DH/83G4/ PD/2016/10,25.17597222,93.02016667,0.0,185
ASM/DH/83G4/ PD/2016/11,25.17505556,93.02041667,0.0,185
ASM/DH/83G4/ PD/2016/12,25.17188889,93.02061111,0.092,185
ASM/DH/83G4/ PD/2016/13,25.16563889,93.02544444,0.0,187
ASM/DH/83G4/ PD/2016/14,25.16344444,93.02316667,0.0,185
ASM/DH/83G4/ PD/2016/15,25.15069444,93.02583333,0.0,182
ASM/DH/83G4/ PD/2016/16,25.14586111,93.02419444,0.0,179
ASM/DH/83G4/ PD/2016/17,25.14041667,93.02038889,0.0,177
ASM/DH/83G4/ PD/2016/18,25.13961111,93.01955556,0.0,177
ASM/DH/83G4/ PD/2016/19,25.13447222,93.01897222,0.0,175
ASM/DH/83G4/ PD/2016/23,25.17638889,93.11613889,0.0,108
ASM/DH/83G4/ PD/2016/24,25.15572222,93.02277778,0.0,183
ASM/DH/83G4/ PD/2016/28,25.15736111,93.01608333,0.0,184
ASM/DH/83G4/ PD/2016/30,25.15933333,93.017,0.0,184
ASM/DH/83G4/ PD/2016/31,25.24597222,93.02827778,0.016,108
ASM/DH/83G4/ PD/2016/33,25.23880556,93.03219444,0.083,133
ASM/DH/83G4/PD/2016/26,25.15658333,93.01961111,0.0,185
ASM/DH/83G4/ PD/2016/04,25.41733333,93.12908333,0.0,8
ASM/DH/83G4/ PD/2016/05,25.1775,93.02622222,0.0,189
ASM/DH/83G4/ PD/2016/07,25.20552778,93.02013889,0.0,170
ASM/DH/83G4/ PD/2016/40,25.19669444,93.01858333,0.0,174
ASM/DH/83G4/ PD/2016/41,25.18844444,93.01966667,0.0,181
ASM/DH/83G4/ PD/2016/42,25.164,93.04019444,0.0,195
ASM/DH/83G4/ PD/2016/53,25.18955556,93.09641667,0.0,178
ASM/DH/83G4/ PD/2016/55,25.24194444,93.14319444,0.321,43
ASM/DH/83G4/ PD/2016/56,25.27480556,93.14555556,3.662,27
ASM/DH/83G4/ PD/2016/29,25.15713889,93.01719444,0.0,184
ASM/KAMRUP(M)/78N16/2016- 17/62,26.19552778,91.78055556,0.0,78
ASM/ Nijabara/78N16/2016- 17/64,26.19038889,91.80994444,0.0,73
ASM/West Sarania/78N16/2016- 17/65,26.1755,91.76175,0.0,80
ARN/LS/83E15/2016/02,27.339267,93.802581,0.263,35
ARN/LS/83E15/2016/04,27.193425,93.780983,0.076,77
ARN/LS/83E15/2016/03,27.307072,93.806008,0.03,60
ARN/LS/83E15/2016/05,27.294886,93.803328,0.143,62
ARN/LS/83E15/2016/06,27.254756,93.801303,0.389,72
ARN/LS/83E15/2016/07,27.246131,93.804711,0.005,69
ARN/LS/83E15/2016/08,27.23995,93.806589,0.06,71
ASM/KAM(M)/78N16/2016/63,26.19244444,91.76422222,0.0,80
ASM/CCR/83H2/2016/66,24.645417,93.005361,2.633,1
ASM/DH/83G3/ PD/2017 /02,25.40586111,93.11097222,1.606,11
ASM/DH/83G3/ PD/2017 /01,25.39155556,93.11316667,0.838,14
Tripura/Dhalai/78P16/2017/002,24.16966667,91.76686111,0.118,1
MZ/LUN/84B09/2017/0001,22.82104167,92.63873333,0.106,20
ASM/KAM (M)/78N16/2017/0003,26.15427778,91.79263889,0.0,84
ASM/KAM (M)/78N16/2017/0004,26.17755556,91.76588889,0.001,81
ASM/KAM (M)/78N16/2017/04,26.17672222,91.76525,0.0,81
ASM/KMP/78N16/2017/0004,26.17756,91.76589,0.001,81
ASM/KMP/78N16/2017/03,26.15428,91.79264,0.0,84
ASM/KMP/78N16/2017/05,26.17672,91.76525,0.0,81
ASM/KAM (M)/78N16/2017/0006,26.18841667,91.85125,0.0,59
ASM/KMP/78N16/2017/06,26.18842,91.85125,0.0,59
MEG/RB/78O14/2017/01,25.663444,91.915944,1.348,72
JK/Katra/43K/13& 16/RD 0/850,33.02986111,74.93555556,0.67,22
ASM/KAM/78N16/2017/09,26.20536,91.86497,2.329,39
ASM/KAM/78N16/2017/07,26.37456,91.84561,18.181,0
ASM/KAM/78N16/2017/08,26.19081,91.84528,0.652,59
SK/ED/78A12/2017/01,27.24144,88.60681,0.64,126
UK/Pithoragarh/62B/12- 2017/00,30.00561111,80.71802778,0.119,14
Tamil Nadu/Dindigul/58F/11/2017/01.,10.29675,77.55144444,0.0,117
Tamil Nadu/Dindigul/58F/11/2017/02.,10.29675,77.55144444,0.0,117
Tamil Nadu/Dindigul/58F/11/2017/03.,10.30719444,77.55527778,0.122,114
Tamil Nadu/Dindigul/58F/11/2017/04.,10.30777778,77.55672222,0.171,113
Tamil Nadu/Dindigul/58F/11/2017/05.,10.31041667,77.56047222,0.035,108
Tamil Nadu/Dindigul/58F/11/2017/06.,10.31061111,77.56072222,0.035,109
Tamil Nadu/Nilgiri/58A/15/2017/03.,11.41589167,76.817125,0.008,337
Tamil Nadu/Nilgiri/58A/07/2017/03.,11.44088889,76.39384444,0.324,90
Tamil Nadu/Nilgiri/58A/11/2017/02.,11.35680278,76.69265833,0.199,235
Tamil Nadu/Nilgiri/58A/15/2017/01.,11.33736111,76.82255556,0.131,344
NL/KOH/83K02/2022/001,25.71711111,94.08561111,0.0,263
Mizoram/Aizawl/84A09/2018/0 02,24.80375556,92.733375,8.419,1
MN/TMG/83H01/2018/001,24.985167,93.508306,0.172,53
MEG/EJH/83CO8/2018/01,25.09178,92.35469,0.0,86
TR/GMT/79 M09/2018/008,23.980333,91.475278,3.339,2
TR/WTR/78P08/2018/001,24.781694,93.776056,0.165,52
TR/WTR/79 M09/2018/004,24.003417,91.45425,1.02,2
TR/WTR/79M05/2018/003,24.325444,94.232583,0.343,25
TR/GMT/79 M10/2018/006,23.793444,91.552056,0.175,2
TR/GMT/79M10/2018/007,23.794253,91.553533,0.175,2
MN/NON/83H13/2018/001,24.9252,94.3371,0.004,41
Tamil Nadu/Coimbatore/58B/15/2018 /02.,10.30816944,76.88727222,0.846,64
Tamil Nadu/Coimbatore/58B/15/2018 /03.,10.32735278,76.96034167,0.241,156
Tamil Nadu/Coimbatore/58B/15/2018 /04.,10.37085833,76.99396667,0.023,184
Tamil Nadu/Coimbatore/58B/15/2018 /01.,10.351675,76.93656111,0.014,126
Tamil Nadu/Coimbatore/58B/15/2018 /05,10.38453333,76.99467222,0.004,159
MN/UKH/83L01/2018/48,24.983528,94.158333,0.022,35
AS/DH/83C16/2018/001,26.11,94.76,9.505,4
AS/DH/83C16/2018/002,25.146306,93.942167,0.051,4
AS/DH/83G04/2018/003,25.224278,93.222861,3.158,43
AS/DH/83G04/2018/004,26.098167,91.881278,0.355,36
MN/UKH/83L05/2018/001,22.873558,92.755953,0.0,105
MN/TAM/83H05/2018/1,24.983806,93.497528,0.217,52
MIZ/AZL/2022/53,23.73053889,92.716019,0.075,345
Nagaland/Kohima/83K- 02/2018/001,25.66772222,94.08908333,0.081,258
MN/TMG/83H09/2018/001,25.047833,92.789306,0.001,33
KL/KTM/58C/14/2018/26,9.74295,76.82049167,0.143,47
KL/KTM/58C/14/2018/27,9.743238889,76.81921667,0.143,47
HP/SIR/53F06 /2018/02,30.62602778,77.50877778,1.938,175
MN/TGPL/83L03/2018/009,24.813306,93.243417,0.193,18
H.P./MANDI/53A014/2018/08,31.50016194,76.87331194,0.038,68
KER/WYD/49M14/2018/38,11.55283333,75.99897222,0.331,129
KER/WYD/49M14/2018/45,11.69177778,75.94311111,0.393,55
KER/WYD/49M14/2018/47,11.67075,75.93683333,0.284,64
KER/WYD/58A2/2018/113,11.59002778,76.2085,1.517,56
KER/WYD/58A2/2018/114,11.58425,76.19588889,0.113,73
KER/WYD/58A2/2018/28,11.54197222,76.00038889,0.519,128
KER/WYD/58A2/2018/29,11.53919444,76.00422222,0.519,128
KER/WYD/58A2/2018/30,11.54044444,76.01061111,0.472,127
KER/WYD/58A2/2018/32,11.54483333,76.01169444,0.096,131
KER/WYD/58A2/2018/33,11.54777778,76.00877778,0.049,128
KER/WYD/58A2/2018/34,11.54769444,76.00922222,0.049,129
KER/WYD/58A2/2018/37,11.549,76.00258333,0.58,130
KER/WYD/58A2/2018/41,11.55875,76.00136111,0.327,129
KER/WYD/58A2/2018/42,11.55580556,76.00141667,0.081,130
KER/WYD/58A2/2018/43,11.55508333,76.00147222,0.081,130
KER/WYD/58A2/2018/48,11.58427778,76.06791667,0.506,126
KER/WYD/58A2/2018/49,11.53666667,76.03577778,0.327,137
KER/WYD/58A2/2018/50,11.53636111,76.04152778,0.627,141
KER/WYD/58A2/2018/51,11.54516667,76.04319827,0.189,141
KER/WYD/58A2/2018/52,11.52961111,76.04455556,0.82,155
KER/WYD/58A2/2018/53,11.53786111,76.059,0.807,164
KER/WYD/58A2/2018/54,11.54494444,76.04491667,0.189,141
KER/WYD/58A2/2018/55,11.54602778,76.04630278,0.193,146
KER/WYD/58A2/2018/56,11.54412759,76.05525848,0.622,159
KER/WYD/58A2/2018/57,11.54969444,76.05577778,0.622,154
KER/WYD/58A2/2018/58,11.56612222,76.05433333,1.166,137
KER/WYD/58A2/2018/64,11.55233333,76.10127778,0.002,156
KER/WYD/58A2/2018/67,11.5535,76.08627778,0.052,156
KER/WYD/58A2/2018/73,11.59138889,76.088,0.949,124
KER/WYD/58A2/2018/74,11.58430556,76.05083333,0.308,125
KER/WYD/58A2/2018/76,11.58516667,76.04786111,0.065,122
KER/WYD/58A2/2018/86,11.56669444,76.11777778,0.116,136
KER/WYD/49M13/2018/128,11.90919444,75.99958333,0.122,17
KER/WYD/49M13/2018/129,11.91005556,75.99888889,0.122,17
KER/WYD/49M13/2018/130,11.90366667,75.99972222,0.615,19
KER/WYD/49M13/2018/135,11.83938889,75.95588889,0.436,50
KER/WYD/49M13/2018/136,11.84044444,75.95202778,0.066,52
KER/WYD/49M13/2018/137,11.84061111,75.95144444,0.066,51
KER/WYD/49M13/2018/138,11.84066667,75.94527778,0.223,49
KER/WYD/49M13/2018/139,11.83913889,75.94394444,0.223,49
KER/WYD/49M13/2018/140,11.83702778,75.94019444,0.471,47
KER/WYD/49M13/2018/141,11.83477778,75.93636111,0.451,46
KER/WYD/49M13/2018/142,11.83644444,75.93258333,0.065,48
KER/WYD/49M13/2018/143,11.83658333,75.932,0.065,48
KER/WYD/49M13/2018/144,11.83830556,75.92672222,0.138,51
KER/WYD/49M13/2018/145,11.83913889,75.92577778,0.138,51
KER/WYD/49M13/2018/146,11.83963889,75.91594444,0.227,53
KER/WYD/49M13/2018/147,11.83827778,75.9175,0.227,50
KER/WYD/49M13/2018/149,11.83255556,75.96986111,1.7,47
KER/WYD/49M14/2018/123,11.66852778,75.96925,0.161,48
KER/WYD/58A1/2018/125,11.90411111,76.01644444,0.037,16
KER/WYD/58A1/2018/126,11.90438889,76.01625,0.037,15
KER/WYD/58A1/2018/127,11.90288889,76.01180556,0.512,16
KER/WYD/58A1/2018/131,11.87958333,76.03261111,2.543,15
KER/WYD/58A1/2018/132,11.84219444,76.03925,2.816,17
KER/WYD/58A1/2018/133,11.75983333,76.01458333,1.638,5
KER/WYD/58A1/2018/134,11.76883333,76.00266667,1.638,14
KER/WYD/58A2/2018/104,11.568611,76.019722,0.111,120
KER/WYD/58A2/2018/105,11.567777,76.028333,0.355,119
KER/WYD/58A2/2018/106,11.55055,76.035,0.397,129
KER/WYD/58A2/2018/107,11.54,76.027222,0.125,132
KER/WYD/58A2/2018/108,11.5375,76.0275,0.156,131
KER/WYD/58A2/2018/109,11.53888,76.02722,0.125,132
KER/WYD/58A2/2018/110,11.54888,76.39166,2.002,40
KER/WYD/58A2/2018/111,11.55,76.0386,0.31,133
KER/WYD/58A2/2018/118,11.59269444,76.03736111,0.325,117
KER/WYD/58A2/2018/119,11.59316667,76.03441667,0.325,119
KER/WYD/58A2/2018/124,11.59483333,76.08002778,0.66,124
KER/WYD/58A2/2018/150,11.60169444,76.06908333,0.094,122
KER/WYD/58A2/2018/151,11.60177778,76.06994444,0.094,122
KER/WYD/58A2/2018/152,11.59652778,76.02827325,0.766,118
KER/WYD/58A2/2018/153,11.62777778,76.02786111,2.08,94
KER/WYD/58A2/2018/154,11.64625,76.03088889,2.08,66
KER/WYD/58A2/2018/23,11.55277778,76.03888889,0.31,130
KER/WYD/58A2/2018/24,11.58477778,76.03427778,0.445,123
KER/WYD/58A2/2018/25,11.58519444,76.039,0.08,120
KER/WYD/58A2/2018/26,11.58455556,76.03836111,0.099,121
KER/WYD/58A2/2018/27,11.5855,76.03833333,0.08,121
KER/WYD/58A2/2018/61,11.62494434,76.10330032,0.291,73
KER/WYD/58A2/2018/62,11.62322222,76.10641667,0.39,73
KER/WYD/58A2/2018/63,11.55683333,76.12963889,0.336,127
KER/WYD/58A2/2018/65,11.55458333,76.09483333,0.224,157
KER/WYD/58A2/2018/78,11.56875,76.04397222,0.249,129
KER/WYD/58A2/2018/79,11.57127778,76.04416667,0.206,131
KER/WYD/58A2/2018/82,11.56580556,76.11833333,0.116,138
KER/WYD/58A2/2018/84,11.53444444,76.02647222,0.226,133
KER/WYD/58A2/2018/87,11.54316667,76.178,0.17,96
KER/WYD/58A2/2018/88,11.54819444,76.20772222,1.428,85
KER/WYD/58A2/2018/90,11.578055,76.110833,1.366,126
KER/WYD/58A2/2018/91,11.568888,76.126666,0.89,132
KER/WYD/58A2/2018/92,11.530277,76.14,0.6,107
KER/WYD/58A2/2018/94,11.502222,76.164722,0.0,94
6863,12.47957,75.713107,0.052,138
KL/TSR/58B/07/2019/38,10.48799444,76.32170278,0.05,26
KL/TSR/58B/07/2019/39,10.48781389,76.32260278,0.067,26
KAR/KOD/48P11/2018/09,12.41302222,75.73569167,0.128,133
KAR/KOD/48P11/2018/10,12.41206944,75.73421944,0.073,131
KAR/KOD/48P11/2018/16,12.44961944,75.67183611,1.074,117
KAR/KOD/48P11/2018/59,12.42281111,75.73883889,0.532,135
KAR/KOD/48P15/2018/37,12.46079611,75.77621722,0.289,100
KAR/KOD/48P15/2018/38,12.46072556,75.78086694,0.374,97
KAR/KOD/48P15/2018/39,12.45886667,75.77799944,0.289,99
KAR/KOD/48P15/2018/40,12.46076389,75.76718889,0.474,108
KAR/KOD/48P15/2018/42,12.44222222,75.75735833,1.297,136
KAR/KOD/48P15/2018/48,12.48675833,75.78433333,0.328,78
KAR/KOD/48P15/2018/49,12.48693694,75.78735278,0.117,70
KAR/KOD/48P15/2018/49A,12.48650278,75.7883375,0.117,70
KAR/KOD/48P15/2018/50,12.48655778,75.79119194,0.31,64
KAR/KOD/48P15/2018/81,12.43415,75.73625278,0.387,135
KL/KTM/58C/14/2018/25,9.731455556,76.81583333,0.674,41
KL/MAL/58A03/2018/17,11.347728,76.095533,0.0,142
KL/PTMT/58C/15/2018/14,9.324669444,76.87481667,0.4,16
KL/TSR/58B/06/2019/16,10.50783333,76.33771389,0.215,34
KL/TSR/58B/06/2019/17,10.50971111,76.33816667,0.215,36
KL/TSR/58B/06/2019/23,10.31509722,76.7335,0.515,16
KL/TSR/58B/06/2019/34,10.30290278,76.75796944,0.732,25
KL/TSR/58B/07/2019/04,10.30133333,76.41955556,1.592,9
KL/TSR/58B/07/2019/05,10.30375,76.43389722,1.043,9
KL/TSR/58B/07/2019/06,10.30137778,76.443125,1.043,9
KL/TSR/58B/07/2019/07,10.29847222,76.45830556,1.692,8
KL/TSR/58B/11/2019/11,10.31431944,76.63327778,1.13,9
KL/TSR/58B/11/2019/27,10.29035278,76.67788056,0.349,15
KL/TSR/58B/11/2019/28,10.29038889,76.67469444,0.349,15
KL/TSR/58B/11/2019/29,10.30348056,76.705925,0.693,17
KL/TSR/58B/11/2019/30,10.30573333,76.74543611,0.066,22
KL/TSR/58B/11/2019/31,10.30611944,76.74497778,0.066,22
KL/TSR/58B/11/2019/32,10.30677778,76.74486944,0.074,22
KL/TSR/58B/15/2019/24,10.29346111,76.840075,0.589,38
KL/TSR/58B/15/2019/25,10.29894722,76.832175,0.047,37
KL/TSR/58B/15/2019/26,10.29924167,76.83186667,0.047,37
KL/TSR/58B/15/2019/33,10.301875,76.75135833,0.732,24
KL/TSR/58B/15/2019/35,10.30138333,76.78339444,0.061,27
KL/TSR/58B/15/2019/36,10.29795833,76.82603611,0.443,36
KL/TSR/58B/15/2019/37,10.30053056,76.82913056,0.332,35
KAR/KOD/48P11/2018/15,12.43607306,75.66980889,0.452,116
KAR/KOD/48P15/2018/41,12.4626,75.76325278,0.474,115
H.P./SOL/53F01/2018/09,30.88988889,77.07122222,0.044,339
KAR/KOD/48P11/2018/26,12.41637,75.68655861,0.119,116
KAR/KOD/48P11/2018/27,12.41743806,75.686465,0.119,116
NL/KOH/83K02/2023/58,25.85442778,94.15844444,0.12,48
NL/KOH/83K02/2023/59,25.857991,94.159346,0.18,47
AS/KRP/78N/16/2018/003,26.11266667,91.85388889,0.0,50
AS/KRP/78N16/2018/001,26.112667,91.853889,0.0,50
AS/KRP/78N16/2018/003,26.195306,91.765639,0.0,78
UK_Tehri_Kot_Slide 01,30.59461111,78.68130556,0.02,137
UK_Tehri_Kot_Slide 02,30.59472222,78.68147222,0.02,136
AS/KRP/78N16/2018/002,26.19530556,91.76563889,0.0,78
KL/PTMT/58C/16/2018/41,9.170569444,76.87509167,0.15,14
KL/PTMT/58C/16/2018/42,9.170291667,76.87375278,0.06,14
KL/PTMT/58C/16/2018/44,9.170822222,76.87366111,0.06,14
KL/PTMT/58C/16/2018/45,9.164555556,76.87303056,0.0,12
KL/PTMT/58C/16/2018/46,9.166425,76.87938333,0.659,14
KL/PTMT/58C/16/2018/47,9.167266667,76.86105556,1.01,12
KL/PTMT/58C/16/2018/48,9.176258333,76.85974722,0.369,12
KL/PTMT/58C/16/2018/49,9.177086111,76.863,0.369,12
KL/PTMT/58C/16/2018/50,9.184813889,76.86902778,1.085,14
KL/PTMT/58C/16/2018/51,9.164555556,76.87303056,0.0,12
Tamil Nadu/Dindigul/58F/11/2018/01,10.27858333,77.565575,0.022,117
Tamil Nadu/Dindigul/58F/11/2018/02,10.27690833,77.55985833,0.12,113
Tamil Nadu/Dindigul/58F/11/2018/03,10.26785,77.55747222,0.14,116
Tamil Nadu/Dindigul/58F/11/2018/04,10.26056667,77.467925,1.504,92
Tamil Nadu/Dindigul/58F/7/2018/05,10.25370278,77.47976944,0.427,104
PDLS/25,33.16994444,75.29666667,0.463,56
PDLS/26,33.04477778,75.27886111,0.0,33
PDLS/27,33.04477778,75.27886111,0.0,33
PDLS/28,33.04138889,74.59238889,0.014,8
PDLS/29,33.048,74.61683333,2.382,10
PDLS/20,33.17312778,74.783,3.787,28
NL/DMR/83F-16/2019/01,26.07256,93.928,0.0,15
MEG/EKH/78O8/2019/07,25.23211111,91.37252778,1.631,18
MEG/EKH/78O8/2019/08,25.22194444,91.38422222,0.295,16
MEG/EKH/78O8/2019/11,25.18688889,91.39855556,0.095,14
ML/EKH/78O11/2019-20/03,25.281,91.57330556,0.381,20
ASM/KAM/78N16/2019/03,26.19236111,91.78080556,0.353,78
MEG/EKH/SHILLONG/02,25.56663056,91.91370556,0.082,76
ASM/KAM/78N12/2019/04,26.15805556,91.71258333,0.528,72
MH/PUN/47H10/2021/01,16.69676667,73.57213889,4.661,5
TN/NIL/58A07/2019/22,11.39624444,76.48404167,3.757,11
TN/NIL/58A11/2019/3,11.459491,76.593253,0.218,37
TN/NIL/58A11/2019/4,11.460005,76.591319,0.218,37
TN/NIL/58A11/2019/10,11.46975556,76.56556389,0.06,42
TN/NIL/58A11/2019/11,11.46933889,76.56520833,0.06,42
TN/NIL/58A11/2019/12,11.48909722,76.53898333,0.185,48
TN/NIL/58A11/2019/13,11.49066944,76.52748889,0.011,50
TN/NIL/58A11/2019/9,11.46814444,76.56437778,0.161,42
TN/NIL/58A/11/2019/62,11.36275,76.60348,0.089,130
TN/NIL/58A/11/2019/63,11.34398,76.63676,0.286,183
TN/NIL/58A/11/2019/64,11.36296,76.60427,0.082,131
TN/NIL/58A/11/2019/65,11.36133,76.60171,0.063,129
TN/NIL/58A/11/2019/66,11.32286,76.61794,0.301,168
TN/NIL/58A/11/2019/67,11.32247,76.6224,0.03,175
TN/NIL/58A/11/2019/68,11.32275,76.62117,0.118,174
TN/NIL/58A/11/2019/69,11.34464,76.59638,0.098,133
TN/NIL/58A/11/2019/70,11.34471,76.59548,0.098,133
TN/NIL/58A/11/2019/71,11.35807,76.59917,0.317,129
TN/NIL/58A/11/2019/72,11.36013,76.60118,0.083,129
TN/NIL/58A/11/2019/73,11.36078,76.60156,0.063,129
TN/NIL/58A/11/2019/74,11.35854,76.59167,0.25,120
TN/NIL/58A/11/2019/75,11.36079,76.59161,0.25,122
TN/NIL/58A/11/2019/76,11.34166,76.59664,0.097,133
TN/NIL/58A/11/2019/77,11.33736,76.60422,0.914,159
TN/NIL/58A07/2019/23,11.49186944,76.43094722,0.912,72
TN/NIL/58A07/2019/24,11.43076111,76.49176944,0.79,39
TN/NIL/58A07/2019/25,11.35913611,76.65180833,0.238,197
TN/NIL/58A07/2019/26,11.34962222,76.64144167,0.117,191
TN/NIL/58A07/2019/27,11.31956389,76.62323333,0.111,172
TN/NIL/58A07/2019/33,11.31278333,76.62521111,0.0,174
TN/NIL/58A07/2019/37,11.30400222,76.61938694,0.132,175
TN/NIL/58A07/2019/38,11.30533472,76.61881611,0.114,173
TN/NIL/58A07/2019/40,11.30777778,76.61816667,0.081,169
TN/NIL/58A07/2019/42,11.30527222,76.63084722,0.195,172
TN/NIL/58A07/2019/43,11.29669444,76.63436111,0.842,180
TN/NIL/58A07/2019/44,11.31093611,76.61947778,0.276,169
TN/NIL/58A07/2019/46,11.309525,76.63230278,0.326,175
TN/NIL/58A07/2019/48,11.31774167,76.62316667,0.154,175
TN/NIL/58A07/2019/53,11.49304444,76.45360278,0.029,60
TN/NIL/58A07/2019/54,11.49326667,76.45346667,0.029,60
TN/NIL/58A07/2019/55,11.47850556,76.4215,1.37,88
TN/NIL/58A07/2019/56,11.45208333,76.40720278,1.443,95
TN/NIL/58A07/2019/57,11.44234444,76.39845278,0.528,93
TN/NIL/58A07/2019/58,11.438075,76.39306111,0.034,88
TN/NIL/58A07/2019/59,11.43790556,76.39236111,0.048,88
TN/NIL/58A07/2019/60,11.50833333,76.31916667,0.206,23
TN/NIL/58A07/2019/61,11.34749,76.59668,0.214,132
TN/NIL/58A11/2019/49,11.31813889,76.62159722,0.16,171
TN/NIL/58A11/2019/50,11.32480833,76.61985556,0.27,173
TN/NIL/58A11/2019/51,11.34251667,76.59768611,0.141,134
TN/NIL/58A11/2019/52,11.34599167,76.59545,0.143,132
TN/NIL/58A11/2019/7,11.46818333,76.58011389,0.191,34
3353,13.1280464,75.5153175,0.141,94
3355,13.1485672,75.4586835,0.149,105
HP/CHAM/43P15/2019/13,32.40133889,75.98525278,0.47,123
HP/KAN/52D/03/2019/18,32.25710556,76.07544444,0.536,116
State: Sikkim/District : West District/Toposheet: 78A/03/year: 2019,27.36473056,88.23727778,2.378,40
TN/NIL/58A/11/2019/01,11.40039,76.71645,0.331,189
TN/NIL/58A/11/2019/02,11.39668,76.71731,0.189,198
TN/NIL/58A/11/2019/03,11.39112,76.7178,0.027,212
TN/NIL/58A/11/2019/04,11.39108,76.71756,0.027,211
TN/NIL/58A/11/2019/05,11.39002,76.71868,0.008,223
TN/NIL/58A/11/2019/06,11.38885,76.72575,0.32,264
TN/NIL/58A/11/2019/07,11.38797,76.73164,0.235,286
TN/NIL/58A/15/2019/08,11.38733,76.73406,0.108,288
TN/NIL/58A/15/2019/09,11.347847,76.789084,0.062,366
TN/NIL/58A/15/2019/10,11.348423,76.792504,0.279,362
TN/NIL/58A/15/2019/11,11.34123,76.79759,0.026,342
TN/NIL/58A/15/2019/12,11.33963,76.79743,0.076,342
TN/NIL/58A/15/2019/13,11.33669,76.79845,0.021,340
TN/NIL/58A/15/2019/14,11.33453,76.7958,0.22,340
TN/NIL/58A/15/2019/16,11.33591,76.79098,0.145,353
TN/NIL/58A/15/2019/17,11.33217,76.79413,0.032,340
TN/NIL/58A/15/2019/18,11.3307,76.79916,0.061,335
TN/NIL/58A/15/2019/19,11.32999,76.803,0.238,333
TN/NIL/58A/15/2019/20,11.3353,76.81397,0.022,334
TN/NIL/58A/15/2019/21,11.33449,76.81551,0.032,339
TN/NIL/58A/15/2019/22,11.33815,76.8267,0.12,342
TN/NIL/58A/15/2019/23,11.3392,76.8392,0.197,333
TN/NIL/58A/15/2019/24,11.35161,76.83177,1.035,349
TN/NIL/58A/15/2019/25,11.34167,76.80274,0.267,339
TN/NIL/58A/15/2019/27,11.34065,76.80033,0.106,340
TN/NIL/58A/15/2019/28,11.3416,76.80029,0.029,340
TN/NIL/58A/15/2019/29,11.35857,76.79312,0.179,367
TN/NIL/58A/15/2019/30,11.35724,76.79177,0.03,368
TN/NIL/58A/15/2019/31,11.35744,76.79195,0.03,367
TN/NIL/58A/15/2019/32,11.34342,76.79352,0.171,356
TN/NIL/58A/15/2019/26,11.34165,76.80003,0.029,340
PDLS/40,33.30781389,75.18145,0.149,104
PDLS/22,33.20755556,75.27888889,0.366,53
PDLS/21,32.95769444,75.16283333,0.135,51
Mizoram/Aizawl/84A14/2020/0 01,24.73197222,92.75988889,8.419,1
3344,25.47704743,92.16831285,3.27,27
3345,25.2842285,92.11314877,0.021,22
3348,25.46307925,92.25426106,5.587,18
MEG/WJH/83C3/2020/2,25.44233333,92.19447222,0.128,20
MEG/WJH/83C3/2020/3,25.44177778,92.19558333,0.128,19
MEG/WJH/83C3/2020/5,25.43630556,92.19525,0.342,19
MEG/WJH/83C3/2020/6,25.43505556,92.19836111,0.342,19
MEG/WJH/83C3/2020/7,25.44741667,92.20138889,0.743,19
MEG/WJH/83C3/2020/8,25.45075,92.19452778,0.21,19
MEG/WJH/83C3/2020/9,25.45351667,92.18784722,0.738,19
ASM/CHR/83H01/2020/001,24.92097,93.07306,6.997,3
ASM/HLK/83D09/2020/006,24.79489,92.55506,10.112,0
ASM/HLK/83D10/2020/004,24.70656,92.65008,0.463,2
ASM/HLK/83D10/2020/005,24.73117,92.64739,2.75,2
ASM/KGJ/83D05/2020/0008,24.78002778,92.45372222,0.462,2
ASM/KGJ/83D05/2020/007,24.78380556,92.45563889,0.462,2
ASM/CHR/83D14/2020/0002,24.72192,92.90381,11.926,0
ARN/Papumpare/83E12/2020/0 1,27.08130556,93.61283333,0.156,41
ASM/KAM/78N12/2020/003,26.21305556,91.6925,0.392,48
3351,25.28422636,92.11294194,0.021,22
ASM/KAM/78N16/2020/002,26.09150556,91.87898611,0.569,36
JK/JAM/43L14/2020/32,32.734316,74.872952,0.0,1
JK/JAM/43L14/2021/12,32.734316,74.872952,0.0,1
UK/TehriGarhwal/53J/08/2020/ 01,30.071,78.49072222,0.351,61
JK/UDH/43O04/2021/28,33.00333056,75.21495556,0.141,59
JK/UDH/43O04/2021/29,33.00401667,75.21649444,0.163,59
JK/UDH/43O04/2021/30,33.00307778,75.213475,0.141,59
JK/UDH/43P01/2021/27,32.99101111,75.19445278,0.039,55
AS/UDA/83B01/2021/01,26.89074,92.12068,0.228,1
AS/UDA/83B01/2021/02,26.88969,92.12266,0.228,1
SK/ES/78 A11/IBP-I,27.32888889,88.60777778,0.344,96
MH/SIN/47H07/2021/01A,16.49198889,73.48366944,0.029,4
MH/SIN/47H07/2021/01B,16.49180556,73.48386111,0.029,4
MH/SIN/47H16/2021/08,16.07805,73.87784167,1.875,13
MH/SIN/47H011/2021/02,16.45944444,73.50780556,4.412,4
SK/NS/78 A10/ Bop 1,27.61936111,88.66131389,0.809,35
MII/RAI/47F12/2021/07,18.03822222,73.55033333,1.416,21
MH/RAT/47H05/2021/51,16.89833611,73.32015,4.134,1
UK/MussoorieKemptyfalls/53J/0 3/2021/03,30.422793,78.072472,0.044,94
MH/SIN/47H10/2021/03,16.51114722,73.52661944,2.251,4
MH/RAT/47G01/2021/58,17.78031667,73.14555833,5.052,7
MH/SIN/47H12/2021/05A,16.0024,73.59081944,0.03,3
MH/SIN/47H12/2021/05B,16.002175,73.59096944,0.03,3
MH/RAI/47F12/2021/12,18.04758333,73.56177778,1.414,29
MH/RAI/47G09/2021/15,17.96511111,73.58875,2.098,57
MH/RGD/47F12/2021-22/12,18.08033333,73.51354444,4.656,18
MH/RGD/47F12/2021-22/13,18.06133333,73.58175,2.312,31
MH/RAI/47F12/2021/08,18.00878889,73.53707778,1.227,42
MH/RAI/47F12/2021/10,18.03365833,73.60383889,0.419,30
MH/RAI/47F12/2021/14,18.01436944,73.54708333,1.227,38
MH/RAI/47G09/2021/03,17.94133333,73.55816667,0.896,54
MH/RAI/47G09/2021/05,17.98683333,73.58605556,1.145,54
MlH/RAT/47G10/2021/64,17.58794167,73.668025,0.905,40
MH/RAT/47G10/202 1/82,17.52450278,73.65857778,1.054,41
MH/RAT/47G10/2021/65,17.60334444,73.67849167,0.318,38
MH/RAT/47G10/2021/70,17.57364167,73.68100833,0.757,41
MH/RAT/47G10/2021/71,17.57310278,73.69601667,1.592,36
MH/RAT/47G10/2021/81,17.53805,73.69429444,1.323,38
MH/RAT/47GI0/202I/72,17.57786944,73.67541667,0.0,41
MH/RAT/47G01/2021/59,17.83694444,73.09149722,1.89,5
MH/SAT/47G09/2021-22/26,17.99186111,73.67366667,4.023,19
MH/SAT/47G09/2021-22/42A,17.90808333,73.72808333,0.529,37
MH/SAT/47G09/2021/33A,17.88946111,73.69458333,0.22,58
MH/SAT/47G09/2021/33B,17.88970556,73.69664722,0.22,57
MH/SAT/47G15/2021/17A,17.45248889,73.80168611,0.464,43
MH/SAT/47G15/2021/17B,17.45646667,73.80301667,0.464,40
7364,17.634129,73.653206,1.553,34
7366,17.67867778,73.63783611,0.189,27
7368,17.680125,73.638769,0.189,28
7375,17.626863,73.618628,1.591,42
MH/RAT/47G10/2021/80,17.54953056,73.69101667,0.32,38
MH/SAT/47G14/2021/23B,17.63913889,73.83630556,0.074,14
MH/SAT/47G14/2021/23C,17.63897222,73.83763889,0.142,14
MH/SAT/47G14/2021/25C,17.57166667,73.89536111,0.028,26
MH/SAT/47G09/2021/40,17.899,73.68797222,0.976,62
MH/SAT/47G15/2021/12A,17.27477778,73.815,0.06,19
MH/SAT/47G15/2021/12B,17.27469444,73.81555556,0.028,19
MH/SAT/47G15/2021/12C,17.27455556,73.81577778,0.028,19
MH/SIN/47H10/2021/04,16.50587222,73.50623056,2.251,4
H.P./SIR/53F10/2021,30.59083333,77.65777778,0.224,201
SK/ES/78 A/11/2021/15,27.2533846,88.5489504,0.51,107
SK/ES/78 A/07/2021/14,27.3699335,88.4859279,2.873,43
SK/ES/78 A11/2021/NPB-1,27.28577778,88.5535,0.099,103
SK/ES/78 A11/PB,27.28666667,88.55347222,0.099,103
NL/WKH/83J04/2021/01,26.10694722,94.25328889,0.473,66
JK/Jam/43L13/2021/17,32.839381,74.940761,1.198,4
MEG/EKH/78O15/2022/01,25.296,91.932,0.0,74
MIZ/AZL/2022/49,23.65530556,92.7025,0.13,327
ASM/DH/83G04/2022-23/033,25.1568056,93.019722,0.027,186
ASM/DH/83C15/2023-24/001,25.366255,92.823037,3.368,7
ASM/DH/83C16/2023-24/001,25.117665,92.847709,2.13,33
ASM/DH/83G04/2022-23/015,25.16579,93.00948,0.165,184
ASM/DH/83G04/2022-23/016,25.15859,93.01292,0.214,184
ASM/DH/83G04/2022-23/017,25.16023,93.01084,0.248,184
ASM/DH/83G04/2022-23/021,25.17623,93.01326,0.377,183
ASM/DH/83G04/2022-23/023,25.17136,93.01102,0.381,183
ASM/DH/83G04/2022-23/025,25.16804,93.02503,0.012,189
ASM/DH/83G04/2022-23/027,25.15556,93.021583,0.065,183
ASM/DH/83G04/2022-23/044,25.168083,93.024922,0.012,187
ASM/DH/83G04/2022-23/047,25.162667,93.009806,0.052,184
ASM/DH/83G04/2022-23/014,25.16736,93.00953,0.17,183
ASM/DH/83G04/2022-23/022,25.18919,93.02118,0.123,182
ASM/DH/83G04/2022-23/026,25.158138,93.024778,0.336,185
ASM/DH/83G04/2022-23/032,25.17483,93.019861,0.027,185
ASM/DH/83G04/2022-23/030,25.177416,93.00975,0.377,183
SKM/ES/78 A11/2022/TVP-I1,27.37211111,88.61671944,0.086,99
SK/ES/78 A07/Sherwani 02,27.24297222,88.47055556,0.898,128
ASM/DH/83G03/2023-24/004,25.316197,93.006158,3.279,14
ASM/K(M)/78N16/2022-23/001,26.19322,91.77033,0.522,80
ASM/K(M)/78N16/2022-23/003,26.1916,91.80361,0.007,73
ASM/K(M)/78N16/2022-23/002,26.18789,91.79493,0.626,75
MEG/SG/78K12/2022/03,25.21022222,90.63220278,0.28,2
MH/RAI/47G/05/2022-23/01,17.974175,73.46293333,1.868,30
KA/Kodagu/48P11/2024/06,12.4244,75.6786,0.308,116
TN/COIM/58A11/2022/3,10.36322167,76.98113,0.016,190
UK/MussoorieKemptyfalls/53J/0 3/2021/02,30.418297,78.077244,0.234,95
JK/DOD/43O16/2022/14,33.089997,75.861423,0.064,125
TN/GUD/58A07/2022/06,11.4905,76.5275,0.009,50
TN/GUD/58A07/2022/07,11.4905,76.5325,0.028,49
TN/DD/2022/2,10.30272,77.66003,5.501,18
TN/NIL/58A11/2022/5,11.341462,76.633856,0.074,184
TN/NIL/58A11/2022/6,11.312808,76.625429,0.024,174
TN/NIL/58A11/2022/7,11.30989722,76.62255833,0.208,171
TN/COIM/58A11/2022/1,10.43226139,76.98764083,0.399,119
TN/COIM/58A11/2022/2,10.43735917,76.98563194,0.608,119
TN/DIN/58F12/2022/2,10.22914722,77.55147528,0.251,103
TN/DIN/58F12/2022/3,10.22721806,77.55028417,0.251,101
TN/DIN/58F12/2022/4,10.233872,77.552927,0.404,108
TN/NIL/58A07/2022/4,11.48891,76.537294,0.185,48
TN/NIL/58A07/2022/1,11.497633,76.497433,0.663,51
TN/NIL/58A11/2022/2,11.495153,76.516963,1.088,51
TN/NIL/58A11/2022/3,11.492567,76.453354,0.06,62
SKM/ES/78 A12/2022/Kitgolai,27.21391667,88.60833333,0.034,132
TN/SAL/58I01/2022/4,11.7501675,78.18769167,0.124,11
TN/SAL/58I01/2022/5,11.75093778,78.18851,0.124,11
TN/SAL/58I01/2022/6,11.76150028,78.188325,0.179,11
TN/SAL/58I01/2022/7,11.76307472,78.18866333,0.087,11
TN/SAL/58I01/2022/8,11.76376111,78.18828694,0.086,11
TN/SAL/58I012022/9,11.7645275,78.18838167,0.086,11
TN/SAL/58I02/2022/1,11.74043917,78.18203667,0.813,8
TN/SAL/58I02/2022/2,11.74705472,78.185225,0.219,11
TN/SAL/58I03/2022/3,11.7484725,78.18662694,0.219,11
TN/SAL/58I05/2022/10,11.77961444,78.27011667,0.445,10
TN/SAL/58I05/2022/11,11.77561444,78.270105,0.067,10
TN/SAL/58I05/2022/12,11.77557639,78.26948667,0.067,10
TN/DD/2022/1,10.27456,77.61869,4.262,80
NL/KOH/83K02/2022/002,25.712031,94.089791,0.117,264
NL/KOH/83K02/2022/003,25.7491204,94.0804548,0.0,218
NL/KOH/83K02/2022/004,25.7179491,94.0917724,0.0,264
NL/KOH/83G13/2022/006,25.771451,93.907041,0.068,57
SKM/ES/78 A12/2022/Basnettgaon,27.24883333,88.60191667,0.452,113
NL/KOH/83G13/2022/005,25.770055,93.937873,0.002,65
TN/DD/2022/10,10.23826,77.50792,0.076,100
TN/DD/2022/3,10.2543,77.33308,0.231,43
TN/DD/2022/4,10.22302,77.34488,0.197,46
TN/DD/2022/5,10.22713,77.33827,0.843,47
TN/DD/2022/6,10.22466,77.34555,0.197,46
TN/DD/2022/7,10.24369,77.33454,0.042,47
TN/DD/2022/9,10.23786,77.50736,0.076,99
NL/KOH/83K02/2022/010,25.770064,93.937891,0.002,65
MIZ/AZL/2022/39,22.91452778,92.89333333,1.801,57
TN/DD/2022/8,10.23888,77.49593,0.984,97
SKM/ Namchi/78 A07/2022/01,27.30140833,88.3916,0.566,67
SKM/ Soreng/78 A08/2022/01,27.14871944,88.28128889,0.85,304
TN/NIL/58A15/2022/01,11.3366,76.8261,0.037,340
TN/NIL/58A15/2022/02,11.3355,76.81671,0.102,344
TN/NIL/58A15/2022/03,11.3345,76.8158,0.032,340
TN/NIL/58A15/2022/04,11.3356,76.8146,0.015,337
TN/NIL/58A15/2022/05,11.3355,76.814,0.022,335
TN/NIL/58A15/2022/06,11.3353,76.8135,0.021,330
TN/NIL/58A15/2022/07,11.335,76.8127,0.042,329
TN/NIL/58A15/2022/08,11.3312,76.7994,0.01,335
TN/NIL/58A15/2022/09,11.3495,76.786,0.009,368
TN/NIL/58A15/2022/10,11.3497,76.7855,0.013,368
TN/NIL/58A15/2022/11,11.360667,76.781267,0.008,378
TN/NIL/58A15/2022/12,11.3492,76.787,0.031,369
TN/NIL/58A15/2022/13,11.342,76.8308,0.228,346
TN/NIL/58A15/2022/14,11.3428,76.8287,0.228,345
TN/NIL/58A15/2022/15,11.341,76.8277,0.228,346
TN/NIL/58A15/2022/16,11.3389,76.8253,0.164,347
TN/NIL/58A15/2022/17,11.3387,76.822,0.161,346
TN/NIL/58A15/2022/18,11.3408,76.8325,0.228,344
TN/NIL/58A15/2022/19,11.3499,76.8478,0.086,343
TN/NIL/58A15/2022/20,11.3494,76.8484,0.04,343
TN/NIL/58A15/2022/21,11.3491,76.8486,0.04,343
TN/NIL/58A15/2022/22,11.3575,76.7837,0.275,379
TN/NIL/58A15/2022/23,11.3428,76.8665,0.291,373
TN/NIL/58A15/2022/24,11.3485,76.8699,0.675,371
TN/NIL/58A15/2022/25,11.3444,76.861345,0.036,377
LS1,30.71027778,78.46675,0.097,67
MEG/EKH/78O15/2023/01,25.365263,91.878497,0.255,87
MIZ/AZL/2023/152,23.49991667,92.70136111,0.027,238
MZ/AZL/84A/10/2023/01,23.74150833,92.70785833,0.032,329
MIZ/AZL/2023/142,23.57166667,92.71083333,0.042,274
MIZ/AZL/2023/145,23.55944444,92.70833333,0.344,250
KA/DK/48P1/2024/04,12.87813611,75.03807222,3.549,6
HP/Man-kul/2024/6,31.99953056,77.1265,0.801,97
JK/KAT/43P9/2023/07,32.704972,75.809583,0.263,107
JK/KAT/43P9/2023/05,32.693347,75.783772,0.048,110
MH/PUN/47F01/2024/01,18.93247222,73.23425,8.011,9
MH/KOL/47L02/2025/01,16.634207,74.064669,0.152,5
MIZ/AZL/2024/649,23.77166667,92.84805556,0.258,152
MIZ/KOL/2023/164,23.00638889,92.67691667,0.205,50
MIZ/AZL/2023/85,24.27138889,92.96,0.921,60
MIZ/AZL/2023/144,23.58591667,92.71777778,0.118,306
MIZ/AZL/2023/149,23.535,92.69694444,0.062,246
MIZ/AZL/2023/150,23.53333333,92.69722222,0.068,240
UK/RDP/53N02/2023/01,30.652,79.0244,0.255,95
MIZ/AZL/2023/151,23.52972222,92.69611111,0.084,239
MIZ/AZL/2023/146,23.54380556,92.70136111,0.032,246
MIZ/AZL/2023/147,23.54027778,92.70138889,0.0,240
MIZ/AZL/2023/148,23.53986111,92.70063889,0.067,240
MIZ/AZL/2023/143,23.58388889,92.71722222,0.232,303
UK/RDP/53N02/2023/04,30.61,79.01,0.491,101
MIZ/AZL/2023/153,23.5,92.70111111,0.027,238
MEG/WJH/83C03/2023-24/2,25.41955556,92.16194444,2.002,18
MIZ/AZL/2024/472,23.54166667,92.66472222,0.085,239
MIZ/KOL/2023/158,23.05805556,92.67583333,0.862,90
HP/SOLAN/53B/13/2025/09,30.981344,76.977305,0.219,165
MIZ/AZL/2023/81,23.51980556,92.70066667,0.042,232
HP/KUL/53E7/2023/14,31.46975,77.36669444,0.374,58
HP/KUL/53E7/2023/15,31.473,77.36772222,0.374,60
HP/SOL/53B13/2023/,30.970355,76.992139,0.52,193
UK/CHAM/53N07/2023/44,30.43675,79.42864,1.298,50
HP/SOLAN/53B/13/2025/03,30.90009,76.930137,0.593,254
NL/MON/83J15/2014/09,26.39936,94.94553,0.948,39
UK/CHAM/53N07/2023/38,30.35608,78.31892,4.818,1
UK/CHAM/53N07/2023/45,30.4777,78.4671,3.555,33
NL/KOH/83G13/2023/03,25.76618333,93.94043611,0.207,65
MIZ/KOL/2023/160,23.05222222,92.67027778,0.544,59
MIZ/KOL/2023/162,23.03016667,92.67336111,0.823,48
MIZ/KOL/2023/157,23.93027778,92.6525,0.187,64
MIZ/KOL/2023/163,23.02280556,92.67255556,0.823,49
MZ/AZL/84A10/2024/044,23.7175,92.71972222,0.132,356
JK/RAM/43O3/2023/08,33.365063,75.183576,0.281,71
MIZ/AZL/2024/345,23.61583333,92.79111111,0.146,186
MIZ/KOL/2023/169,23.91777778,92.73805556,0.164,65
MIZ/KOL/2023/170,23.89638889,92.73638889,0.788,52
MZ/AZL/84A10/2024/055,23.64638889,92.72638889,0.091,323
NL/KOH/83K02/2023/19,25.66754722,94.08075278,0.713,260
SKM/MAN/78A11/11/2023,27.40251944,88.51868056,0.606,51
JK/RAM/43O3/2023/10,33.388583,75.201361,0.773,60
JK/RAM/43O3/2023/13,33.332022,75.200139,0.019,82
JK/RAM/43O4/2023/12,33.23526,75.2456,0.054,62
MIZ/AZL/2023/155,23.78138889,92.67638889,1.066,226
TN/Nil/2023/CSF-1,11.33833,76.87086,0.346,348
TN/Nil/2023/CSF-10,11.34083,76.85725,0.024,367
TN/Nil/2023/CSF-11,11.34097,76.85692,0.025,368
TN/Nil/2023/CSF-12,11.33972,76.84953,0.063,335
TN/Nil/2023/CSF-13,11.34036,76.84983,0.016,335
TN/Nil/2023/CSF-14,11.34183,76.85008,0.037,339
TN/Nil/2023/CSF-15,11.34244,76.85006,0.031,340
TN/Nil/2023/CSF-16,11.34419,76.84842,0.14,340
TN/Nil/2023/CSF-17,11.34242,76.84642,0.055,333
TN/Nil/2023/CSF-18,11.3423,76.84593,0.055,333
TN/Nil/2023/CSF-19,11.33889,76.84272,0.128,327
TN/Nil/2023/CSF-2,11.34019,76.86667,0.163,369
TN/Nil/2023/CSF-20,11.33975,76.84194,0.109,329
TN/Nil/2023/CSF-21,11.33969,76.84094,0.109,330
TN/Nil/2023/CSF-22,11.33525,76.82756,0.061,336
TN/Nil/2023/CSF-23,11.33578,76.82769,0.036,336
TN/Nil/2023/CSF-24,11.33675,76.82814,0.041,339
TN/Nil/2023/CSF-25,11.33844,76.82786,0.013,344
TN/Nil/2023/CSF-26,11.33675,76.82742,0.04,338
TN/Nil/2023/CSF-27,11.33589,76.82678,0.056,336
TN/Nil/2023/CSF-28,11.33647,76.82564,0.052,340
TN/Nil/2023/CSF-29,11.33728,76.82531,0.03,342
TN/Nil/2023/CSF-3,11.34039,76.86431,0.058,373
TN/Nil/2023/CSF-30,11.33736,76.82425,0.007,344
TN/Nil/2023/CSF-31,11.33736,76.82419,0.007,344
TN/Nil/2023/CSF-32,11.33578,76.81989,0.122,344
TN/Nil/2023/CSF-33,11.33475,76.8195,0.085,343
TN/Nil/2023/CSF-34,11.33492,76.81864,0.037,342
TN/Nil/2023/CSF-35,11.33492,76.82417,0.216,338
TN/Nil/2023/CSF-36,11.33439,76.81717,0.044,341
TN/Nil/2023/CSF-37,11.33477,76.81732,0.004,341
TN/Nil/2023/CSF-38,11.33477,76.81728,0.004,341
TN/Nil/2023/CSF-39,11.33428,76.81322,0.065,329
TN/Nil/2023/CSF-4,11.34025,76.86203,0.041,373
TN/Nil/2023/CSF-40,11.33558,76.815,0.044,339
TN/Nil/2023/CSF-41,11.33547,76.81456,0.007,336
TN/Nil/2023/CSF-42,11.33547,76.8145,0.007,336
TN/Nil/2023/CSF-43,11.33528,76.81331,0.021,330
TN/Nil/2023/CSF-44,11.33536,76.81286,0.005,329
TN/Nil/2023/CSF-45,11.33536,76.81281,0.005,329
TN/Nil/2023/CSF-46,11.33433,76.81244,0.08,329
TN/Nil/2023/CSF-47,11.33231,76.80869,0.083,327
TN/Nil/2023/CSF-48,11.33042,76.80783,0.036,328
TN/Nil/2023/CSF-49,11.32925,76.80642,0.201,329
TN/Nil/2023/CSF-5,11.33842,76.86083,0.036,371
TN/Nil/2023/CSF-50,11.33147,76.80142,0.163,335
TN/Nil/2023/CSF-51,11.33128,76.79947,0.003,335
TN/Nil/2023/CSF-52,11.33128,76.79944,0.003,335
TN/Nil/2023/CSF-53,11.33244,76.79422,0.032,340
TN/Nil/2023/CSF-54,11.33461,76.79083,0.145,351
TN/Nil/2023/CSF-55,11.33372,76.79764,0.054,338
TN/Nil/2023/CSF-56,11.33406,76.79825,0.007,338
TN/Nil/2023/CSF-57,11.33406,76.79831,0.007,338
TN/Nil/2023/CSF-58,11.33597,76.79875,0.066,338
TN/Nil/2023/CSF-59,11.33646,76.79841,0.013,340
TN/Nil/2023/CSF-6,11.33814,76.86067,0.036,369
TN/Nil/2023/CSF-60,11.34025,76.79775,0.004,342
TN/Nil/2023/CSF-61,11.34058,76.79775,0.034,342
TN/Nil/2023/CSF-62,11.341,76.79756,0.026,342
TN/Nil/2023/CSF-63,11.34175,76.79606,0.055,347
TN/Nil/2023/CSF-64,11.34181,76.79556,0.039,351
TN/Nil/2023/CSF-65,11.34208,76.79533,0.039,352
TN/Nil/2023/CSF-66,11.34481,76.79025,0.021,362
TN/Nil/2023/CSF-67,11.345,76.79022,0.021,362
TN/Nil/2023/CSF-68,11.34569,76.78942,0.041,364
TN/Nil/2023/CSF-69,11.34597,76.78917,0.041,365
TN/Nil/2023/CSF-7,11.33906,76.8575,0.038,367
TN/Nil/2023/CSF-70,11.34758,76.78822,0.099,367
TN/Nil/2023/CSF-71,11.3495,76.78722,0.011,369
TN/Nil/2023/CSF-72,11.34973,76.7869,0.043,369
TN/Nil/2023/CSF-73,11.34958,76.78603,0.009,368
TN/Nil/2023/CSF-74,11.34961,76.78558,0.013,368
TN/Nil/2023/CSF-75,11.35036,76.78528,0.077,369
TN/Nil/2023/CSF-76,11.35256,76.78483,0.084,374
TN/Nil/2023/CSF-77,11.35333,76.785,0.003,374
TN/Nil/2023/CSF-78,11.35414,76.78528,0.095,374
TN/Nil/2023/CSF-79,11.35983,76.78161,0.024,378
TN/Nil/2023/CSF-8,11.33956,76.85731,0.036,367
TN/Nil/2023/CSF-80,11.36067,76.78136,0.01,378
TN/Nil/2023/CSF-81,11.36231,76.7795,0.108,378
TN/Nil/2023/CSF-82,11.36292,76.77873,0.108,377
TN/Nil/2023/CSF-83,11.36631,76.77342,0.128,369
TN/Nil/2023/CSF-84,11.36644,76.77225,0.067,367
TN/Nil/2023/CSF-85,11.3665,76.77164,0.043,366
TN/Nil/2023/CSF-86,11.3665,76.77125,0.043,366
TN/Nil/2023/CSF-87,11.36659,76.77039,0.094,367
TN/Nil/2023/CSF-88,11.36706,76.76914,0.146,362
TN/Nil/2023/CSF-89,11.36689,76.76739,0.192,363
TN/Nil/2023/CSF-9,11.34003,76.85708,0.058,366
TN/Nil/2023/CSF-90,11.34333,76.79572,0.145,352
TN/Nil/58A11/2023/100,11.3837739,76.89157885,0.118,240
TN/Nil/58A11/2023/101,11.38272038,76.89171657,0.026,241
TN/Nil/58A11/2023/102,11.3825477,76.89280582,0.097,237
TN/Nil/58A11/2023/103,11.38051118,76.89818045,0.227,220
TN/Nil/58A11/2023/104,11.38437302,76.90040614,0.493,213
TN/Nil/58A11/2023/105,11.37317615,76.90097896,0.425,215
TN/Nil/58A11/2023/106,11.36943894,76.90015075,0.389,220
TN/Nil/58A11/2023/107,11.36671495,76.89784123,0.024,238
TN/Nil/58A11/2023/108,11.36658063,76.89767177,0.024,238
TN/Nil/58A11/2023/109,11.36596682,76.89974834,0.224,228
TN/Nil/58A11/2023/110,11.36495906,76.90157783,0.229,222
TN/Nil/58A11/2023/111,11.36400221,76.9098213,0.336,199
TN/Nil/58A11/2023/112,11.36353226,76.9128616,0.184,192
TN/Nil/58A11/2023/113,11.36272917,76.91433431,0.184,184
TN/Nil/58A11/2023/114,11.36182795,76.91594312,0.197,175
TN/Nil/58A11/2023/115,11.3607386,76.91736774,0.197,168
TN/Nil/58A11/2023/116,11.36128851,76.91924593,0.209,167
TN/Nil/58A11/2023/117,11.35951023,76.91986142,0.062,166
TN/Nil/58A11/2023/118,11.35895452,76.91988671,0.062,166
TN/Nil/58A11/2023/119,11.35891845,76.92087799,0.063,165
TN/Nil/58A11/2023/120,11.35896363,76.92145754,0.063,163
TN/Nil/58A11/2023/121,11.35744628,76.92692457,0.569,157
TN/Nil/58A11/2023/122,11.35687261,76.93210853,0.116,152
TN/Nil/58A11/2023/123,11.35629482,76.93299509,0.116,151
TN/Nil/58A11/2023/124,11.35809188,76.93395232,0.197,149
TN/Nil/58A11/2023/125,11.35886681,76.93557575,0.197,149
TN/Nil/58A11/2023/126,11.3599745,76.93761436,0.056,145
TN/Nil/58A11/2023/127,11.36019869,76.93834319,0.066,145
TN/Nil/58A11/2023/128,11.35951049,76.93782025,0.056,145
TN/Nil/58A11/2023/129,11.35879872,76.93760927,0.082,146
TN/Nil/58A11/2023/130,11.3596238,76.93847834,0.066,145
TN/Nil/58A11/2023/131,11.36079743,76.93940047,0.079,138
TN/Nil/58A11/2023/132,11.36052844,76.94006873,0.079,134
TN/Nil/58A11/2023/133,11.36007456,76.94174795,0.052,132
TN/Nil/58A11/2023/134,11.35988891,76.94218111,0.052,131
TN/Nil/58A11/2023/135,11.35992556,76.94277581,0.002,131
TN/Nil/58A11/2023/136,11.3613242,76.94567928,0.057,127
TN/Nil/58A11/2023/137,11.35991999,76.9427611,0.002,131
TN/Nil/58A11/2023/138,11.36168682,76.94604898,0.057,127
TN/Nil/58A11/2023/139,11.36209752,76.94641095,0.06,120
TN/Nil/58A11/2023/140,11.36256559,76.94760942,0.141,119
TN/Nil/58A11/2023/141,11.36214007,76.94926543,0.0,116
TN/Nil/58A11/2023/142,11.36206926,76.9497801,0.055,115
TN/Nil/58A11/2023/143,11.36176027,76.95017151,0.055,115
TN/Nil/58A11/2023/144,11.36127232,76.95066827,0.077,114
TN/Nil/58A11/2023/145,11.36214007,76.94926543,0.0,116
TN/Nil/58A11/2023/146,11.36054865,76.94816795,0.199,118
TN/Nil/58A11/2023/147,11.35960568,76.94661845,0.062,125
TN/Nil/58A11/2023/148,11.35914057,76.94630165,0.062,126
TN/Nil/58A11/2023/149,11.35809154,76.94533891,0.09,127
TN/Nil/58A11/2023/150,11.35649634,76.94579092,0.129,126
TN/Nil/58A11/2023/151,11.35763256,76.94602336,0.073,127
TN/Nil/58A11/2023/152,11.35774289,76.94668593,0.073,125
TN/Nil/58A11/2023/153,11.35811507,76.94959631,0.081,116
TN/Nil/58A11/2023/154,11.35793098,76.94887613,0.049,117
TN/Nil/58A11/2023/155,11.35760003,76.94858135,0.049,117
TN/Nil/58A11/2023/156,11.35746737,76.9480396,0.049,117
TN/Nil/58A11/2023/157,11.35730415,76.94762268,0.049,117
TN/Nil/58A11/2023/158,11.35708672,76.9470253,0.032,124
TN/Nil/58A11/2023/159,11.35680547,76.94697583,0.032,124
TN/Nil/58A11/2023/160,11.35473266,76.94561356,0.197,126
TN/Nil/58A11/2023/161,11.35444989,76.94379168,0.092,129
TN/Nil/58A11/2023/162,11.35488905,76.9430774,0.065,130
TN/Nil/58A11/2023/163,11.35450826,76.94263034,0.065,131
TN/Nil/58A11/2023/164,11.35346901,76.94214577,0.127,131
TN/Nil/58A11/2023/165,11.34981179,76.9411861,0.035,135
TN/Nil/58A11/2023/166,11.34967677,76.94147878,0.035,134
TN/Nil/58A11/2023/167,11.34962812,76.94181618,0.037,132
TN/Nil/58A11/2023/168,11.34893439,76.94316226,0.052,130
TN/Nil/58A11/2023/169,11.34853389,76.94340348,0.04,130
TN/Nil/58A11/2023/170,11.34824292,76.94361365,0.026,130
TN/Nil/58A11/2023/171,11.34809917,76.94380445,0.026,130
TN/Nil/58A11/2023/172,11.34777823,76.94398539,0.041,129
TN/Nil/58A11/2023/173,11.34765289,76.94450377,0.058,129
TN/Nil/58A11/2023/174,11.34700889,76.94478131,0.078,128
TN/Nil/58A11/2023/175,11.34612638,76.94402605,0.016,130
TN/Nil/58A11/2023/176,11.34619369,76.94389937,0.016,130
TN/Nil/58A11/2023/177,11.34641057,76.9435889,0.018,130
TN/Nil/58A11/2023/178,11.34653207,76.94348491,0.018,130
TN/Nil/58A11/2023/179,11.34677326,76.94266173,0.094,130
TN/Nil/58A11/2023/180,11.34687267,76.94157503,0.119,135
TN/Nil/58A11/2023/181,11.34493399,76.93814992,0.277,145
TN/Nil/58A11/2023/182,11.34263136,76.93718243,0.245,147
TN/Nil/58A11/2023/91,11.41479928,76.87340635,0.588,172
TN/Nil/58A11/2023/92,11.40396239,76.8755371,0.786,245
TN/Nil/58A11/2023/93,11.39869649,76.88035008,0.247,242
TN/Nil/58A11/2023/94,11.39647571,76.88035008,0.247,252
TN/Nil/58A11/2023/95,11.39428321,76.88478423,0.376,239
TN/Nil/58A11/2023/96,11.39101342,76.88567563,0.376,244
TN/Nil/58A11/2023/97,11.39004228,76.89137908,0.374,228
TN/Nil/58A11/2023/98,11.38678231,76.89223945,0.323,230
TN/Nil/58A11/2023/99,11.38445676,76.89046944,0.143,243
JK/RAM/43O3/2023/14,33.351361,75.177917,0.542,74
JK/ BUD/43J16/2024/18,34.02194444,74.7625,21.135,0
JK/RAM/43O3/2024/20,33.36625,75.18625,0.281,71
JK/RAM/43O3/2024/22,33.362619,75.175742,0.777,69
ARA/DIB/82P15/2024/01,28.38919722,95.92776111,3.875,17
JK/RAM/43O04/2024/01,33.24235,75.20798889,0.831,78
JK/REA/43K16/2024/14,33.14553,74.97701,2.593,11
TN/CBE/58B15/2024/01,10.447257,76.984351,0.33,108
TN/CBE/58B15/2024/02,10.451245,76.981973,0.081,105
TN/CBE/58B15/2024/03,10.451802,76.981495,0.081,104
TN/CBE/58B15/2024/04,10.450891,76.976945,0.151,106
TN/CBE/58B15/2024/05,10.449755,76.976183,0.151,106
TN/CBE/58B15/2024/06,10.450355,76.979802,0.069,105
TN/CBE/58B15/2024/07,10.450497,76.97869,0.123,106
TN/CBE/58B15/2024/08,10.450672,76.98034,0.069,105
TN/CBE/58B15/2024/09,10.431505,76.98407,0.399,119
AS/K(M)/76N16/2024/01,26.19044,91.77502,0.561,80
MIZ/AZL/2024/358,23.60111111,92.75888889,0.093,264
MEG/EKH/78O14/2024/01,25.6251,91.9118,2.228,89
7246,25.68798889,91.65838889,0.032,41
7247,25.68805,91.66653,0.095,41
6892,25.39295833,91.55163333,2.015,9
ME/SWK/2025/4,25.40288611,91.43424167,2.448,9
MIZ/AZL/2024/220,23.60861111,92.85055556,0.034,85
MIZ/AZL/2024/228,23.73222222,92.75,0.031,340
MIZ/AZL/2024/229,23.73194444,92.75,0.031,342
MIZ/AZL/2024/230,23.74083333,92.74111111,0.13,332
MIZ/AZL/2024/235,23.76972222,92.74472222,0.388,300
MIZ/AZL/2024/247,23.74916667,92.69416667,0.073,285
MIZ/AZL/2024/254,23.69277778,92.72055556,0.062,366
MIZ/AZL/2024/265,23.70972222,92.72222222,0.077,362
MIZ/AZL/2024/266,23.69944444,92.71972222,0.183,360
MIZ/AZL/2024/278,23.66416667,92.72055556,0.337,377
MIZ/AZL/2024/279,23.66055556,92.72527778,0.129,373
MIZ/AZL/2024/280,23.66,92.72638889,0.064,375
MIZ/AZL/2024/281,23.65527778,92.72694444,0.154,369
MIZ/AZL/2024/282,23.65138889,92.72694444,0.377,348
MIZ/AZL/2024/283,23.64555556,92.72444444,0.126,315
MIZ/AZL/2024/285,23.64444444,92.72527778,0.084,307
MIZ/AZL/2024/286,23.64166667,92.72416667,0.109,298
MIZ/AZL/2024/287,23.64083333,92.72472222,0.109,290
MIZ/AZL/2024/288,23.6375,92.72277778,0.164,292
MIZ/AZL/2024/294,23.62611111,92.72638889,0.397,301
MIZ/AZL/2024/295,23.6325,92.72388889,0.154,305
MIZ/AZL/2024/297,23.62972222,92.72555556,0.113,307
MIZ/AZL/2024/302,23.61611111,92.71722222,0.127,309
MIZ/AZL/2024/305,23.61861111,92.72611111,0.15,307
MIZ/AZL/2024/306,23.60555556,92.725,0.179,304
MIZ/AZL/2024/312,23.59194444,92.75055556,1.257,267
MIZ/AZL/2024/313,23.595,92.81611111,0.157,98
MIZ/AZL/2024/319,23.60861111,92.80972222,0.012,141
MIZ/AZL/2024/323,23.60972222,92.80916667,0.117,144
MIZ/AZL/2024/324,23.61361111,92.80777778,0.254,149
MIZ/AZL/2024/327,23.61222222,92.80527778,0.219,158
MIZ/AZL/2024/328,23.61138889,92.80333333,0.219,164
MIZ/AZL/2024/342,23.61611111,92.79777778,0.17,178
MIZ/AZL/2024/343,23.61472222,92.79583333,0.251,179
MIZ/AZL/2024/344,23.615,92.79222222,0.146,181
MIZ/AZL/2024/346,23.61861111,92.79,0.15,201
MIZ/AZL/2024/350,23.62333333,92.78888889,0.031,210
MIZ/AZL/2024/352,23.62527778,92.78638889,0.315,218
MIZ/AZL/2024/365,23.59527778,92.71722222,0.314,302
MIZ/AZL/2024/366,23.59055556,92.71611111,0.042,301
MIZ/AZL/2024/367,23.59027778,92.71583333,0.042,300
MIZ/AZL/2024/382,23.57138889,92.70972222,0.085,268
MIZ/AZL/2024/383,23.57055556,92.70888889,0.093,263
MIZ/AZL/2024/384,23.57027778,92.70722222,0.173,262
MIZ/AZL/2024/385,23.55388889,92.70472222,0.084,247
MIZ/AZL/2024/386,23.55444444,92.70527778,0.084,246
MIZ/AZL/2024/389,23.55,92.70444444,0.031,250
MIZ/AZL/2024/390,23.53222222,92.735,0.188,237
MIZ/AZL/2024/401,23.53555556,92.72333333,0.556,239
MIZ/AZL/2024/409,23.54833333,92.71083333,0.542,250
MIZ/AZL/2024/414,23.54888889,92.70555556,0.105,250
MIZ/AZL/2024/415,23.545,92.70333333,0.085,246
MIZ/AZL/2024/416,23.54027778,92.70138889,0.0,240
MIZ/AZL/2024/420,23.53694444,92.6975,0.031,248
MIZ/AZL/2024/421,23.53611111,92.69777778,0.068,247
MIZ/AZL/2024/422,23.53555556,92.69694444,0.062,246
MIZ/AZL/2024/426,23.53027778,92.69666667,0.084,239
MIZ/AZL/2024/427,23.52861111,92.6975,0.146,239
MIZ/AZL/2024/428,23.52777778,92.69861111,0.146,238
MIZ/AZL/2024/431,23.52277778,92.70277778,0.394,236
MIZ/AZL/2024/435,23.51444444,92.69805556,0.097,231
MIZ/AZL/2024/437,23.51055556,92.69972222,0.275,231
MIZ/AZL/2024/438,23.50861111,92.69805556,0.251,232
MIZ/AZL/2024/439,23.50694444,92.69638889,0.109,232
MIZ/AZL/2024/441,23.50527778,92.6975,0.109,233
MIZ/AZL/2024/444,23.55027778,92.70444444,0.031,250
MIZ/AZL/2024/454,23.54305556,92.70055556,0.117,245
MIZ/AZL/2024/459,23.53972222,92.69944444,0.123,240
MIZ/AZL/2024/460,23.53777778,92.69833333,0.117,249
MIZ/AZL/2024/465,23.54277778,92.67638889,0.042,236
MIZ/AZL/2024/469,23.54277778,92.67472222,0.17,233
MIZ/AZL/2024/471,23.54333333,92.66472222,0.173,235
MIZ/AZL/2024/474,23.53944444,92.66527778,0.09,241
MIZ/AZL/2024/476,23.53888889,92.6625,0.093,240
MIZ/AZL/2024/483,23.53944444,92.65888889,0.062,232
MIZ/AZL/2024/484,23.53611111,92.65527778,0.403,235
MIZ/AZL/2024/489,23.45083333,92.6825,0.062,161
MIZ/AZL/2024/498,23.44805556,92.68333333,0.261,153
MIZ/AZL/2024/500,23.44333333,92.68527778,0.291,143
MIZ/AZL/2024/503,23.42722222,92.71277778,0.085,145
MIZ/AZL/2024/505,23.41694444,92.71805556,0.235,142
MIZ/AZL/2024/511,23.41,92.74944444,0.156,137
MIZ/AZL/2024/526,23.37972222,92.75166667,0.579,131
MIZ/AZL/2024/534,23.35694444,92.77027778,0.062,151
MIZ/AZL/2024/535,23.35638889,92.77027778,0.062,150
MIZ/AZL/2024/539,23.39166667,92.75527778,0.09,137
MIZ/AZL/2024/548,23.43194444,92.76083333,0.097,152
MIZ/AZL/2024/552,23.44138889,92.77888889,1.211,176
MIZ/AZL/2024/559,23.48555556,92.70305556,0.026,228
MIZ/AZL/2024/561,23.49083333,92.70555556,0.041,228
MIZ/AZL/2024/567,23.49861111,92.70388889,0.072,240
MIZ/AZL/2024/571,23.68277778,92.8575,0.031,162
MIZ/AZL/2024/572,23.68305556,92.8575,0.031,161
MIZ/AZL/2024/576,23.68638889,92.85833333,0.191,150
MIZ/AZL/2024/578,23.69472222,92.85972222,0.057,135
MIZ/AZL/2024/579,23.71416667,92.85805556,0.057,137
MIZ/AZL/2024/582,23.72722222,92.85472222,0.204,148
MIZ/AZL/2024/583,23.72972222,92.85305556,0.068,153
MIZ/AZL/2024/586,23.73111111,92.84638889,0.258,172
MIZ/AZL/2024/587,23.73361111,92.84305556,0.439,175
MIZ/AZL/2024/599,23.73833333,92.81333333,0.124,237
MIZ/AZL/2024/601,23.73472222,92.81333333,0.137,236
MIZ/AZL/2024/605,23.73,92.75833333,0.028,355
MIZ/AZL/2024/608,23.73055556,92.75861111,0.057,356
MIZ/AZL/2024/621,23.72222222,92.79861111,0.126,330
MIZ/AZL/2024/638,23.73583333,92.85194444,0.272,158
MIZ/AZL/2024/645,23.77777778,92.8479,0.054,149
MIZ/AZL/2024/647,23.7775,92.84833333,0.054,149
MIZ/AZL/2024/648,23.77833333,92.84666667,0.14,150
MIZ/AZL/2024/652,23.77361111,92.84944444,0.153,153
MIZ/AZL/2024/657,23.82638889,92.8325,0.124,105
MIZ/AZL/2024/661,23.84777778,92.83694444,0.609,96
MIZ/AZL/2024/754,23.10172778,93.20231944,0.096,36
MIZ/AZL/2024/760,23.09561111,93.20786389,0.38,37
MIZ/AZL/2024/768,23.110975,93.21260278,0.318,44
MIZ/AZL/84A15/2025/016,23.410771,92.753123,0.104,144
MZ/AZL/84A09/2024/111,23.77305556,92.74361111,0.388,303
MZ/AZL/84A10/2024/001,23.73888889,92.69638889,0.071,313
MZ/AZL/84A10/2024/002,23.73947222,92.69666667,0.071,314
MZ/AZL/84A10/2024/0028,23.71740833,92.70644167,0.025,347
MZ/AZL/84A10/2024/003,23.74027778,92.69722222,0.106,315
MZ/AZL/84A10/2024/004,23.74066667,92.69336111,0.134,309
MZ/AZL/84A10/2024/005,23.7385748,92.6941941,0.122,311
MZ/AZL/84A10/2024/006,23.74472222,92.69277778,0.191,294
MZ/AZL/84A10/2024/007,23.74116667,92.69455556,0.134,309
MZ/AZL/84A10/2024/008,23.7375,92.69444444,0.081,311
MZ/AZL/84A10/2024/009,23.73386111,92.69491667,0.096,312
MZ/AZL/84A10/2024/010,23.72669444,92.69519444,0.7,320
MZ/AZL/84A10/2024/011,23.73361111,92.69388889,0.108,311
MZ/AZL/84A10/2024/012,23.73472222,92.695,0.033,312
MZ/AZL/84A10/2024/014,23.73305556,92.69944444,0.188,319
MZ/AZL/84A10/2024/015,23.74972222,92.69833333,0.315,289
MZ/AZL/84A10/2024/016,23.73111111,92.70222222,0.17,331
MZ/AZL/84A10/2024/017,23.73111111,92.70388889,0.17,334
MZ/AZL/84A10/2024/018,23.73333333,92.70527778,0.285,332
MZ/AZL/84A10/2024/020,23.73583333,92.69777778,0.187,317
MZ/AZL/84A10/2024/021,23.73132778,92.70821944,0.184,333
MZ/AZL/84A10/2024/022,23.72428333,92.70737778,0.184,341
MZ/AZL/84A10/2024/023,23.72276944,92.70665,0.184,342
MZ/AZL/84A10/2024/024,23.71446389,92.71146389,0.217,349
MZ/AZL/84A10/2024/025,23.71581111,92.70935,0.059,348
MZ/AZL/84A10/2024/026,23.71595,92.70879444,0.059,348
MZ/AZL/84A10/2024/027,23.7175,92.70666667,0.025,347
MZ/AZL/84A10/2024/029,23.71735556,92.70753333,0.029,347
MZ/AZL/84A10/2024/030,23.71721667,92.70777778,0.029,347
MZ/AZL/84A10/2024/031,23.71697222,92.70817222,0.048,348
MZ/AZL/84A10/2024/032,23.71305556,92.70895833,0.299,349
MZ/AZL/84A10/2024/033,23.71523056,92.71529167,0.224,351
MZ/AZL/84A10/2024/034,23.74,92.715,0.068,329
MZ/AZL/84A10/2024/035,23.73944444,92.71472222,0.062,330
MZ/AZL/84A10/2024/036,23.71138889,92.72444444,0.237,358
MZ/AZL/84A10/2024/037,23.71638889,92.72111111,0.062,356
MZ/AZL/84A10/2024/038,23.71444444,92.72861111,0.029,358
MZ/AZL/84A10/2024/041,23.71571389,92.72659722,0.128,358
MZ/AZL/84A10/2024/042,23.7104,92.72237778,0.077,360
MZ/AZL/84A10/2024/043,23.71865833,92.72335278,0.039,355
MZ/AZL/84A10/2024/045,23.71,92.71611111,0.217,355
MZ/AZL/84A10/2024/047,23.70666667,92.71444444,0.025,357
MZ/AZL/84A10/2024/048,23.70527778,92.71138889,0.15,358
MZ/AZL/84A10/2024/049,23.70416667,92.71222222,0.15,359
MZ/AZL/84A10/2024/050,23.70027778,92.71611111,0.034,358
MZ/AZL/84A10/2024/051,23.69972222,92.71694444,0.057,359
MZ/AZL/84A10/2024/052,23.68027778,92.72472222,0.154,376
MZ/AZL/84A10/2024/053,23.67805556,92.72,0.218,368
MZ/AZL/84A10/2024/054,23.64333333,92.73444444,0.662,308
MZ/AZL/84A10/2024/056,23.64638889,92.72527778,0.091,323
MZ/AZL/84A10/2024/057,23.63111111,92.72388889,0.105,305
MZ/AZL/84A10/2024/058,23.63055556,92.72305556,0.105,307
MZ/AZL/84A10/2024/059,23.62833333,92.72333333,0.249,304
MZ/AZL/84A10/2024/060,23.62277778,92.72444444,0.169,299
MZ/AZL/84A10/2024/061,23.62194444,92.72305556,0.136,301
MZ/AZL/84A10/2024/062,23.62083333,92.7225,0.136,307
MZ/AZL/84A10/2024/063,23.61916667,92.7225,0.185,309
MZ/AZL/84A10/2024/065,23.61972222,92.72527778,0.068,307
MZ/AZL/84A10/2024/066,23.62027778,92.72555556,0.057,304
MZ/AZL/84A10/2024/067,23.62027778,92.72611111,0.057,302
MZ/AZL/84A10/2024/068,23.62111111,92.72444444,0.146,302
MZ/AZL/84A10/2024/069,23.68743333,92.72129167,0.125,368
MZ/AZL/84A10/2024/070,23.67694444,92.71722222,0.247,369
MZ/AZL/84A10/2024/071,23.67583333,92.715,0.157,364
MZ/AZL/84A10/2024/072,23.67472222,92.71722222,0.247,372
MZ/AZL/84A10/2024/073,23.67444444,92.71472222,0.062,365
MZ/AZL/84A10/2024/074,23.67388889,92.71472222,0.062,365
MZ/AZL/84A10/2024/075,23.672069,92.7099293,0.528,361
MZ/AZL/84A10/2024/076,23.684301,92.715511,0.233,357
MZ/AZL/84A10/2024/077,23.70638889,92.72055556,0.253,361
MZ/AZL/84A10/2024/078,23.70416667,92.72,0.136,361
MZ/AZL/84A10/2024/079,23.70305556,92.72055556,0.042,361
MZ/AZL/84A10/2024/080,23.69333333,92.72055556,0.042,367
MZ/AZL/84A10/2024/082,23.69,92.72361111,0.267,372
MZ/AZL/84A10/2024/083,23.68361111,92.72277778,0.277,372
MZ/AZL/84A10/2024/084,23.67611111,92.71972222,0.218,374
MZ/AZL/84A10/2024/085,23.67138889,92.72361111,0.187,384
MZ/AZL/84A10/2024/086,23.66694444,92.72194444,0.2,379
MZ/AZL/84A10/2024/087,23.66666667,92.72388889,0.2,384
MZ/AZL/84A10/2024/088,23.66027778,92.72694444,0.064,373
MZ/AZL/84A10/2024/090,23.64388889,92.72583333,0.084,305
MZ/AZL/84A10/2024/091,23.635,92.72361111,0.127,301
MZ/AZL/84A10/2024/093,23.46777778,92.74111111,0.042,201
MZ/AZL/84A10/2024/099,23.51361111,92.69833333,0.028,231
MZ/AZL/84A10/2024/100,23.53666667,92.6975,0.031,248
MZ/AZL/84A10/2024/101,23.54166667,92.70194444,0.164,242
MZ/AZL/84A10/2024/102,23.54277778,92.70333333,0.188,245
MZ/AZL/84A10/2024/103,23.52944444,92.72944444,0.192,234
MZ/AZL/84A10/2024/104,23.53083333,92.73055556,0.192,235
MZ/AZL/84A10/2024/105,23.53111111,92.73361111,0.042,235
MZ/AZL/84A10/2024/106,23.53083333,92.73333333,0.042,235
MZ/AZL/84A10/2024/107,23.56388889,92.70805556,0.031,249
MZ/AZL/84A10/2024/108,23.56416667,92.70805556,0.031,248
MZ/AZL/84A10/2024/109,23.565,92.70777778,0.068,250
MZ/AZL/84A10/2024/110,23.56666667,92.70888889,0.188,254
MZ/AZL/84A10/2024/114,23.74861111,92.73861111,0.127,322
MZ/AZL/84A10/2024/115,23.61,92.72083333,0.434,308
MZ/AZL/84A10/2024/116,23.60666667,92.72305556,0.213,306
MZ/AZL/84A10/2024/117,23.5925,92.71666667,0.224,302
MZ/AZL/84A10/2024/118,23.58722222,92.71361111,0.097,300
MZ/AZL/84A10/2024/119,23.57694444,92.71305556,0.09,290
MZ/AZL/84A10/2024/120,23.57722222,92.71222222,0.09,287
MZ/AZL/84A10/2024/121,23.58027778,92.715,0.15,296
MZ/AZL/84A10/2024/122,23.58138889,92.71416667,0.088,293
MZ/AZL/84A10/2024/123,23.58694444,92.7175,0.118,306
MZ/AZL/84A10/2024/124,23.58555556,92.71583333,0.064,304
MZ/AZL/84A10/2024/125,23.58583333,92.71638889,0.064,306
MZ/AZL/84A10/2024/126,23.58638889,92.71583333,0.084,305
MZ/AZL/84A10/2024/127,23.65388889,92.72444444,0.298,363
MZ/AZL/84A10/2024/128,23.65416667,92.71777778,0.352,360
MZ/AZL/84A10/2024/129,23.655,92.71444444,0.292,357
MZ/AZL/84A10/2024/130,23.65416667,92.69,0.065,309
MZ/AZL/84A10/2024/131,23.66055556,92.67277778,0.031,305
MZ/AZL/84A10/2024/132,23.66083333,92.67277778,0.031,304
MZ/AZL/84A10/2024/133,23.65777778,92.67444444,0.347,303
MZ/AZL/84A10/2024/134,23.65861111,92.70583333,0.195,354
MZ/AZL/84A10/2024/135,23.68143611,92.72144167,0.271,371
MZ/AZL/84A11/2024/094,23.46805556,92.71638889,0.293,225
MZ/AZL/84A11/2024/095,23.4725,92.71444444,0.268,227
MZ/AZL/84A11/2024/097,23.49,92.70555556,0.068,229
MZ/AZL/84A11/2024/098,23.49722222,92.70333333,0.105,238
MZ/AZL/84A13/2024/112,23.77472222,92.76194444,0.15,317
MZ/AZL/84A13/2024/113,23.77361111,92.76111111,0.15,323
MZ/AZL/84A13/2024/150,23.76083333,92.8475,0.042,162
MZ/AZL/84A13/2024/151,23.86972222,92.87611111,0.136,84
MZ/AZL/84A13/2024/152,23.80750556,92.83417222,0.052,136
MZ/AZL/84A14/2024/0147,23.72222222,92.80138889,0.204,316
MZ/AZL/84A14/2024/136,23.73555556,92.78833333,0.157,367
MZ/AZL/84A14/2024/137,23.72694444,92.79527778,0.625,337
MZ/AZL/84A14/2024/138,23.73277778,92.79722222,0.209,326
MZ/AZL/84A14/2024/139,23.73416667,92.79861111,0.187,321
MZ/AZL/84A14/2024/140,23.74555556,92.79444444,0.575,330
MZ/AZL/84A14/2024/141,23.73666667,92.79722222,0.09,325
MZ/AZL/84A14/2024/142,23.73638889,92.79805556,0.09,324
MZ/AZL/84A14/2024/143,23.73583333,92.79888889,0.105,324
MZ/AZL/84A14/2024/144,23.73638889,92.8,0.097,321
MZ/AZL/84A14/2024/145,23.73555556,92.80027778,0.097,321
MZ/AZL/84A14/2024/146,23.71972222,92.79777778,0.251,338
MZ/AZL/84A14/2024/149,23.73305556,92.84777778,0.084,170
MZ/AZL/84A15/2024/092,23.43277778,92.76111111,0.097,151
MIZ/KOL/2024/866,24.4259,93.13580556,0.889,9
MIZ/KOL/2024/881,24.56925833,93.177275,0.413,30
MIZ/KOL/2024/884,24.526075,93.05379167,1.697,22
MZ/SER/84A15/2024/153,23.47694444,92.857846,0.06,55
MZ/SER/84A15/2024/154,23.471041,92.85503,0.618,62
MZ/SER/84A15/2024/155,23.465558,92.855991,0.135,64
MZ/SER/84A15/2024/156,23.463164,92.854672,0.15,67
MZ/SER/84A15/2024/157,23.31259,92.856415,0.216,144
MZ/SER/84A15/2024/158,23.288812,92.864763,0.255,134
MZ/SER/84A15/2024/159,23.281264,92.869279,0.034,136
MZ/SER/84A15/2024/160,23.379441,92.844081,0.246,179
MZ/SER/84A15/2024/161,23.38151,92.844938,0.131,176
MZ/SER/84A15/2024/162,23.382175,92.843876,0.131,180
MZ/SER/84A15/2024/163,23.382772,92.845187,0.125,175
MZ/SER/84A15/2024/164,23.381533,92.854115,0.443,159
MZ/SER/84A15/2024/165,23.387941,92.842291,0.291,178
MZ/SER/84A16/2024/166,23.237077,92.910043,0.275,107
MZ/SER/84E04/2024/167,23.126631,93.064946,2.558,13
7250,25.762051,91.658959,0.231,36
7251,25.791616,91.658242,0.576,6
ME/EWK/2026/58,25.770935,91.656497,0.846,36
MIZ/AZL/2024/402,23.53805556,92.71861111,0.084,240
NL/KOH/83K02/2024/003,25.52036,94.1311201,0.298,60
NL/KOH/83K02/2024/004,25.52164,94.13426,0.076,60
NL/KOH/83K02/2024/006,25.525094,94.135798,0.116,61
NL/KOH/83K02/2024/007,25.538422,94.136039,0.114,70
NL/KOH/83K02/2024/008,25.5651,94.1390034,0.101,107
NL/KOH/83K02/2024/009,25.6032619,94.1122188,1.53,212
NL/KOH/83K02/2024/010,25.62154,94.1122,0.181,235
NL/KOH/83K02/2024/011,25.6291966,94.10177,0.152,244
NL/KOH/83K02/2024/012,25.6387,94.10979,0.111,259
NL/KOH/83K02/2024/013,25.648759,94.10616,0.112,251
MIZ/AZL/2024/488,23.52583333,92.63861111,1.501,209
MIZ/AZL/2024/634,23.73361111,92.84833333,0.084,167
MIZ/KOL/2024/860,24.15364444,93.02183611,0.591,47
KA/DK/48L13/2024/02,12.91175,74.848625,6.483,5
MIZ/KOL/2024/876,24.62604722,93.22583889,2.207,20
MIZ/KOL/2024/880,24.5716,93.17273056,0.458,29
MIZ/KOL/2024/883,24.5768,93.106075,2.714,32
7240,25.79744444,91.87408611,1.096,12
6874,25.37129167,91.48003056,2.128,15
ME/SWKH/78O07/2024/4,25.29967,91.46108,0.248,17
ME/SWKH/78O072024/7,25.29739,91.46201,0.036,16
MIZ/AZL/2024/263,23.69972222,92.7175,0.057,359
TN/NIL/58A7/2024/10,11.4921,76.4997,0.663,52
ME/EWK/2025/1,25.55256111,91.61870278,0.269,15
MIZ/AZL/2024/273,23.69361111,92.7225,0.154,369
MIZ/AZL/2024/628,23.71111111,92.87861111,0.068,132
MIZ/AZL/2024/646,23.774,92.848,0.153,152
MIZ/AZL/2024/753,23.10851389,93.20975,0.157,44
4700,25.67546111,91.89726944,0.108,74
7236,25.68591944,91.90256667,0.401,67
ME/RIB/2025/24,25.67517222,91.8983,0.108,74
ME/RIB/2026/32,25.68255833,91.90111389,0.401,70
MIZ/AZL/2024/231,23.74916667,92.7375,0.129,322
4699,25.65341111,91.89819444,0.039,80
ME/EKH/2025/20,25.65308889,91.89803889,0.039,80
NL/MOK/83J07/2025/06,26.384347,94.443397,0.275,30
4694,25.65057222,91.89351389,0.352,82
6889,25.64887222,91.89692778,0.043,82
6890,25.641242,91.894137,0.215,86
6891,25.531739,91.296177,0.019,63
7242,25.62269444,91.16914444,0.271,73
7243,25.66156667,91.13485278,0.194,67
ME/WKH/2025/6,25.540056,91.314142,1.289,52
ME/WKH/2026/39,25.61276111,91.17375278,0.007,76
MIZ/AZL/2024/252,23.74722222,92.71805556,0.188,320
MIZ/AZL/2024/270,23.70277778,92.72083333,0.042,362
MIZ/AZL/2024/271,23.7025,92.72138889,0.064,362
MIZ/AZL/2024/272,23.69805556,92.72277778,0.262,360
MIZ/AZL/2024/331,23.60972222,92.79972222,0.057,168
MIZ/AZL/2024/575,23.71388889,92.85722222,0.042,137
MIZ/AZL/2024/600,23.73694444,92.81361111,0.157,235
MIZ/AZL/2024/610,23.72916667,92.76583333,0.124,369
MIZ/AZL/2024/613,23.73222222,92.76555556,0.187,366
MIZ/AZL/2024/616,23.73794444,92.78613889,0.201,365
MIZ/AZL/2024/617,23.7375,92.78805556,0.201,365
MIZ/AZL/2024/620,23.73388889,92.79388889,0.361,340
MIZ/AZL/2024/622,23.72138889,92.79944444,0.126,330
MIZ/AZL/2024/623,23.72138889,92.85777778,0.561,139
MIZ/AZL/2024/624,23.72083333,92.86472222,0.352,129
MIZ/AZL/2024/627,23.71166667,92.87833333,0.068,132
MIZ/AZL/2024/636,23.735,92.85666667,0.194,147
MIZ/AZL/2024/637,23.73666667,92.85611111,0.194,150
MIZ/AZL/2024/641,23.76111111,92.84777778,0.042,162
MIZ/AZL/2024/642,23.76166667,92.85083333,0.232,152
MIZ/AZL/2024/643,23.76527778,92.85,0.397,151
MIZ/AZL/2024/644,23.76861111,92.85138889,0.397,153
MIZ/AZL/2024/659,23.83277778,92.8325,0.217,98
MIZ/AZL/2024/660,23.83888889,92.83194444,0.682,94
MIZ/AZL/2024/663,23.86222222,92.83666667,0.355,92
MIZ/AZL/2024/668,23.89138889,92.84888889,0.052,81
MIZ/AZL/2024/672,23.76972222,92.76,0.056,327
MIZ/AZL/2024/712,24.17180556,93.54406667,1.576,43
MIZ/AZL/2024/713,24.18291667,93.53441944,0.586,43
MIZ/AZL/2024/714,24.18566111,93.53935278,0.586,39
MIZ/AZL/2024/715,24.24449722,93.55275833,0.582,26
MIZ/AZL/2024/716,24.24755556,93.54809722,0.582,26
MIZ/AZL/2024/725,24.32773611,93.57937222,2.237,42
MIZ/AZL/2024/752,23.09758333,93.21623333,0.546,45
MIZ/AZL/2024/755,23.101925,93.20426111,0.2,40
MIZ/AZL/2024/759,23.09759444,93.21089444,0.38,42
MIZ/AZL/2024/762,23.10100556,93.19393611,0.623,26
MIZ/AZL/2024/763,23.10074722,93.18785278,0.232,24
MIZ/AZL/2024/764,23.09954722,93.18600278,0.232,24
MIZ/AZL/2024/767,23.0983,93.17597222,0.85,24
MIZ/AZL/2024/773,23.27598056,93.14351667,0.077,36
MIZ/AZL/2024/774,23.27663889,93.14375,0.077,36
MIZ/AZL/2024/775,23.281075,93.144075,0.494,35
MIZ/AZL/2024/777,23.33529167,93.11214167,1.153,41
MIZ/AZL/2024/856,23.20960722,93.13104722,1.01,24
MIZ/AZL/2024/857,23.21068583,93.1212325,1.01,26
MIZ/AZL/84A11/2025/021,23.4855,92.7033,0.026,228
MIZ/KOL/2024/741,24.60372222,93.37223056,0.339,12
MIZ/KOL/2024/742,24.66895556,93.33700556,4.118,18
MIZ/KOL/2024/746,24.72074444,93.30899167,1.743,19
MIZ/KOL/2024/780,23.50882222,93.09170278,1.872,51
MIZ/KOL/2024/815,24.02782222,93.28944444,0.773,22
MIZ/KOL/2024/816,24.04014167,93.2915,0.0,24
MIZ/KOL/2024/817,24.03980278,93.29373889,0.23,21
MIZ/KOL/2024/818,24.05823611,93.28901944,0.937,23
MIZ/KOL/2024/820,24.12428889,93.318525,1.596,23
MIZ/KOL/2024/837,24.04014167,93.2915,0.0,24
MIZ/KOL/2024/841,24.57151389,93.141725,0.279,34
MIZ/KOL/2024/842,24.56917222,93.14073611,0.274,34
TN/NIL/58A7/2025/20,11.42336111,76.46347222,1.126,62
KA/Udupi/48K13/2024/5,13.869075,74.81434444,1.302,66
7042,14.302343,74.481493,0.276,41
AS/KAM(M)/76N16/2024/2,26.11464,91.83886,0.0,59
AS/KAM/76N16/2024/1,26.11464,91.83886,0.0,59
KA/UK/48J07/2025/17,14.279078,74.45657,1.147,41
JK/RAM/43O8/2023/02,33.15375,75.306858,0.046,57
ME/RIB/78O13/2024/10,25.781246,91.874475,0.674,14
NA/KOH/83K02/2024/02,25.6125,94.1272,0.407,220
MIZ/KOL/2024/843,24.5606,93.13071389,0.542,33
MIZ/KOL/2024/844,24.55987778,93.12541667,0.542,33
MIZ/KOL/2024/847,24.10710778,93.11535444,0.82,13
MIZ/KOL/2024/867,24.44347778,93.15817778,0.43,10
MIZ/KOL/2024/869,24.44857778,93.15738611,0.573,12
MIZ/KOL/2024/879,24.56062778,93.18938889,1.556,26
MIZ/KOL/2024/882,24.57296389,93.17700556,0.413,30
KA/Udupi/48K9/2024/4,13.8719,74.6052,1.873,10
MIZ/KOL/2024/798,23.36556111,93.05125278,0.697,31
MIZ/KOL/2024/799,23.36966389,93.04609444,0.697,31
MIZ/KOL/2024/804,24.55205833,93.25569167,0.196,16
MIZ/KOL/2024/836,23.56672222,93.13764444,1.228,69
MIZ/KOL/2024/838,24.56771111,93.14291667,0.274,34
MIZ/KOL/2024/839,24.57467222,93.14389722,0.414,34
MIZ/KOL/2024/840,24.57470833,93.13897222,0.451,34
MIZ/KOL/2024/865,24.40520278,93.06672222,6.537,4
ME/RIB/2026/37,25.80725833,91.87509444,0.204,10
KA/CKM/48O03/2024/17,13.40433333,75.23347222,0.068,21
KA/CKM/48O07/2024/15,13.43838889,75.25802778,0.058,29
KA/UK/48J06/2024/21,14.539822,74.348515,0.371,43
KA/CKM/48O03/2024/16,13.42141667,75.24547222,1.019,23
KA/CKM/48O06/2024/14,13.50327778,75.34969444,2.827,36
KA/CKM/48O07/2024/06,13.36105556,75.35994444,0.584,26
KA/CKM/48O07/2024/07,13.331,75.34027778,0.367,28
KA/CKM/48O07/2024/11,13.31027778,75.38277778,0.802,28
KA/CKM/48O07/2024/12,13.332,75.38963889,0.325,24
3223,12.47756111,75.583875,0.0,14
KA/UK/48J01/2025/12,14.864471,74.210042,1.449,17
KA/UK/48J06/2024/22,14.539402,74.312368,0.008,37
KA/UK/48J06/2024/23,14.553255,74.359167,0.728,44
KA/UK/48J06/2024/26,14.546835,74.357823,0.728,44
KA/UK/48J06/2025/19,14.539444,74.312306,0.008,37
TN/NIL/58A11/2024/13,11.3645,76.705615,0.291,239
TN/NIL/58A11/2024/14,11.359923,76.667,0.211,216
KA/CKM/48O07/2024/13,13.33191667,75.38663889,0.325,24
MIZ/AZL/2024/853,23.24231111,93.17726667,0.332,27
MIZ/KOL/2024/858,23.49216111,93.23695,1.385,82
MIZ/KOL/2024/859,23.504575,93.23805,1.385,80
MIZ/KOL/2024/873,24.65409167,93.204625,0.482,26
MIZ/KOL/2024/874,24.65018056,93.20256667,0.482,22
MIZ/KOL/2024/875,24.6273,93.20404444,2.207,21
KA/CKM/48O03/2024/18,13.36786111,75.21205556,0.431,18
KA/UK/48J01/2024/16,14.513155,74.411225,0.039,39
MIZ/AZL/2024/629,23.70333333,92.87638889,0.129,132
WB/DAR/2024/78A/4/Point/24,27.09819827,88.12994772,0.327,319
KA/UK/48J10/2024/27,14.590067,74.566353,1.684,12
KA/UK/48J10/2024/28,14.42279,74.56534,9.295,6
KA/UK/48K09/2025/22,13.971211,74.532893,4.714,2
MIZ/AZL/2024/300,23.66166667,92.72416667,0.168,373
MIZ/AZL/2024/388,23.56555556,92.7075,0.068,254
MIZ/AZL/2024/855,23.24454722,93.17027222,0.574,27
TN/NIL/58A11/2024/15,11.327553,76.6317,0.219,180
TN/NIL/58A11/2024/16,11.34204,76.63419,0.074,183
KA/CKM/48O07/2024/19,13.42330556,75.25469444,0.98,27
MIZ/AZL/2024/250,23.74388889,92.71222222,0.232,323
SI/MAN/78A11/2025/1,27.4432,88.6087,0.825,88
MIZ/AZL/2024/227,23.73305556,92.75,0.093,338
3227,12.97333889,76.01831111,26.591,0
KA/Kodagu/48A01/2024/07,11.97333889,76.01831111,6.147,7
NA/WKH/83J8/2024/02,26.08945,94.264217,0.109,65
3220,13.403333,75.735917,0.0,26
3221,13.387861,75.727111,0.0,26
KA/CKM/48O11/2024/02,13.40333333,75.73591667,0.0,26
KA/CKM/48O11/2024/03,13.38786111,75.72711111,0.0,26
3208,12.64066667,75.80711111,0.0,6
KA/Kodagu/48P14/2024/01,12.64066667,75.80711111,0.0,6
MH/PUN/47F11/2024/02,18.39768889,73.51674444,0.164,56
MH/PUN/47F11/2024/04,18.40897222,73.52738056,0.299,56
MH/PUN/47E12/2024/01,18.70779722,73.48077778,2.265,18
3338,30.37265,78.5851083,0.396,128
3218,13.406306,75.744861,0.0,21
KA/CKM/48O08/2024/23,13.21977778,75.41916667,0.182,30
KA/CKM/48O11/2024/01,13.40630556,75.74486111,0.0,21
3209,12.51091667,75.81194444,0.0,27
KA/Kodagu/48P14/2024/02,12.51091667,75.81194444,0.0,27
KA/CKM/48O07/2024/08,13.33183333,75.337,0.367,28
KA/CKM/48O07/2024/09,13.32616667,75.35194444,0.292,27
KA/CKM/48O07/2024/10,13.30636111,75.37655556,0.802,28
KA/HAS/48P09/2024/02,12.932363,75.725262,1.039,12
KA/HAS/48P09/2024/03,12.939405,75.73157,0.218,12
MA/TAM/83H05/2024/01,24.979,93.496,0.408,53
KA/CKM/48O07/2024/24,13.28061111,75.3315,1.808,26
KA/CKM/48O07/2024/25,13.28116667,75.34819444,1.808,28
KA/CKM/48O08/2024/20,13.07641667,75.45569444,0.01,89
KA/CKM/48O08/2024/21,13.07683333,75.45633333,0.01,89
KA/CKM/48O08/2024/22,13.07633333,75.47161111,0.023,93
KA/DK/48O8/2024/11,13.046275,75.27276944,4.566,1
KA/Udupi/48O4/2024/8,13.22670278,75.13119722,3.009,11
TN/NIL/58A11/2025/6,11.34302778,76.63919444,0.286,189
KA/CKM/48O11/2024/05,13.38330556,75.70797222,0.644,26
KA/DK/48L13/2024/01,12.93978611,74.93526667,3.727,5
KA/DK/48O8/2024/10,13.00683889,75.26101944,4.566,2
KA/DK/48L13/2024/03,12.87427778,74.97915833,0.484,9
KA/DK/48P1/2024/08,12.80025833,75.24629167,3.093,25
KA/DK/48P1/2024/9,12.81395556,75.2177,0.017,24
7245,25.69683611,91.64485556,0.051,42
ME/EWK/2026/45,25.69866667,91.64517222,0.169,42
7241,26.156633,91.938576,1.68,25
MIZ/KOL/2024/736,24.450125,93.35963889,4.357,2
3335,30.4457916,78.8065083,1.198,63
3336,30.443595,78.7942766,1.198,64
MIZ/AZL/2024/717,24.28840278,93.58591389,1.349,33
MIZ/AZL/2024/718,24.29982222,93.59040833,0.88,44
MIZ/AZL/2024/719,24.30768611,93.58120556,1.274,39
MIZ/AZL/2024/720,24.30711944,93.59375833,0.88,45
MIZ/AZL/2024/721,24.33915833,93.66233611,0.255,41
MIZ/AZL/2024/722,24.33331944,93.65702778,0.352,41
MIZ/AZL/2024/724,24.3309,93.66054444,0.114,41
MIZ/AZL/2024/726,24.39255556,93.65468611,3.651,27
MIZ/AZL/2024/728,24.49112222,93.62215556,3.51,16
MIZ/AZL/2024/730,24.48458889,93.58781944,0.15,8
MIZ/AZL/2024/732,24.51785556,93.55086944,2.132,8
MIZ/KOL/2024/744,24.76606111,93.30076667,1.057,26
MIZ/KOL/2024/778,23.41421944,93.10569167,3.12,41
MIZ/KOL/2024/830,23.631219,93.118033,1.902,78
MIZ/KOL/2024/834,23.62418333,93.14208611,0.989,74
MIZ/AZL/2024/670,23.88361111,92.85305556,0.354,82
MIZ/KOL/2024/738,24.54263333,93.39741944,6.711,6
MIZ/KOL/2024/745,24.73838889,93.30909722,1.352,17
MIZ/KOL/2024/747,24.716225,93.32551389,1.297,19
MIZ/KOL/2024/750,24.60853333,93.41668333,4.526,5
MIZ/KOL/2024/749,24.60719444,93.46784722,5.175,5
7305,18.487,73.42174,4.103,5
MIZ/AZL/2024/241,23.73888889,92.71472222,0.062,330
MIZ/AZL/2024/249,23.74194444,92.71305556,0.176,328
SI/GAN/78A07/2024/48,27.2525,88.4606,0.175,116
3325,30.0739866,79.5004016,0.195,124
3330,30.5416983,78.8059866,0.234,109
3331,30.5416566,78.8084316,0.234,109
MIZ/KOL/2024/809,24.599425,93.30004722,1.09,16
MIZ/AZL/2024/307,23.58694444,92.8175,0.907,84
MIZ/AZL/2024/387,23.5625,92.70777778,0.157,249
MIZ/AZL/84A11/2025/023,23.4946,92.7044,0.029,231
3323,30.064215,79.5073433,0.553,139
ME/EWK/2026/60,25.803984,91.659801,0.977,6
MIZ/AZL/2024/351,23.62361111,92.78888889,0.031,209
MIZ/AZL/2024/612,23.73027778,92.76861111,0.309,367
MIZ/AZL/2024/635,23.73361111,92.85305556,0.272,155
TN/NIL/58A11/2024/11,11.49052,76.527422,0.009,50
TN/NIL/58A11/2024/12,11.490697,76.532657,0.028,49
JK/REA/43K16/2024/18,33.02428,74.93825,0.67,21
3211,25.7802266,93.936165,0.618,61
3212,25.7746019,93.9148756,0.308,57
NA/CHU/83G13/2024/01,25.7853,93.8014,0.168,39
MIZ/KOL/2024/781,23.54130278,93.10256944,0.754,50
MIZ/KOL/2024/782,23.54600556,93.09247222,0.801,53
MIZ/KOL/2024/783,23.54286944,93.08539722,0.801,53
MIZ/KOL/2024/785,23.56785,93.10472222,0.467,71
MIZ/KOL/2024/786,23.56413333,93.11378889,0.559,67
MIZ/KOL/2024/787,23.56233889,93.11890833,0.199,71
MIZ/KOL/2024/789,23.56238611,93.12376667,0.274,68
MIZ/KOL/2024/790,23.56404167,93.10752222,0.218,69
MIZ/KOL/2024/791,23.56145278,93.10908889,0.294,67
MIZ/KOL/2024/792,23.55881111,93.10900556,0.294,66
MIZ/AZL/2024/795,23.34297778,93.057775,1.091,30
MIZ/KOL/2024/794,23.5356,93.10656944,0.754,50
3324,30.0721066,79.4989966,0.249,120
MIZ/KOL/2024/801,23.03821667,93.12529444,1.548,10
MIZ/AZL/2024/262,23.69777778,92.71944444,0.187,360
MIZ/AZL/2024/486,23.52694444,92.65444444,0.068,232
WB/DAR/2025/78A/4/Point/78,27.0708838,88.1661605,0.018,499
MIZ/AZL/2024/854,23.24500833,93.17587222,0.332,27
MIZ/KOL/2024/802,23.54294167,93.23821667,0.578,62
MIZ/KOL/2024/810,24.60921944,93.30050278,1.09,17
MIZ/KOL/2024/812,24.64528611,93.28593611,1.933,19
MIZ/KOL/2024/813,24.02205833,93.29369167,0.773,20
MIZ/KOL/2024/814,23.01689167,93.283175,2.013,12
MIZ/KOL/2024/819,24.09210556,93.29866667,1.243,26
MIZ/KOL/2024/825,24.297775,93.34159722,1.845,12
MIZ/KOL/2024/827,24.35137778,93.34095556,2.104,11
MIZ/KOL/2024/848,24.10015917,93.10461389,1.036,13
MIZ/KOL/2024/849,24.11104722,93.10374167,0.944,15
MIZ/KOL/2024/850,24.10506389,93.09593611,0.271,15
MIZ/KOL/2024/851,24.10743611,93.09532222,0.271,15
MIZ/KOL/2024/852,24.10687222,93.08849722,0.696,15
MIZ/KOL/2024/877,24.58605,93.21056389,2.191,24
MIZ/KOL/2024/885,24.458325,93.09439167,5.309,26
WB/DAR/2024/78A/4/Point/15,27.10130325,88.11429524,0.005,238
MIZ/AZL/2024/432,23.51944444,92.70055556,0.042,232
MIZ/AZL/2024/639,23.74416667,92.85555556,0.154,154
MIZ/AZL/2024/640,23.74361111,92.85416667,0.154,155
MIZ/AZL/2024/662,23.85194444,92.83305556,0.547,90
MIZ/AZL/2024/665,23.87777778,92.84083333,0.126,80
MIZ/AZL/2024/671,23.88527778,92.8575,0.054,82
MIZ/AZL/2024/237,23.76388889,92.73388889,0.124,306
,27.09095539,88.10041224,0.0,235
MIZ/AZL/2024/666,23.88583333,92.85055556,0.176,82
MIZ/AZL/2024/667,23.89277778,92.85083333,0.05,82
MIZ/AZL/2024/669,23.89305556,92.84722222,0.251,80
MIZ/AZL/2024/705,24.03503889,93.54139444,2.523,26
MIZ/AZL/2024/709,24.10864167,93.54198333,1.226,48
MIZ/AZL/2024/710,24.12682222,93.54013889,0.673,45
MIZ/AZL/2024/723,24.33300556,93.65357222,0.352,41
MIZ/AZL/2024/731,24.492825,93.58643611,0.926,9
MIZ/AZL/2024/734,24.52308611,93.57206944,0.679,8
MIZ/AZL/2024/735,24.48338333,93.58848056,0.035,8
MIZ/AZL/2024/756,23.10184722,93.20138889,0.096,32
MIZ/AZL/2024/772,23.25951944,93.15917222,0.246,26
MIZ/AZL/2024/776,23.32829167,93.12184167,1.26,43
MIZ/AZL/2024/796,23.35406111,93.04156111,0.696,30
MIZ/AZL/2024/797,23.35958611,93.04477222,0.696,30
MIZ/KOL/2024/737,24.48857222,93.36792222,4.357,2
MIZ/KOL/2024/748,24.70553333,93.33064167,1.297,19
MIZ/KOL/2024/845,24.08927222,93.12408611,1.907,14
MIZ/KOL/2024/846,24.10641389,93.12339944,0.82,12
MIZ/KOL/2024/861,24.15817222,93.02488611,0.591,49
MIZ/KOL/2024/862,24.23419444,93.02469167,2.599,66
MIZ/KOL/2024/863,24.32836667,93.00923056,2.124,14
3215,25.5667327,91.9146185,0.026,76
MIZ/AZL/2024/706,24.05808333,93.49808333,1.54,31
MIZ/AZL/2024/707,24.04531667,93.49220278,1.54,28
MIZ/AZL/2024/708,24.090025,93.54191667,2.07,44
MIZ/AZL/2024/711,24.12715278,93.53351389,0.673,45
ME/EWK/2026/44,25.70087778,91.642902,0.13,42
MIZ/KOL/2024/739,24.60002222,93.37166389,0.092,11
MIZ/KOL/2024/740,24.60067222,93.37223056,0.092,11
MIZ/KOL/2024/784,23.56332778,93.10553333,0.218,69
MIZ/KOL/2024/878,24.577475,93.19105,1.506,24
WB/DAR/2025/78A/4/Point/58,27.10034979,88.23915333,0.042,440
MIZ/AZL/2024/769,23.25986389,93.16155278,0.246,25
WB/DAR/2025/78A/4/Point/66,27.0898283,88.1514477,0.004,429
MIZ/AZL/2024/570,23.66194444,92.85416667,0.981,155
MIZ/AZL/2024/770,23.25828611,93.15288333,0.399,26
MIZ/AZL/2024/771,23.26126111,93.15070556,0.399,26
MIZ/AZL/84A11/2025/010,23.4688,92.7208,0.041,222
3310,25.8816564,94.1902346,0.001,47
NL/TSE/83K01/2025/01,25.88165,94.19023,0.001,47
HP/Kullu/ I43X8/2025/01,32.02631389,77.34464722,0.817,4
KA/CKM/48O07/2025/14,13.26724722,75.39658444,2.233,34
3369,30.334904,79.320239,0.092,76
JK/KIS/43O15/2025/13,33.33043889,75.96503056,0.0,32
JK/KIS/43O15/2025/14,33.32900278,75.96589444,0.179,31
JK/KIS/43O15/2025/15,33.33043889,75.96503056,0.0,32
JK/RAM/43O04/2025/01,33.23699444,75.22344444,1.089,67
JK/RAM/43O04/2025/02,33.24198611,75.23667778,0.351,65
JK/RAM/43O3/2025/04,33.25047222,75.21072222,0.351,84
JK/RAM/43O3/2025/05,33.25676111,75.2038,0.687,89
JK/RAM/43O3/2025/06,33.25870278,75.19678889,0.06,99
JK/RAM/43O4/2025/03,33.24266944,75.23298889,0.351,67
JK/RAM/43O4/2025/07,33.24827222,75.21343056,0.3,81
JK/RAM/43O4/2025/08,33.24725556,75.21641389,0.3,81
JK/RAM/43O4/2025/10,33.23600556,75.24382222,0.132,61
JK/RAM/43O8/2025/09,33.22051667,75.26956389,0.322,54
JK/RAM/43O8/2025/12,33.15333889,75.30680556,0.046,57
MIZ/AZL/84A10/2025/003,23.7002691,92.7181685,0.091,359
MIZ/AZL/84A09/2025/011,23.755925,92.726753,0.438,312
MIZ/LUN/84A12/2025/031,23.229731,92.73968,0.058,144
TN/NIL/58A11/2025/2,11.38372222,76.69333333,1.12,182
TN/NIL/58A11/2025/7,11.32233333,76.62216667,0.03,176
TN/NIL/58A2/2025/17,11.52344444,76.24775,0.146,44
TN/NIL/58A11/2025/10,11.28111111,76.64833333,0.042,170
TN/NIL/58A11/2025/11,11.28091667,76.648,0.026,169
TN/NIL/58A11/2025/12,11.28088889,76.64761111,0.043,169
TN/NIL/58A11/2025/13,11.28072222,76.64813889,0.026,169
TN/NIL/58A11/2025/14,11.25669444,76.62744444,0.202,143
TN/NIL/58A11/2025/16,11.49063889,76.52758333,0.011,50
TN/NIL/58A11/2025/3,11.48652778,76.68563889,0.09,20
TN/NIL/58A11/2025/4,11.48583333,76.68605556,0.09,21
TN/NIL/58A11/2025/5,11.33669444,76.64225,0.779,189
TN/NIL/58A11/2025/8,11.31261111,76.62380556,0.154,173
TN/NIL/58A11/2025/9,11.29147222,76.64566667,0.223,186
TN/NIL/58A12/2025/15,11.21705556,76.60447222,0.225,64
TN/NIL/58A2/2025/18,11.52475,76.24763889,0.146,43
TN/NIL/58A11/2025/1,11.39636111,76.65091667,1.886,161
KA/DK/48P05/2025/08,12.773232,75.266805,0.671,15
ME/EWK/2026/49,25.68698889,91.64812222,0.039,42
ME/EWK/2026/50,25.68690556,91.64915278,0.068,42
7244,25.69150833,91.64160833,0.41,42
MIZ/AIZ/83D15/2025/243,24.354658,92.925511,1.265,37
MIZ/AZL/84A10/2025/002,23.6868033,92.7251987,0.303,373
MIZ/LUN/84A16/2025/119,23.141474,92.750577,0.069,197
MIZ/SER/84A15/2025/130,23.298137,92.857412,0.088,144
MIZ/SER/84A16/2025/092,23.193401,92.900218,0.239,49
KA/DK/48P01/2025/018,12.850862,75.196607,1.251,16
KA/DK/48P01/2025/019,12.848973,75.209944,0.114,18
KA/DK/48P01/2025/020,12.850756,75.221026,0.993,18
KA/DK/48P01/2025/021,12.824032,75.199666,0.21,23
KA/DK/48P05/2025/011,12.758327,75.323195,3.672,7
KA/DK/48P05/2025/09,12.77705,75.262014,0.671,22
KER/KOZ/49M14/2025/06,11.51527778,76.89536111,1.566,13
KER/KOZ/49M14/2025/07,11.51652778,75.89355556,0.029,70
4702,25.30127778,91.92198889,0.012,73
ME/EKH/78O15/2025/02,25.422278,91.867694,0.154,58
ME/EKH/78O15/2025/03,25.43480556,91.85952778,0.269,53
ME/EKH/78O15/2025/04,25.48716667,91.81936111,0.522,42
4695,25.65443889,91.62390833,0.957,37
4696,25.65443889,91.63345833,0.601,38
4697,25.65977222,91.63440556,0.092,38
ME/EWK/2026/42,25.69517778,91.64123611,0.197,42
ME/EWK/2026/47,25.69523333,91.64426944,0.142,42
ME/EWK/2026/48,25.69463611,91.64577778,0.165,42
4701,25.67032222,91.90487222,0.851,72
7237,25.71165556,91.89512778,0.34,55
7239,25.75297778,91.88535278,0.744,19
ME/RIB/2025/22,25.66315,91.90180278,0.76,73
ME/RIB/2025/28,25.67761389,91.89865833,0.274,74
ME/EWK/2026/30,25.28247222,91.36413333,0.245,22
ME/SWK/2025/16,25.619397,91.61704,0.054,44
ME/SWK/2026/31,25.28090556,91.36584722,0.245,22
MIZ/AZL/84A15/2025/019,23.350187,92.778852,0.143,174
MIZ/AZL/84A15/2025/020,23.341022,92.776761,0.014,175
MIZ/AZL/84A15/2025/021,23.339144,92.786128,0.339,186
MIZ/AZL/84A15/2025/022,23.336229,92.787113,0.329,186
MIZ/LUN/84A12/2025/105,23.152289,92.746243,0.052,200
MIZ/LUN/84A12/2025/128,23.134961,92.747843,0.03,196
MIZ/LUN/84A12/2025/154,23.108018,92.746279,0.241,195
MIZ/LUN/84A12/2025/155,23.10565,92.745979,0.07,193
MIZ/LUN/84A16/2025/121,23.139887,92.751646,0.041,196
MIZ/LUN/84A16/2025/161,23.100785,92.751508,0.148,189
MIZ/LUN/84A16/2025/178,23.067473,92.767201,0.205,156
MIZ/LUN/84A16/2025/182,23.061745,92.770105,0.259,147
MIZ/LUNG/84A12/2025/036,23.194007,92.734654,0.063,170
MIZ/LUNG/84A12/2025/037,23.193468,92.734849,0.026,172
MIZ/LUNG/84A12/2025/038,23.183856,92.735346,0.049,183
MIZ/LUNG/84A12/2025/040,23.181806,92.736868,0.053,184
MIZ/LUNG/84A16/2025/051,23.015005,92.765065,0.153,93
MIZ/LUNG/84B09/2025/053,22.973735,92.725975,0.493,77
MIZ/SER/84A12/2025/026,23.239637,92.748175,0.267,138
MIZ/SER/84A15/2025/131,23.293453,92.858089,0.056,139
MIZ/SIA/84B15/2025/058,22.444376,92.947323,0.809,65
AS/KAM(M)/78N12/2025/04,26.17027,91.698,1.132,64
AS/KAM(M)/78N16/2025/006,26.19113889,91.82961111,1.564,60
7193,26.184324,91.855395,0.615,63
KA/DK/48P01/2025/013,12.858407,75.226056,0.045,17
KA/DK/48P01/2025/014,12.858072,75.226282,0.045,17
KA/DK/48P01/2025/015,12.859678,75.226523,0.15,17
KA/DK/48P01/2025/016,12.860977,75.205525,1.313,16
KA/DK/48P01/2025/017,12.861881,75.193047,1.285,18
KA/DK/48P05/2025/06,12.762635,75.289625,1.94,13
KA/DK/48P05/2025/07,12.75297,75.274733,1.94,13
6822,24.846509,93.573533,0.923,61
ME/EKH/2025/25,25.42315556,91.86329167,0.095,60
ME/EKH/78O15/2025/08,25.366201,91.767213,0.849,24
ME/EKH/78O15/2025/09,25.355042,91.767525,0.043,22
ME/EKH/78O15/2025/10,25.340415,91.774142,0.213,21
7252,25.700668,91.596815,3.662,42
ME/EWK/2026/62,25.739454,91.572107,4.973,26
MIZ/AIZ/84A13/2025/239,23.760466,92.848969,0.086,158
MIZ/AZL/84A10/2025/004,23.74247,92.705587,0.238,326
MIZ/AZL/84A15/2025/018,23.353485,92.780193,0.123,172
MIZ/HNAH/84A16/2025/084,23.077813,92.89844,0.377,31
MIZ/HNAH/84A16/2025/085,23.081023,92.897247,0.244,33
MIZ/HNAH/84A16/2025/086,23.084343,92.898597,0.152,34
MIZ/HNAH/84B13/2025/080,22.902089,92.879909,0.258,63
MIZ/HNAH/84B13/2025/081,22.967715,92.925677,0.076,48
MIZ/HNAH/84B13/2025/082,22.971217,92.925544,0.186,48
MIZ/HNAH/84B13/2025/083,22.969582,92.925917,0.186,47
MIZ/KHAW/84E04/2025/225,23.229765,93.127521,2.217,23
MIZ/KHAW/84E04/2025/227,23.197704,93.163019,0.408,29
MIZ/LAW/84B14/2025/055,22.519716,92.891037,0.765,72
MIZ/LAW/84B14/2025/061,22.54735,92.882032,0.583,54
MIZ/LAW/84B15/2025/056,22.48765,92.886806,0.515,79
MIZ/LUN/84A16/2025/177,23.069585,92.765797,0.141,159
MIZ/LUNG/84A12/2025/032,23.214239,92.740856,0.916,156
MIZ/LUNG/84A12/2025/033,23.203253,92.735838,0.067,162
MIZ/LUNG/84A12/2025/041,23.18077,92.735789,0.116,184
MIZ/LUNG/84A12/2025/042,23.173606,92.739793,0.013,191
MIZ/LUNG/84A12/2025/043,23.150939,92.748258,0.024,201
MIZ/LUNG/84A12/2025/045,23.1351,92.748694,0.088,194
MIZ/LUNG/84A12/2025/046,23.134009,92.746247,0.166,200
MIZ/LUNG/84A12/2025/047,23.132082,92.746268,0.052,203
MIZ/LUNG/84A12/2025/049,23.114225,92.746024,0.128,208
MIZ/LUNG/84A12/2025/050,23.111824,92.745097,0.071,197
MIZ/LUNG/84A16/2025/044,23.140846,92.751229,0.029,198
MIZ/LUNG/84A16/2025/052,23.022804,92.755698,0.216,106
MIZ/LUNG/84B13/2025/070,22.788323,92.833817,0.376,60
MIZ/LUNG/84B13/2025/071,22.793307,92.819831,0.376,66
MIZ/LUNG/84B13/2025/079,22.892426,92.822937,0.026,109
MIZ/LUNG/84B14/2025/062,22.641087,92.867635,1.845,26
MIZ/LUNG/84B14/2025/063,22.660692,92.855602,0.098,23
MIZ/LUNG/84B14/2025/064,22.688472,92.842907,0.107,19
MIZ/LUNG/84B14/2025/065,22.702165,92.836523,0.644,25
MIZ/LUNG/84B14/2025/066,22.706999,92.841597,0.226,26
MIZ/LUNG/84B14/2025/067,22.745387,92.841543,0.764,36
MIZ/SAI/84A14/2025/237,23.527592,92.984969,7.594,23
MIZ/SER/84A11/2025/157,23.307135,92.707624,0.055,100
MIZ/SER/84A11/2025/158,23.306409,92.706083,0.145,100
MIZ/SER/84A11/2025/159,23.306012,92.704212,0.196,98
MIZ/SER/84A12/2025/027,23.239077,92.745631,0.119,140
MIZ/SER/84A12/2025/029,23.239797,92.744214,0.078,137
MIZ/SER/84A12/2025/030,23.238785,92.744224,0.046,142
MIZ/SER/84A15/2025/024,23.315355,92.790619,0.062,184
MIZ/SER/84A15/2025/025,23.316491,92.788798,0.225,184
MIZ/SER/84A15/2025/097,23.322039,92.859147,0.035,147
MIZ/SER/84A15/2025/098,23.319156,92.857722,0.102,148
MIZ/SER/84A15/2025/099,23.317543,92.858683,0.2,145
MIZ/SER/84A15/2025/100,23.318568,92.852294,0.086,152
MIZ/SER/84A15/2025/101,23.323423,92.860926,0.166,146
MIZ/SER/84A15/2025/102,23.319412,92.855415,0.11,149
MIZ/SER/84A15/2025/103,23.319184,92.856725,0.102,149
MIZ/SER/84A15/2025/104,23.309286,92.850807,0.286,147
MIZ/SER/84A15/2025/105,23.10112,92.852784,1.433,55
MIZ/SER/84A15/2025/106,23.309914,92.853522,0.202,147
MIZ/SER/84A15/2025/107,23.315273,92.856524,0.11,148
MIZ/SER/84A15/2025/108,23.311529,92.85443,0.202,148
MIZ/SER/84A15/2025/109,23.31637,92.854172,0.209,151
MIZ/SER/84A15/2025/110,23.310074,92.858498,0.096,143
MIZ/SER/84A15/2025/111,23.309295,92.860017,0.074,143
MIZ/SER/84A15/2025/112,23.308629,92.860039,0.074,143
MIZ/SER/84A15/2025/113,23.308778,92.858357,0.145,143
MIZ/SER/84A15/2025/114,23.300837,92.855693,0.135,144
MIZ/SER/84A15/2025/115,23.300787,92.853572,0.083,144
MIZ/SER/84A15/2025/116,23.305323,92.852358,0.062,144
MIZ/SER/84A15/2025/119,23.298928,92.857435,0.088,145
MIZ/SER/84A15/2025/120,23.310846,92.858915,0.096,143
MIZ/SER/84A15/2025/121,23.311335,92.858026,0.106,143
MIZ/SER/84A15/2025/123,23.3057,92.852802,0.062,143
MIZ/SER/84A15/2025/128,23.301381,92.853078,0.083,144
MIZ/SER/84A15/2025/129,23.299628,92.855609,0.135,144
MIZ/SER/84A15/2025/133,23.298166,92.858694,0.131,144
MIZ/SER/84A15/2025/137,23.301587,92.868485,0.74,138
MIZ/SER/84A15/2025/138,23.313996,92.863984,0.529,142
MIZ/SER/84A15/2025/140,23.3228,92.862406,0.166,141
MIZ/SER/84A15/2025/141,23.286141,92.868152,0.456,130
MIZ/SER/84A15/2025/142,23.281219,92.869608,0.034,136
MIZ/SER/84A15/2025/143,23.274148,92.871011,0.317,137
MIZ/SER/84A15/2025/144,23.272548,92.874296,0.108,136
MIZ/SER/84A15/2025/149,23.286735,92.85703,0.063,132
MIZ/SER/84A15/2025/150,23.284565,92.857096,0.085,133
MIZ/SER/84A15/2025/153,23.288276,92.830821,0.564,147
MIZ/SER/84A16/2025/091,23.188273,92.898879,0.103,49
MIZ/SER/84A16/2025/093,23.198119,92.899566,0.308,55
MIZ/SER/84A16/2025/094,23.223594,92.914767,0.295,83
MIZ/SER/84A16/2025/095,23.225227,92.912496,0.295,86
MIZ/SER/84A16/2025/148,23.243855,92.905242,0.058,129
MIZ/SER/84E04/2025/222,23.1915,93.011024,0.769,28
MIZ/SER/84E04/2025/223,23.183361,93.066742,1.522,21
MIZ/SIA/84B15/2025/057,22.404215,92.951647,0.11,47
MIZ/SIA/84B15/2025/059,22.491822,92.970252,0.105,61
MIZ/SIA/84B15/2025/060,22.491,92.97076,0.105,61
MIZ/SIA/84B15/2025/061,22.437107,92.946912,0.252,63
MIZ/AIZ/83D15/2025/244,24.365715,92.930137,0.023,34
MIZ/AIZ/84A13/2025/240,23.807952,92.834037,0.052,136
MIZ/AZL/84A09/2025/009,23.75024,92.736662,0.12,318
MIZ/AZL/84A10/2025/012,23.745802,92.717053,0.188,324
MIZ/AZL/84A11/2025/015,23.469247,92.744068,0.321,202
MIZ/AZL/84A15/2025/017,23.367366,92.767304,0.121,126
MIZ/AZL/84A15/2025/023,23.313871,92.792739,0.23,185
MIZ/CHAM/84E04/2025/228,23.198136,93.166988,0.408,29
MIZ/CHAM/84E04/2025/229,23.177311,93.198157,0.46,53
MIZ/HNAH/84A16/2025/087,23.170678,92.899334,0.238,50
MIZ/KHAW/84E04/2025/226,23.2066,93.148665,1.769,24
MIZ/KHAW/84E08/2025/231,23.14788,93.323791,0.269,44
MIZ/LUN/84A12/2025/070,23.184091,92.738895,0.243,183
MIZ/LUN/84A12/2025/150,23.11239,92.745417,0.071,200
MIZ/LUN/84A12/2025/157,23.104623,92.747711,0.012,193
MIZ/LUN/84A16/2025/175,23.074255,92.76222,0.522,165
MIZ/LUNG/84A08/2025/208,23.206239,92.491221,0.0,53
MIZ/LUNG/84A08/2025/209,23.199961,92.488796,0.741,51
MIZ/LUNG/84A08/2025/210,23.17824,92.491031,0.222,50
MIZ/LUNG/84A08/2025/211,23.180969,92.488193,0.142,48
MIZ/LUNG/84A08/2025/212,23.180354,92.486971,0.142,47
MIZ/LUNG/84A08/2025/213,23.182466,92.487731,0.173,48
MIZ/LUNG/84A11/2025/163,23.297521,92.689449,0.38,57
MIZ/LUNG/84A11/2025/164,23.30374,92.672816,0.139,47
MIZ/LUNG/84A11/2025/165,23.304123,92.671521,0.139,47
MIZ/LUNG/84A11/2025/166,23.306105,92.671296,0.222,47
MIZ/LUNG/84A11/2025/167,23.306338,92.666573,0.483,47
MIZ/LUNG/84A11/2025/168,23.32044,92.643229,2.138,36
MIZ/LUNG/84A11/2025/169,23.301901,92.649401,0.026,47
MIZ/LUNG/84A11/2025/215,23.251004,92.63667,0.405,79
MIZ/LUNG/84A12/2025/034,23.200475,92.735007,0.057,168
MIZ/LUNG/84A12/2025/035,23.195661,92.73562,0.11,169
MIZ/LUNG/84A12/2025/048,23.114694,92.743931,0.126,208
MIZ/LUNG/84A12/2025/170,23.246611,92.655112,1.559,112
MIZ/LUNG/84A12/2025/171,23.2388,92.636923,0.475,75
MIZ/LUNG/84A12/2025/172,23.234538,92.637234,0.475,76
MIZ/LUNG/84A12/2025/173,23.206413,92.632701,1.015,81
MIZ/LUNG/84A12/2025/174,23.197283,92.632661,1.015,82
MIZ/LUNG/84A12/2025/175,23.174558,92.612556,0.141,83
MIZ/LUNG/84A12/2025/176,23.1739,92.611378,0.091,83
MIZ/LUNG/84A12/2025/177,23.173258,92.611929,0.067,82
MIZ/LUNG/84A12/2025/178,23.17252,92.611434,0.043,82
MIZ/LUNG/84A12/2025/179,23.172659,92.611828,0.043,81
MIZ/LUNG/84A12/2025/180,23.198272,92.589291,0.109,85
MIZ/LUNG/84A12/2025/181,23.198961,92.590043,0.109,86
MIZ/LUNG/84A12/2025/182,23.199095,92.586671,0.088,85
MIZ/LUNG/84A12/2025/183,23.199415,92.585883,0.088,87
MIZ/LUNG/84A12/2025/184,23.200105,92.584517,0.159,87
MIZ/LUNG/84A12/2025/185,23.200655,92.5813,0.07,80
MIZ/LUNG/84A12/2025/186,23.201843,92.579666,0.079,78
MIZ/LUNG/84A12/2025/187,23.202247,92.57903,0.079,78
MIZ/LUNG/84A12/2025/188,23.203107,92.577972,0.144,77
MIZ/LUNG/84A12/2025/189,23.203903,92.576807,0.077,77
MIZ/LUNG/84A12/2025/190,23.204282,92.576174,0.045,77
MIZ/LUNG/84A12/2025/191,23.204481,92.575792,0.045,77
MIZ/LUNG/84A12/2025/192,23.205193,92.574684,0.026,77
MIZ/LUNG/84A12/2025/193,23.214589,92.572672,1.065,75
MIZ/LUNG/84A12/2025/194,23.212919,92.558022,0.922,73
MIZ/LUNG/84A12/2025/195,23.207082,92.509726,0.179,56
MIZ/LUNG/84A12/2025/196,23.195616,92.546251,0.398,66
MIZ/LUNG/84A12/2025/197,23.19796,92.543304,0.398,65
MIZ/LUNG/84A12/2025/198,23.190022,92.554302,0.23,70
MIZ/LUNG/84A12/2025/199,23.21035,92.539589,0.178,64
MIZ/LUNG/84A12/2025/200,23.208921,92.541174,0.059,64
MIZ/LUNG/84A12/2025/201,23.208823,92.53749,0.089,64
MIZ/LUNG/84A12/2025/202,23.206239,92.491221,0.0,53
MIZ/LUNG/84A12/2025/203,23.20549,92.543278,0.438,65
MIZ/LUNG/84A12/2025/204,23.219631,92.563324,0.922,75
MIZ/LUNG/84A12/2025/205,23.204981,92.534603,0.085,62
MIZ/LUNG/84A12/2025/206,23.206253,92.533605,0.173,62
MIZ/LUNG/84A12/2025/207,23.209857,92.500587,0.772,56
MIZ/LUNG/84A12/2025/214,23.204706,92.533825,0.085,62
MIZ/LUNG/84B13/2025/072,22.866131,92.772713,0.101,108
MIZ/LUNG/84B13/2025/073,22.903567,92.758702,0.136,110
MIZ/LUNG/84B13/2025/074,22.903454,92.760096,0.143,110
MIZ/LUNG/84B13/2025/075,22.904615,92.75705,0.097,110
MIZ/LUNG/84B13/2025/076,22.922528,92.752404,0.545,95
MIZ/LUNG/84B13/2025/078,22.88042,92.821692,0.944,114
MIZ/SER/84A11/2025/154,23.293863,92.741368,0.254,106
MIZ/SER/84A11/2025/155,23.295774,92.740012,0.186,104
MIZ/SER/84A11/2025/156,23.30265,92.742945,0.319,100
MIZ/SER/84A11/2025/160,23.300291,92.69577,0.104,76
MIZ/SER/84A11/2025/161,23.299806,92.694901,0.104,76
MIZ/SER/84A11/2025/162,23.299312,92.692614,0.24,66
MIZ/SER/84A12/2025/028,23.239137,92.744468,0.046,140
MIZ/SER/84A15/2025/124,23.307093,92.856289,0.15,143
MIZ/SER/84A15/2025/125,23.307524,92.857678,0.15,143
MIZ/SER/84A15/2025/126,23.305939,92.857538,0.177,143
MIZ/SER/84A15/2025/127,23.303906,92.853173,0.165,144
MIZ/SER/84A15/2025/134,23.346456,92.851511,0.341,155
MIZ/SER/84A15/2025/135,23.3466,92.854847,0.341,152
MIZ/SER/84A15/2025/145,23.271227,92.874544,0.149,136
MIZ/SER/84A15/2025/146,23.270548,92.877577,0.319,135
MIZ/SER/84A15/2025/147,23.67701,92.87895,1.166,119
MIZ/SER/84A15/2025/151,23.281443,92.840145,0.356,139
MIZ/SER/84A15/2025/152,23.280947,92.8367,0.356,142
MIZ/SER/84A16/2025/088,23.180345,92.900082,0.804,45
MIZ/SER/84A16/2025/089,23.187383,92.89826,0.048,48
MIZ/SER/84A16/2025/090,23.187762,92.898034,0.048,49
MIZ/SER/84A16/2025/216,23.234898,92.911307,0.275,105
MIZ/SER/84A16/2025/217,23.225619,92.924909,0.284,78
MIZ/SER/84A16/2025/218,23.223807,92.944448,0.143,58
MIZ/SER/84A16/2025/219,23.21795,92.998007,0.071,36
MIZ/SER/84A16/2025/220,23.217324,92.99812,0.071,36
MIZ/SER/84E04/2025/221,23.19917,93.000199,0.705,33
MIZ/SIA/84F03/2025/061,22.469737,93.100868,2.462,11
MIZ/LUN/84A12/2025/030,23.230114,92.740067,0.058,144
MIZ/LUN/84A12/2025/032,23.226843,92.740266,0.166,150
MIZ/LUN/84A12/2025/044,23.201335,92.734857,0.026,166
MIZ/LUN/84A12/2025/045,23.201614,92.734453,0.021,165
MIZ/LUN/84A12/2025/046,23.201759,92.734328,0.021,164
MIZ/LUN/84A12/2025/048,23.199924,92.73481,0.023,168
MIZ/LUN/84A12/2025/055,23.193237,92.734819,0.026,172
MIZ/LUN/84A12/2025/057,23.191747,92.73459,0.019,174
MIZ/LUN/84A12/2025/064,23.188245,92.734327,0.089,176
MIZ/LUN/84A12/2025/066,23.18675,92.735178,0.054,180
MIZ/LUN/84A12/2025/093,23.164812,92.743396,0.072,193
MIZ/LUN/84A12/2025/152,23.113126,92.74564,0.072,203
MIZ/LUNG/84B09/2025/077,22.895235,92.747812,1.368,107
MIZ/LUN/84A12/2025/037,23.204595,92.73861,0.151,160
AS/KAM(M)/78N12/2025/01,26.166185,91.7147,0.046,74
7196,25.69814,93.129423,2.976,8
7197,25.648512,93.121528,0.087,9
7195,26.11956,92.052125,2.31,11
6831,24.863924,93.617853,0.186,61
AS/KAM(M)/78N16/2025/05,26.158193,91.755807,1.246,83
MIZ/LUN/84A12/2025/033,23.225357,92.74039,0.166,152
MIZ/LUN/84A12/2025/056,23.191775,92.734778,0.019,174
MIZ/LUN/84A16/2025/115,23.144687,92.750609,0.15,195
MIZ/LUN/84A16/2025/162,23.099615,92.752199,0.148,188
MIZ/SER/84A15/2025/118,23.304746,92.862109,0.448,143
3365,30.071759,79.502574,0.014,125
7248,25.69007,91.67085,0.397,41
7249,25.733262,91.675754,3.616,39
ME/EWK/2026/54,25.68822222,91.66746111,0.095,41
3363,14.80989612,74.14158063,0.04,33
MIZ/KHAW/84E03/2025/232,23.486306,93.220639,0.77,85
MIZ/AIZ/83D15/2025/241,24.285871,92.94599,0.238,36
MIZ/AIZ/83D15/2025/242,24.288014,92.946017,0.238,37
MIZ/KHAW/84E02/2025/233,23.544052,93.155591,0.143,66
MIZ/KHAW/84E02/2025/234,23.545766,93.147931,0.037,66
MIZ/KHAW/84E02/2025/235,23.5266,93.192968,2.64,69
3367,14.9025033,74.56196438,0.103,6
MIZ/AIZ/84A14/2025/238,23.700835,92.877449,0.093,133
MIZ/AIZ/84A14/2025/245,23.747519,92.853155,0.446,162
MIZ/LUN/84A12/2025/052,23.197825,92.73502,0.097,168
MIZ/LUN/84A16/2025/181,23.063838,92.769004,0.18,154
MIZ/SAI/84A14/2025/236,23.667553,92.89259,0.194,99
KA/CKM/48O12/2025/12,13.04149583,75.56029417,0.267,5
3385,30.9913537,78.4567104,0.122,85
KA/HSN/48P13/2025/01,12.92106944,75.75716944,0.574,12
KA/KOD/48P14/2025/12,12.673322,75.792564,1.076,7
KA/KOD/48P11/2025/08,12.305793,75.689515,8.475,1
ME/EWK/2026/43,25.69688611,91.64176667,0.197,42
ME/EWK/2026/51,25.688833,91.653639,0.243,42
KA/KOD/48P14/2025/13,12.673218,75.754767,3.188,6
ME/EWK/2026/29,25.49551944,91.49585278,3.762,6
KA/UK/48J01/2025/24,14.879833,74.412722,5.508,5
7194,26.24698,91.964383,1.283,4
3382,26.4242282,94.3924136,0.552,33
KER/KOZ/49M14/2025/4,11.72566667,75.81052778,0.049,61
HP/Kangra/53A/05/2025/05,31.92544444,76.44583611,0.418,24
3375,25.623067,94.114196,0.12,235
3380,26.4231373,94.3822611,0.0,33
3381,26.4219453,94.3854377,0.025,33
3383,26.42608,94.398916,0.679,34
NL/MOK/83J07/2025/02,26.423137,94.382261,0.0,33
NL/MOK/83J07/2025/03,26.42186,94.3852,0.025,33
NL/MOK/83J07/2025/04,26.425346,94.387013,0.409,33
NL/MOK/83J07/2025/08,26.379798,94.450751,0.454,31
3379,26.4527822,94.375268,0.001,28
NL/MOK/83J07/2025/01,26.45278,94.37526,0.001,28
KA/UK/48J12/2025/18,14.241374,74.578467,0.476,34
KA/UK/48J06/2025/20,14.549817,74.348917,1.014,43
KA/CKM/48K14/2025/06,13.37401333,75.21429306,0.062,18
UK/TG/53J8/2025/1A,30.12292,78.381461,0.152,13
7341,18.482179,73.068593,1.2,8
KER/KOZ/49M14/2025/02,11.520975,75.89981389,0.297,70
KER/KOZ/49M14/2025/3,11.72522222,75.81052778,0.049,62
7213,33.184717,75.31306,0.357,56
7214,33.184433,75.316882,0.357,55
7314,18.60092,73.41089,3.414,9
JK/POO/43K6/2025/026,33.63193,74.250613,2.118,11
JK/POO/43K6/2025/031,33.629118,74.273238,1.032,13
JK/UDH/43P1/2025/16,32.83436944,75.14602222,3.377,20
SI/GTK/78A11/2025/02,27.372611,88.541022,0.255,98
JK/POO/43K2/2025/035,33.737804,74.179732,1.5,14
JK/POO/43K2/2025/036,33.733629,74.205005,2.383,15
JK/POO/43K2/2025/037,33.699214,74.233149,1.736,16
JK/POO/43K6/2025/027,33.621861,74.280183,1.032,12
JK/POO/43K6/2025/028,33.642519,74.435408,0.539,19
JK/POO/43K6/2025/030,33.615387,74.343672,1.682,12
JK/RAJ/43K7/2025/040,33.37646,74.394878,0.126,9
JK/RAJ/43K7/2025/041,33.37578,74.414689,0.762,9
JK/RAJ/43K8/2025/043,33.239271,74.374255,0.33,4
JK/RAJ/43K8/2025/044,33.24148,74.376621,0.33,4
7301,18.36807,73.77814,0.291,27
7302,18.38201,73.7594,1.337,32
7303,18.38249,73.77577,0.283,31
JK/JMU/43P1/2025/18,32.87978611,74.95545556,1.236,5
JK/JMU/43P1/2025/19,32.84867222,74.94725278,1.198,5
JK/POO/43K2/2025/032,33.73293,74.12295,3.644,8
JK/REA/43L13/2025/017,32.99842778,74.94203611,1.055,19
HP/Mandi/53E02/2025/08,31.60555556,77.20027778,1.872,62
JK/POO/43K1/2025/034,33.780956,74.202292,2.644,9
7291,18.39178,73.67608,0.671,55
7292,18.38673,73.66317,0.494,56
KER/KOZ/49M15/2025/01,11.47475,75.92625,0.474,74
7289,18.40566,73.51608,0.479,57
7290,18.40485,73.51162,0.479,56
7293,18.38386,73.63431,0.82,62
JK/POO/43K1/2025/033,33.803642,74.193719,2.644,7
7331,19.778579,73.784894,25.102,0
7332,19.338169,73.784959,0.005,28
7333,19.335403,73.783893,0.119,23
5747,19.338163,73.785007,0.005,28
5749,19.339084,73.784911,0.054,30
5750,19.338596,73.78494,0.048,30
KA/CKM/48O07/2025/02,13.48781972,75.31866528,2.431,34
NL/MOK/83J07/2025/05,26.383648,94.440751,0.275,30
JK/POO/43K6/2025/038,33.653046,74.25295,2.358,12
JK/REA/43K12/2025/047,33.075314,74.728768,0.203,26
JK/RAJ/43K12/2025/046,33.13701,74.608723,4.215,6
JK/RAJ/43K7/2025/039,33.376256,74.39121,0.341,9
JK/RAJ/43K7/2025/042,33.387824,74.44095,1.819,8
JK/REA/43K12/2025/048,33.070198,74.744972,0.464,34
NL/MOK/83J07/2025/07,26.387181,94.444132,0.324,31
HP/BIL/53A15/2025/07,31.3593204,76.806473,0.175,112
HP/BIL/53A15/2025/08,31.254981,76.774276,0.344,142
HP/LAH/52L08/2025/10,32.06916667,78.33222222,9.721,5
HP/Mandi/53A14/2025/03,31.725,76.7725,2.404,86
HP/BIL/53A15/2025/04,31.366877,76.7870719,1.289,109
HP/Solan/53A/16/2025/01,31.16436666,76.7617555,0.625,152
KA/KOD/48P11/2025/06,12.438585,75.653973,0.526,95
UK/PAU/53J08/2025/01,30.11963889,78.36477778,0.594,12
HP/LAH/52D09/2025/08,32.82666667,76.74638889,7.42,1
JK/RAJ/43K07/2025/061,33.396917,74.4873735,4.427,8
JK/RAJ/43K07/2025/065,33.37626944,74.39621944,0.126,9
JK/KIS/52C07/2025/054,33.37896389,76.27893056,15.532,0
JK/RAJ/43K07/2025/064,33.37226667,74.40379444,0.384,9
JK/POO/43K02/2025/78,33.63745556,74.19265556,4.496,10
KA/CKM/48O07/2025/08,13.38036639,75.27595111,1.006,26
KA/CKM/48O07/2025/09,13.38881556,75.31348722,0.603,27
HP/SHIMLA/53E/04/2025/02,31.966644,77.116205,0.002,74
3436,32.442188,75.531513,0.001,8
JK/KAT/43P10/2025/066,32.53151944,75.69415556,2.153,37
JK/KAT/43P11/2025/049,32.44218,75.53151,0.001,8
JK/KAT/43P11/2025/050,32.44311,75.532,0.112,8
JK/KAT/43P11/2025/051,32.44476,75.533,0.206,8
JK/KAT/43P11/2025/052,32.44726,75.5187,0.001,8
JK/KAT/43P11/2025/053,32.44514,75.51906,0.001,8
KA/HSN/48P09/2025/04,12.83177222,75.71678889,1.912,21
HP/Kangra/52D/08/2025/08,32.22934444,76.32632222,0.407,109
7275,18.3355,73.67758,0.029,34
7280,18.33571,73.67774,0.029,34
7282,18.33617,73.67298,0.491,36
7287,18.27354,73.602259,0.46,38
7318,18.3961,73.85762,1.491,17
7319,18.4095,73.85817,1.041,15
7334,18.51905,72.961793,3.236,2
7342,18.51037,73.125529,0.103,9
3442,25.566518,91.914509,0.026,76
7263,19.09576,73.74714,1.864,25
7274,19.0797,73.72756,0.037,22
7281,18.33455,73.67761,0.106,34
7283,18.26614,73.59632,0.384,37
7284,18.26855,73.59893,0.177,36
7285,18.26927,73.60043,0.014,38
7286,18.26931,73.60056,0.014,38
7310,18.71584,73.4609,0.052,15
7311,18.71578,73.46041,0.052,15
7312,18.71404,73.45972,0.102,15
7313,18.71317,73.46003,0.102,15
7315,18.63083,73.41822,0.009,12
7320,18.41885,73.85771,1.041,14
7307,18.38809,73.38825,0.209,8
7308,18.38631,73.38888,0.209,8
7309,18.39955,73.3856,0.625,6
7255,19.09314,73.79751,2.483,17
7288,18.46299,73.63227,0.41,36
7295,18.41068,73.50163,0.886,54
7304,18.47662,73.45907,4.103,22
7316,18.63087,73.41815,0.009,12
7306,18.39979,73.37968,0.625,6
HP/SOLAN/53A/12/2025/04,31.21918611,76.72500833,0.21,161
UK/CHA/53N12/2025/06,30.07344444,79.50233333,0.189,125
HP/UNA/53A6/2025/15,31.609099,76.294201,6.695,16
3490,33.371921,74.407908,0.384,9
JK/RAJ/43K07/2025/81,33.04161389,74.59126944,0.107,8
JK/RAJ/43K12/2025/023,33.047327,74.644605,2.59,16
JK/RAJ/43K8/2025/024,33.159591,74.271341,0.105,3
JK/REA/43L13/2025/82,32.98837778,74.92054722,0.032,18
JK/REA/43L13/2025/83,32.98865,74.92065556,0.032,18
JK/REA/43L13/2025/84,32.99444722,74.92806667,0.945,18
KER/KHZ/49M15/2025/01,11.51339444,76.01924444,0.478,133
JK/POO/43K8/2025/025,33.160347,74.272017,0.105,3
JK/SAM/43P02/2025/085,32.67499167,75.16107778,0.076,39
JK/SAM/43P02/2025/086,32.67428333,75.16099167,0.028,39
JK/SAM/43P02/2025/087,32.67509167,75.15949167,0.149,39
JK/UDH/43O04/2025/20,33.010825,75.22598056,0.229,56
JK/UDH/43O04/2025/21,33.01029444,75.22261667,0.013,56
JK/UDH/43P1/2025/22,32.97508056,75.17986944,0.298,55
7299,18.38016,73.77685,0.283,31
7300,18.3619,73.77245,0.334,26
JK/RAJ/43K08/2025/79,33.20960833,74.27855556,1.847,6
JK/RAJ/43K12/2025/80,33.03997778,74.58563056,0.556,8
7219,33.195183,75.359804,0.057,54
7220,33.196652,75.352971,0.656,53
7221,33.194759,75.360139,0.057,55
7222,33.201932,75.363243,0.816,51
HP/HMPR/53A9/2025/14,31.7691009,76.490383,4.022,22
HP/SOLAN/53A/16/2025/02,31.16997222,76.76130555,0.537,152
JK/JAM/43K12/2025/063,33.046805,74.701774,3.942,14
3488,33.37561,74.427921,1.229,8
JK/RAJ/43K/07/2025/063,33.340406,74.325202,7.313,6
HP/UNA/53A6/2025/16,31.437986,76.42395,0.879,31
HP/UNA/53A7/2025/19,31.484232,76.388595,1.391,31
7216,33.193303,75.339613,0.29,53
7217,33.195603,75.337746,0.309,54
7218,33.205743,75.347395,0.102,46
7223,33.204841,75.347603,0.102,46
JK/REA/43K16/2025/069,33.16242778,74.82162778,1.826,39
JK/REA/43K16/2025/070,33.11659722,74.80328056,0.077,45
JK/UDH/43O1/2025/075,32.95504722,75.15861111,0.101,49
HP/KULLU/53E/01/2025/01,31.96693889,77.11688056,0.072,76
HP/SIR/53F5/2025/3,30.71638889,77.22888889,3.175,75
3485,30.904346,77.089736,0.237,306
HP/UNA/53A7/2025/21,31.421993,76.416965,1.089,31
JK/RAM/43O03/2025/067,33.279,75.004,0.0,73
JK/REA/43K15/2025/073,33.30953889,74.94223056,0.047,136
HP/BIL/53A15/2025/06,31.3626538,76.7744273,0.953,97
JK/POO/43K02/2025/76,33.67733056,74.18461389,1.057,15
JK/POO/43K02/2025/77,33.681475,74.17433333,1.057,14
7215,33.097678,75.325725,0.962,48
SI/GYA/78A03/2025/01,27.327977,88.152281,1.407,73
HP/CHAMBA/43P/15/2025/10,32.468125,75.91993611,0.209,98
MIZ/AZL/84A11/2025/020,23.4807,92.7025,0.294,229
MIZ/LUN/84A12/2025/067,23.186501,92.735632,0.023,180
MIZ/LUN/84A12/2025/068,23.186296,92.7356,0.02,181
MIZ/LUN/84A12/2025/069,23.186133,92.735682,0.02,181
MIZ/LUN/84A12/2025/084,23.174341,92.740855,0.132,192
MIZ/LUN/84A12/2025/114,23.147798,92.749742,0.068,196
MIZ/LUN/84A12/2025/133,23.131999,92.744413,0.035,203
MIZ/LUN/84A16/2025/164,23.09459,92.753733,0.315,179
MIZ/LUN/84A16/2025/165,23.092076,92.752286,0.051,175
UK/DEH/53J03/2025/01,30.40491111,78.13888333,0.192,80
UK/DEH/53J03/2025/10,30.50230556,78.01522222,1.574,112
UK/DEH/53J03/2025/12,30.46161111,78.05969444,0.334,102
UK/DEH/53J03/2025/13,30.42502778,78.07377778,0.183,93
UK/DEH/53J03/2025/14,30.41069444,78.0865,0.199,100
UK/CH/TNK/PDLS/2025/01,29.79944444,80.25019444,1.519,24
HP/Kangra/52D/08/2025/07,32.22763611,76.32045,0.467,108
6894,27.008623,88.201081,0.167,290
6896,26.874957,88.191543,0.105,160
6893,26.901067,88.16592,0.075,118
6895,26.881874,88.184536,0.002,155
KER/KOL/58D13/2025/01,8.97316667,76.89913889,11.859,0
TN/NIL/58A11/2025/41,11.3206,76.6903,0.267,214
TN/NIL/58A15/2025/2,11.3494,76.7872,0.011,369
TN/NIL/58A11/2025/35,11.2653,76.7448,4.169,115
TN/NIL/58A15/2025/20,11.4588,76.8427,1.515,62
TN/NIL/58A15/2025/22,11.4508,76.89,1.208,54
TN/NIL/58A15/2025/30,11.3556,76.771,0.719,375
TN/NIL/58A15/2025/32,11.3608,76.834,0.19,348
TN/NIL/58A15/2025/34,11.3203,76.7985,0.677,311
TN/NIL/58A15/2025/1,11.3426,76.7901,0.246,362
TN/NIL/58A15/2025/11,11.3752,76.8165,0.193,361
TN/NIL/58A15/2025/6,11.3445,76.7924,0.012,358
TN/NIL/58A11/2025/27,11.3157,76.7068,0.675,279
TN/NIL/58A11/2025/37,11.2617,76.6327,0.608,150
TN/NIL/58A15/2025/10,11.3665,76.8167,0.201,362
TN/NIL/58A15/2025/13,11.3339,76.7981,0.024,338
TN/NIL/58A15/2025/18,11.4146,76.8133,0.102,341
TN/NIL/58A15/2025/23,11.4317,76.8667,1.444,99
TN/NIL/58A15/2025/38,11.2659,76.6572,0.215,156
TN/NIL/58A11/2025/25,11.3785,76.7444,0.167,335
TN/NIL/58A11/2025/39,11.2643,76.6583,0.215,155
TN/NIL/58A11/2025/40,11.2818,76.65,0.17,171
TN/NIL/58A15/2025/15,11.3307,76.808,0.036,327
TN/NIL/58A15/2025/17,11.4139,76.8139,0.102,341
TN/NIL/58A15/2025/19,11.4159,76.8172,0.008,338
TN/NIL/58A15/2025/21,11.4939,76.8939,0.97,17
TN/NIL/58A15/2025/3,11.3494,76.7959,0.367,358
TN/NIL/58A15/2025/42,11.4723,76.8408,1.515,51
TN/NIL/58A15/2025/9,11.3571,76.8083,0.268,359
TN/NIL/58A15/2025/33,11.3935,76.9317,3.559,127
TN/NIL/58A15/2025/7,11.3509,76.7929,0.279,365
TN/NIL/58A15/2025/14,11.337,76.7982,0.044,341
TN/NIL/58A15/2025/4,11.3533,76.785,0.003,374
TN/NIL/58A11/2025/26,11.3359,76.7345,0.244,326
TN/NIL/58A11/2025/36,11.2774,76.6898,0.97,167
TN/NIL/58A15/2025/12,11.3669,76.7992,1.139,370
TN/NIL/58A15/2025/24,11.4174,76.8781,0.588,174
TN/NIL/58A15/2025/28,11.3696,76.7517,0.307,353
TN/NIL/58A15/2025/29,11.3718,76.7561,0.381,352
TN/NIL/58A15/2025/31,11.3375,76.7769,0.568,374
TN/NIL/58A15/2025/43,11.3599,76.7814,0.024,378
TN/NIL/58A15/2025/44,11.3606,76.7813,0.008,378
TN/NIL/58A15/2025/5,11.359,76.7817,0.05,378
7077,26.238016,91.945953,2.091,9
H.P./Shimla/53E/4/2025/5,31.09277778,77.20638889,0.132,121
7013,27.068621,88.479162,0.345,460
7015,27.074239,88.473046,0.007,461
7152,11.347369,76.789377,0.0,366
7154,11.349663,76.788382,0.0,368
TN/NILGIRIS/58A15/2026/01,11.344605,76.792407,0.0,359
TN/NILGIRIS/58A15/2026/02,11.346337,76.798923,0.008,342
TN/NILGIRIS/58A15/2026/03,11.347369,76.789377,0.0,366
TN/NILGIRIS/58A15/2026/04,11.349663,76.788382,0.0,368
TN/NILGIRIS/58A15/2026/05,11.352862,76.786387,0.027,373
7386,27.099285,93.614766,0.335,40
7406,33.214947,75.272822,0.384,54
7454,23.802772,91.272189,9.243,1
7583,27.715081,94.692035,2.043,20
7598,25.567423,89.979711,0.288,5
NEG_000001,27.000628,91.991005,17.735,0
NEG_000002,26.812378,92.947831,21.02,0
NEG_000003,26.821776,93.243434,14.055,0
NEG_000004,26.964602,94.09792,31.195,0
NEG_000005,26.939878,94.248009,38.881,0
NEG_000006,26.996234,95.051646,16.891,0
NEG_000007,27.001854,95.574727,2.697,13
NEG_000008,26.829025,96.50146,59.646,0
NEG_000009,27.153456,91.948405,33.516,0
NEG_000010,27.099205,92.636566,1.016,27
NEG_000011,27.184286,93.481462,7.086,7
NEG_000012,27.293702,94.086714,26.358,0
NEG_000013,27.252228,94.295289,47.443,0
NEG_000014,27.281147,95.244864,19.099,0
NEG_000015,27.190313,95.807656,5.159,16
NEG_000016,27.248325,96.369491,15.648,0
NEG_000017,27.515925,92.062421,4.657,7
NEG_000018,27.348688,92.612291,15.581,0
NEG_000019,27.576485,93.108668,10.757,0
NEG_000020,27.421458,93.997772,19.792,0
NEG_000021,27.524121,94.461304,27.758,0
NEG_000022,27.346444,94.886973,36.445,0
NEG_000023,27.384815,95.765506,22.023,0
NEG_000024,27.463707,96.313407,9.046,8
NEG_000025,27.717278,91.772318,14.421,0
NEG_000026,27.868693,92.776037,37.986,0
NEG_000027,27.83274,93.409368,6.33,16
NEG_000028,27.643775,94.147631,15.445,0
NEG_000029,27.70181,94.568915,10.224,0
NEG_000030,27.827137,95.278867,20.524,0
NEG_000031,27.778835,95.858154,43.697,0
NEG_000032,27.628606,96.383746,16.733,0
NEG_000033,27.922645,92.083631,38.404,0
NEG_000034,28.054922,92.556349,67.185,0
NEG_000035,28.159462,93.263307,30.351,0
NEG_000036,28.028779,93.891172,22.003,0
NEG_000037,28.025132,94.374502,10.319,0
NEG_000038,28.015557,94.844363,13.143,0
NEG_000039,27.932849,95.7985,26.719,0
NEG_000040,27.971891,96.486749,6.654,18
NEG_000041,28.200774,92.288083,74.494,0
NEG_000042,28.324592,92.571325,91.295,0
NEG_000043,28.258762,93.556315,42.573,0
NEG_000044,28.241821,94.168453,5.134,2
NEG_000045,28.291428,94.826159,3.75,5
NEG_000046,28.417623,95.387195,13.651,0
NEG_000047,28.384729,95.865511,5.608,20
NEG_000048,28.377744,96.239588,26.12,0
NEG_000049,28.481861,92.235222,102.301,0
NEG_000050,28.613851,92.884908,92.204,0
NEG_000051,28.663151,93.5681,73.923,0
NEG_000052,28.451725,93.728633,53.499,0
NEG_000053,28.481604,94.523532,9.354,1
NEG_000054,28.503189,95.33158,10.28,0
NEG_000055,28.484159,95.530592,24.131,0
NEG_000056,28.531207,96.380379,33.111,0
NEG_000057,28.804118,92.29356,138.455,0
NEG_000058,28.900359,92.406312,145.535,0
NEG_000059,28.99237,93.334125,108.192,0
NEG_000060,28.854224,94.074261,42.925,0
NEG_000061,28.954485,94.704398,17.472,0
NEG_000062,28.892616,95.371189,41.107,0
NEG_000063,28.828415,95.718707,13.683,0
NEG_000064,28.85049,96.230484,24.142,0
NEG_000065,27.012429,91.783294,36.075,0
NEG_000066,26.826778,92.85384,12.963,0
NEG_000067,27.041341,93.066075,15.087,0
NEG_000068,26.818281,93.598809,20.573,0
NEG_000069,26.801081,94.576339,11.853,0
NEG_000070,26.874359,95.145041,7.195,37
NEG_000071,26.798338,95.566546,9.746,1
NEG_000072,26.944488,96.33535,41.609,0
NEG_000073,27.208268,91.781049,34.328,0
NEG_000074,27.319341,92.402088,2.31,9
NEG_000075,27.334496,93.462377,4.617,1
NEG_000076,27.278952,93.669418,6.267,17
NEG_000077,27.300712,94.496428,44.943,0
NEG_000078,27.137017,94.917931,36.017,0
NEG_000079,27.16469,96.280081,16.586,0
NEG_000080,27.422367,92.308534,8.932,8
NEG_000081,27.431086,92.673756,16.229,0
NEG_000082,27.562912,93.2947,24.709,0
NEG_000083,27.543666,93.711665,8.618,1
NEG_000084,27.376737,94.590807,33.604,0
NEG_000085,27.363552,95.413653,19.895,0
NEG_000086,27.561941,95.823185,33.342,0
NEG_000087,27.602135,96.233936,21.595,0
NEG_000088,27.787715,91.824396,21.506,0
NEG_000089,27.746126,92.665785,35.039,0
NEG_000090,27.753373,93.336336,8.03,2
NEG_000091,27.799263,94.468913,22.571,0
NEG_000092,27.709475,95.390259,31.827,0
NEG_000093,27.717937,95.649319,50.043,0
NEG_000094,27.876322,96.348824,1.1,19
NEG_000095,28.047149,92.300616,60.046,0
NEG_000096,27.998234,92.954686,42.169,0
NEG_000097,27.92682,93.492579,6.874,9
NEG_000098,28.056915,94.012828,19.366,0
NEG_000099,28.122586,94.392174,17.964,0
NEG_000100,27.977622,95.402758,13.977,0
NEG_000101,28.170116,96.000957,10.901,0
NEG_000102,27.92348,96.698246,23.033,0
NEG_000103,28.195983,92.276267,73.532,0
NEG_000104,28.210544,92.824018,63.566,0
NEG_000105,28.352677,92.985526,62.61,0
NEG_000106,28.338735,94.08467,17.105,0
NEG_000107,28.42787,95.311646,6.473,11
NEG_000108,28.182057,95.579175,6.317,48
NEG_000109,28.377301,96.468437,14.724,0
NEG_000110,28.651303,91.837939,116.981,0
NEG_000111,28.719312,92.721144,110.772,0
NEG_000112,28.459594,93.513507,63.201,0
NEG_000113,28.473266,93.699916,57.075,0
NEG_000114,28.664999,94.604523,13.848,0
NEG_000115,28.709846,95.018532,2.333,13
NEG_000116,28.627656,96.039183,17.248,0
NEG_000117,28.559754,96.371404,36.039,0
NEG_000118,28.8018,91.907464,133.691,0
NEG_000119,28.90054,92.596784,134.234,0
NEG_000120,28.887712,93.160409,111.362,0
NEG_000121,28.856094,93.726103,67.595,0
NEG_000122,28.919197,94.611708,20.822,0
NEG_000123,28.942855,95.172822,31.577,0
NEG_000124,28.824669,95.772787,9.148,8
NEG_000125,28.97986,96.389749,41.371,0
NEG_000126,26.873378,92.239126,11.693,0
NEG_000127,26.806253,92.864629,15.422,0
NEG_000128,26.878828,93.070721,20.036,0
NEG_000129,26.790364,94.100667,31.833,0
NEG_000130,26.828838,94.582377,14.306,0
NEG_000131,27.051714,95.450715,6.741,4
NEG_000132,26.976732,95.892748,17.332,0
NEG_000133,26.789269,96.206337,54.599,0
NEG_000134,27.10917,92.238455,24.001,0
NEG_000135,27.295588,92.956983,7.975,36
NEG_000136,27.17194,93.012851,7.205,7
NEG_000137,27.193196,93.679456,2.865,41
NEG_000138,27.075591,94.353256,47.064,0
NEG_000139,27.225629,95.138045,27.161,0
NEG_000140,27.296839,95.850522,9.481,2
NEG_000141,27.274495,96.112351,1.351,10
NEG_000142,27.433882,92.243545,7.291,9
NEG_000143,27.576101,92.654677,27.574,0
NEG_000144,27.575619,93.175072,17.3,0
NEG_000145,27.369226,93.833794,3.787,15
NEG_000146,27.38931,94.419257,40.899,0
NEG_000147,27.596994,95.109975,19.585,0
NEG_000148,27.342179,95.626644,18.699,0
NEG_000149,27.612043,96.462426,15.881,0
NEG_000150,27.867239,92.166473,36.097,0
NEG_000151,27.857123,92.411422,50.14,0
NEG_000152,27.770252,93.370275,4.925,3
NEG_000153,27.6969,94.0425,6.398,14
NEG_000154,27.651385,94.233769,20.544,0
NEG_000155,27.890005,95.120414,6.054,2
NEG_000156,27.836875,95.50635,31.212,0
NEG_000157,27.873158,96.588338,20.438,0
NEG_000158,27.907496,91.785787,35.349,0
NEG_000159,28.108275,92.879238,53.327,0
NEG_000160,27.907569,93.109039,25.683,0
NEG_000161,27.895256,93.906067,7.232,11
NEG_000162,28.005156,94.765925,9.462,6
NEG_000163,28.130169,95.047602,5.431,7
NEG_000164,28.057486,95.700687,18.124,0
NEG_000165,27.94596,96.128978,20.08,0
NEG_000166,28.394538,92.339595,96.281,0
NEG_000167,28.208827,92.698311,74.179,0
NEG_000168,28.335769,93.207311,50.668,0
NEG_000169,28.208148,93.813138,40.127,0
NEG_000170,28.175831,94.490501,12.785,0
NEG_000171,28.287353,95.428141,11.758,0
NEG_000172,28.249735,96.012038,7.222,23
NEG_000173,28.422683,96.405881,22.509,0
NEG_000174,28.628821,91.90415,114.454,0
NEG_000175,28.490912,92.884754,80.825,0
NEG_000176,28.667185,93.451044,85.223,0
NEG_000177,28.723326,94.005668,36.757,0
NEG_000178,28.665971,94.323573,15.41,0
NEG_000179,28.628678,95.425738,25.765,0
NEG_000180,28.457791,96.051126,14.273,0
NEG_000181,28.516008,96.116973,23.26,0
NEG_000182,28.811353,91.749474,135.288,0
NEG_000183,28.741555,92.775093,109.914,0
NEG_000184,28.833938,93.222404,104.48,0
NEG_000185,28.963717,93.58641,85.538,0
NEG_000186,28.817036,94.476832,30.084,0
NEG_000187,28.796891,95.0317,10.345,0
NEG_000188,28.914007,95.595657,21.456,0
NEG_000189,28.738244,96.363061,39.709,0
NEG_000190,26.799417,91.803796,33.038,0
NEG_000191,26.83845,92.359855,24.209,0
NEG_000192,26.853215,93.317419,12.055,0
NEG_000193,26.787611,94.116977,30.432,0
NEG_000194,27.000346,94.740931,29.153,0
NEG_000195,26.91215,95.206618,12.979,0
NEG_000196,27.011485,95.651784,6.723,18
NEG_000197,26.846213,96.333957,52.204,0
NEG_000198,27.071488,91.933474,27.351,0
NEG_000199,27.26405,92.781258,2.953,4
NEG_000200,27.309697,93.332748,16.361,0
NEG_000201,27.255163,93.693322,2.744,24
NEG_000202,27.064336,94.218597,39.192,0
NEG_000203,27.098371,95.389596,13.927,0
NEG_000204,27.235418,95.623634,9.469,1
NEG_000205,27.144852,96.489363,31.675,0
NEG_000206,27.582158,92.498317,31.097,0
NEG_000207,27.449863,93.384918,19.349,0
NEG_000208,27.550182,94.197949,26.9,0
NEG_000209,27.343607,94.703907,35.426,0
NEG_000210,27.366205,95.384835,17.321,0
NEG_000211,27.38152,96.052231,9.197,3
NEG_000212,27.57803,96.644375,24.072,0
NEG_000213,27.820207,92.264644,38.019,0
NEG_000214,27.822484,92.795606,32.577,0
NEG_000215,27.646053,93.525852,10.5,0
NEG_000216,27.644737,93.712906,7.448,5
NEG_000217,27.888256,94.443097,14.473,0
NEG_000218,27.726366,95.029609,10.014,0
NEG_000219,27.730384,95.828223,49.018,0
NEG_000220,27.671565,96.311032,23.092,0
NEG_000221,27.939113,92.143975,42.16,0
NEG_000222,27.961468,92.401971,58.695,0
NEG_000223,27.971027,93.088836,28.66,0
NEG_000224,28.023727,93.747177,26.968,0
NEG_000225,28.159676,94.614554,2.618,3
NEG_000226,27.963916,95.014442,6.021,1
NEG_000227,28.1437,96.066563,17.644,0
NEG_000228,27.913899,96.161966,16.626,0
NEG_000229,28.197794,92.244365,72.505,0
NEG_000230,28.216717,92.498062,85.231,0
NEG_000231,28.332727,93.420725,47.978,0
NEG_000232,28.283053,94.058852,16.499,0
NEG_000233,28.431676,94.283398,11.003,0
NEG_000234,28.244196,95.357951,11.142,0
NEG_000235,28.295516,95.606245,2.887,50
NEG_000236,28.413132,96.287444,30.387,0
NEG_000237,28.515657,91.818147,101.997,0
NEG_000238,28.663138,92.66269,109.264,0
NEG_000239,28.596456,93.233583,78.221,0
NEG_000240,28.71157,93.88577,46.12,0
NEG_000241,28.601399,94.337606,8.618,1
NEG_000242,28.480807,95.401766,16.186,0
NEG_000243,28.576641,95.702873,14.941,0
NEG_000244,28.721638,96.585676,45.132,0
NEG_000245,28.767129,92.290981,134.395,0
NEG_000246,28.819615,92.835032,114.556,0
NEG_000247,28.944573,93.094979,118.865,0
NEG_000248,28.901754,93.587079,81.794,0
NEG_000249,28.74198,94.493603,25.084,0
NEG_000250,28.89989,95.075556,21.041,0
NEG_000251,28.925893,95.740634,7.856,4
NEG_000252,28.85572,96.66771,60.17,0
NEG_000253,26.974081,92.244496,15.295,0
NEG_000254,27.033453,92.807114,9.08,1
NEG_000255,26.969069,93.151343,10.792,0
NEG_000256,26.990812,93.83665,12.774,0
NEG_000257,26.927236,94.773055,20.457,0
NEG_000258,26.881108,95.085038,3.953,39
NEG_000259,26.811699,95.86914,28.751,0
NEG_000260,26.791772,96.27949,56.792,0
NEG_000261,27.301559,91.871336,23.228,0
NEG_000262,27.139423,92.426708,11.338,0
NEG_000263,27.315321,93.089106,1.601,61
NEG_000264,27.327117,93.965485,14.137,0
NEG_000265,27.151979,94.816043,42.772,0
NEG_000266,27.069658,95.079998,24.855,0
NEG_000267,27.186166,96.036284,9.186,2
NEG_000268,27.214027,96.381152,18.501,0
NEG_000269,27.407781,92.286004,6.203,8
NEG_000270,27.611046,92.804233,15.01,0
NEG_000271,27.473248,93.247211,21.834,0
NEG_000272,27.420275,93.746162,10.591,0
NEG_000273,27.400761,94.716377,29.101,0
NEG_000274,27.342233,95.040192,23.103,0
NEG_000275,27.378461,95.935665,10.12,0
NEG_000276,27.616697,96.196085,25.531,0
NEG_000277,27.788685,92.298599,37.62,0
NEG_000278,27.655297,92.832716,16.092,0
NEG_000279,27.800811,93.032648,25.396,0
NEG_000280,27.73436,93.92945,2.493,20
NEG_000281,27.797829,94.825952,6.591,17
NEG_000282,27.643445,95.284085,21.086,0
NEG_000283,27.744803,95.718019,48.742,0
NEG_000284,27.714931,96.566472,26.797,0
NEG_000285,28.009396,91.91795,45.73,0
NEG_000286,28.030053,92.896407,48.631,0
NEG_000287,27.920621,93.058599,30.693,0
NEG_000288,27.908633,93.585965,11.625,0
NEG_000289,27.903657,94.614391,8.916,7
NEG_000290,27.93468,95.366869,13.803,0
NEG_000291,28.120869,95.511292,6.88,16
NEG_000292,27.965305,96.544596,11.58,0
NEG_000293,28.29962,91.946814,78.125,0
NEG_000294,28.379046,92.414415,97.715,0
NEG_000295,28.219496,93.475503,36.261,0
NEG_000296,28.208935,93.992557,22.675,0
NEG_000297,28.413273,94.815712,11.78,0
NEG_000298,28.232083,95.239399,2.223,22
NEG_000299,28.400385,96.518572,13.267,0
NEG_000300,28.614454,92.020464,113.709,0
NEG_000301,28.657752,92.855052,97.889,0
NEG_000302,28.522829,93.287973,69.35,0
NEG_000303,28.635249,93.626785,67.717,0
NEG_000304,28.695581,94.610676,17.099,0
NEG_000305,28.578009,95.127337,1.892,23
NEG_000306,28.507454,95.818259,1.334,29
NEG_000307,28.507154,96.13791,24.376,0
NEG_000308,28.773571,91.801608,130.721,0
NEG_000309,28.824698,92.37479,141.364,0
NEG_000310,28.893854,93.090892,113.476,0
NEG_000311,28.752439,93.652514,68.798,0
NEG_000312,28.75857,94.738995,7.308,7
NEG_000313,28.870474,95.45147,36.284,0
NEG_000314,28.814501,96.044196,8.191,3
NEG_000315,28.771966,96.685501,51.102,0
NEG_000316,27.055163,91.954801,24.586,0
NEG_000317,26.821759,92.540295,18.855,0
NEG_000318,27.026158,93.329946,11.309,0
NEG_000319,26.905798,93.979861,26.945,0
NEG_000320,26.894713,94.413284,26.414,0
NEG_000321,26.914188,95.241068,9.801,1
NEG_000322,26.882041,95.689263,12.628,0
NEG_000323,26.986549,96.318435,36.658,0
NEG_000324,27.272456,91.878024,26.506,0
NEG_000325,27.228661,92.756886,2.925,3
NEG_000326,27.171916,93.53826,6.734,13
NEG_000327,27.073899,94.009293,18.536,0
NEG_000328,27.269111,94.738847,43.854,0
NEG_000329,27.064742,95.3207,14.095,0
NEG_000330,27.166537,95.805375,3.087,19
NEG_000331,27.27782,96.385365,16.16,0
NEG_000332,27.606996,92.250495,18.859,0
NEG_000333,27.583337,92.57353,34.815,0
NEG_000334,27.473568,93.314419,25.861,0
NEG_000335,27.457843,93.816006,13.166,0
NEG_000336,27.560243,94.729864,11.649,0
NEG_000337,27.582281,94.845831,16.67,0
NEG_000338,27.531269,95.555272,32.393,0
NEG_000339,27.511493,96.101136,23.097,0
NEG_000340,27.676435,91.804679,9.735,1
NEG_000341,27.643891,92.930209,8.81,5
NEG_000342,27.886925,93.013278,34.788,0
NEG_000343,27.792719,93.852767,7.037,4
NEG_000344,27.765128,94.826886,9.552,4
NEG_000345,27.812537,95.018795,6.232,2
NEG_000346,27.876251,95.974978,35.316,0
NEG_000347,27.848236,96.173151,17.324,0
NEG_000348,28.051152,91.965075,50.944,0
NEG_000349,28.162284,92.5338,78.246,0
NEG_000350,28.161072,93.021715,44.632,0
NEG_000351,28.123865,94.193267,11.858,0
NEG_000352,28.045123,95.169304,6.618,2
NEG_000353,28.089199,95.754232,11.959,0
NEG_000354,27.994147,96.319936,8.219,19
NEG_000355,28.386905,91.995484,88.303,0
NEG_000356,28.180679,92.438456,79.908,0
NEG_000357,28.231503,93.284136,37.453,0
NEG_000358,28.236392,93.616224,42.717,0
NEG_000359,28.224973,94.562284,11.23,0
NEG_000360,28.392642,95.838194,5.273,26
NEG_000361,28.267281,96.132569,15.29,0
NEG_000362,28.709754,91.953293,123.652,0
NEG_000363,28.49849,92.540077,104.875,0
NEG_000364,28.568263,93.105372,78.356,0
NEG_000365,28.707255,93.702637,62.497,0
NEG_000366,28.591743,94.524692,9.439,1
NEG_000367,28.58253,95.128492,2.129,23
NEG_000368,28.612072,95.595479,25.15,0
NEG_000369,28.719639,96.368189,40.967,0
NEG_000370,28.741501,92.229682,130.334,0
NEG_000371,28.843366,92.737577,121.479,0
NEG_000372,28.821074,93.375522,96.766,0
NEG_000373,28.827509,93.850311,55.819,0
NEG_000374,28.928771,94.494504,31.257,0
NEG_000375,28.761114,94.954551,4.249,15
NEG_000376,28.972557,95.62326,18.058,0
NEG_000377,28.767557,96.199245,23.813,0
NEG_000378,27.030777,92.191285,17.072,0
NEG_000379,26.88535,92.638248,8.577,11
NEG_000380,26.871684,93.042256,22.951,0
NEG_000381,26.805664,93.885205,33.836,0
NEG_000382,27.012015,94.487363,36.405,0
NEG_000383,26.886217,94.940711,11.073,0
NEG_000384,26.853018,95.921622,27.966,0
NEG_000385,26.822545,96.349396,55.103,0
NEG_000386,27.12858,92.19291,24.927,0
NEG_000387,27.24129,92.880307,12.15,0
NEG_000388,27.309631,93.528738,3.011,7
NEG_000389,27.195376,94.51605,54.789,0
NEG_000390,27.216135,95.351809,27.434,0
NEG_000391,27.338721,96.619675,21.255,0
NEG_000392,27.451385,91.884663,6.83,2
NEG_000393,27.435595,92.687184,15.827,0
NEG_000394,27.394206,92.999088,1.293,28
NEG_000395,27.571145,94.00986,15.628,0
NEG_000396,27.565016,94.373092,33.072,0
NEG_000397,27.52783,95.338024,12.818,0
NEG_000398,27.607256,95.618286,41.153,0
NEG_000399,27.410226,96.559204,12.149,0
NEG_000400,27.848351,91.850412,27.753,0
NEG_000401,27.89237,92.364438,50.641,0
NEG_000402,27.841377,93.01845,29.755,0
NEG_000403,27.719973,93.703217,7.708,3
NEG_000404,27.749846,94.744868,2.711,28
NEG_000405,27.889298,95.087334,6.809,2
NEG_000406,27.685172,95.907945,43.537,0
NEG_000407,27.746748,96.201048,21.127,0
NEG_000408,27.974161,92.213398,48.685,0
NEG_000409,27.967681,92.511062,62.802,0
NEG_000410,28.155374,93.213337,31.979,0
NEG_000411,28.004558,93.607507,20.466,0
NEG_000412,28.110818,94.339609,16.742,0
NEG_000413,28.12895,94.972656,7.162,3
NEG_000414,27.978694,95.838896,21.412,0
NEG_000415,28.110246,96.660519,10.964,0
NEG_000416,28.413714,92.046157,91.716,0
NEG_000417,28.378454,92.519605,98.736,0
NEG_000418,28.310198,93.277611,46.141,0
NEG_000419,28.38885,94.154201,17.544,0
NEG_000420,28.358687,94.533967,14.249,0
NEG_000421,28.436962,95.280345,4.065,16
NEG_000422,28.26843,95.850918,3.402,81
NEG_000423,28.196916,96.332929,15.07,0
NEG_000424,28.666027,91.956078,118.818,0
NEG_000425,28.53131,92.819924,88.225,0
NEG_000426,28.630217,93.479542,81.503,0
NEG_000427,28.645015,93.93651,38.67,0
NEG_000428,28.544313,94.746914,11.031,0
NEG_000429,28.709603,94.862587,3.475,14
NEG_000430,28.687854,95.918065,8.161,12
NEG_000431,28.594995,96.56137,31.401,0
NEG_000432,28.732321,92.314547,131.205,0
NEG_000433,28.930826,92.671377,133.134,0
NEG_000434,28.902149,93.088492,114.428,0
NEG_000435,28.821597,93.945903,48.208,0
NEG_000436,28.97483,94.782277,17.573,0
NEG_000437,28.783439,94.886944,2.729,17
NEG_000438,28.998903,95.49965,30.304,0
NEG_000439,28.885478,96.558348,56.016,0
NEG_000440,26.963108,92.042837,11.149,0
NEG_000441,26.882133,92.631553,9.313,10
NEG_000442,26.858494,93.058603,22.071,0
NEG_000443,26.87774,94.012799,31.381,0
NEG_000444,26.998155,94.399837,37.328,0
NEG_000445,27.038246,95.014595,22.263,0
NEG_000446,26.939795,95.84073,15.436,0
NEG_000447,26.823705,96.507992,60.469,0
NEG_000448,27.083738,91.995961,24.764,0
NEG_000449,27.124806,92.614935,1.857,32
NEG_000450,27.293007,93.302841,19.222,0
NEG_000451,27.201467,93.971499,16.705,0
NEG_000452,27.209626,94.583097,51.688,0
NEG_000453,27.206034,95.130761,29.452,0
NEG_000454,27.192917,96.052636,8.506,2
NEG_000455,27.123296,96.135438,17.798,0
NEG_000456,27.553179,92.174425,9.275,2
NEG_000457,27.382879,92.926322,8.501,14
NEG_000458,27.430498,93.362466,19.122,0
NEG_000459,27.404035,94.149617,33.265,0
NEG_000460,27.575468,94.830177,15.837,0
NEG_000461,27.409506,94.994579,24.23,0
NEG_000462,27.61439,95.781525,40.441,0
NEG_000463,27.598509,96.203101,23.798,0
NEG_000464,27.701047,91.991584,12.326,0
NEG_000465,27.868008,92.837517,35.337,0
NEG_000466,27.76864,93.312168,10.487,0
NEG_000467,27.730158,94.052102,3.284,14
NEG_000468,27.652314,94.325773,25.826,0
NEG_000469,27.680185,95.303697,25.528,0
NEG_000470,27.704691,95.563746,42.472,0
NEG_000471,27.635067,96.110376,33.693,0
NEG_000472,28.129064,91.8145,59.162,0
NEG_000473,28.016648,92.38508,62.258,0
NEG_000474,27.897061,93.074214,29.111,0
NEG_000475,27.93556,93.711906,19.304,0
NEG_000476,28.060008,94.801735,8.313,2
NEG_000477,28.026169,95.054846,8.535,1
NEG_000478,27.991547,95.896485,20.919,0
NEG_000479,28.072354,96.456229,1.332,40
NEG_000480,28.368029,91.78175,85.924,0
NEG_000481,28.238942,92.366871,81.739,0
NEG_000482,28.285566,93.073008,51.543,0
NEG_000483,28.226697,94.164424,5.798,2
NEG_000484,28.434553,94.215778,13.844,0
NEG_000485,28.421807,95.435302,18.372,0
NEG_000486,28.406268,95.835728,3.891,30
NEG_000487,28.329297,96.171795,18.501,0
NEG_000488,28.649962,92.246346,120.717,0
NEG_000489,28.534326,92.943993,81.653,0
NEG_000490,28.496275,93.099727,71.061,0
NEG_000491,28.651171,93.71966,59.192,0
NEG_000492,28.683731,94.358764,17.979,0
NEG_000493,28.519284,95.262345,5.946,16
NEG_000494,28.472347,95.873315,1.407,29
NEG_000495,28.579491,96.545493,30.016,0
NEG_000496,28.958991,92.041558,152.0,0
NEG_000497,28.988699,92.745583,135.259,0
NEG_000498,28.860285,93.051198,110.889,0
NEG_000499,28.737912,93.764084,58.121,0
NEG_000500,28.83954,94.533211,24.795,0
NEG_000501,28.894934,95.063595,19.756,0
NEG_000502,28.728609,95.608135,25.362,0
NEG_000503,28.949189,96.311425,33.119,0
NEG_000504,26.792344,92.038483,13.646,0
NEG_000505,26.81407,92.827787,12.769,0
NEG_000506,26.865169,94.075999,36.459,0
NEG_000507,27.057966,94.23464,40.856,0
NEG_000508,26.826935,95.040289,3.293,69
NEG_000509,26.91161,95.978203,28.193,0
NEG_000510,27.057146,96.371845,31.213,0
NEG_000511,27.325038,91.883246,20.751,0
NEG_000512,27.180548,92.919491,14.945,0
NEG_000513,27.134905,93.277156,13.57,0
NEG_000514,27.140624,94.118288,29.252,0
NEG_000515,27.333654,94.324385,49.597,0
NEG_000516,27.171737,94.955547,38.179,0
NEG_000517,27.2501,95.617587,10.915,0
NEG_000518,27.261715,96.366635,14.836,0
NEG_000519,27.498543,91.850883,1.327,7
NEG_000520,27.350948,92.648331,13.355,0
NEG_000521,27.54705,93.04442,5.3,31
NEG_000522,27.50812,94.027934,21.283,0
NEG_000523,27.434735,94.309674,43.65,0
NEG_000524,27.389423,95.212648,7.515,2
NEG_000525,27.413422,95.47817,24.007,0
NEG_000526,27.416006,96.0966,13.376,0
NEG_000527,27.721933,91.957563,14.593,0
NEG_000528,27.641931,92.356071,29.546,0
NEG_000529,27.891465,93.54114,6.897,10
NEG_000530,27.704198,94.067522,6.128,11
NEG_000531,27.865072,94.478714,15.268,0
NEG_000532,27.702503,95.409483,32.132,0
NEG_000533,27.830341,95.511612,32.085,0
NEG_000534,27.830368,96.573793,21.098,0
NEG_000535,27.921116,91.889544,35.753,0
NEG_000536,28.018133,92.505508,67.22,0
NEG_000537,28.137543,93.131333,35.049,0
NEG_000538,27.984789,93.898522,17.065,0
NEG_000539,28.033216,94.302791,7.548,2
NEG_000540,28.008494,95.343901,7.388,1
NEG_000541,28.111321,96.055994,19.369,0
NEG_000542,28.039801,96.182005,19.87,0
NEG_000543,28.243894,92.296543,79.208,0
NEG_000544,28.370614,92.377018,95.29,0
NEG_000545,28.189638,93.281949,32.991,0
NEG_000546,28.203803,94.16908,6.054,2
NEG_000547,28.260459,94.574155,11.396,0
NEG_000548,28.214219,94.895755,1.39,14
NEG_000549,28.412566,95.753882,8.689,5
NEG_000550,28.202513,96.65499,9.733,1
NEG_000551,28.546221,91.999455,105.93,0
NEG_000552,28.696651,92.498095,122.773,0
NEG_000553,28.458597,93.370043,61.734,0
NEG_000554,28.473903,94.17705,14.265,0
NEG_000555,28.485658,94.407617,10.683,0
NEG_000556,28.530077,94.868657,2.683,1
NEG_000557,28.554738,95.576172,25.241,0
NEG_000558,28.555356,96.291218,39.951,0
NEG_000559,28.829713,92.083553,138.117,0
NEG_000560,28.976742,92.834543,130.343,0
NEG_000561,28.918177,93.577368,83.54,0
NEG_000562,24.523291,91.136097,65.211,0
NEG_000563,24.57896,91.882916,30.718,0
NEG_000564,24.589699,92.299903,12.992,0
NEG_000565,24.521285,92.460089,5.499,5
NEG_000566,24.474395,92.876537,4.616,4
NEG_000567,24.399952,93.26455,3.362,9
NEG_000568,24.398377,93.778226,6.688,10
NEG_000569,24.540022,94.213307,4.794,19
NEG_000570,24.925564,91.100364,30.165,0
NEG_000571,25.001569,91.834554,22.032,0
NEG_000572,24.824745,92.078012,25.135,0
NEG_000573,24.880623,92.752274,7.747,8
NEG_000574,24.807001,92.873367,9.947,1
NEG_000575,24.734529,93.551868,3.945,38
NEG_000576,24.685578,93.681667,1.281,59
NEG_000577,24.764943,94.504014,4.615,14
NEG_000578,25.217027,91.295263,6.416,11
NEG_000579,25.166937,92.234472,1.175,35
NEG_000580,25.214994,92.397042,3.216,32
NEG_000581,25.270219,92.91937,8.67,3
NEG_000582,25.31666,93.582487,3.375,9
NEG_000583,25.038612,94.018761,1.176,5
NEG_000584,25.166196,94.422379,4.03,31
NEG_000585,25.705163,91.146196,3.016,51
NEG_000586,25.59347,92.232523,2.103,5
NEG_000587,25.490482,92.590861,8.054,2
NEG_000588,25.469411,92.903426,3.101,7
NEG_000589,25.664818,93.482467,18.75,0
NEG_000590,25.656391,93.754754,6.142,14
NEG_000591,25.380357,94.408121,4.606,5
NEG_000592,25.966906,91.112657,14.208,0
NEG_000593,25.832801,91.515065,4.581,1
NEG_000594,25.797767,92.020097,2.977,3
NEG_000595,25.914616,92.706916,4.956,11
NEG_000596,25.986805,92.901889,4.258,1
NEG_000597,25.822655,93.623803,4.005,10
NEG_000598,25.852702,93.883267,7.923,26
NEG_000599,25.790554,94.307584,4.046,32
NEG_000600,26.096496,91.166701,11.992,0
NEG_000601,26.364259,91.821355,2.674,1
NEG_000602,26.271612,92.263434,23.465,0
NEG_000603,26.255937,92.505595,16.532,0
NEG_000604,26.256401,93.080614,7.52,2
NEG_000605,26.397845,93.293178,5.63,5
NEG_000606,26.219795,93.897893,15.711,0
NEG_000607,26.254834,94.332247,4.723,17
NEG_000608,26.619895,91.420495,49.759,0
NEG_000609,26.607703,91.553743,38.933,0
NEG_000610,26.699709,92.229882,23.654,0
NEG_000611,26.475118,92.681953,34.555,0
NEG_000612,26.602588,92.941023,11.709,0
NEG_000613,26.648095,93.447172,5.984,3
NEG_000614,26.447967,93.73568,11.093,0
NEG_000615,26.572857,94.182116,15.987,0
NEG_000616,27.024826,91.246131,80.807,0
NEG_000617,26.781729,91.771201,36.733,0
NEG_000618,26.76108,92.334548,25.428,0
NEG_000619,26.933963,92.458149,17.847,0
NEG_000620,26.755195,93.088615,19.826,0
NEG_000621,26.839107,93.247299,12.101,0
NEG_000622,26.927121,93.92821,22.272,0
NEG_000623,26.784705,94.122943,29.779,0
NEG_000624,24.379768,91.179007,49.345,0
NEG_000625,24.38576,91.75177,23.961,0
NEG_000626,24.644061,92.0036,24.055,0
NEG_000627,24.615397,92.637931,6.917,7
NEG_000628,24.567602,92.802994,5.612,14
NEG_000629,24.598974,93.38612,1.417,12
NEG_000630,24.504386,93.840223,2.735,5
NEG_000631,24.511406,94.242296,4.876,26
NEG_000632,24.784579,91.20783,46.379,0
NEG_000633,24.89634,91.917472,33.901,0
NEG_000634,24.682973,92.051335,24.246,0
NEG_000635,24.887349,92.658082,8.081,5
NEG_000636,24.882616,92.965652,8.726,3
NEG_000637,24.900221,93.651061,1.618,40
NEG_000638,24.862359,94.347127,1.926,67
NEG_000639,25.061373,91.478747,11.065,0
NEG_000640,25.045665,91.593781,14.267,0
NEG_000641,25.134508,92.010028,5.883,6
NEG_000642,25.283937,92.750136,4.978,12
NEG_000643,25.121069,93.187304,3.973,17
NEG_000644,25.344234,93.631825,5.123,6
NEG_000645,25.176714,93.975836,4.787,7
NEG_000646,25.231014,94.181135,5.766,11
NEG_000647,25.669833,91.432929,11.309,0
NEG_000648,25.457568,91.722178,2.227,30
NEG_000649,25.647907,92.325483,9.398,3
NEG_000650,25.442807,92.766717,3.196,3
NEG_000651,25.557314,92.942742,13.33,0
NEG_000652,25.392489,93.437235,2.7,47
NEG_000653,25.543727,93.836625,2.879,39
NEG_000654,25.647862,94.166493,1.073,238
NEG_000655,25.907175,91.451641,5.175,2
NEG_000656,25.938113,92.301569,1.018,8
NEG_000657,25.989613,92.686479,5.463,6
NEG_000658,25.844947,93.038243,7.696,1
NEG_000659,25.998849,93.394378,6.479,4
NEG_000660,25.878462,93.998272,2.213,64
NEG_000661,25.907159,94.281717,1.83,27
NEG_000662,26.191264,91.284071,13.905,0
NEG_000663,26.216612,91.860836,1.317,40
NEG_000664,26.329876,92.304701,27.013,0
NEG_000665,26.15218,92.684162,8.178,1
NEG_000666,26.14177,93.014965,21.553,0
NEG_000667,26.355796,93.647371,8.85,3
NEG_000668,26.336456,93.666742,6.954,3
NEG_000669,26.291312,94.309771,5.236,10
NEG_000670,26.643349,91.282582,50.879,0
NEG_000671,26.457411,91.785832,10.969,0
NEG_000672,26.484751,91.998674,19.556,0
NEG_000673,26.572176,92.79202,25.612,0
NEG_000674,26.575318,93.141936,2.882,8
NEG_000675,26.456565,93.5419,9.885,1
NEG_000676,26.534338,94.035591,27.09,0
NEG_000677,26.590062,94.224648,11.523,0
NEG_000678,26.806112,91.308816,69.051,0
NEG_000679,26.775621,91.872223,27.778,0
NEG_000680,26.867857,92.274324,15.237,0
NEG_000681,26.914917,92.381528,25.731,0
NEG_000682,27.032293,92.830549,10.554,0
NEG_000683,27.043433,93.523737,1.818,21
NEG_000684,26.968633,94.04682,26.678,0
NEG_000685,26.768498,94.486348,10.658,0
NEG_000686,24.619546,91.506523,56.448,0
NEG_000687,24.635514,91.531324,56.925,0
NEG_000688,24.553152,92.159175,7.14,3
NEG_000689,24.369806,92.41169,11.396,0
NEG_000690,24.404184,93.092416,2.604,9
NEG_000691,24.651907,93.389605,5.545,9
NEG_000692,24.584616,94.076532,3.721,1
NEG_000693,24.545624,94.232873,6.313,16
NEG_000694,25.018589,91.292891,21.132,0
NEG_000695,24.715385,91.615266,50.117,0
NEG_000696,24.737726,92.009925,28.502,0
NEG_000697,24.913502,92.384532,10.655,0
NEG_000698,24.771773,93.051639,2.754,5
NEG_000699,24.773592,93.515474,4.805,91
NEG_000700,25.012564,93.969672,4.946,6
NEG_000701,24.954544,94.397023,3.188,35
NEG_000702,25.178802,91.435994,2.17,17
NEG_000703,25.243301,91.626281,2.651,63
NEG_000704,25.290586,92.124444,1.338,21
NEG_000705,25.091424,92.619306,11.444,0
NEG_000706,25.283885,92.957255,6.089,19
NEG_000707,25.300278,93.361933,4.177,11
NEG_000708,25.247109,93.837948,1.475,1
NEG_000709,25.162121,94.306576,1.267,26
NEG_000710,25.507129,91.134937,2.124,22
NEG_000711,25.68503,91.525902,7.315,3
NEG_000712,25.37105,92.045833,3.537,24
NEG_000713,25.458751,92.539381,4.019,1
NEG_000714,25.419885,92.836026,1.499,8
NEG_000715,25.553184,93.319504,12.012,0
NEG_000716,25.401414,93.707327,6.751,8
NEG_000717,26.0492,91.11976,17.248,0
NEG_000718,25.923798,91.690393,2.698,4
NEG_000719,25.760388,92.366158,12.17,0
NEG_000720,26.042719,92.392097,4.059,36
NEG_000721,25.951845,92.859859,5.768,1
NEG_000722,25.866267,93.290862,14.112,0
NEG_000723,25.720812,93.956725,1.249,88
NEG_000724,26.074475,91.334598,14.878,0
NEG_000725,26.179725,91.809177,1.188,76
NEG_000726,26.247991,92.316809,18.853,0
NEG_000727,26.164689,92.404218,6.171,18
NEG_000728,26.394037,92.891269,21.608,0
NEG_000729,26.15159,93.403687,10.304,0
NEG_000730,26.384059,94.028044,12.412,0
NEG_000731,26.104808,94.472882,2.378,36
NEG_000732,26.452801,91.086923,28.421,0
NEG_000733,26.673595,91.925953,30.93,0
NEG_000734,26.487331,92.171557,32.732,0
NEG_000735,26.596547,92.445969,45.457,0
NEG_000736,26.442854,93.194707,4.689,1
NEG_000737,26.624156,93.528696,3.817,5
NEG_000738,26.610258,93.772186,11.566,0
NEG_000739,26.421532,94.184881,13.766,0
NEG_000740,26.798806,91.343432,68.694,0
NEG_000741,26.850261,91.745616,37.474,0
NEG_000742,26.969435,92.028923,12.622,0
NEG_000743,27.029478,92.621994,1.304,18
NEG_000744,26.772646,93.127783,21.907,0
NEG_000745,26.77093,93.546195,19.656,0
NEG_000746,27.006322,93.952152,16.69,0
NEG_000747,27.070492,94.120718,29.49,0
NEG_000748,24.465093,91.399965,49.542,0
NEG_000749,24.437816,91.570925,35.732,0
NEG_000750,24.537227,92.100871,8.788,1
NEG_000751,24.417033,92.466017,4.285,5
NEG_000752,24.542527,92.798067,3.637,16
NEG_000753,24.460427,93.620518,2.299,11
NEG_000754,24.587955,94.070943,4.302,1
NEG_000755,24.646288,94.188044,1.863,37
NEG_000756,24.897963,91.417322,30.075,0
NEG_000757,24.887238,91.57537,30.599,0
NEG_000758,24.880489,92.128259,25.34,0
NEG_000759,24.815628,92.873897,10.849,0
NEG_000760,24.679944,93.637545,2.139,60
NEG_000761,24.974055,94.041548,3.21,7
NEG_000762,24.884293,94.196025,4.091,40
NEG_000763,25.246573,91.4165,1.893,25
NEG_000764,25.089987,91.704761,8.928,1
NEG_000765,25.320894,92.331444,4.411,11
NEG_000766,25.179734,92.387757,1.615,39
NEG_000767,25.347924,93.308189,3.189,17
NEG_000768,25.240238,93.942651,6.695,6
NEG_000769,25.083583,94.483306,1.911,68
NEG_000770,25.609316,91.363162,5.382,8
NEG_000771,25.419066,91.798912,2.36,66
NEG_000772,25.419992,92.081326,3.687,14
NEG_000773,25.429731,92.450121,6.332,2
NEG_000774,25.601637,93.200429,9.473,3
NEG_000775,25.397968,93.242856,1.667,10
NEG_000776,25.654801,93.677313,5.0,7
NEG_000777,26.052413,91.109143,17.086,0
NEG_000778,25.962426,91.815363,3.609,27
NEG_000779,25.709209,92.195377,5.265,8
NEG_000780,25.773117,92.509574,2.012,12
NEG_000781,26.024828,92.929673,7.01,1
NEG_000782,25.758092,93.530806,8.037,1
NEG_000783,25.742097,93.733767,1.07,45
NEG_000784,26.049163,94.36944,4.54,35
NEG_000785,26.287607,91.099081,10.515,0
NEG_000786,26.055292,91.727738,1.915,14
NEG_000787,26.223291,92.013363,4.735,6
NEG_000788,26.304506,92.737685,14.845,0
NEG_000789,26.121045,92.807439,7.29,1
NEG_000790,26.277215,93.390736,11.965,0
NEG_000791,26.107,94.052256,3.088,19
NEG_000792,26.369915,94.359759,4.572,33
NEG_000793,26.399896,91.108675,22.239,0
NEG_000794,26.519938,91.810886,16.531,0
NEG_000795,26.449149,92.259386,35.807,0
NEG_000796,26.495414,92.509082,42.373,0
NEG_000797,26.660719,93.093987,9.308,6
NEG_000798,26.632182,93.30794,12.364,0
NEG_000799,26.550164,93.701012,4.65,2
NEG_000800,26.455294,94.138281,17.496,0
NEG_000801,26.866008,91.21988,74.139,0
NEG_000802,27.060495,91.638903,51.339,0
NEG_000803,26.862674,92.282528,16.138,0
NEG_000804,27.078496,92.60439,1.579,26
NEG_000805,26.756378,93.14046,20.325,0
NEG_000806,26.938468,93.242864,1.769,1
NEG_000807,26.768265,93.857404,28.941,0
NEG_000808,26.808614,94.408618,19.005,0
NEG_000809,24.660434,91.336728,57.691,0
NEG_000810,24.5723,91.861683,32.542,0
NEG_000811,24.441151,91.984002,15.708,0
NEG_000812,24.424532,92.407793,9.492,1
NEG_000813,24.546214,92.97636,3.984,6
NEG_000814,24.451124,93.533178,6.641,10
NEG_000815,24.497417,94.06704,6.74,8
NEG_000816,24.494742,94.09283,4.968,15
NEG_000817,24.762602,91.510126,44.064,0
NEG_000818,24.69568,91.521307,51.481,0
NEG_000819,24.996228,92.340377,8.505,36
NEG_000820,24.775001,92.394827,5.972,2
NEG_000821,24.703844,92.929296,3.266,2
NEG_000822,24.91839,93.56784,5.959,62
NEG_000823,24.814525,94.016679,6.865,2
NEG_000824,25.028236,91.185852,19.431,0
NEG_000825,25.200138,91.888815,3.016,16
NEG_000826,25.136501,92.291041,5.078,63
NEG_000827,25.192664,92.655329,13.648,0
NEG_000828,25.286072,92.964214,5.385,21
NEG_000829,25.032554,93.365406,7.725,5
NEG_000830,25.21253,93.858915,4.072,1
NEG_000831,25.128889,94.229842,5.639,15
NEG_000832,25.472591,91.223409,3.675,47
NEG_000833,25.410636,91.699374,2.121,21
NEG_000834,25.658976,92.008821,3.308,9
NEG_000835,25.367556,92.759677,5.731,13
NEG_000836,25.46295,93.167145,6.351,10
NEG_000837,25.433958,93.518089,4.972,14
NEG_000838,25.515551,93.768028,1.18,50
NEG_000839,25.964276,91.479068,6.841,12
NEG_000840,25.947555,91.788043,6.381,22
NEG_000841,25.889434,92.327647,6.737,4
NEG_000842,25.886839,92.475276,3.678,22
NEG_000843,25.936136,92.853343,7.573,1
NEG_000844,25.812215,93.323899,10.153,0
NEG_000845,26.005771,94.228151,2.612,41
NEG_000846,26.106962,91.308403,17.683,0
NEG_000847,26.37254,91.862455,1.693,1
NEG_000848,26.393341,92.045127,17.303,0
NEG_000849,26.167173,92.505542,8.428,16
NEG_000850,26.144842,92.876432,11.765,0
NEG_000851,26.35691,93.368718,7.105,1
NEG_000852,26.166936,94.005053,4.372,3
NEG_000853,26.054129,94.09652,3.433,30
NEG_000854,26.72198,91.468515,53.846,0
NEG_000855,26.554232,91.848719,19.981,0
NEG_000856,26.657752,92.27872,30.086,0
NEG_000857,26.505681,92.781689,27.322,0
NEG_000858,26.589128,92.97141,8.344,2
NEG_000859,26.683752,93.613992,11.122,0
NEG_000860,26.551129,93.955173,27.855,0
NEG_000861,26.640046,94.402755,6.88,15
NEG_000862,26.815465,91.295425,69.765,0
NEG_000863,27.038701,91.771786,38.292,0
NEG_000864,26.990797,92.263841,17.951,0
NEG_000865,26.886294,92.611887,9.487,4
NEG_000866,26.991183,93.038947,21.276,0
NEG_000867,26.978491,93.343608,9.199,1
NEG_000868,27.084214,94.069168,24.244,0
NEG_000869,26.953681,94.155261,36.764,0
NEG_000870,24.5091,91.453918,49.21,0
NEG_000871,24.503964,91.695638,37.753,0
NEG_000872,24.618338,92.146464,14.5,0
NEG_000873,24.49276,92.437853,5.464,4
NEG_000874,24.408207,93.049689,1.757,6
NEG_000875,24.635988,93.457604,3.365,7
NEG_000876,24.443289,93.854777,1.555,4
NEG_000877,24.368944,94.446564,19.155,0
NEG_000878,24.792983,91.30436,44.76,0
NEG_000879,24.846176,91.907119,39.563,0
NEG_000880,24.919559,92.154841,24.242,0
NEG_000881,25.010009,92.715452,1.466,38
NEG_000882,24.937105,93.284634,10.149,0
NEG_000883,24.785494,93.818809,3.713,41
NEG_000884,24.931357,94.11307,3.661,27
NEG_000885,25.157731,91.391457,3.268,11
NEG_000886,25.15385,91.717873,3.28,69
NEG_000887,25.296429,92.079481,3.627,24
NEG_000888,25.034511,92.794935,1.398,36
NEG_000889,25.347261,92.983757,4.123,8
NEG_000890,25.192048,93.318743,1.754,33
NEG_000891,25.068583,93.758585,5.73,1
NEG_000892,25.245446,94.221827,9.768,1
NEG_000893,25.571861,91.379482,4.549,13
NEG_000894,25.47462,91.923591,5.899,22
NEG_000895,25.519566,92.296929,4.999,7
NEG_000896,25.669322,92.655566,12.322,0
NEG_000897,25.400752,93.209511,3.611,16
NEG_000898,25.567193,93.250936,15.816,0
NEG_000899,25.64152,93.881956,3.04,31
NEG_000900,25.72679,91.405769,13.771,0
NEG_000901,25.811462,92.028968,4.026,3
NEG_000902,25.818472,92.402954,7.265,1
NEG_000903,26.01222,92.820481,4.415,1
NEG_000904,26.015857,93.515605,7.485,2
NEG_000905,25.781767,93.708068,4.264,38
NEG_000906,25.833052,94.343232,1.974,37
NEG_000907,26.32646,91.458235,25.808,0
NEG_000908,26.149715,91.533234,10.183,0
NEG_000909,26.200599,92.147604,11.347,0
NEG_000910,26.173803,92.775485,1.272,1
NEG_000911,26.067206,93.053159,20.215,0
NEG_000912,26.313106,93.405962,11.397,0
NEG_000913,26.062332,93.837239,9.137,2
NEG_000914,26.251757,94.37472,3.974,14
NEG_000915,26.512894,91.369009,41.077,0
NEG_000916,26.697851,91.835355,35.526,0
NEG_000917,26.692534,92.29558,27.843,0
NEG_000918,26.720986,92.571049,27.25,0
NEG_000919,26.69214,92.980776,16.081,0
NEG_000920,26.730367,93.331115,20.508,0
NEG_000921,26.721536,94.041589,32.588,0
NEG_000922,26.456342,94.499271,4.765,19
NEG_000923,27.017951,91.270931,79.524,0
NEG_000924,27.038884,91.729248,42.146,0
NEG_000925,26.829786,92.314447,20.157,0
NEG_000926,26.772776,92.586614,21.529,0
NEG_000927,26.903735,92.943262,17.086,0
NEG_000928,27.063491,93.295187,13.421,0
NEG_000929,26.773994,93.759534,24.093,0
NEG_000930,26.920272,94.225887,37.371,0
NEG_000931,24.653602,91.493779,56.248,0
NEG_000932,24.602753,91.720912,47.16,0
NEG_000933,24.590889,92.351059,14.23,0
NEG_000934,24.651225,92.46434,3.458,2
NEG_000935,24.660621,92.850731,4.645,3
NEG_000936,24.405883,93.363618,4.495,7
NEG_000937,24.523402,93.932826,11.733,0
NEG_000938,24.472691,94.198678,2.022,39
NEG_000939,24.782069,91.158227,46.275,0
NEG_000940,24.904051,91.780168,30.846,0
NEG_000941,24.870136,91.997842,33.671,0
NEG_000942,24.822934,92.534647,3.738,3
NEG_000943,24.910855,93.15629,8.468,3
NEG_000944,24.859993,93.237769,1.039,12
NEG_000945,24.767706,93.793452,1.543,39
NEG_000946,25.161884,91.283344,6.601,4
NEG_000947,25.255635,91.527495,3.758,32
NEG_000948,25.254589,92.214316,1.42,18
NEG_000949,25.271749,93.098228,4.732,46
NEG_000950,25.165428,93.343447,1.742,31
NEG_000951,25.22745,93.747192,6.525,49
NEG_000952,25.262757,94.116382,1.183,40
NEG_000953,25.597158,91.229148,1.751,90
NEG_000954,25.577916,92.139033,4.969,18
NEG_000955,25.402522,92.418784,3.267,1
NEG_000956,25.364728,93.204278,1.289,17
NEG_000957,25.611493,93.61637,9.085,1
NEG_000958,25.700111,93.669815,1.297,7
NEG_000959,25.684415,94.190657,1.435,197
NEG_000960,25.886825,91.306049,6.815,4
NEG_000961,25.816199,91.681815,2.589,7
NEG_000962,25.758361,92.286121,14.906,0
NEG_000963,25.83803,92.653875,3.175,19
NEG_000964,25.89757,93.147266,9.691,1
NEG_000965,26.007379,93.390016,5.661,4
NEG_000966,25.887805,93.886443,10.765,0
NEG_000967,26.17311,91.47736,16.329,0
NEG_000968,26.238845,91.865469,3.724,22
NEG_000969,26.237056,92.190055,16.764,0
NEG_000970,26.225215,92.48035,12.435,0
NEG_000971,26.225424,92.835877,9.342,1
NEG_000972,26.119616,93.485116,10.314,0
NEG_000973,26.126125,93.692017,19.387,0
NEG_000974,26.724326,91.388217,59.854,0
NEG_000975,26.739745,91.91615,26.341,0
NEG_000976,26.507466,91.994488,20.931,0
NEG_000977,26.51758,92.406134,44.402,0
NEG_000978,26.547661,92.857356,19.145,0
NEG_000979,26.578628,93.308858,6.7,1
NEG_000980,26.417539,93.7127,8.211,4
NEG_000981,26.428769,94.270467,10.129,0
NEG_000982,26.871827,91.112645,74.484,0
NEG_000983,27.085077,91.937296,28.234,0
NEG_000984,26.771335,92.077554,13.901,0
NEG_000985,26.776354,92.561615,22.624,0
NEG_000986,26.990467,92.948961,19.363,0
NEG_000987,26.929183,93.303355,4.981,1
NEG_000988,26.799234,93.915314,35.176,0
NEG_000989,27.064153,94.09991,27.558,0
NEG_000990,24.415901,91.275883,48.293,0
NEG_000991,24.405931,91.593249,31.529,0
NEG_000992,24.604147,92.344656,12.621,0
NEG_000993,24.49502,92.755302,1.587,17
NEG_000994,24.550317,93.029961,3.616,21
NEG_000995,24.43753,93.587331,2.007,12
NEG_000996,24.482039,93.975854,12.398,0
NEG_000997,24.757619,91.195453,49.278,0
NEG_000998,25.00182,91.797074,21.046,0
NEG_000999,24.959951,92.30299,13.554,0
NEG_001000,24.810598,92.710261,2.454,1
NEG_001001,24.730051,93.047101,7.323,10
NEG_001002,24.771353,93.52236,4.992,89
NEG_001003,24.80982,93.930267,3.79,6
NEG_001004,25.243088,91.327825,4.427,14
NEG_001005,25.146617,91.62788,4.05,22
NEG_001006,25.205475,92.334514,4.519,29
NEG_001007,25.054014,93.123667,6.978,4
NEG_001008,25.094819,93.362948,1.831,13
NEG_001009,25.55709,91.212919,1.216,87
NEG_001010,25.609605,91.822286,2.052,81
NEG_001011,25.474978,92.293598,4.165,4
NEG_001012,25.628867,92.482203,3.487,2
NEG_001013,25.473723,93.003141,3.658,8
NEG_001014,25.669969,93.389533,17.611,0
NEG_001015,25.542967,93.858342,1.944,43
NEG_001016,25.856329,91.300546,5.271,3
NEG_001017,25.882406,91.877178,1.862,16
NEG_001018,25.843588,92.165571,2.754,2
NEG_001019,25.872533,92.476775,4.96,22
NEG_001020,25.85897,92.974056,14.255,0
NEG_001021,25.859984,93.427559,3.103,6
NEG_001022,26.021955,93.683428,8.766,1
NEG_001023,26.350371,91.251709,19.559,0
NEG_001024,26.060479,91.683567,5.189,6
NEG_001025,26.385549,92.24179,30.4,0
NEG_001026,26.325902,92.60548,23.14,0
NEG_001027,26.279322,93.18109,3.629,8
NEG_001028,26.294992,93.431986,14.553,0
NEG_001029,26.089699,93.710351,15.09,0
NEG_001030,26.589137,91.440054,45.849,0
NEG_001031,26.439163,91.88945,8.406,1
NEG_001032,26.469363,92.284381,39.153,0
NEG_001033,26.655979,92.689265,30.197,0
NEG_001034,26.553426,92.8827,16.588,0
NEG_001035,26.553614,93.273079,3.456,1
NEG_001036,26.632806,93.683463,6.68,2
NEG_001037,26.461321,94.087523,18.077,0
NEG_001038,26.818833,91.455851,62.787,0
NEG_001039,26.935482,91.619986,49.893,0
NEG_001040,26.99606,92.270139,18.805,0
NEG_001041,26.876044,92.739433,5.307,14
NEG_001042,27.013543,93.150796,12.872,0
NEG_001043,26.991124,93.337295,9.272,1
NEG_001044,26.811026,93.995865,36.822,0
NEG_001045,26.807916,94.308921,23.324,0
NEG_001046,24.339987,91.281195,40.337,0
NEG_001047,24.660257,91.890766,34.038,0
NEG_001048,24.566005,92.158222,8.567,1
NEG_001049,24.602979,92.691774,2.204,9
NEG_001050,24.607753,93.165518,1.435,23
NEG_001051,24.469058,93.591575,1.588,9
NEG_001052,24.33201,93.805245,2.042,10
NEG_001053,24.638682,94.148449,2.436,16
NEG_001054,25.017227,91.341008,19.662,0
NEG_001055,24.700176,91.763159,47.351,0
NEG_001056,24.827745,92.191417,16.784,0
NEG_001057,24.837039,92.673316,7.102,1
NEG_001058,24.678551,92.849764,6.585,3
NEG_001059,24.853789,93.994939,7.147,7
NEG_001060,24.675394,94.347025,4.551,32
NEG_001061,25.313586,91.251964,3.944,5
NEG_001062,25.232511,91.535626,4.867,31
NEG_001063,25.039478,92.25662,9.319,2
NEG_001064,25.054296,92.7701,1.969,35
NEG_001065,25.308971,92.826061,1.487,7
NEG_001066,25.195518,93.572232,5.356,4
NEG_001067,25.215271,93.753365,5.272,54
NEG_001068,25.283376,94.457368,5.923,43
NEG_001069,25.427139,91.111151,4.05,9
NEG_001070,25.671846,91.806722,5.337,64
NEG_001071,25.53172,92.256724,4.366,9
NEG_001072,25.591488,92.78685,6.019,3
NEG_001073,25.527987,93.04823,6.203,1
NEG_001074,25.462005,93.275368,5.186,17
NEG_001075,25.613603,94.165147,2.018,218
NEG_001076,25.888942,91.219033,1.922,3
NEG_001077,25.999305,91.902592,1.126,33
NEG_001078,25.957274,92.188293,9.724,2
NEG_001079,25.887884,92.647405,2.117,19
NEG_001080,25.771118,93.120111,5.171,4
NEG_001081,25.984127,93.54438,7.841,2
NEG_001082,25.870437,93.908167,7.945,6
NEG_001083,26.010687,94.151515,2.058,12
NEG_001084,26.309843,91.14642,11.924,0
NEG_001085,26.23819,91.516367,17.007,0
NEG_001086,26.158955,92.016163,1.981,15
NEG_001087,26.258017,92.529936,17.835,0
NEG_001088,26.135471,92.808715,6.193,1
NEG_001089,26.340492,93.383858,8.57,1
NEG_001090,26.339587,93.75422,1.546,7
NEG_001091,26.701408,91.472665,51.936,0
NEG_001092,26.530162,91.720078,21.343,0
NEG_001093,26.689107,92.356129,32.164,0
NEG_001094,26.580729,92.510656,43.841,0
NEG_001095,26.414148,93.149245,8.323,2
NEG_001096,26.511478,93.639833,7.373,2
NEG_001097,26.455735,93.935156,19.054,0
NEG_001098,26.710962,94.200875,18.531,0
NEG_001099,26.914444,91.362357,75.242,0
NEG_001100,27.029229,91.9261,24.679,0
NEG_001101,27.016095,92.042379,15.954,0
NEG_001102,27.011066,92.41545,16.376,0
NEG_001103,26.924537,93.160356,9.966,1
NEG_001104,26.837103,93.377685,14.33,0
NEG_001105,27.038781,93.983164,17.281,0
NEG_001106,26.956662,94.27877,39.878,0
NEG_001107,24.47144,91.162302,58.889,0
NEG_001108,24.532595,91.731379,40.4,0
NEG_001109,24.368881,92.067589,6.162,1
NEG_001110,24.59267,92.472515,7.832,2
NEG_001111,24.596185,93.160412,2.82,24
NEG_001112,24.579222,93.516436,5.815,5
NEG_001113,24.59523,93.788857,6.426,18
NEG_001114,24.502996,94.120073,2.312,22
NEG_001115,24.723112,91.238745,53.141,0
NEG_001116,25.015634,91.721841,17.369,0
NEG_001117,25.012307,92.046991,17.427,0
NEG_001118,24.698647,92.66021,1.35,3
NEG_001119,24.760683,93.11565,2.341,25
NEG_001120,25.015802,93.756935,6.197,3
NEG_001121,24.729653,94.364554,1.743,15
NEG_001122,25.210172,91.328636,5.044,15
NEG_001123,23.867493,93.023048,2.318,49
NEG_001124,23.942706,93.413244,6.912,3
NEG_001125,24.025786,93.847859,3.873,6
NEG_001126,23.978306,94.281644,18.248,0
NEG_001127,23.998132,94.354425,23.136,0
NEG_001128,23.930123,94.577691,45.598,0
NEG_001129,24.203918,93.150478,4.947,22
NEG_001130,24.22162,93.241421,3.24,22
NEG_001131,24.084882,93.618,4.762,24
NEG_001132,24.215917,93.730595,8.099,4
NEG_001133,24.091712,93.977395,1.992,66
NEG_001134,24.109988,94.294199,12.715,0
NEG_001135,24.085548,94.450228,24.414,0
NEG_001136,24.105331,94.596665,35.689,0
NEG_001137,24.365844,93.001859,3.879,11
NEG_001138,24.369161,93.325319,1.763,13
NEG_001139,24.336979,93.396277,4.132,8
NEG_001140,24.353629,93.850947,6.066,8
NEG_001141,24.362167,93.957872,1.825,6
NEG_001142,24.319833,94.108543,2.864,48
NEG_001143,24.49396,94.332681,10.222,0
NEG_001144,24.448817,94.745208,39.283,0
NEG_001145,24.654571,93.033155,2.988,4
NEG_001146,24.722679,93.230446,2.711,41
NEG_001147,24.529169,93.460199,6.525,4
NEG_001148,24.546781,93.654287,1.382,31
NEG_001149,24.738626,93.862749,6.578,8
NEG_001150,24.750788,94.159491,4.791,22
NEG_001151,24.718459,94.474341,8.393,1
NEG_001152,24.688611,94.731091,16.327,0
NEG_001153,24.843699,93.049112,4.121,3
NEG_001154,24.976693,93.269363,10.582,0
NEG_001155,24.771415,93.721673,2.166,72
NEG_001156,24.93432,93.908212,9.434,1
NEG_001157,24.882106,94.124356,5.92,22
NEG_001158,24.868211,94.342088,2.739,64
NEG_001159,24.813087,94.675889,8.427,4
NEG_001160,25.121293,93.261533,1.29,20
NEG_001161,25.060954,93.450036,2.255,27
NEG_001162,25.138945,93.635395,2.582,112
NEG_001163,25.030123,93.903585,10.704,0
NEG_001164,24.998367,94.088473,6.759,25
NEG_001165,25.027184,94.657043,4.39,24
NEG_001166,25.425145,93.064253,5.159,16
NEG_001167,25.227274,93.380586,3.181,22
NEG_001168,25.424648,93.511753,3.908,14
NEG_001169,25.364025,93.753997,10.325,0
NEG_001170,25.360632,93.942737,9.277,2
NEG_001171,25.213646,94.097267,1.148,25
NEG_001172,25.275756,94.457672,6.447,43
NEG_001173,25.423343,94.669701,5.08,29
NEG_001174,25.516091,93.110933,1.186,1
NEG_001175,25.555758,93.17187,8.62,1
NEG_001176,25.515385,93.437444,6.446,28
NEG_001177,25.63675,93.796948,4.73,23
NEG_001178,25.453237,93.957627,3.192,30
NEG_001179,25.536756,94.215777,2.031,90
NEG_001180,25.561845,94.463481,5.773,12
NEG_001181,25.541232,94.53986,4.819,36
NEG_001182,23.954534,93.065962,2.538,43
NEG_001183,23.983177,93.328576,2.36,18
NEG_001184,23.87122,93.490469,12.219,0
NEG_001185,23.966754,93.692365,13.484,0
NEG_001186,23.906534,94.040612,5.219,15
NEG_001187,23.858329,94.11574,11.204,0
NEG_001188,23.893337,94.406041,33.982,0
NEG_001189,23.861769,94.685801,58.791,0
NEG_001190,24.080359,93.6126,4.67,24
NEG_001191,24.065734,93.687654,11.963,0
NEG_001192,24.127961,94.362439,14.585,0
NEG_001193,24.160224,94.591993,32.767,0
NEG_001194,24.38002,93.478949,2.406,11
NEG_001195,24.429589,93.701699,6.294,11
NEG_001196,24.38148,94.308133,5.872,10
NEG_001197,24.3926,94.369474,11.973,0
NEG_001198,24.341635,94.651701,38.089,0
NEG_001199,24.636043,93.005786,1.043,2
NEG_001200,24.68473,93.298505,3.986,21
NEG_001201,24.678353,93.445484,6.829,35
NEG_001202,24.610371,93.838718,9.854,1
NEG_001203,24.693636,94.004441,8.84,1
NEG_001204,24.610895,94.116866,6.343,11
NEG_001205,24.630411,94.386038,1.736,10
NEG_001206,24.686227,94.601606,10.062,0
NEG_001207,24.932935,92.997216,3.474,9
NEG_001208,24.83531,93.333211,7.311,16
NEG_001209,24.949241,93.408232,4.221,27
NEG_001210,24.873945,93.806679,2.778,13
NEG_001211,24.902532,94.009733,1.971,3
NEG_001212,24.806308,94.303783,1.878,57
NEG_001213,24.949317,94.363607,3.786,26
NEG_001214,24.788072,94.572505,2.869,21
NEG_001215,25.036165,92.942107,4.899,23
NEG_001216,24.989053,93.309695,9.217,1
NEG_001217,25.115992,93.718043,4.053,107
NEG_001218,25.168912,94.060555,7.227,12
NEG_001219,25.053462,94.116792,2.975,8
NEG_001220,25.127727,94.351444,1.243,38
NEG_001221,24.98346,94.731187,11.504,0
NEG_001222,25.349438,92.990975,3.999,8
NEG_001223,25.293616,93.308326,1.328,25
NEG_001224,25.388916,93.434065,2.445,47
NEG_001225,25.390566,93.772498,8.048,3
NEG_001226,25.266376,93.973395,4.716,18
NEG_001227,25.257626,94.146583,2.139,28
NEG_001228,25.350671,94.40795,6.564,4
NEG_001229,25.414776,94.679781,5.456,15
NEG_001230,25.542811,93.013451,10.059,0
NEG_001231,25.45332,93.515737,4.372,13
NEG_001232,25.648979,93.667447,5.823,7
NEG_001233,25.498086,93.886507,3.001,20
NEG_001234,25.499248,94.307945,5.954,27
NEG_001235,25.49458,94.63239,2.487,36
NEG_001236,24.018175,93.002637,2.72,44
NEG_001237,23.968833,93.180686,4.233,26
NEG_001238,23.899585,93.429111,7.76,9
NEG_001239,23.973656,93.705618,11.984,0
NEG_001240,23.897805,93.930495,8.269,1
NEG_001241,24.056761,94.13109,4.165,25
NEG_001242,23.910631,94.471768,38.29,0
NEG_001243,23.925997,94.547993,43.859,0
NEG_001244,24.240972,93.034933,1.283,47
NEG_001245,24.155343,93.341079,1.706,25
NEG_001246,24.289557,93.522764,4.556,19
NEG_001247,24.251108,93.820624,3.224,6
NEG_001248,24.065628,93.992236,2.888,73
NEG_001249,24.098319,94.145857,1.016,30
NEG_001250,24.099943,94.447788,23.264,0
NEG_001251,24.087261,94.747479,50.406,0
NEG_001252,24.303138,93.055418,5.152,27
NEG_001253,24.390191,93.294431,4.147,11
NEG_001254,24.391996,93.444824,6.1,5
NEG_001255,24.359781,93.664047,1.162,37
NEG_001256,24.492214,93.966157,13.641,0
NEG_001257,24.343135,94.272345,1.942,17
NEG_001258,24.364233,94.520138,25.86,0
NEG_001259,24.497144,94.646447,31.231,0
NEG_001260,24.672812,92.960059,4.168,3
NEG_001261,24.535584,93.168883,3.472,36
NEG_001262,24.625999,93.464879,2.112,7
NEG_001263,24.670603,94.019392,11.488,0
NEG_001264,24.549726,94.155829,2.331,17
NEG_001265,24.713997,94.318883,4.241,29
NEG_001266,24.565383,94.537208,17.829,0
NEG_001267,24.903062,93.027773,4.982,5
NEG_001268,24.764007,93.365548,2.211,54
NEG_001269,24.957667,93.526612,2.335,57
NEG_001270,24.954312,94.074286,6.748,22
NEG_001271,24.925044,94.203958,1.706,47
NEG_001272,24.790692,94.540727,2.825,17
NEG_001273,24.998683,92.956688,2.104,10
NEG_001274,25.203656,93.375768,3.166,25
NEG_001275,25.068292,93.404701,2.555,5
NEG_001276,25.005459,93.751994,4.944,6
NEG_001277,25.092573,93.952987,4.498,6
NEG_001278,25.026331,94.133956,2.302,22
NEG_001279,25.075394,94.400557,2.145,34
NEG_001280,25.024296,94.560788,2.918,82
NEG_001281,25.282732,93.227618,1.418,28
NEG_001282,25.329601,93.442005,3.675,13
NEG_001283,25.32267,93.638269,2.792,6
NEG_001284,25.385429,94.051847,3.774,51
NEG_001285,25.310536,94.124403,3.374,44
NEG_001286,25.247927,94.510158,3.639,63
NEG_001287,25.287786,94.734587,15.879,0
NEG_001288,25.662942,93.139584,2.214,10
NEG_001289,25.5306,93.340533,8.768,7
NEG_001290,25.483582,93.562848,6.969,3
NEG_001291,25.669812,93.710381,4.309,11
NEG_001292,25.623461,93.97865,2.206,53
NEG_001293,25.641361,94.460562,1.919,44
NEG_001294,25.671018,94.59128,2.448,16
NEG_001295,23.957632,93.079866,3.943,43
NEG_001296,24.060074,93.463233,3.368,17
NEG_001297,23.928005,93.681315,14.543,0
NEG_001298,23.909486,93.942446,6.773,4
NEG_001299,23.923736,94.154992,9.118,2
NEG_001300,24.029004,94.317582,18.317,0
NEG_001301,23.968749,94.746302,56.62,0
NEG_001302,24.236806,93.10933,1.01,27
NEG_001303,24.142805,93.344896,3.152,25
NEG_001304,24.251455,93.459261,3.741,5
NEG_001305,24.260512,93.756912,6.622,15
NEG_001306,24.22703,94.022869,4.128,44
NEG_001307,24.270757,94.25191,3.262,18
NEG_001308,24.268716,94.519883,23.615,0
NEG_001309,24.14417,94.723008,45.977,0
NEG_001310,24.494516,93.385082,1.858,3
NEG_001311,24.481552,93.468055,9.301,2
NEG_001312,24.297712,93.760311,2.479,15
NEG_001313,24.34964,94.016676,3.796,15
NEG_001314,24.341229,94.239037,1.485,24
NEG_001315,24.345576,94.485859,21.899,0
NEG_001316,24.395693,94.748343,44.933,0
NEG_001317,24.746517,93.045741,5.49,10
NEG_001318,24.593043,93.242302,2.976,22
NEG_001319,24.678199,93.441947,7.08,34
NEG_001320,24.648465,93.790415,7.168,12
NEG_001321,24.573306,94.038689,5.728,1
NEG_001322,24.597425,94.123202,5.822,5
NEG_001323,24.52833,94.527096,18.786,0
NEG_001324,24.609772,94.647837,19.192,0
NEG_001325,24.966318,93.087307,5.243,8
NEG_001326,24.965251,93.305081,11.746,0
NEG_001327,24.920059,93.645043,1.24,36
NEG_001328,24.968962,93.887602,10.092,0
NEG_001329,24.940108,94.248626,2.214,56
NEG_001330,24.941939,94.388475,3.096,29
NEG_001331,24.752848,94.667227,7.101,3
NEG_001332,25.022938,93.31533,5.822,4
NEG_001333,25.139754,93.421308,5.289,6
NEG_001334,24.994592,93.808753,7.271,3
NEG_001335,25.101297,93.874166,3.905,5
NEG_001336,25.030161,94.639062,3.886,36
NEG_001337,25.218223,92.940072,4.245,73
NEG_001338,25.415101,93.428715,2.554,46
NEG_001339,25.284268,93.775339,8.71,1
NEG_001340,25.410471,93.909256,9.803,1
NEG_001341,25.21767,94.138291,1.908,15
NEG_001342,25.238217,94.450958,8.224,37
NEG_001343,25.251067,94.62745,7.652,11
NEG_001344,25.465926,93.062496,6.25,13
NEG_001345,25.483181,93.440018,4.48,42
NEG_001346,25.544835,93.681006,3.71,43
NEG_001347,25.507522,94.060838,6.078,53
NEG_001348,25.521675,94.500072,5.194,25
NEG_001349,25.636051,94.707749,2.383,46
NEG_001350,23.915098,92.94024,1.743,75
NEG_001351,23.967864,93.304828,2.302,23
NEG_001352,24.053827,93.537827,2.12,31
NEG_001353,23.896316,93.638773,12.961,0
NEG_001354,23.982529,94.052574,1.524,42
NEG_001355,23.984435,94.114204,5.902,18
NEG_001356,23.853314,94.348032,30.24,0
NEG_001357,23.98257,94.571842,41.218,0
NEG_001358,24.094478,92.944276,2.619,42
NEG_001359,24.135475,93.197258,7.537,13
NEG_001360,24.256353,93.567578,1.999,28
NEG_001361,24.135095,93.787589,11.905,0
NEG_001362,24.19138,93.919315,2.332,19
NEG_001363,24.158683,94.260569,6.818,7
NEG_001364,24.191652,94.45268,18.331,0
NEG_001365,24.192718,94.644546,36.955,0
NEG_001366,24.497462,93.147604,2.807,38
NEG_001367,24.304009,93.304385,2.924,15
NEG_001368,24.301606,93.558172,2.43,19
NEG_001369,24.435224,93.675826,5.205,13
NEG_001370,24.430263,93.867807,1.803,2
NEG_001371,24.438569,94.220306,1.203,45
NEG_001372,24.460041,94.483494,20.008,0
NEG_001373,24.387801,94.577225,32.193,0
NEG_001374,24.547207,93.092484,1.945,32
NEG_001375,24.532208,93.296348,4.595,10
NEG_001376,24.701728,93.481706,2.564,45
NEG_001377,24.621247,93.8938,12.703,0
NEG_001378,24.657225,94.162344,2.444,23
NEG_001379,24.731197,94.490502,8.505,2
NEG_001380,24.617544,94.539742,15.707,0
NEG_001381,24.799864,93.09872,3.014,13
NEG_001382,24.902895,93.357821,9.307,2
NEG_001383,24.870348,93.830193,5.12,14
NEG_001384,24.925302,93.936516,6.454,4
NEG_001385,24.791426,94.213347,4.772,16
NEG_001386,24.767589,94.352728,2.463,51
NEG_001387,24.877202,94.560303,1.301,43
NEG_001388,25.010416,93.373418,8.74,1
NEG_001389,25.171629,93.418234,5.418,9
NEG_001390,25.105428,93.71863,5.227,107
NEG_001391,24.99515,93.99262,2.822,7
NEG_001392,25.208335,94.236606,6.833,6
NEG_001393,25.172221,94.535491,1.047,48
NEG_001394,25.15774,94.550906,3.278,53
NEG_001395,25.396654,93.141025,1.22,15
NEG_001396,25.421042,93.236152,1.121,10
NEG_001397,25.369095,93.600309,3.674,4
NEG_001398,25.35341,93.776433,12.025,0
NEG_001399,25.378022,93.998151,6.165,45
NEG_001400,25.368919,94.095589,3.503,49
NEG_001401,25.435403,94.5288,2.494,67
NEG_001402,25.38726,94.707914,7.862,3
NEG_001403,25.475539,93.052468,6.339,8
NEG_001404,25.614173,93.608553,9.893,1
NEG_001405,25.523615,94.022307,5.858,25
NEG_001406,25.49856,94.200343,2.802,68
NEG_001407,25.6094,94.556212,2.757,25
NEG_001408,23.937124,93.13749,1.651,26
NEG_001409,24.032552,93.353804,4.431,15
NEG_001410,23.860513,93.650137,16.737,0
NEG_001411,23.981953,94.170499,10.812,0
NEG_001412,24.005148,94.436889,29.884,0
NEG_001413,23.992475,94.725577,53.396,0
NEG_001414,24.216802,93.331428,2.742,18
NEG_001415,24.129545,93.442107,1.412,17
NEG_001416,24.220701,93.816905,3.983,5
NEG_001417,24.144742,93.888256,4.098,19
NEG_001418,24.181411,94.260728,4.292,9
NEG_001419,24.137059,94.457187,21.868,0
NEG_001420,24.261721,94.653124,37.096,0
NEG_001421,24.3776,93.015895,4.051,9
NEG_001422,24.397247,93.370799,4.139,7
NEG_001423,24.296209,93.909428,2.807,11
NEG_001424,24.424692,94.19731,1.581,48
NEG_001425,24.429352,94.315191,5.689,13
NEG_001426,24.445798,94.611965,30.808,0
NEG_001427,24.550681,92.984499,4.618,8
NEG_001428,24.548639,93.203371,1.943,25
NEG_001429,24.661051,93.436292,6.167,21
NEG_001430,24.5929,93.675064,1.646,70
NEG_001431,24.634585,93.861716,12.64,0
NEG_001432,24.715276,94.099514,5.363,11
NEG_001433,24.640399,94.501422,11.213,0
NEG_001434,24.547988,94.727956,28.489,0
NEG_001435,24.943459,92.946229,1.878,7
NEG_001436,24.858595,93.369019,6.797,25
NEG_001437,24.873371,93.914287,3.736,6
NEG_001438,24.935324,94.257387,2.729,49
NEG_001439,24.858797,94.310327,1.953,76
NEG_001440,24.880854,94.574837,1.145,42
NEG_001441,25.184018,92.950475,4.169,154
NEG_001442,25.053161,93.22489,6.82,8
NEG_001443,25.037121,93.485859,4.762,45
NEG_001444,25.141465,93.759624,3.11,72
NEG_001445,24.990462,93.912376,10.923,0
NEG_001446,25.066738,94.228854,1.496,14
NEG_001447,25.087378,94.318592,2.397,37
NEG_001448,25.107672,94.553398,1.253,88
NEG_001449,25.326875,93.238815,4.402,17
NEG_001450,25.390283,93.461392,2.612,36
NEG_001451,25.435482,94.130565,1.661,51
NEG_001452,25.249173,94.460048,7.96,51
NEG_001453,25.596307,93.023504,7.037,1
NEG_001454,25.661489,93.278233,15.459,0
NEG_001455,25.664564,93.603107,8.875,1
NEG_001456,25.547555,94.107268,2.732,70
NEG_001457,25.456668,94.421911,5.842,5
NEG_001458,25.622971,94.73171,1.228,64
NEG_001459,23.832335,93.082772,1.416,52
NEG_001460,24.001364,93.612417,4.781,16
NEG_001461,23.860623,93.824399,15.504,0
NEG_001462,23.864945,93.878764,13.744,0
NEG_001463,23.914921,94.184145,12.239,0
NEG_001464,24.059014,94.508105,30.891,0
NEG_001465,23.880706,94.633343,53.484,0
NEG_001466,24.239895,93.167273,1.29,34
NEG_001467,24.150855,93.189942,6.258,13
NEG_001468,24.159862,93.520352,2.748,44
NEG_001469,24.066748,93.632816,6.422,14
NEG_001470,24.246561,94.054353,1.626,50
NEG_001471,24.095971,94.171702,2.301,14
NEG_001472,24.172503,94.359778,11.415,0
NEG_001473,24.271994,94.547711,26.452,0
NEG_001474,24.477555,93.059368,4.14,22
NEG_001475,24.306572,93.363265,1.529,12
NEG_001476,24.422687,93.415059,6.386,3
NEG_001477,24.404005,93.679171,2.787,28
NEG_001478,24.306036,93.878693,3.978,9
NEG_001479,24.514781,94.165575,1.749,27
NEG_001480,24.437809,94.340032,8.235,4
NEG_001481,24.485355,94.726675,34.816,0
NEG_001482,24.74684,92.969474,7.187,2
NEG_001483,24.54067,93.255291,1.071,16
NEG_001484,24.615944,93.56998,3.667,30
NEG_001485,24.719974,93.624194,3.136,59
NEG_001486,24.679369,93.930052,5.784,1
NEG_001487,24.577562,94.081401,2.809,2
NEG_001488,24.587357,94.45441,9.743,3
NEG_001489,24.596963,94.592534,19.997,0
NEG_001490,24.795111,93.203768,1.177,29
NEG_001491,24.892508,93.544325,4.422,78
NEG_001492,24.963082,93.791294,3.72,4
NEG_001493,24.848837,94.102291,2.693,4
NEG_001494,24.752409,94.52061,6.189,15
NEG_001495,24.830081,94.666332,8.115,15
NEG_001496,25.120672,93.044942,1.132,166
NEG_001497,25.207868,93.264892,1.517,44
NEG_001498,25.144699,93.706005,1.094,108
NEG_001499,24.990333,93.972492,4.907,7
NEG_001500,25.027586,94.246181,1.718,22
NEG_001501,25.175341,94.56726,4.019,37
NEG_001502,25.22242,93.034769,1.109,172
NEG_001503,25.318211,93.393733,6.089,11
NEG_001504,25.340982,93.438481,4.8,14
NEG_001505,25.303425,93.690207,5.858,4
NEG_001506,25.219698,94.023153,2.529,25
NEG_001507,25.269309,94.115601,1.735,43
NEG_001508,25.257287,94.407702,10.249,0
NEG_001509,25.342423,94.569509,3.752,83
NEG_001510,25.554482,93.011055,10.244,0
NEG_001511,25.65179,93.279754,15.864,0
NEG_001512,25.523736,93.413189,7.415,27
NEG_001513,25.635718,93.753146,5.767,20
NEG_001514,25.481106,94.100955,3.833,65
NEG_001515,25.584595,94.39454,3.761,35
NEG_001516,25.541546,94.617643,2.54,22
NEG_001517,23.979948,92.965252,3.188,57
NEG_001518,24.033862,93.199593,1.173,18
NEG_001519,23.934426,93.587241,6.325,11
NEG_001520,23.838601,93.6305,17.725,0
NEG_001521,23.966778,93.858019,5.345,5
NEG_001522,23.878417,94.22985,18.094,0
NEG_001523,24.007332,94.369407,24.101,0
NEG_001524,24.023199,94.664096,46.308,0
NEG_001525,24.137437,93.143127,3.988,8
NEG_001526,24.26951,93.39402,4.044,7
NEG_001527,24.124618,93.844185,6.292,8
NEG_001528,24.180513,93.889034,1.114,17
NEG_001529,24.220047,94.273677,1.387,14
NEG_001530,24.096492,94.501102,28.053,0
NEG_001531,24.219762,94.651577,37.188,0
NEG_001532,24.403344,93.076894,1.051,9
NEG_001533,24.49008,93.193094,5.862,21
NEG_001534,24.485772,93.528107,4.246,9
NEG_001535,24.391388,93.842466,3.191,3
NEG_001536,24.462673,93.938567,9.673,1
NEG_001537,24.325518,94.242937,1.003,22
NEG_001538,24.493665,94.41122,12.926,0
NEG_001539,24.51069,94.702022,31.316,0
NEG_001540,24.699098,93.149624,2.519,26
NEG_001541,24.584157,93.282022,1.817,19
NEG_001542,24.638148,93.50371,4.135,16
NEG_001543,24.721369,93.933999,1.294,1
NEG_001544,24.648614,94.240257,3.319,41
NEG_001545,24.745356,94.468692,7.754,9
NEG_001546,24.589336,94.735925,24.886,0
NEG_001547,24.914084,93.138842,6.678,3
NEG_001548,24.79143,93.368111,2.752,52
NEG_001549,24.976402,93.442047,4.916,51
NEG_001550,24.824958,93.654507,1.463,96
NEG_001551,24.934233,93.887594,9.13,2
NEG_001552,24.78861,94.127523,2.38,4
NEG_001553,24.79635,94.473349,3.459,15
NEG_001554,24.901036,94.584536,1.726,40
NEG_001555,25.081859,93.155899,7.024,6
NEG_001556,25.085492,93.214299,6.81,7
NEG_001557,25.060488,93.516426,4.405,56
NEG_001558,25.000339,93.629234,3.344,29
NEG_001559,25.089393,93.88325,4.496,5
NEG_001560,25.007007,94.289194,2.854,19
NEG_001561,25.178692,94.667353,10.004,0
NEG_001562,25.371231,93.502932,5.008,12
NEG_001563,25.280283,93.689009,6.046,4
NEG_001564,25.365978,94.022411,3.638,51
NEG_001565,25.329842,94.242723,3.112,20
NEG_001566,25.376997,94.368993,4.795,6
NEG_001567,25.269734,94.704059,14.916,0
NEG_001568,25.535125,93.078463,4.157,2
NEG_001569,25.469124,93.178393,7.595,7
NEG_001570,25.499485,93.475347,2.284,21
NEG_001571,25.642706,93.791686,5.157,22
NEG_001572,25.501266,94.002419,4.436,29
NEG_001573,25.502754,94.23176,3.721,50
NEG_001574,25.637955,94.31099,2.639,85
NEG_001575,25.528806,94.669946,1.773,14
NEG_001576,23.963447,93.14009,1.743,20
NEG_001577,24.047195,93.17867,3.038,12
NEG_001578,24.011165,93.429916,7.378,2
NEG_001579,23.864442,93.731148,17.571,0
NEG_001580,23.878518,93.921445,10.578,0
NEG_001581,23.840242,94.130238,13.655,0
NEG_001582,23.899733,94.314217,25.444,0
NEG_001583,23.893138,94.762527,62.646,0
NEG_001584,24.163741,92.979139,3.546,58
NEG_001585,24.26594,93.452318,3.791,3
NEG_001586,24.120004,93.816966,8.645,4
NEG_001587,24.226619,93.915976,1.471,18
NEG_001588,24.097218,94.395075,19.344,0
NEG_001589,24.262054,94.588617,30.557,0
NEG_001590,24.391695,93.325451,2.957,12
NEG_001591,24.432794,93.600918,2.061,9
NEG_001592,24.439385,93.762377,8.149,4
NEG_001593,24.392937,94.024893,4.407,5
NEG_001594,24.479827,94.217386,2.418,38
NEG_001595,24.401104,94.366872,11.416,0
NEG_001596,24.489759,94.653371,32.213,0
NEG_001597,24.621292,93.12319,4.734,21
NEG_001598,24.577429,93.229005,1.322,26
NEG_001599,24.525139,93.422152,3.169,5
NEG_001600,24.689796,93.64818,1.038,62
NEG_001601,24.546142,93.854437,4.566,3
NEG_001602,24.638501,94.105617,5.862,10
NEG_001603,24.616022,94.502402,12.142,0
NEG_001604,24.707383,94.598561,7.708,3
NEG_001605,24.754388,93.147463,1.62,27
NEG_001606,24.797941,93.327644,3.444,27
NEG_001607,24.954425,93.528191,2.689,56
NEG_001608,24.934391,93.94016,6.307,3
NEG_001609,24.798979,94.157475,3.169,8
NEG_001610,24.768086,94.314059,4.227,45
NEG_001611,24.903699,94.761809,15.132,0
NEG_001612,25.101882,93.02595,2.065,151
NEG_001613,25.163421,93.264771,2.642,36
NEG_001614,25.013157,93.589799,1.836,59
NEG_001615,25.026172,94.044767,2.566,7
NEG_001616,25.09937,94.179379,6.164,7
NEG_001617,24.990183,94.640519,2.895,20
NEG_001618,25.349044,93.12801,1.018,18
NEG_001619,25.340788,93.504493,4.894,9
NEG_001620,25.417831,93.810664,8.467,2
NEG_001621,25.29125,93.880217,5.492,1
NEG_001622,25.266182,94.222231,8.782,12
NEG_001623,25.317873,94.420882,8.372,18
NEG_001624,25.351852,94.572111,2.951,79
NEG_001625,25.514361,93.083737,2.332,1
NEG_001626,25.613078,93.359712,16.94,0
NEG_001627,25.533293,93.482497,5.25,1
NEG_001628,25.540294,93.712905,1.348,50
NEG_001629,25.615846,93.983923,2.264,50
NEG_001630,25.446022,94.67233,6.388,28
NEG_001631,23.843964,93.169962,1.915,58
NEG_001632,23.970734,93.515981,3.607,16
NEG_001633,23.833876,93.685892,21.327,0
NEG_001634,23.930982,93.870713,9.151,4
NEG_001635,23.925297,94.135658,7.216,6
NEG_001636,24.039611,94.462779,28.736,0
NEG_001637,24.021688,94.644736,44.798,0
NEG_001638,24.140662,93.072941,4.075,15
NEG_001639,24.179338,93.255865,4.197,26
NEG_001640,24.14807,93.711697,11.875,0
NEG_001641,24.211352,93.967282,2.39,20
NEG_001642,24.235058,94.27314,2.14,16
NEG_001643,24.224942,94.440869,16.008,0
NEG_001644,24.238384,94.579567,29.72,0
NEG_001645,24.384571,93.091412,3.393,21
NEG_001646,24.494625,93.344263,2.487,3
NEG_001647,24.388513,93.575773,4.815,24
NEG_001648,24.406353,93.895974,5.346,3
NEG_001649,24.319203,94.301149,4.02,13
NEG_001650,24.403608,94.315815,6.51,9
NEG_001651,24.2942,94.732623,45.326,0
NEG_001652,24.634912,93.081016,5.806,12
NEG_001653,24.613441,93.205049,1.544,25
NEG_001654,24.747671,93.600337,2.383,38
NEG_001655,24.659631,93.870321,9.839,1
NEG_001656,24.567619,94.297595,5.744,6
NEG_001657,24.553264,94.613061,24.882,0
NEG_001658,24.801036,92.965618,8.076,1
NEG_001659,24.771133,93.242088,1.654,39
NEG_001660,24.870744,93.405967,4.3,53
NEG_001661,24.908378,93.753452,4.177,14
NEG_001662,24.803665,93.966164,6.961,6
NEG_001663,24.907665,94.104956,5.136,23
NEG_001664,24.843137,94.49104,2.217,22
NEG_001665,24.849546,94.596506,2.302,32
NEG_001666,24.996562,93.215921,5.281,3
NEG_001667,25.195268,93.399224,4.845,15
NEG_001668,25.064822,93.744295,6.971,1
NEG_001669,25.091914,94.038458,4.046,6
NEG_001670,25.209333,94.164612,3.102,11
NEG_001671,25.135444,94.476914,1.633,61
NEG_001672,25.06235,94.685246,4.172,13
NEG_001673,25.309036,93.284038,3.153,21
NEG_001674,25.272267,93.604063,1.269,6
NEG_001675,25.267881,93.788983,6.736,1
NEG_001676,25.360602,94.013294,3.714,44
NEG_001677,25.227881,94.141922,3.016,15
NEG_001678,25.338623,94.444238,5.816,33
NEG_001679,25.378934,94.699115,7.156,3
NEG_001680,25.579789,93.160524,7.714,7
NEG_001681,25.607787,93.276855,16.217,0
NEG_001682,25.526654,93.603376,6.436,13
NEG_001683,25.575411,93.714398,1.045,43
NEG_001684,24.978653,90.123883,31.978,0
NEG_001685,25.016502,90.522669,24.2,0
NEG_001686,24.982405,90.746017,27.804,0
NEG_001687,25.018497,91.309116,20.676,0
NEG_001688,24.936362,91.665256,26.006,0
NEG_001689,24.988269,91.761933,21.378,0
NEG_001690,24.912849,92.165664,24.57,0
NEG_001691,25.020239,92.696092,3.601,31
NEG_001692,25.191526,90.314775,12.23,0
NEG_001693,25.148952,90.578711,8.683,2
NEG_001694,25.183132,90.754979,12.715,0
NEG_001695,25.064663,91.400185,13.582,0
NEG_001696,25.091917,91.732741,9.606,1
NEG_001697,25.05717,91.929327,16.656,0
NEG_001698,25.10699,92.241186,1.722,21
NEG_001699,25.149119,92.499026,8.349,1
NEG_001700,25.213535,90.142586,8.561,1
NEG_001701,25.240047,90.611375,2.825,3
NEG_001702,25.35578,91.047848,1.258,10
NEG_001703,25.227075,91.150344,2.792,8
NEG_001704,25.274693,91.517383,2.242,27
NEG_001705,25.370652,91.817866,4.306,72
NEG_001706,25.350917,92.461878,4.106,6
NEG_001707,25.401295,90.069902,2.388,1
NEG_001708,25.434402,90.673221,4.448,12
NEG_001709,25.442469,90.974429,7.655,6
NEG_001710,25.422653,91.250279,7.552,9
NEG_001711,25.410478,91.741437,2.497,29
NEG_001712,25.503798,92.02514,4.392,23
NEG_001713,25.47547,92.333148,7.472,5
NEG_001714,25.402994,92.524886,4.204,14
NEG_001715,25.668814,90.32383,4.36,13
NEG_001716,25.611331,90.513899,14.096,0
NEG_001717,25.588949,90.822855,2.989,8
NEG_001718,25.577881,91.087506,6.947,36
NEG_001719,25.588631,91.457498,4.121,7
NEG_001720,25.643475,91.921936,1.236,83
NEG_001721,25.595892,92.310757,4.074,6
NEG_001722,25.598532,92.417052,3.894,5
NEG_001723,25.741679,90.400583,6.667,1
NEG_001724,25.831647,90.50355,7.869,1
NEG_001725,25.715934,90.878639,5.621,1
NEG_001726,25.716817,91.150581,3.836,45
NEG_001727,25.817874,91.775469,10.035,0
NEG_001728,25.749458,92.335515,15.461,0
NEG_001729,25.784646,92.661323,6.665,8
NEG_001730,25.985353,90.315521,23.71,0
NEG_001731,25.886522,90.45686,10.865,0
NEG_001732,25.947147,91.004711,13.792,0
NEG_001733,25.970779,91.138523,13.301,0
NEG_001734,25.936395,91.591057,2.036,17
NEG_001735,25.913061,91.745553,3.743,3
NEG_001736,26.003593,92.188296,7.634,13
NEG_001737,25.966285,92.534518,1.383,33
NEG_001738,26.057895,90.1748,19.849,0
NEG_001739,26.100604,90.49223,12.093,0
NEG_001740,26.143844,91.057712,10.912,0
NEG_001741,26.129206,91.304885,17.898,0
NEG_001742,26.016966,91.737658,6.081,7
NEG_001743,26.103356,91.757229,1.665,61
NEG_001744,26.098619,92.343324,9.256,21
NEG_001745,26.146941,92.437684,3.069,18
NEG_001746,24.936483,90.131417,36.313,0
NEG_001747,24.976395,90.446848,32.006,0
NEG_001748,24.896626,90.844055,38.284,0
NEG_001749,24.940951,91.147002,28.579,0
NEG_001750,24.98957,91.670456,20.066,0
NEG_001751,24.969697,92.027691,22.477,0
NEG_001752,25.005261,92.354395,6.798,67
NEG_001753,25.033436,92.480869,1.753,48
NEG_001754,25.138702,90.238227,13.055,0
NEG_001755,25.139167,90.417732,22.984,0
NEG_001756,25.167105,90.754008,13.161,0
NEG_001757,25.140608,91.080001,6.905,2
NEG_001758,25.104278,91.619102,8.671,6
NEG_001759,25.19091,92.051807,2.264,19
NEG_001760,25.166804,92.333179,3.989,51
NEG_001761,25.151119,92.663025,15.857,0
NEG_001762,25.238786,90.110302,10.654,0
NEG_001763,25.341395,90.440503,23.01,0
NEG_001764,25.27252,90.826538,11.356,0
NEG_001765,25.317116,91.402652,4.678,20
NEG_001766,25.359124,91.623857,2.336,11
NEG_001767,25.3545,91.903741,1.086,93
NEG_001768,25.225035,92.343323,4.966,21
NEG_001769,25.27548,92.508751,5.19,3
NEG_001770,25.423906,90.123653,7.908,1
NEG_001771,25.447537,90.511075,16.483,0
NEG_001772,25.491222,91.189688,1.089,50
NEG_001773,25.418353,91.551129,2.008,10
NEG_001774,25.431899,91.964427,4.369,26
NEG_001775,25.477043,92.243047,1.918,20
NEG_001776,25.461701,92.510433,2.5,2
NEG_001777,25.584874,90.245908,4.731,17
NEG_001778,25.576886,90.444988,7.753,1
NEG_001779,25.687435,90.929999,11.244,0
NEG_001780,25.64818,91.119886,1.538,73
NEG_001781,25.61136,91.666479,5.037,45
NEG_001782,25.564025,91.774325,2.162,40
NEG_001783,25.681156,92.389759,9.967,1
NEG_001784,25.620538,92.690884,5.865,2
NEG_001785,25.707707,90.38698,6.455,3
NEG_001786,25.752189,90.528496,9.808,1
NEG_001787,25.714103,91.001895,5.569,18
NEG_001788,25.700521,91.14773,3.01,52
NEG_001789,25.72968,91.655816,2.036,43
NEG_001790,25.757584,91.850816,3.166,16
NEG_001791,25.781254,92.164698,2.73,7
NEG_001792,25.782013,92.419367,6.334,1
NEG_001793,25.950106,90.136726,31.446,0
NEG_001794,25.870801,90.601,15.045,0
NEG_001795,25.88861,91.03142,6.777,3
NEG_001796,25.872481,91.138861,3.995,4
NEG_001797,25.975727,91.470716,7.947,7
NEG_001798,25.951747,92.055357,2.037,5
NEG_001799,25.970388,92.124239,6.746,3
NEG_001800,25.869896,92.534829,3.679,31
NEG_001801,26.157342,90.340578,6.204,1
NEG_001802,26.023826,90.620763,3.249,2
NEG_001803,26.091944,90.901055,27.307,0
NEG_001804,26.083228,91.274894,14.823,0
NEG_001805,26.133439,91.678864,2.447,43
NEG_001806,26.093457,91.935722,1.783,30
NEG_001807,26.169017,92.080371,4.501,6
NEG_001808,26.141489,92.615476,15.111,0
NEG_001809,24.949055,90.220414,33.934,0
NEG_001810,24.96939,90.493479,30.204,0
NEG_001811,24.973042,91.044424,24.28,0
NEG_001812,24.939441,91.337724,28.131,0
NEG_001813,24.918112,91.415322,27.96,0
NEG_001814,25.014675,91.779915,19.398,0
NEG_001815,24.945647,92.247754,17.811,0
NEG_001816,24.972825,92.660549,1.427,20
NEG_001817,25.138336,90.312599,16.207,0
NEG_001818,25.152622,90.59719,7.31,2
NEG_001819,25.062375,90.971239,15.947,0
NEG_001820,25.192574,91.298135,6.521,10
NEG_001821,25.062343,91.52611,10.708,0
NEG_001822,25.083239,91.820882,13.126,0
NEG_001823,25.114321,92.137044,3.267,21
NEG_001824,25.11566,92.430059,4.232,102
NEG_001825,25.294854,90.34182,13.543,0
NEG_001826,25.365336,90.530046,16.479,0
NEG_001827,25.301803,90.839375,8.413,1
NEG_001828,25.231421,91.074889,5.642,4
NEG_001829,25.261274,91.482272,3.007,23
NEG_001830,25.261404,91.851536,1.77,35
NEG_001831,25.360117,92.177578,6.793,15
NEG_001832,25.260862,92.711379,5.696,9
NEG_001833,25.519392,90.393507,5.094,3
NEG_001834,25.386063,90.5219,16.997,0
NEG_001835,25.518837,90.746323,5.882,14
NEG_001836,25.415422,91.356691,3.416,3
NEG_001837,25.462928,91.534699,5.323,12
NEG_001838,25.473126,91.891075,4.777,40
NEG_001839,25.505748,92.351415,5.472,4
NEG_001840,25.421962,92.650922,6.572,3
NEG_001841,25.694693,90.396143,5.226,5
NEG_001842,25.678506,90.732089,8.419,2
NEG_001843,25.586249,91.037772,3.208,9
NEG_001844,25.641679,91.211834,3.448,59
NEG_001845,25.581616,91.637868,3.611,16
NEG_001846,25.585806,91.992588,5.215,24
NEG_001847,25.601451,92.097735,4.374,17
NEG_001848,25.542309,92.696092,3.607,3
NEG_001849,25.837374,90.25938,18.832,0
NEG_001850,25.774763,90.719873,12.148,0
NEG_001851,25.699953,91.043952,1.094,34
NEG_001852,25.806439,91.157679,3.162,6
NEG_001853,25.7459,91.643044,2.4,41
NEG_001854,25.779789,91.757257,9.664,2
NEG_001855,25.822358,92.339744,13.598,0
NEG_001856,25.762849,92.747493,6.14,3
NEG_001857,25.878859,90.217063,23.519,0
NEG_001858,25.957066,90.573049,5.867,1
NEG_001859,26.005682,90.871666,26.336,0
NEG_001860,25.898126,91.395861,1.384,3
NEG_001861,26.015567,91.632823,6.026,6
NEG_001862,25.859347,92.023633,1.745,2
NEG_001863,25.915573,92.202903,7.438,1
NEG_001864,25.921081,92.49021,1.173,23
NEG_001865,26.067075,90.344373,15.277,0
NEG_001866,26.041754,90.578599,3.396,2
NEG_001867,26.084678,90.907875,27.084,0
NEG_001868,26.075946,91.296019,14.096,0
NEG_001869,26.084448,91.487175,11.531,0
NEG_001870,26.102737,92.022451,1.778,14
NEG_001871,26.047545,92.368965,6.318,29
NEG_001872,26.153579,92.546716,11.269,0
NEG_001873,24.988636,90.116782,31.136,0
NEG_001874,24.945991,90.482184,33.038,0
NEG_001875,25.010862,90.884681,25.474,0
NEG_001876,24.973812,91.226122,25.275,0
NEG_001877,25.018616,91.603622,17.401,0
NEG_001878,24.938517,92.016064,26.067,0
NEG_001879,25.037244,92.364015,3.598,83
NEG_001880,24.911644,92.424168,9.094,2
NEG_001881,25.109265,90.381895,23.285,0
NEG_001882,25.154758,90.402632,21.889,0
NEG_001883,25.209809,90.968931,7.484,1
NEG_001884,25.067,91.392157,13.324,0
NEG_001885,25.08503,91.701226,9.423,1
NEG_001886,25.175386,91.842508,3.128,19
NEG_001887,25.113677,92.403077,1.72,101
NEG_001888,25.139631,92.494992,8.238,1
NEG_001889,25.241772,90.204163,1.75,1
NEG_001890,25.252427,90.695297,5.811,3
NEG_001891,25.244705,91.006768,6.832,4
NEG_001892,25.249152,91.302717,5.649,14
NEG_001893,25.365101,91.418328,4.495,13
NEG_001894,25.325982,91.827752,5.237,74
NEG_001895,25.302333,92.300456,4.685,10
NEG_001896,25.317443,92.608751,2.632,17
NEG_001897,25.532506,90.135177,7.914,6
NEG_001898,25.503045,90.463661,11.332,0
NEG_001899,25.388385,90.969521,6.071,7
NEG_001900,25.415775,91.31368,4.581,2
NEG_001901,25.514583,91.498267,1.985,8
NEG_001902,25.391106,91.836471,3.555,74
NEG_001903,25.408432,92.315173,3.005,2
NEG_001904,25.467227,92.577009,6.896,1
NEG_001905,25.566058,90.147048,8.874,3
NEG_001906,25.632842,90.414397,3.941,7
NEG_001907,25.654268,90.892649,8.758,2
NEG_001908,25.628972,91.305444,1.606,13
NEG_001909,25.576403,91.436077,6.095,7
NEG_001910,25.638516,92.004446,4.028,13
NEG_001911,25.578338,92.089072,3.097,22
NEG_001912,25.544054,92.535486,3.389,3
NEG_001913,25.808349,90.286938,15.459,0
NEG_001914,25.711547,90.451568,8.8,4
NEG_001915,25.788755,90.761756,10.072,0
NEG_001916,25.752617,91.281756,3.006,3
NEG_001917,25.79433,92.021779,2.57,3
NEG_001918,25.853078,92.126515,3.027,2
NEG_001919,25.839549,92.743767,2.44,8
NEG_001920,26.004786,90.209444,23.233,0
NEG_001921,25.986148,90.594599,2.208,2
NEG_001922,25.885222,90.884688,15.718,0
NEG_001923,25.903052,91.259498,5.609,2
NEG_001924,25.955516,91.510628,3.6,16
NEG_001925,25.890011,91.952642,6.799,8
NEG_001926,25.965956,92.251577,5.272,9
NEG_001927,26.005259,92.553663,4.317,25
NEG_001928,26.121259,90.271786,8.925,1
NEG_001929,26.150539,90.628809,10.236,0
NEG_001930,26.032886,91.052709,21.014,0
NEG_001931,26.127009,91.310791,18.534,0
NEG_001932,26.097981,91.692776,3.04,33
NEG_001933,26.118321,91.793974,1.336,89
NEG_001934,26.141268,92.381061,6.333,18
NEG_001935,26.16104,92.563777,13.156,0
NEG_001936,25.041117,90.39222,29.666,0
NEG_001937,25.044009,90.719171,20.451,0
NEG_001938,24.982399,91.053733,23.274,0
NEG_001939,24.90122,91.186278,33.321,0
NEG_001940,24.929593,91.727546,26.906,0
NEG_001941,24.936948,91.752347,26.573,0
NEG_001942,24.979881,92.35281,8.095,18
NEG_001943,25.047376,92.656293,8.51,5
NEG_001944,25.053208,90.146616,23.38,0
NEG_001945,25.105986,90.611265,11.781,0
NEG_001946,25.204939,90.875562,15.122,0
NEG_001947,25.114975,91.317293,11.283,0
NEG_001948,25.147746,91.530485,1.321,15
NEG_001949,25.053021,92.034268,14.614,0
NEG_001950,25.06625,92.360115,1.063,95
NEG_001951,25.187738,92.568396,15.386,0
NEG_001952,25.328202,90.393953,19.797,0
NEG_001953,25.276508,90.653465,4.394,3
NEG_001954,25.363632,90.934445,6.785,2
NEG_001955,25.327302,91.368443,3.758,14
NEG_001956,25.30073,91.661729,2.822,47
NEG_001957,25.233849,91.882202,1.623,32
NEG_001958,25.281498,92.258269,5.634,15
NEG_001959,25.37146,92.578767,1.943,14
NEG_001960,25.530995,90.397667,4.255,3
NEG_001961,25.386264,90.59511,9.661,1
NEG_001962,25.524753,90.794959,3.702,7
NEG_001963,25.428362,91.094328,3.158,11
NEG_001964,25.381078,91.696303,4.056,28
NEG_001965,25.446499,92.056235,2.267,12
NEG_001966,25.494113,92.322735,6.464,6
NEG_001967,25.41565,92.696623,8.239,4
NEG_001968,25.581959,90.15307,9.831,1
NEG_001969,25.55482,90.716005,6.354,9
NEG_001970,25.598208,90.980336,4.428,5
NEG_001971,25.686038,91.527578,7.126,3
NEG_001972,25.63876,92.382168,7.696,2
NEG_001973,25.783897,90.080592,16.111,0
NEG_001974,25.740356,90.488347,7.342,1
NEG_001975,25.792085,90.932738,7.785,3
NEG_001976,25.827649,91.103598,3.141,8
NEG_001977,25.787159,91.705257,4.417,7
NEG_001978,25.834873,91.815691,6.614,8
NEG_001979,25.757841,92.264774,12.891,0
NEG_001980,25.756216,92.64029,10.182,0
NEG_001981,25.88802,90.197595,24.307,0
NEG_001982,25.950607,90.582427,6.286,1
NEG_001983,25.955941,90.928746,18.527,0
NEG_001984,25.896408,91.325949,6.718,3
NEG_001985,25.919594,91.719671,1.781,3
NEG_001986,25.955693,92.01265,4.405,7
NEG_001987,25.873822,92.389472,10.825,0
NEG_001988,25.955819,92.486191,2.749,31
NEG_001989,26.019589,90.394927,20.05,0
NEG_001990,26.064262,90.525707,7.929,2
NEG_001991,26.118387,91.059374,12.697,0
NEG_001992,26.123267,91.276221,15.768,0
NEG_001993,26.152827,91.600669,5.666,4
NEG_001994,26.06592,92.006591,2.755,12
NEG_001995,26.059079,92.125363,2.271,12
NEG_001996,26.168468,92.634763,12.785,0
NEG_001997,25.040625,90.269743,24.381,0
NEG_001998,25.040868,90.575851,19.667,0
NEG_001999,24.901804,91.058379,32.248,0
NEG_002000,25.043834,91.128767,17.164,0
NEG_002001,24.955122,91.425607,23.717,0
NEG_002002,25.009586,92.023284,19.077,0
NEG_002003,25.015416,92.162929,14.374,0
NEG_002004,24.95118,92.442794,4.377,16
NEG_002005,25.159749,90.389437,20.464,0
NEG_002006,25.170231,90.518553,12.27,0
NEG_002007,25.209333,90.980582,6.348,1
NEG_002008,25.120669,91.323335,10.405,0
NEG_002009,25.128699,91.607121,6.073,21
NEG_002010,25.069815,91.799897,13.734,0
NEG_002011,25.10893,92.163027,4.383,23
NEG_002012,25.126551,92.417664,2.97,94
NEG_002013,25.321526,90.158957,9.362,1
NEG_002014,25.326526,90.533254,14.441,0
NEG_002015,25.33416,90.776988,5.829,4
NEG_002016,25.272898,91.398102,1.638,26
NEG_002017,25.218373,91.511515,6.572,29
NEG_002018,25.360873,92.035692,2.939,24
NEG_002019,25.219248,92.26181,4.008,26
NEG_002020,25.352555,92.486652,2.59,11
NEG_002021,25.404704,90.61605,7.594,3
NEG_002022,25.408064,90.966756,7.494,8
NEG_002023,25.438175,91.318633,2.862,5
NEG_002024,25.481772,91.527115,3.49,13
NEG_002025,25.474573,91.790903,2.583,39
NEG_002026,25.519029,92.375394,4.098,5
NEG_002027,25.458272,92.681932,10.782,0
NEG_002028,25.67822,90.119683,6.114,1
NEG_002029,25.612252,90.526468,15.272,0
NEG_002030,25.553658,90.990921,7.134,3
NEG_002031,25.602189,91.25663,2.862,81
NEG_002032,25.636502,91.601497,2.38,41
NEG_002033,25.600135,91.885566,2.018,94
NEG_002034,25.551843,92.184115,2.655,17
NEG_002035,25.690712,92.610326,11.64,0
NEG_002036,25.8024,90.211721,15.061,0
NEG_002037,25.70476,90.582573,17.139,0
NEG_002038,25.852739,91.003943,5.017,5
NEG_002039,25.789426,91.352451,5.629,1
NEG_002040,25.725325,91.647178,2.752,43
NEG_002041,25.805077,91.911471,3.65,11
NEG_002042,25.709246,92.356962,14.478,0
NEG_002043,25.748594,92.446163,7.347,3
NEG_002044,25.960807,90.390159,19.637,0
NEG_002045,25.982355,90.479857,11.805,0
NEG_002046,25.856793,90.74535,17.4,0
NEG_002047,25.978026,91.335578,6.371,2
NEG_002048,26.006033,91.465832,9.902,1
NEG_002049,25.907136,91.882139,2.364,20
NEG_002050,25.925186,92.307409,2.391,5
NEG_002051,26.006734,92.445292,3.546,31
NEG_002052,26.047824,90.092252,26.472,0
NEG_002053,26.121329,90.586381,6.961,1
NEG_002054,26.121757,91.020028,15.398,0
NEG_002055,26.078625,91.241321,14.816,0
NEG_002056,26.088,91.677143,4.929,27
NEG_002057,26.061496,91.821396,1.608,35
NEG_002058,26.061061,92.351254,7.879,13
NEG_002059,26.148817,92.599561,16.197,0
NEG_002060,25.043529,90.087046,26.725,0
NEG_002061,24.925545,90.71399,32.709,0
NEG_002062,24.989452,90.913672,25.829,0
NEG_002063,24.981674,91.074527,23.568,0
NEG_002064,24.918306,91.608977,28.02,0
NEG_002065,24.983705,91.824254,23.615,0
NEG_002066,24.938551,92.256659,18.088,0
NEG_002067,24.955565,92.603445,3.845,5
NEG_002068,25.141218,90.101223,16.986,0
NEG_002069,25.208186,90.540736,9.205,2
NEG_002070,25.184624,90.970086,7.122,1
NEG_002071,25.155918,91.085241,5.986,2
NEG_002072,25.171519,91.485464,1.303,17
NEG_002073,25.070856,91.829895,14.578,0
NEG_002074,25.103275,92.406112,2.718,103
NEG_002075,25.172595,92.599704,17.948,0
NEG_002076,25.311078,90.283767,9.382,1
NEG_002077,25.34049,90.450195,22.117,0
NEG_002078,25.261537,91.030394,5.646,4
NEG_002079,25.352582,91.155376,7.059,4
NEG_002080,25.357553,91.560821,4.044,16
NEG_002081,25.314183,92.060308,3.215,22
NEG_002082,25.366021,92.255236,7.029,3
NEG_002083,25.313191,92.467399,3.829,9
NEG_002084,25.459705,90.066392,8.702,1
NEG_002085,25.396418,90.548289,14.32,0
NEG_002086,25.458128,90.751515,4.311,13
NEG_002087,25.386277,91.331823,6.65,4
NEG_002088,25.442452,91.545808,4.204,12
NEG_002089,25.421911,92.075141,3.793,15
NEG_002090,25.409615,92.329276,4.258,2
NEG_002091,25.398723,92.659498,5.576,13
NEG_002092,25.552922,90.278465,5.18,17
NEG_002093,25.563035,90.645159,5.767,3
NEG_002094,25.565939,90.964946,7.634,1
NEG_002095,25.58299,91.376373,5.094,12
NEG_002096,25.616111,91.58154,3.534,17
NEG_002097,25.576244,92.210876,1.143,5
NEG_002098,25.580139,92.746864,1.87,3
NEG_002099,25.746589,90.193074,8.616,1
NEG_002100,25.768879,90.617735,17.951,0
NEG_002101,25.852262,90.777069,15.758,0
NEG_002102,25.724976,91.237243,2.143,6
NEG_002103,25.738744,91.501554,7.067,1
NEG_002104,25.707174,91.963951,4.446,35
NEG_002105,25.790823,92.377613,9.95,1
NEG_002106,25.853196,92.475947,4.869,23
NEG_002107,25.980331,90.29136,24.213,0
NEG_002108,25.877321,90.605439,14.346,0
NEG_002109,25.895055,90.779672,20.303,0
NEG_002110,25.860651,91.349402,2.297,2
NEG_002111,25.85736,91.419911,5.371,3
NEG_002112,25.879561,91.863935,2.232,16
NEG_002113,25.899883,92.263604,6.666,1
NEG_002114,25.93225,92.555727,4.608,35
NEG_002115,26.021754,90.183273,22.7,0
NEG_002116,26.1424,90.641497,9.757,1
NEG_002117,26.047371,90.755742,15.134,0
NEG_002118,26.144915,91.237908,11.252,0
NEG_002119,26.097415,91.718583,2.367,44
NEG_002120,26.051917,92.257394,1.924,10
NEG_002121,26.13858,92.506731,6.949,18
NEG_002122,25.018324,90.280374,27.044,0
NEG_002123,24.919627,90.64445,32.336,0
NEG_002124,25.003732,91.024359,20.927,0
NEG_002125,25.008328,91.211381,21.545,0
NEG_002126,24.91435,91.487933,27.36,0
NEG_002127,24.955326,91.808406,26.336,0
NEG_002128,24.935641,92.302534,14.708,0
NEG_002129,25.020405,92.745152,1.256,45
NEG_002130,25.069365,90.390766,27.126,0
NEG_002131,25.16133,90.461611,18.006,0
NEG_002132,25.191928,90.816553,18.573,0
NEG_002133,25.206683,91.157116,2.019,8
NEG_002134,25.151744,91.629288,3.462,22
NEG_002135,25.194979,92.030568,1.183,18
NEG_002136,25.142664,92.278073,4.183,38
NEG_002137,25.074623,92.551975,6.875,2
NEG_002138,25.2339,90.13707,8.143,1
NEG_002139,25.217177,90.665944,3.434,3
NEG_002140,25.345505,91.069871,3.738,6
NEG_002141,25.365705,91.177597,4.92,3
NEG_002142,25.337925,91.708824,3.248,26
NEG_002143,25.316133,91.991217,3.355,51
NEG_002144,25.329182,92.400311,3.737,12
NEG_002145,25.223686,92.601228,12.293,0
NEG_002146,25.436544,90.093148,6.938,1
NEG_002147,25.40188,90.63437,5.728,7
NEG_002148,25.397574,90.937944,7.396,2
NEG_002149,25.503847,91.270967,1.244,63
NEG_002150,25.43668,91.458373,3.934,10
NEG_002151,25.461747,91.805454,1.732,39
NEG_002152,25.414568,92.148627,1.448,19
NEG_002153,25.510891,92.614765,9.233,1
NEG_002154,25.548955,90.202077,4.404,6
NEG_002155,25.62266,90.69488,9.709,1
NEG_002156,25.538091,90.839021,2.492,7
NEG_002157,25.650345,91.722604,6.813,39
NEG_002158,25.614673,91.794959,3.658,54
NEG_002159,25.659177,92.091304,2.511,11
NEG_002160,25.655174,92.496901,6.523,1
NEG_002161,25.73334,90.167371,7.156,1
NEG_002162,25.725284,90.703845,11.93,0
NEG_002163,25.84712,90.817085,14.524,0
NEG_002164,25.766088,91.151217,5.59,8
NEG_002165,25.794625,91.544167,6.743,2
NEG_002166,25.780932,91.817273,5.728,8
NEG_002167,25.760854,92.329953,15.478,0
NEG_002168,25.765673,92.572428,5.041,14
NEG_002169,25.916528,90.183414,27.415,0
NEG_002170,25.878217,90.724003,19.191,0
NEG_002171,25.890495,90.742886,19.586,0
NEG_002172,25.877731,91.111807,6.011,5
NEG_002173,25.981695,91.641406,6.575,18
NEG_002174,25.927546,91.796615,6.479,19
NEG_002175,25.908446,92.404625,8.042,8
NEG_002176,25.963592,92.633082,3.063,10
NEG_002177,26.055195,90.191681,19.1,0
NEG_002178,26.075244,90.457514,14.816,0
NEG_002179,26.162619,90.916222,23.285,0
NEG_002180,26.148895,91.091455,8.033,1
NEG_002181,26.021142,91.716402,5.876,5
NEG_002182,26.118594,92.356581,8.197,18
NEG_002183,26.061168,92.742552,12.589,0
NEG_002184,25.03391,90.126341,26.064,0
NEG_002185,24.96105,90.714558,28.921,0
NEG_002186,25.048507,90.952441,18.19,0
NEG_002187,24.970806,91.082455,24.887,0
NEG_002188,24.9113,91.591886,28.312,0
NEG_002189,24.964349,91.973213,25.115,0
NEG_002190,25.048706,92.362609,2.772,91
NEG_002191,25.006468,92.688669,4.183,26
NEG_002192,25.198712,90.228684,6.324,1
NEG_002193,25.175002,90.678849,6.113,3
NEG_002194,25.106861,91.044836,9.407,1
NEG_002195,25.127083,91.169414,8.426,2
NEG_002196,25.110716,91.422958,8.687,5
NEG_002197,25.111415,91.947434,10.5,0
NEG_002198,25.095357,92.216346,4.034,21
NEG_002199,25.067165,92.609783,8.637,1
NEG_002200,25.347625,90.377252,19.351,0
NEG_002201,25.218724,90.681486,4.797,3
NEG_002202,25.290145,91.001259,3.991,6
NEG_002203,25.270957,91.272543,5.23,10
NEG_002204,25.248095,91.516006,4.866,35
NEG_002205,25.332389,91.786092,1.103,24
NEG_002206,25.218279,92.191821,1.203,41
NEG_002207,25.232231,92.484356,10.112,0
NEG_002208,25.416668,90.340923,14.866,0
NEG_002209,25.480218,90.583052,8.395,1
NEG_002210,25.40964,90.938237,6.643,2
NEG_002211,25.463278,91.398028,4.314,7
NEG_002212,25.451034,91.648543,5.117,16
NEG_002213,25.406268,91.894333,1.956,74
NEG_002214,25.531926,92.201616,3.964,17
NEG_002215,25.443536,92.698548,8.601,1
NEG_002216,25.633761,90.35141,2.187,16
NEG_002217,25.674468,90.518364,14.132,0
NEG_002218,25.575743,90.941679,8.978,1
NEG_002219,25.601849,91.605141,2.285,16
NEG_002220,25.614078,91.953447,3.259,78
NEG_002221,25.604355,92.395977,5.773,5
NEG_002222,25.542455,92.655752,6.774,2
NEG_002223,25.754027,90.103629,12.076,0
NEG_002224,25.778806,90.727631,11.756,0
NEG_002225,25.769086,90.772998,7.661,1
NEG_002226,25.747223,91.363032,10.399,0
NEG_002227,25.773849,91.54137,4.909,2
NEG_002228,25.721082,91.845347,4.786,41
NEG_002229,25.698965,92.132954,1.525,9
NEG_002230,25.773265,92.58101,5.253,14
NEG_002231,25.924077,90.099262,29.386,0
NEG_002232,25.97651,90.731891,14.07,0
NEG_002233,25.976605,90.958083,18.716,0
NEG_002234,25.939032,91.159226,9.224,2
NEG_002235,25.946291,91.490367,5.698,15
NEG_002236,25.881616,92.066579,4.896,4
NEG_002237,25.860212,92.362177,11.162,0
NEG_002238,25.894942,92.664825,1.449,18
NEG_002239,26.037714,90.102405,26.439,0
NEG_002240,26.17361,90.734499,17.999,0
NEG_002241,26.173019,90.846915,27.176,0
NEG_002242,26.023935,91.349589,10.769,0
NEG_002243,26.141548,91.539035,9.255,2
NEG_002244,26.034677,92.181594,4.525,14
NEG_002245,22.285784,92.45837,13.635,0
NEG_002246,22.029771,92.503446,16.103,0
NEG_002247,22.178863,92.675046,1.976,35
NEG_002248,22.101543,92.826099,2.468,14
NEG_002249,22.298488,92.959869,6.317,18
NEG_002250,22.152244,93.148307,5.635,4
NEG_002251,22.258069,93.367584,24.407,0
NEG_002252,22.178489,93.522389,40.471,0
NEG_002253,22.379122,92.426849,16.693,0
NEG_002254,22.560134,92.471336,7.141,3
NEG_002255,22.463177,92.761717,3.278,26
NEG_002256,22.522031,92.943346,4.105,78
NEG_002257,22.493879,93.094217,2.77,9
NEG_002258,22.594727,93.249056,20.611,0
NEG_002259,22.391603,93.534918,41.386,0
NEG_002260,22.960688,92.366877,11.077,0
NEG_002261,22.69931,92.536239,1.25,15
NEG_002262,22.810375,92.717959,4.891,77
NEG_002263,22.780506,92.861373,2.362,53
NEG_002264,22.994043,92.979566,1.395,28
NEG_002265,22.944595,93.125546,9.921,1
NEG_002266,22.85331,93.318173,18.539,0
NEG_002267,22.712133,93.483526,39.62,0
NEG_002268,23.159882,92.404617,8.721,6
NEG_002269,23.174151,92.549032,1.667,70
NEG_002270,23.050357,92.619428,5.207,34
NEG_002271,23.244844,92.862252,2.689,138
NEG_002272,23.267837,92.931061,3.751,126
NEG_002273,23.149281,93.19416,3.143,49
NEG_002274,23.363873,93.336478,3.448,77
NEG_002275,23.126439,93.459721,9.381,2
NEG_002276,23.627042,92.350537,7.001,2
NEG_002277,23.627723,92.583397,1.625,54
NEG_002278,23.563145,92.806714,2.866,137
NEG_002279,23.482812,92.954115,4.191,37
NEG_002280,23.53534,93.225207,1.216,71
NEG_002281,23.668761,93.362577,1.234,25
NEG_002282,23.581988,93.521148,14.562,0
NEG_002283,23.957127,92.413369,4.478,6
NEG_002284,23.971597,92.567511,9.353,3
NEG_002285,23.946413,92.867416,1.748,59
NEG_002286,23.943824,93.027285,1.239,44
NEG_002287,23.790238,93.230446,6.39,30
NEG_002288,23.842512,93.350082,2.261,20
NEG_002289,23.725593,93.396007,2.637,19
NEG_002290,24.248285,92.430642,5.476,3
NEG_002291,24.276749,92.593126,4.735,26
NEG_002292,24.30484,92.858937,2.554,47
NEG_002293,24.234373,93.228347,3.287,17
NEG_002294,24.284241,93.279957,3.976,17
NEG_002295,24.127863,93.444422,1.463,17
NEG_002296,24.652058,92.413034,8.561,2
NEG_002297,24.450814,92.49202,1.449,7
NEG_002298,24.677772,92.622674,3.771,3
NEG_002299,24.710985,92.809538,5.531,2
NEG_002300,24.569449,92.962419,2.499,5
NEG_002301,24.388327,93.094662,3.395,20
NEG_002302,24.566433,93.352846,4.192,13
NEG_002303,24.707781,93.445947,4.314,48
NEG_002304,22.272574,92.348931,24.99,0
NEG_002305,22.153837,92.76496,1.607,4
NEG_002306,22.047706,92.797987,7.908,9
NEG_002307,22.349623,92.960306,3.379,21
NEG_002308,22.232948,93.113851,1.493,20
NEG_002309,22.212454,93.265067,13.974,0
NEG_002310,22.21947,93.458066,33.842,0
NEG_002311,22.416745,92.454041,12.479,0
NEG_002312,22.460357,92.485614,8.748,1
NEG_002313,22.368123,92.697667,3.225,47
NEG_002314,22.529122,92.785953,1.974,28
NEG_002315,22.540095,93.02621,4.504,21
NEG_002316,22.6669,93.136724,15.098,0
NEG_002317,22.596102,93.250006,20.786,0
NEG_002318,22.506601,93.471602,37.052,0
NEG_002319,22.922364,92.417849,4.531,42
NEG_002320,23.00493,92.482149,8.335,4
NEG_002321,22.817396,92.871906,2.723,80
NEG_002322,22.922548,92.949192,2.253,44
NEG_002323,22.915195,93.167886,14.357,0
NEG_002324,22.720334,93.333947,32.569,0
NEG_002325,22.835738,93.50158,30.101,0
NEG_002326,23.081078,92.415351,13.247,0
NEG_002327,23.272804,92.474196,2.604,21
NEG_002328,23.142222,92.854687,4.012,42
NEG_002329,23.276605,92.942601,5.275,110
NEG_002330,23.093388,93.289731,3.26,59
NEG_002331,23.210784,93.420857,9.4,3
NEG_002332,23.431256,92.455709,14.475,0
NEG_002333,23.700709,92.520956,3.369,40
NEG_002334,23.583201,92.654967,3.269,240
NEG_002335,23.570458,93.0394,3.508,67
NEG_002336,23.445422,93.44643,7.885,24
NEG_002337,23.973211,92.459554,6.474,4
NEG_002338,23.92455,92.468148,2.451,6
NEG_002339,23.912957,92.66438,1.338,65
NEG_002340,24.00889,92.788743,1.192,43
NEG_002341,23.85162,93.004846,3.767,57
NEG_002342,23.993689,93.205596,3.512,24
NEG_002343,23.99609,93.362888,4.094,14
NEG_002344,24.02117,93.451833,4.901,3
NEG_002345,24.133457,92.438875,2.614,19
NEG_002346,24.37025,92.618122,5.414,9
NEG_002347,24.138487,92.768014,3.031,33
NEG_002348,24.243673,93.035706,1.536,49
NEG_002349,24.367576,93.281084,1.404,12
NEG_002350,24.413949,92.333504,8.821,7
NEG_002351,24.630058,92.473348,4.065,2
NEG_002352,24.538665,92.684352,3.166,18
NEG_002353,24.403658,92.790962,1.002,36
NEG_002354,24.485382,92.947174,4.646,3
NEG_002355,24.648253,93.176518,2.641,32
NEG_002356,24.671786,93.359607,2.305,15
NEG_002357,24.471074,93.404027,4.14,3
NEG_002358,22.266356,92.462565,13.635,0
NEG_002359,22.224407,92.588623,2.092,38
NEG_002360,22.224861,92.763881,5.028,11
NEG_002361,22.045969,93.018601,10.63,0
NEG_002362,22.229933,93.183759,6.458,6
NEG_002363,22.214408,93.335656,21.232,0
NEG_002364,22.244303,93.528772,40.877,0
NEG_002365,22.680181,92.447674,9.964,1
NEG_002366,22.56118,92.532074,1.486,4
NEG_002367,22.383207,92.656552,1.862,36
NEG_002368,22.60595,92.818235,5.759,24
NEG_002369,22.441776,93.028205,3.02,44
NEG_002370,22.483561,93.196861,9.982,1
NEG_002371,22.619786,93.252945,22.854,0
NEG_002372,22.591329,93.516466,44.775,0
NEG_002373,22.917762,92.344536,11.857,0
NEG_002374,22.767153,92.52237,3.029,4
NEG_002375,22.774693,92.637431,1.674,21
NEG_002376,22.759439,92.867063,3.009,38
NEG_002377,22.714423,92.98987,1.262,5
NEG_002378,22.927071,93.194848,13.311,0
NEG_002379,22.9277,93.245072,10.657,0
NEG_002380,22.799693,93.449621,29.562,0
NEG_002381,23.35844,92.336938,18.943,0
NEG_002382,23.167006,92.600905,1.138,78
NEG_002383,23.212294,92.688056,1.294,146
NEG_002384,23.300144,93.116594,2.162,44
NEG_002385,23.318835,93.237666,4.382,31
NEG_002386,23.319168,93.539715,17.045,0
NEG_002387,23.431874,92.408722,16.581,0
NEG_002388,23.65126,92.524571,5.563,37
NEG_002389,23.455323,92.726567,1.426,181
NEG_002390,23.405281,92.787838,2.117,154
NEG_002391,23.544544,93.004795,2.764,27
NEG_002392,23.389819,93.224879,1.394,68
NEG_002393,23.369788,93.357698,2.118,77
NEG_002394,23.384434,93.517433,13.47,0
NEG_002395,23.986497,92.597463,8.231,51
NEG_002396,23.787124,92.63771,1.39,118
NEG_002397,23.783039,92.906862,4.846,113
NEG_002398,23.720219,93.068835,1.514,60
NEG_002399,23.710566,93.220526,3.148,12
NEG_002400,23.928163,93.359325,1.636,14
NEG_002401,23.783073,93.421915,2.903,16
NEG_002402,24.24655,92.41939,5.177,3
NEG_002403,24.151979,92.597005,3.624,14
NEG_002404,24.154667,92.820319,2.445,33
NEG_002405,24.080819,93.065154,3.59,18
NEG_002406,24.24508,93.08823,1.32,24
NEG_002407,24.268599,93.241508,6.114,20
NEG_002408,24.069766,93.495813,1.319,32
NEG_002409,24.677928,92.354985,7.281,2
NEG_002410,24.640731,92.573404,7.96,1
NEG_002411,24.647111,92.707246,3.818,7
NEG_002412,24.658104,92.810381,4.678,4
NEG_002413,24.383294,93.081065,2.836,17
NEG_002414,24.611339,93.155518,1.752,23
NEG_002415,24.532391,93.288128,3.854,11
NEG_002416,24.430072,93.541471,6.391,14
NEG_002417,22.145999,92.405778,21.368,0
NEG_002418,22.263862,92.478909,12.116,0
NEG_002419,22.23675,92.635869,1.592,45
NEG_002420,22.055523,92.792595,7.71,9
NEG_002421,22.352693,93.019934,2.5,20
NEG_002422,22.300726,93.207647,7.281,2
NEG_002423,22.118432,93.289851,18.795,0
NEG_002424,22.140096,93.459686,34.596,0
NEG_002425,22.483387,92.384246,17.63,0
NEG_002426,22.425788,92.470047,10.62,0
NEG_002427,22.490937,92.769974,2.286,26
NEG_002428,22.602052,92.851774,2.586,44
NEG_002429,22.672951,92.943478,5.392,13
NEG_002430,22.446958,93.193881,8.389,5
NEG_002431,22.462607,93.390163,27.631,0
NEG_002432,22.669726,93.415713,39.238,0
NEG_002433,22.88943,92.425997,3.484,42
NEG_002434,23.032017,92.609804,6.256,20
NEG_002435,22.699837,92.850275,1.025,23
NEG_002436,22.909488,93.148063,13.931,0
NEG_002437,22.695228,93.23992,25.233,0
NEG_002438,22.978034,93.417425,13.956,0
NEG_002439,23.280544,92.460023,3.962,10
NEG_002440,23.30644,92.475246,6.295,2
NEG_002441,23.165937,92.767003,2.332,192
NEG_002442,23.137222,93.051085,1.299,17
NEG_002443,23.220137,93.108959,1.636,25
NEG_002444,23.206104,93.271135,1.264,44
NEG_002445,23.253467,93.51565,18.209,0
NEG_002446,23.42442,92.386723,18.28,0
NEG_002447,23.420191,92.562267,5.768,7
NEG_002448,23.381811,92.768598,1.191,130
NEG_002449,23.685596,93.052083,1.39,74
NEG_002450,23.495536,93.436674,6.405,11
NEG_002451,23.710539,92.377321,3.599,4
NEG_002452,23.858974,92.512614,1.774,13
NEG_002453,23.737515,92.638336,2.939,224
NEG_002454,23.710711,92.919853,4.006,101
NEG_002455,24.003746,92.944003,2.347,50
NEG_002456,23.894913,93.114413,2.093,50
NEG_002457,23.829196,93.243473,4.614,42
NEG_002458,23.815488,93.411983,3.282,19
NEG_002459,24.185104,92.568748,1.075,14
NEG_002460,24.162938,92.825674,2.85,28
NEG_002461,24.151647,93.042489,1.928,29
NEG_002462,24.170948,93.165186,6.286,14
NEG_002463,24.350149,93.363911,2.329,11
NEG_002464,24.214349,93.439795,3.768,10
NEG_002465,24.456002,92.41602,7.949,2
NEG_002466,24.472258,92.566428,3.645,10
NEG_002467,24.453552,92.626366,6.378,8
NEG_002468,24.577422,92.826923,4.745,10
NEG_002469,24.701843,92.945894,4.802,3
NEG_002470,24.381944,93.224122,3.869,16
NEG_002471,24.593971,93.361235,1.251,13
NEG_002472,24.523921,93.466163,7.258,3
NEG_002473,22.192593,92.341736,27.103,0
NEG_002474,22.023133,92.528823,13.847,0
NEG_002475,22.257539,92.705564,2.524,45
NEG_002476,22.040056,92.880997,7.008,10
NEG_002477,22.269537,93.193773,7.88,1
NEG_002478,22.041348,93.292078,24.289,0
NEG_002479,22.13293,93.433188,32.1,0
NEG_002480,22.63435,92.337347,20.976,0
NEG_002481,22.458453,92.464906,10.841,0
NEG_002482,22.463216,92.740055,1.093,27
NEG_002483,22.370057,92.916843,1.867,29
NEG_002484,22.664486,92.976308,4.346,8
NEG_002485,22.65708,93.145353,16.245,0
NEG_002486,22.639714,93.385528,34.81,0
NEG_002487,22.458908,93.456228,34.165,0
NEG_002488,22.961495,92.344466,13.144,0
NEG_002489,22.898485,92.519065,1.983,45
NEG_002490,22.945882,92.691203,1.801,58
NEG_002491,22.921295,92.903494,1.284,55
NEG_002492,22.762117,92.956133,3.948,13
NEG_002493,22.863166,93.101358,7.927,1
NEG_002494,22.980235,93.289999,4.135,7
NEG_002495,22.944303,93.456176,19.385,0
NEG_002496,23.114859,92.398461,11.616,0
NEG_002497,23.32544,92.557793,8.571,7
NEG_002498,23.041161,92.848586,4.469,77
NEG_002499,23.272535,93.058562,2.955,35
NEG_002500,23.360914,93.146378,2.593,43
NEG_002501,23.107761,93.325935,2.962,43
NEG_002502,23.111788,93.420532,5.935,7
NEG_002503,23.500457,92.440487,8.298,2
NEG_002504,23.433275,92.608165,3.276,27
NEG_002505,23.630076,92.923799,2.839,63
NEG_002506,23.501718,93.056926,2.178,47
NEG_002507,23.558598,93.505349,12.414,0
NEG_002508,23.870732,92.411791,3.937,11
NEG_002509,23.984775,92.547868,8.878,4
NEG_002510,23.733014,92.652579,2.229,274
NEG_002511,23.786341,92.930569,3.482,61
NEG_002512,23.951919,93.201715,1.57,44
NEG_002513,23.937033,93.485553,8.106,6
NEG_002514,24.301973,92.357586,6.895,1
NEG_002515,24.092702,92.494224,1.795,8
NEG_002516,24.238831,92.706439,1.242,41
NEG_002517,24.062671,92.834378,4.471,75
NEG_002518,24.357305,92.951146,2.318,25
NEG_002519,24.262754,93.431933,2.204,5
NEG_002520,24.425636,92.390012,11.249,0
NEG_002521,24.540871,92.477289,5.815,4
NEG_002522,24.439658,92.647771,5.632,6
NEG_002523,24.589825,92.848148,3.455,5
NEG_002524,24.525477,93.021856,3.231,19
NEG_002525,24.477225,93.158263,3.187,26
NEG_002526,24.459678,93.37726,2.076,3
NEG_002527,24.484363,93.44954,8.272,3
NEG_002528,22.203808,92.315545,29.556,0
NEG_002529,22.035848,92.506822,15.551,0
NEG_002530,22.286572,92.649287,2.021,44
NEG_002531,22.19784,92.800102,3.68,4
NEG_002532,22.348365,93.029726,1.408,26
NEG_002533,22.104642,93.215045,13.753,0
NEG_002534,22.177885,93.275725,15.204,0
NEG_002535,22.278902,93.51962,39.321,0
NEG_002536,22.520692,92.37697,17.058,0
NEG_002537,22.686075,92.472377,7.43,5
NEG_002538,22.445607,92.716835,1.798,26
NEG_002539,22.692601,92.87141,1.523,21
NEG_002540,22.677958,92.995284,2.455,2
NEG_002541,22.473517,93.189393,9.106,3
NEG_002542,22.480863,93.24439,14.799,0
NEG_002543,22.618917,93.507438,44.928,0
NEG_002544,22.700631,92.430753,10.147,0
NEG_002545,22.749722,92.527289,1.314,10
NEG_002546,22.715557,92.719663,2.109,33
NEG_002547,23.000639,92.888866,3.519,36
NEG_002548,22.997142,92.994501,1.021,25
NEG_002549,22.731729,93.160563,16.31,0
NEG_002550,22.811082,93.347034,23.801,0
NEG_002551,22.927573,93.510447,24.979,0
NEG_002552,23.344402,92.383093,14.427,0
NEG_002553,23.114232,92.594509,3.268,31
NEG_002554,23.21992,92.701034,2.467,153
NEG_002555,23.291725,93.069536,1.513,32
NEG_002556,23.303691,93.212066,3.416,20
NEG_002557,23.305311,93.265975,2.609,35
NEG_002558,23.091044,93.519077,16.171,0
NEG_002559,23.561553,92.389434,8.265,2
NEG_002560,23.645576,92.568985,2.544,54
NEG_002561,23.457804,92.632186,3.331,103
NEG_002562,23.515061,93.033136,3.912,41
NEG_002563,23.577538,93.45685,8.293,4
NEG_002564,23.783849,92.382948,2.374,6
NEG_002565,23.953619,92.581771,7.554,17
NEG_002566,23.852701,92.637091,1.059,33
NEG_002567,23.775969,92.957571,2.868,33
NEG_002568,23.904082,93.140335,3.803,43
NEG_002569,24.030752,93.356383,4.481,14
NEG_002570,24.013239,93.479966,3.777,17
NEG_002571,24.124409,92.31984,1.72,30
NEG_002572,24.259017,92.784304,2.607,32
NEG_002573,24.279916,93.210601,3.102,27
NEG_002574,24.259268,93.285919,4.594,19
NEG_002575,24.626351,92.378614,12.551,0
NEG_002576,24.495056,92.505779,2.314,7
NEG_002577,24.535647,92.692577,2.707,20
NEG_002578,24.716599,92.893264,1.219,1
NEG_002579,24.48131,92.932209,4.561,3
NEG_002580,24.4479,93.20477,4.604,6
NEG_002581,24.545569,93.506524,5.442,5
NEG_002582,22.188303,92.438304,17.61,0
NEG_002583,22.255462,92.546299,5.788,23
NEG_002584,22.315163,92.851973,5.4,15
NEG_002585,22.281956,92.944711,5.972,13
NEG_002586,22.316353,93.212722,7.492,2
NEG_002587,22.067995,93.339711,26.116,0
NEG_002588,22.35088,93.475674,34.695,0
NEG_002589,22.637571,92.377156,16.993,0
NEG_002590,22.564791,92.510049,3.488,3
NEG_002591,22.363327,92.705837,2.629,46
NEG_002592,22.369111,92.799326,1.691,38
NEG_002593,22.600275,93.022014,5.495,1
NEG_002594,22.532612,93.087385,7.127,8
NEG_002595,22.444466,93.307879,18.941,0
NEG_002596,22.600798,93.449134,38.623,0
NEG_002597,22.704126,92.436374,9.459,1
NEG_002598,22.862423,92.593383,4.363,13
NEG_002599,22.80037,92.659719,3.148,26
NEG_002600,22.912343,92.845102,1.715,82
NEG_002601,23.008513,93.066572,3.99,9
NEG_002602,22.767212,93.209046,18.748,0
NEG_002603,22.778852,93.302647,26.544,0
NEG_002604,22.706059,93.437383,38.003,0
NEG_002605,23.082647,92.361764,16.792,0
NEG_002606,23.28327,92.539231,3.876,37
NEG_002607,23.119706,92.657342,2.077,118
NEG_002608,23.281114,92.794336,2.862,162
NEG_002609,23.208682,93.231506,2.496,38
NEG_002610,23.094016,93.283634,3.816,60
NEG_002611,23.066543,93.42924,9.862,2
NEG_002612,23.555194,92.400238,7.299,2
NEG_002613,23.446887,92.608844,1.964,30
NEG_002614,23.403822,92.784223,2.01,156
NEG_002615,23.459007,92.982365,2.268,25
NEG_002616,23.431389,93.148331,1.977,41
NEG_002617,23.602604,93.317594,2.825,24
NEG_002618,23.626149,93.397213,4.895,18
NEG_002619,23.818216,92.322125,3.624,16
NEG_002620,23.789399,92.89749,4.704,115
NEG_002621,23.976673,93.160125,4.189,19
NEG_002622,23.911671,93.348192,2.708,20
NEG_002623,23.919818,93.496676,8.611,3
NEG_002624,24.176324,92.427702,2.746,11
NEG_002625,24.228556,92.505703,4.644,7
NEG_002626,24.278889,92.769017,4.156,51
NEG_002627,24.320414,92.813525,2.683,44
NEG_002628,24.122883,93.004127,3.864,41
NEG_002629,24.080096,93.214249,4.86,22
NEG_002630,24.22018,93.521931,2.388,24
NEG_002631,24.480189,92.34735,10.872,0
NEG_002632,24.612419,92.612927,8.236,4
NEG_002633,24.389473,92.634849,4.692,12
NEG_002634,24.51776,92.846808,1.525,10
NEG_002635,24.610388,92.931203,5.673,5
NEG_002636,24.60347,93.337021,3.109,13
NEG_002637,24.525764,93.485983,6.623,5
NEG_002638,22.197815,92.410796,20.033,0
NEG_002639,22.11975,92.492508,13.556,0
NEG_002640,22.322302,92.67435,1.823,53
NEG_002641,22.264607,92.851181,8.978,4
NEG_002642,22.284905,93.022879,2.806,22
NEG_002643,22.242573,93.225401,10.902,0
NEG_002644,22.336224,93.384506,25.214,0
NEG_002645,22.176015,93.423181,30.304,0
NEG_002646,22.480062,92.426828,13.986,0
NEG_002647,22.677143,92.550082,1.066,16
NEG_002648,22.431012,92.647728,2.468,20
NEG_002649,22.538347,92.79355,2.819,37
NEG_002650,22.560814,92.99002,3.711,21
NEG_002651,22.665393,93.143707,15.834,0
NEG_002652,22.509595,93.270273,17.96,0
NEG_002653,22.471385,93.432725,32.11,0
NEG_002654,22.934844,92.344218,12.175,0
NEG_002655,22.782493,92.602726,1.552,16
NEG_002656,22.884051,92.64669,5.194,30
NEG_002657,22.812781,92.891092,2.207,67
NEG_002658,22.991465,93.231473,5.336,6
NEG_002659,22.967206,93.33629,7.751,4
NEG_002660,22.885619,93.522395,28.514,0
NEG_002661,23.361167,92.398156,14.922,0
NEG_002662,23.078199,92.57033,1.476,10
NEG_002663,23.357819,92.737289,2.415,123
NEG_002664,23.198743,93.072171,1.798,23
NEG_002665,23.367928,93.163868,2.605,39
NEG_002666,23.207127,93.306682,2.287,44
NEG_002667,23.357672,93.441402,6.139,33
NEG_002668,23.57573,92.43425,3.699,2
NEG_002669,23.494351,92.503517,8.201,10
NEG_002670,23.6638,92.683434,1.134,323
NEG_002671,23.442334,92.81273,2.302,129
NEG_002672,23.509492,93.016594,3.801,29
NEG_002673,23.444446,93.13523,3.375,42
NEG_002674,23.510571,93.296009,2.076,80
NEG_002675,23.663765,93.441223,9.226,6
NEG_002676,23.734956,92.390288,5.881,4
NEG_002677,23.928769,92.57037,7.967,13
NEG_002678,23.812037,92.772958,4.08,164
NEG_002679,23.999559,92.864145,3.768,48
NEG_002680,23.935789,92.985391,4.357,48
NEG_002681,23.724496,93.185733,1.937,26
NEG_002682,23.996851,93.250903,2.695,24
NEG_002683,23.999698,93.417381,9.137,2
NEG_002684,24.189017,92.365855,3.638,14
NEG_002685,24.080428,92.530013,2.032,8
NEG_002686,24.100344,92.674826,4.881,17
NEG_002687,24.272599,92.939468,1.617,55
NEG_002688,24.163931,93.116342,6.018,16
NEG_002689,24.125534,93.279969,1.133,23
NEG_002690,24.307914,93.534278,2.494,19
NEG_002691,24.543418,92.336329,14.103,0
NEG_002692,24.623752,92.468351,4.929,2
NEG_002693,24.423442,92.626231,6.953,8
NEG_002694,24.4288,92.79575,2.134,23
NEG_002695,24.449391,92.933012,7.522,11
NEG_002696,24.44415,93.122904,2.413,23
NEG_002697,24.466145,93.38013,2.734,3
NEG_002698,24.384808,93.527141,1.798,12
NEG_002699,22.044234,92.419393,23.78,0
NEG_002700,22.21585,92.542823,6.469,25
NEG_002701,22.096685,92.775876,5.944,12
NEG_002702,22.04226,92.988931,10.928,0
NEG_002703,22.09445,93.136538,11.756,0
NEG_002704,22.242951,93.327749,20.908,0
NEG_002705,22.025625,93.417648,35.412,0
NEG_002706,22.605548,92.328548,21.711,0
NEG_002707,22.397317,92.48948,10.14,0
NEG_002708,22.5653,92.892634,1.302,48
NEG_002709,22.410015,92.941686,1.108,61
NEG_002710,22.533976,93.200614,12.491,0
NEG_002711,22.383271,93.310572,18.658,0
NEG_002712,22.456372,93.501499,38.695,0
NEG_002713,22.715634,92.463448,6.402,2
NEG_002714,22.944564,92.555748,4.579,28
NEG_002715,22.944425,92.639954,6.84,20
NEG_002716,22.863682,92.872755,2.256,94
NEG_002717,22.774713,93.003302,2.684,14
NEG_002718,22.850848,93.202438,17.237,0
NEG_002719,22.854787,93.244123,18.464,0
NEG_002720,22.859324,93.432311,23.242,0
NEG_002721,23.21565,92.354284,13.401,0
NEG_002722,23.048955,92.647422,2.367,35
NEG_002723,23.355562,92.804623,1.071,187
NEG_002724,23.077557,92.947093,4.937,36
NEG_002725,23.063145,93.175235,3.91,24
NEG_002726,23.356566,93.534531,15.417,0
NEG_002727,23.651274,92.365778,4.596,2
NEG_002728,23.534719,92.59562,2.329,57
NEG_002729,23.538355,92.925629,4.813,23
NEG_002730,23.631187,93.016719,1.737,76
NEG_002731,23.505814,93.326821,1.706,74
NEG_002732,23.404954,93.425038,4.099,46
NEG_002733,23.940628,92.348246,2.212,19
NEG_002734,23.879685,92.59713,5.522,30
NEG_002735,23.940484,92.625604,2.867,50
NEG_002736,23.846361,92.991626,5.024,60
NEG_002737,23.913754,93.418689,7.823,9
NEG_002738,24.279447,92.389752,5.323,2
NEG_002739,24.18791,92.613674,1.215,31
NEG_002740,24.058024,92.641417,2.481,26
NEG_002741,24.219421,92.915621,3.329,60
NEG_002742,24.342185,93.1292,2.505,27
NEG_002743,24.102323,93.359948,4.144,23
NEG_002744,24.101985,93.457731,3.849,19
NEG_002745,24.402944,92.32011,7.995,7
NEG_002746,24.583226,92.50877,7.351,3
NEG_002747,24.536614,92.70114,2.931,20
NEG_002748,24.429098,92.882183,6.619,25
NEG_002749,24.495465,92.997699,6.618,14
NEG_002750,24.675698,93.186889,2.997,29
NEG_002751,24.43194,93.387306,3.454,3
NEG_002752,24.437541,93.417373,6.01,2
NEG_002753,22.248034,92.367498,23.613,0
NEG_002754,22.072365,92.476066,17.158,0
NEG_002755,22.27938,92.851755,9.231,7
NEG_002756,22.263514,92.943852,3.99,11
NEG_002757,22.046055,93.188913,18.162,0
NEG_002758,22.045018,93.373194,30.406,0
NEG_002759,22.263283,93.52159,39.763,0
NEG_002760,22.471055,92.346816,21.699,0
NEG_002761,22.465787,92.506662,6.741,2
NEG_002762,22.452233,92.622735,2.112,17
NEG_002763,22.590256,92.857024,1.414,43
NEG_002764,22.481323,92.941189,1.35,80
NEG_002765,22.432626,93.090159,1.302,14
NEG_002766,22.52365,93.301786,21.494,0
NEG_002767,22.652183,93.504087,46.108,0
NEG_002768,22.970078,92.426881,7.032,16
NEG_002769,22.707919,92.477002,5.672,5
NEG_002770,22.746377,92.751107,5.668,30
NEG_002771,22.736612,93.035462,5.887,6
NEG_002772,23.01692,93.21635,5.272,21
NEG_002773,22.729918,93.240454,23.348,0
NEG_002774,22.929273,93.446803,19.379,0
NEG_002775,23.212158,92.37081,11.924,0
NEG_002776,23.331006,92.665356,2.547,38
NEG_002777,23.322297,92.820391,1.485,170
NEG_002778,23.109844,93.478673,11.62,0
NEG_002779,23.660069,92.312422,5.072,2
NEG_002780,23.395178,92.576104,6.982,4
NEG_002781,23.564501,92.626446,2.244,175
NEG_002782,23.405213,92.810501,3.306,147
NEG_002783,23.492145,93.498139,12.447,0
NEG_002784,23.800253,92.410775,5.29,8
NEG_002785,23.901486,92.481602,2.647,5
NEG_002786,23.949803,92.864714,2.206,61
NEG_002787,23.855946,92.956799,2.685,66
NEG_002788,23.856153,93.327902,1.956,32
NEG_002789,23.815814,93.529964,14.08,0
NEG_002790,24.157138,92.343818,2.003,26
NEG_002791,24.211356,92.582272,2.901,25
NEG_002792,24.306335,92.806676,2.263,44
NEG_002793,24.348404,93.185489,3.295,22
NEG_002794,24.172828,93.309822,1.045,25
NEG_002795,24.330789,93.410407,5.246,7
NEG_002796,24.445968,92.325615,7.659,6
NEG_002797,24.412777,92.464965,4.663,4
NEG_002798,24.459695,92.73882,2.431,15
NEG_002799,24.495502,92.795792,2.657,15
NEG_002800,24.548995,93.185979,1.339,29
NEG_002801,24.452383,93.387387,2.82,2
NEG_002802,22.097078,92.331839,30.097,0
NEG_002803,22.280933,92.573977,2.686,28
NEG_002804,22.156686,92.867154,1.518,14
NEG_002805,25.442811,93.595598,8.4,3
NEG_002806,25.409398,93.85021,12.434,0
NEG_002807,25.366066,94.081979,2.187,53
NEG_002808,25.352074,94.383493,4.958,5
NEG_002809,25.384375,94.468605,1.302,39
NEG_002810,25.467536,94.793151,10.039,0
NEG_002811,25.41346,94.955099,19.101,0
NEG_002812,25.322931,95.079974,34.21,0
NEG_002813,25.634579,93.59877,11.088,0
NEG_002814,25.593024,95.216235,32.611,0
NEG_002815,25.90699,93.695748,6.354,5
NEG_002816,25.779676,93.844985,2.502,69
NEG_002817,25.844862,93.96966,1.167,64
NEG_002818,25.864311,94.180325,1.198,44
NEG_002819,25.91175,94.572799,1.449,49
NEG_002820,25.756517,94.935595,3.311,27
NEG_002821,25.74662,95.044604,9.569,2
NEG_002822,26.089695,93.559124,15.576,0
NEG_002823,26.14452,93.761736,18.429,0
NEG_002824,26.019374,94.322793,1.185,37
NEG_002825,26.150485,94.447559,4.065,41
NEG_002826,26.00437,94.633965,1.056,55
NEG_002827,26.122831,94.84189,3.224,15
NEG_002828,26.083183,95.178416,9.501,1
NEG_002829,26.214121,93.645656,17.246,0
NEG_002830,26.16629,93.76824,19.054,0
NEG_002831,26.27438,94.115515,1.574,23
NEG_002832,26.230164,94.278144,4.042,50
NEG_002833,26.198896,94.390275,2.691,24
NEG_002834,26.161207,94.931744,4.641,30
NEG_002835,26.284463,95.035099,4.804,29
NEG_002836,26.519818,93.560723,7.938,3
NEG_002837,26.494795,93.77423,14.177,0
NEG_002838,26.460995,94.025967,19.762,0
NEG_002839,26.517941,94.257083,10.702,0
NEG_002840,26.499336,94.530379,2.611,5
NEG_002841,26.400483,94.783164,4.478,16
NEG_002842,26.553097,95.032906,2.81,27
NEG_002843,26.493031,95.084634,6.066,27
NEG_002844,26.730311,93.590291,15.667,0
NEG_002845,26.711289,93.797966,20.285,0
NEG_002846,26.618122,93.971807,31.089,0
NEG_002847,26.687361,94.26396,12.308,0
NEG_002848,26.67593,94.584334,3.104,17
NEG_002849,26.756515,94.786333,4.13,6
NEG_002850,26.660942,94.92139,6.295,7
NEG_002851,26.60348,95.045917,3.248,39
NEG_002852,26.850782,93.712933,21.942,0
NEG_002853,26.82075,93.854176,31.764,0
NEG_002854,26.971998,94.167575,36.987,0
NEG_002855,26.850433,94.293918,28.221,0
NEG_002856,26.810128,94.431608,17.635,0
NEG_002857,26.917355,94.601684,22.736,0
NEG_002858,26.938904,94.825556,21.037,0
NEG_002859,26.897246,95.213014,11.937,0
NEG_002860,25.38708,93.606027,5.234,2
NEG_002861,25.487004,93.738692,1.971,44
NEG_002862,25.328696,94.20398,1.797,18
NEG_002863,25.342841,94.692467,8.531,3
NEG_002864,25.379634,94.971671,23.214,0
NEG_002865,25.405899,95.164505,34.132,0
NEG_002866,25.72028,93.57815,10.057,0
NEG_002867,25.694295,93.880516,2.745,33
NEG_002868,25.68128,94.331034,1.975,59
NEG_002869,25.610758,94.546476,3.708,25
NEG_002870,25.69299,94.729814,2.562,41
NEG_002871,25.713439,94.956197,8.347,6
NEG_002872,25.603899,95.189708,29.933,0
NEG_002873,25.786653,93.573165,2.948,6
NEG_002874,25.766355,93.829453,1.03,57
NEG_002875,25.91429,94.048192,1.032,65
NEG_002876,25.912227,94.31127,3.645,16
NEG_002877,25.895818,94.429679,1.15,42
NEG_002878,25.886416,95.097298,13.494,0
NEG_002879,26.10516,93.568964,16.974,0
NEG_002880,25.965946,93.788143,5.939,1
NEG_002881,25.996327,94.143938,2.008,12
NEG_002882,26.038042,94.210946,3.599,49
NEG_002883,26.139058,94.745114,3.556,9
NEG_002884,26.122242,94.895468,2.796,6
NEG_002885,25.956774,95.120865,10.453,0
NEG_002886,26.259422,93.596453,16.922,0
NEG_002887,26.188183,93.791387,16.967,0
NEG_002888,26.310394,94.051253,5.969,11
NEG_002889,26.337367,94.181638,7.959,17
NEG_002890,26.359219,94.582448,1.984,22
NEG_002891,26.209351,94.698144,1.414,10
NEG_002892,26.288099,94.949766,5.451,20
NEG_002893,26.223448,95.143925,5.661,15
NEG_002894,26.519229,93.553177,8.129,3
NEG_002895,26.46434,93.85117,13.986,0
NEG_002896,26.373872,94.126192,8.371,5
NEG_002897,26.384594,94.320335,5.697,17
NEG_002898,26.471337,94.536821,1.114,6
NEG_002899,26.377992,94.695834,1.508,14
NEG_002900,26.440081,95.143412,9.175,6
NEG_002901,26.712278,93.691709,15.394,0
NEG_002902,26.601886,93.944709,28.18,0
NEG_002903,26.713306,93.986484,35.667,0
NEG_002904,26.682458,94.383671,9.761,3
NEG_002905,26.593146,94.469611,2.166,7
NEG_002906,26.634103,94.747666,4.373,11
NEG_002907,26.697372,94.850134,3.846,2
NEG_002908,26.670768,95.084801,2.827,49
NEG_002909,26.8773,93.604371,17.045,0
NEG_002910,26.954096,93.867885,17.327,0
NEG_002911,26.860947,94.082232,37.224,0
NEG_002912,26.919298,94.190918,38.466,0
NEG_002913,26.868817,94.477604,21.135,0
NEG_002914,26.905517,94.667261,20.704,0
NEG_002915,26.789318,94.891255,7.277,3
NEG_002916,26.815813,95.238162,7.3,3
NEG_002917,25.384035,93.663522,10.053,0
NEG_002918,25.428917,93.774336,4.747,8
NEG_002919,25.502427,94.06474,5.621,60
NEG_002920,25.493289,94.333927,5.578,15
NEG_002921,25.499757,94.417575,2.868,4
NEG_002922,25.406689,94.767917,13.904,0
NEG_002923,25.329431,95.011212,29.962,0
NEG_002924,25.468303,95.055805,21.198,0
NEG_002925,25.565,94.10788,3.021,88
NEG_002926,25.626122,94.38347,2.265,48
NEG_002927,25.636977,94.566824,3.094,25
NEG_002928,25.72663,94.672859,4.634,11
NEG_002929,25.592468,95.208353,31.823,0
NEG_002930,25.866292,93.604315,3.999,10
NEG_002931,25.767473,93.761244,3.131,45
NEG_002932,25.788553,94.200108,2.764,44
NEG_002933,25.848283,94.548659,1.848,19
NEG_002934,25.867243,94.797177,1.916,49
NEG_002935,25.822296,94.887926,1.255,43
NEG_002936,25.902186,95.04531,8.595,1
NEG_002937,26.047621,93.535177,11.49,0
NEG_002938,26.148913,93.885637,9.485,2
NEG_002939,25.947086,94.494981,2.296,50
NEG_002940,26.048198,94.801143,5.219,7
NEG_002941,26.086125,95.086518,1.375,20
NEG_002942,26.29176,93.568191,17.765,0
NEG_002943,26.330434,93.857568,6.967,4
NEG_002944,26.261536,94.042682,3.772,15
NEG_002945,26.309685,94.173906,5.482,31
NEG_002946,26.298007,94.385676,1.124,9
NEG_002947,26.238574,94.702307,3.195,10
NEG_002948,26.369089,93.550968,18.478,0
NEG_002949,26.4172,93.766046,6.91,7
NEG_002950,26.555255,94.096004,24.769,0
NEG_002951,26.367822,94.374099,4.708,34
NEG_002952,26.489816,94.428418,1.143,28
NEG_002953,26.503348,94.972033,4.94,18
NEG_002954,26.495445,95.198526,11.397,0
NEG_002955,26.608934,93.551365,1.69,5
NEG_002956,26.749264,93.833201,25.767,0
NEG_002957,26.633288,94.132737,20.934,0
NEG_002958,26.756657,94.276348,18.532,0
NEG_002959,26.706964,94.464132,7.621,3
NEG_002960,26.664021,94.786603,4.164,9
NEG_002961,26.588475,94.895516,6.647,8
NEG_002962,26.688936,95.064437,1.06,65
NEG_002963,26.830289,93.658291,22.598,0
NEG_002964,26.792605,93.842007,30.079,0
NEG_002965,26.925174,94.086493,32.71,0
NEG_002966,26.795585,94.358823,21.682,0
NEG_002967,26.806193,94.418462,18.167,0
NEG_002968,26.955866,94.709765,25.714,0
NEG_002969,26.819095,94.909758,8.16,2
NEG_002970,26.965716,95.248279,12.55,0
NEG_002971,25.357495,93.654409,6.964,6
NEG_002972,25.513762,93.782316,2.129,48
NEG_002973,25.508487,93.993709,3.29,27
NEG_002974,25.359597,94.209599,1.538,19
NEG_002975,25.483703,94.439782,5.41,7
NEG_002976,25.482774,94.670788,2.404,5
NEG_002977,25.360785,94.943757,24.226,0
NEG_002978,25.395776,95.14548,33.182,0
NEG_002979,25.544276,93.601336,7.297,11
NEG_002980,25.548813,93.864178,1.49,45
NEG_002981,25.723373,94.325601,1.445,36
NEG_002982,25.664032,94.51269,1.465,37
NEG_002983,25.660133,95.025979,14.953,0
NEG_002984,25.661675,95.071923,17.94,0
NEG_002985,25.837135,93.522349,4.538,12
NEG_002986,25.87188,93.928448,6.259,12
NEG_002987,25.790861,94.136816,1.991,98
NEG_002988,25.756933,94.388699,2.248,48
NEG_002989,25.911745,94.739818,2.515,48
NEG_002990,25.836573,94.852386,3.677,52
NEG_002991,25.904982,95.130524,16.147,0
NEG_002992,26.08779,93.672784,15.818,0
NEG_002993,25.991665,93.823034,10.151,0
NEG_002994,26.112093,94.028611,2.174,13
NEG_002995,26.004169,94.409922,4.662,19
NEG_002996,26.096518,94.64756,2.145,43
NEG_002997,26.068255,94.966099,5.765,12
NEG_002998,26.144874,95.135541,6.356,11
NEG_002999,26.169379,93.695134,20.115,0
NEG_003000,26.189315,93.830773,16.21,0
NEG_003001,26.15194,94.008054,2.709,3
NEG_003002,26.246452,94.469256,1.043,28
NEG_003003,26.271636,95.043411,3.229,30
NEG_003004,26.536762,93.667536,4.217,2
NEG_003005,26.412965,93.888008,12.523,0
NEG_003006,26.465862,94.02316,20.371,0
NEG_003007,26.442602,94.287794,8.781,13
NEG_003008,26.497658,94.417744,1.247,34
NEG_003009,26.495548,94.636243,2.805,16
NEG_003010,26.437338,94.91904,4.661,32
NEG_003011,26.419749,95.150525,9.629,3
NEG_003012,26.633934,93.639432,6.596,3
NEG_003013,26.656473,93.90005,25.271,0
NEG_003014,26.583872,94.036818,30.199,0
NEG_003015,26.69739,94.277891,12.465,0
NEG_003016,26.584071,94.450041,3.918,23
NEG_003017,26.622772,94.674369,3.241,21
NEG_003018,26.639661,94.859411,10.303,0
NEG_003019,26.7724,95.133624,2.587,76
NEG_003020,26.905012,93.573913,12.989,0
NEG_003021,26.862116,93.947913,29.636,0
NEG_003022,26.807646,93.990982,36.938,0
NEG_003023,26.906548,94.239762,35.51,0
NEG_003024,26.879116,94.551374,20.683,0
NEG_003025,26.936954,94.680056,24.265,0
NEG_003026,26.973041,94.908457,21.035,0
NEG_003027,26.927583,95.230504,11.366,0
NEG_003028,25.364193,93.683209,8.953,2
NEG_003029,25.386959,93.919526,10.825,0
NEG_003030,25.348089,94.104305,2.652,42
NEG_003031,25.437447,94.271669,5.696,4
NEG_003032,25.481361,94.727216,7.034,11
NEG_003033,25.429758,94.876322,15.619,0
NEG_003034,25.39131,95.19088,37.239,0
NEG_003035,25.549555,93.664102,3.922,35
NEG_003036,25.647528,94.064026,1.349,243
NEG_003037,25.55745,94.454977,5.693,13
NEG_003038,25.550829,94.960972,8.668,2
NEG_003039,25.570859,95.191207,30.292,0
NEG_003040,25.934674,93.590321,9.179,4
NEG_003041,25.778229,93.832345,1.252,61
NEG_003042,25.793735,94.368249,2.32,37
NEG_003043,25.75637,94.742701,2.997,36
NEG_003044,25.940124,94.885456,4.993,21
NEG_003045,25.761638,95.133497,16.937,0
NEG_003046,25.97466,93.658528,7.465,1
NEG_003047,26.138174,93.799178,14.788,0
NEG_003048,26.08794,94.114846,1.418,20
NEG_003049,26.055638,94.323992,1.434,68
NEG_003050,26.023695,94.563889,1.363,77
NEG_003051,26.016023,94.655833,2.249,49
NEG_003052,26.080629,94.928102,6.586,6
NEG_003053,26.052663,95.19183,11.045,0
NEG_003054,26.213148,93.540564,21.72,0
NEG_003055,26.171921,93.763191,18.943,0
NEG_003056,26.242407,94.092696,2.183,19
NEG_003057,26.202489,94.354564,5.946,22
NEG_003058,26.217056,94.589042,3.458,33
NEG_003059,26.3351,94.637878,4.06,17
NEG_003060,26.327024,94.834216,1.856,36
NEG_003061,26.236214,95.106814,2.426,29
NEG_003062,26.478606,93.55202,9.202,1
NEG_003063,26.407955,93.800568,6.127,7
NEG_003064,26.529047,94.07443,25.714,0
NEG_003065,26.454448,94.196298,16.015,0
NEG_003066,26.48454,94.413917,2.349,36
NEG_003067,26.503744,94.607067,5.509,8
NEG_003068,26.428019,94.820515,4.301,23
NEG_003069,26.38023,95.192288,14.35,0
NEG_003070,26.691356,93.592618,11.399,0
NEG_003071,26.728448,93.794446,21.538,0
NEG_003072,26.66976,93.952951,30.712,0
NEG_003073,26.748398,94.179174,22.97,0
NEG_003074,26.76044,94.526402,8.197,3
NEG_003075,26.759592,95.016193,1.986,83
NEG_003076,26.715732,95.176677,2.516,16
NEG_003077,26.817378,93.600166,20.739,0
NEG_003078,26.835361,93.85078,30.116,0
NEG_003079,26.78796,94.091309,32.36,0
NEG_003080,26.955334,94.203177,40.964,0
NEG_003081,26.852023,94.49622,18.808,0
NEG_003082,26.830732,94.62853,12.747,0
NEG_003083,26.878473,95.03259,5.753,38
NEG_003084,26.96742,95.081441,13.491,0
NEG_003085,25.410512,93.692301,6.768,10
NEG_003086,25.469318,93.946311,4.177,21
NEG_003087,25.515339,94.088719,4.291,66
NEG_003088,25.484833,94.291257,7.018,17
NEG_003089,25.371871,94.419449,4.129,5
NEG_003090,25.376884,94.748247,12.036,0
NEG_003091,25.508919,94.842651,7.651,33
NEG_003092,25.397067,95.119094,30.982,0
NEG_003093,25.664313,93.587782,10.289,0
NEG_003094,25.720075,94.13594,1.902,242
NEG_003095,25.714631,94.266497,3.728,77
NEG_003096,25.586983,94.410513,2.35,39
NEG_003097,25.585429,94.727365,3.471,54
NEG_003098,25.579643,94.973887,8.673,2
NEG_003099,25.559985,95.225591,33.869,0
NEG_003100,25.801841,93.524798,6.217,10
NEG_003101,25.79702,93.936631,1.868,60
NEG_003102,25.841426,94.133611,1.574,61
NEG_003103,25.852379,94.368371,1.651,43
NEG_003104,25.933804,94.405944,1.774,31
NEG_003105,25.752854,94.730055,2.043,32
NEG_003106,25.835168,94.97764,2.009,26
NEG_003107,25.803996,95.10318,12.818,0
NEG_003108,26.084831,93.616397,18.351,0
NEG_003109,26.051072,93.83892,9.213,2
NEG_003110,25.998851,94.134755,2.741,16
NEG_003111,25.994193,94.284146,1.994,28
NEG_003112,26.145223,94.783686,4.575,20
NEG_003113,26.108722,94.983185,4.257,28
NEG_003114,26.163546,93.599883,22.499,0
NEG_003115,26.323922,93.91872,13.101,0
NEG_003116,26.290924,94.060478,4.938,15
NEG_003117,26.196841,94.185469,2.004,62
NEG_003118,26.233768,94.534527,1.705,38
NEG_003119,26.282169,94.648123,3.812,11
NEG_003120,26.232842,94.858301,3.882,47
NEG_003121,26.336024,95.110016,8.285,6
NEG_003122,26.439457,93.672206,12.103,0
NEG_003123,26.447715,93.861024,13.022,0
NEG_003124,26.516662,94.038799,25.114,0
NEG_003125,26.564222,94.224932,12.114,0
NEG_003126,26.502505,94.481856,3.782,8
NEG_003127,26.544361,94.696767,2.098,16
NEG_003128,26.435664,95.135573,8.32,6
NEG_003129,26.568251,93.595902,3.22,4
NEG_003130,26.567887,93.886743,22.266,0
NEG_003131,26.586915,94.166336,17.329,0
NEG_003132,26.589336,94.324392,1.953,20
NEG_003133,26.696485,94.516822,2.55,5
NEG_003134,26.597987,94.780571,1.828,13
NEG_003135,26.625368,94.869779,10.045,0
NEG_003136,26.650216,95.152588,2.72,26
NEG_003137,26.897186,93.727805,18.156,0
NEG_003138,26.936598,93.915063,20.751,0
NEG_003139,26.911644,93.983889,26.646,0
NEG_003140,26.777884,94.355993,19.789,0
NEG_003141,26.924484,94.599596,23.555,0
NEG_003142,26.83294,94.736108,12.939,0
NEG_003143,26.848453,94.845436,11.126,0
NEG_003144,26.847309,95.182587,10.088,0
NEG_003145,25.402799,93.635801,8.663,2
NEG_003146,25.48407,93.818682,6.961,24
NEG_003147,25.407253,94.107589,2.421,54
NEG_003148,25.499903,94.242325,4.064,29
NEG_003149,25.408018,94.405858,4.669,5
NEG_003150,25.343577,94.781633,16.259,0
NEG_003151,25.433484,94.95307,17.001,0
NEG_003152,25.401797,95.234708,40.471,0
NEG_003153,25.658047,93.657968,5.235,5
NEG_003154,25.665078,93.908947,2.556,23
NEG_003155,25.552089,94.213623,2.217,102
NEG_003156,25.613161,94.822815,1.189,78
NEG_003157,25.635289,95.087023,19.969,0
NEG_003158,25.819307,93.662351,3.57,9
NEG_003159,25.822976,93.831635,2.56,51
NEG_003160,25.796077,94.520765,1.079,24
NEG_003161,25.83377,94.650272,5.128,18
NEG_003162,25.913254,94.91878,3.352,18
NEG_003163,25.840697,95.109767,13.645,0
NEG_003164,26.040555,93.720801,9.542,1
NEG_003165,26.068082,93.794536,13.34,0
NEG_003166,25.960223,94.115211,2.753,40
NEG_003167,25.982396,94.245202,2.364,29
NEG_003168,26.125069,94.565235,2.561,45
NEG_003169,26.116208,94.600999,3.342,52
NEG_003170,26.030053,94.908014,4.401,3
NEG_003171,26.055722,95.228722,14.614,0
NEG_003172,26.254338,93.604284,16.631,0
NEG_003173,26.346237,93.861674,7.306,4
NEG_003174,26.266982,94.096728,2.881,19
NEG_003175,26.272781,94.245241,2.368,46
NEG_003176,26.246753,94.720174,3.961,25
NEG_003177,26.307331,94.861846,1.404,39
NEG_003178,26.200885,95.058116,3.158,50
NEG_003179,26.565247,93.553998,3.282,6
NEG_003180,26.559337,93.785665,12.318,0
NEG_003181,26.517466,93.955195,25.056,0
NEG_003182,26.505528,94.172045,18.784,0
NEG_003183,26.369125,94.578776,1.751,17
NEG_003184,26.406221,94.674225,2.073,14
NEG_003185,26.490778,94.910852,6.125,24
NEG_003186,26.421899,95.167977,11.368,0
NEG_003187,26.695593,93.724943,14.746,0
NEG_003188,26.631292,93.858187,20.412,0
NEG_003189,26.773912,94.004282,38.554,0
NEG_003190,26.754535,94.377675,17.402,0
NEG_003191,26.726187,94.49801,6.295,3
NEG_003192,26.569241,94.656472,2.779,9
NEG_003193,26.673624,94.95939,4.6,30
NEG_003194,26.767481,95.2259,4.959,3
NEG_003195,26.970254,93.557803,9.345,1
NEG_003196,26.893504,93.88352,24.239,0
NEG_003197,26.81079,94.01648,37.825,0
NEG_003198,26.932261,94.177426,39.825,0
NEG_003199,26.935982,94.597438,24.847,0
NEG_003200,26.962911,94.656076,27.079,0
NEG_003201,26.828497,94.914668,8.808,2
NEG_003202,26.875392,95.115525,4.89,39
NEG_003203,25.467367,93.528931,4.179,5
NEG_003204,25.334652,93.748959,12.415,0
NEG_003205,25.493713,94.121692,2.075,76
NEG_003206,25.475088,94.360836,3.958,4
NEG_003207,25.488701,94.505044,2.585,34
NEG_003208,25.356973,94.822302,19.764,0
NEG_003209,25.400474,95.085418,28.156,0
NEG_003210,25.6692,93.657166,4.233,7
NEG_003211,25.53687,93.882631,1.453,40
NEG_003212,25.572047,94.112936,2.633,102
NEG_003213,25.583229,94.266041,1.887,88
NEG_003214,25.666115,94.478044,1.423,43
NEG_003215,25.632221,94.815993,1.038,83
NEG_003216,25.689839,94.840048,1.096,38
NEG_003217,25.558036,95.117919,23.27,0
NEG_003218,25.783627,93.620797,4.573,12
NEG_003219,25.752456,93.841857,2.932,68
NEG_003220,25.760993,93.995109,1.814,124
NEG_003221,25.889831,94.227608,1.267,46
NEG_003222,25.787461,94.716974,2.327,28
NEG_003223,25.942413,94.930989,6.701,9
NEG_003224,25.938863,95.137821,12.998,0
NEG_003225,26.143796,93.6142,22.741,0
NEG_003226,26.116413,93.84397,9.705,2
NEG_003227,26.105974,94.191265,2.175,46
NEG_003228,26.028255,94.44849,1.199,40
NEG_003229,26.128019,94.614377,1.878,37
NEG_003230,26.021185,94.932725,6.92,2
NEG_003231,25.972319,95.205449,15.074,0
NEG_003232,26.163258,93.628047,23.036,0
NEG_003233,26.292527,93.752787,6.245,7
NEG_003234,26.182465,94.005468,6.023,4
NEG_003235,26.162599,94.195942,2.257,72
NEG_003236,26.246082,94.524656,3.262,40
NEG_003237,26.224521,94.636219,3.778,34
NEG_003238,26.233727,95.00579,1.885,44
NEG_003239,26.26037,95.247789,14.258,0
NEG_003240,26.530295,93.606766,7.307,4
NEG_003241,26.413871,93.828315,8.051,4
NEG_003242,26.531506,94.01884,27.296,0
NEG_003243,26.385883,94.312043,6.365,17
NEG_003244,26.415827,94.561721,2.539,8
NEG_003245,26.515191,94.711272,2.442,17
NEG_003246,26.430021,94.839368,2.416,26
NEG_003247,26.485995,95.213991,13.259,0
NEG_003248,26.621252,93.541801,3.063,5
NEG_003249,26.692669,93.865246,24.02,0
NEG_003250,26.609059,94.149022,19.014,0
NEG_003251,26.722108,94.363693,13.646,0
NEG_003252,26.589508,94.596132,4.678,8
NEG_003253,26.586997,94.774705,1.12,14
NEG_003254,26.634522,94.877461,9.335,1
NEG_003255,26.579552,95.242564,10.459,0
NEG_003256,26.884356,93.734646,19.716,0
NEG_003257,26.779131,93.750974,24.278,0
NEG_003258,26.913182,94.112187,35.543,0
NEG_003259,26.854717,94.356887,26.248,0
NEG_003260,26.973508,94.531922,30.916,0
NEG_003261,26.859794,94.81393,12.31,0
NEG_003262,26.85147,94.876761,12.336,0
NEG_003263,26.8829,95.242146,8.642,2
NEG_003264,25.458406,93.632027,4.663,21
NEG_003265,25.45519,93.763188,2.58,27
NEG_003266,25.389105,94.130516,1.936,50
NEG_003267,25.450068,94.17999,3.56,27
NEG_003268,25.324207,94.810463,19.754,0
NEG_003269,25.512751,94.922362,7.829,2
NEG_003270,25.502673,95.061389,19.941,0
NEG_003271,25.531201,93.673106,2.006,43
NEG_003272,25.692432,93.950755,2.183,91
NEG_003273,25.714643,94.267372,3.778,77
NEG_003274,25.725033,94.40628,2.778,58
NEG_003275,25.530753,94.657299,1.76,13
NEG_003276,25.556474,94.976924,10.006,0
NEG_003277,25.577087,95.205125,31.609,0
NEG_003278,25.757166,93.619038,6.777,5
NEG_003279,25.934838,94.273016,4.763,28
NEG_003280,25.86347,94.504821,1.981,37
NEG_003281,25.899169,94.666718,1.707,34
NEG_003282,25.866591,94.970894,1.856,25
NEG_003283,25.780098,95.075678,10.8,0
NEG_003284,26.046111,93.591539,15.31,0
NEG_003285,25.981169,93.768387,4.809,1
NEG_003286,26.050695,94.2385,1.122,52
NEG_003287,25.945222,94.533576,3.659,50
NEG_003288,25.98389,94.672595,2.101,42
NEG_003289,25.994877,94.830382,2.867,18
NEG_003290,25.964168,95.146089,11.113,0
NEG_003291,26.164693,93.62045,23.259,0
NEG_003292,26.193702,93.866007,14.824,0
NEG_003293,26.28652,93.985312,10.046,0
NEG_003294,26.279183,94.187742,4.326,50
NEG_003295,26.293381,94.546405,3.163,26
NEG_003296,26.247239,94.745933,2.594,35
NEG_003297,26.279692,94.908239,4.346,30
NEG_003298,26.324875,95.208001,12.544,0
NEG_003299,26.55565,93.657108,2.172,3
NEG_003300,26.490142,93.890352,18.542,0
NEG_003301,26.53784,94.047995,27.158,0
NEG_003302,26.488248,94.281724,7.793,3
NEG_003303,26.419078,94.571942,3.32,14
NEG_003304,26.39941,94.691828,3.31,14
NEG_003305,26.416366,94.884735,1.978,40
NEG_003306,26.496831,95.114905,6.037,20
NEG_003307,26.764338,93.605449,19.613,0
NEG_003308,26.748784,93.815991,24.636,0
NEG_003309,26.600353,94.080864,25.765,0
NEG_003310,26.716652,94.170856,21.232,0
NEG_003311,26.683361,94.435814,9.504,2
NEG_003312,26.658247,94.787232,4.439,9
NEG_003313,26.618591,94.954714,1.78,15
NEG_003314,26.602787,95.164337,4.351,30
NEG_003315,26.798251,93.640248,24.044,0
NEG_003316,26.781938,93.80283,26.925,0
NEG_003317,26.79331,94.1044,31.778,0
NEG_003318,26.881581,94.377593,27.182,0
NEG_003319,26.828948,94.559082,15.393,0
NEG_003320,26.837571,94.783889,10.673,0
NEG_003321,26.845472,94.959547,6.36,4
NEG_003322,26.822464,95.042503,2.976,73
NEG_003323,25.474987,93.690556,3.463,39
NEG_003324,25.426849,93.846114,11.027,0
NEG_003325,25.47129,94.084469,4.06,60
NEG_003326,25.479846,94.213572,5.23,35
NEG_003327,25.423937,94.490108,1.779,54
NEG_003328,25.360354,94.724208,10.205,0
NEG_003329,25.427272,95.003479,20.325,0
NEG_003330,25.414474,95.128516,30.591,0
NEG_003331,25.656255,93.698862,5.072,7
NEG_003332,25.714974,94.146154,1.611,240
NEG_003333,25.673492,94.643157,6.215,17
NEG_003334,25.633867,94.940365,6.037,12
NEG_003335,25.673763,95.066577,16.558,0
NEG_003336,25.920884,93.623559,9.296,4
NEG_003337,25.817501,93.810684,1.947,36
NEG_003338,25.806088,94.101538,3.273,94
NEG_003339,25.748077,94.371046,1.199,37
NEG_003340,25.831512,94.463681,2.948,53
NEG_003341,25.918146,94.623103,1.88,41
NEG_003342,25.750624,94.938742,4.008,27
NEG_003343,25.893651,95.142952,17.769,0
NEG_003344,26.08289,93.631107,17.303,0
NEG_003345,26.090783,93.863287,6.773,2
NEG_003346,26.06524,94.055583,1.6,39
NEG_003347,26.121189,94.239278,1.698,72
NEG_003348,26.103993,94.458834,3.435,36
NEG_003349,25.956466,94.772047,2.141,32
NEG_003350,26.141081,94.913548,4.533,7
NEG_003351,26.131298,95.213508,13.675,0
NEG_003352,26.199075,93.60422,20.993,0
NEG_003353,26.333695,94.05696,6.48,9
NEG_003354,26.239518,94.319174,5.67,22
NEG_003355,26.156924,94.69418,5.993,19
NEG_003356,26.353583,95.229822,16.211,0
NEG_003357,26.526954,93.671679,5.354,2
NEG_003358,26.371628,93.952034,16.641,0
NEG_003359,26.510014,93.952532,24.281,0
NEG_003360,26.438567,94.221437,13.224,0
NEG_003361,26.410928,94.485606,3.042,25
NEG_003362,26.499953,94.653273,1.064,15
NEG_003363,26.540454,95.028776,4.178,27
NEG_003364,26.545011,95.130195,2.88,19
NEG_003365,27.039262,87.993057,7.505,2
NEG_003366,26.989539,88.171339,1.265,234
NEG_003367,27.011632,88.36802,1.814,248
NEG_003368,26.992317,88.662463,1.99,144
NEG_003369,27.014567,88.788862,2.217,57
NEG_003370,27.1268,88.045385,3.694,114
NEG_003371,27.173018,88.68038,1.583,109
NEG_003372,27.122823,88.749508,2.525,42
NEG_003373,27.266033,87.988734,8.746,5
NEG_003374,27.289937,88.163203,2.174,87
NEG_003375,27.236216,88.392955,1.491,137
NEG_003376,27.236618,88.715442,1.587,51
NEG_003377,27.260604,88.870897,6.127,10
NEG_003378,27.352131,87.964214,13.085,0
NEG_003379,27.402691,88.150399,7.68,11
NEG_003380,27.386475,88.227177,2.616,31
NEG_003381,27.305265,88.351687,1.665,63
NEG_003382,27.394533,88.488622,2.748,40
NEG_003383,27.339101,88.66331,1.759,89
NEG_003384,27.351997,88.729683,2.396,43
NEG_003385,27.39402,88.831612,2.399,14
NEG_003386,27.465558,87.976025,21.574,0
NEG_003387,27.484647,88.186531,14.244,0
NEG_003388,27.514864,88.230942,15.242,0
NEG_003389,27.508581,88.393337,10.738,0
NEG_003390,27.479592,88.571594,3.894,80
NEG_003391,27.469048,88.597281,3.087,88
NEG_003392,27.476291,88.808019,10.29,0
NEG_003393,27.485508,88.930578,16.417,0
NEG_003394,27.631625,87.946752,39.384,0
NEG_003395,27.612417,88.175279,27.391,0
NEG_003396,27.58397,88.273337,21.205,0
NEG_003397,27.538072,88.367592,12.859,0
NEG_003398,27.589219,88.546603,4.817,45
NEG_003399,27.597622,88.645536,1.163,54
NEG_003400,27.589798,88.805469,10.607,0
NEG_003401,27.5827,88.934993,22.394,0
NEG_003402,27.748786,87.960046,50.381,0
NEG_003403,27.727587,88.173264,36.464,0
NEG_003404,27.725566,88.307648,23.308,0
NEG_003405,27.66413,88.36085,19.69,0
NEG_003406,27.743368,88.667159,9.477,3
NEG_003407,27.729854,88.82429,9.709,2
NEG_003408,27.734074,88.894649,16.237,0
NEG_003409,27.795483,87.981038,54.148,0
NEG_003410,27.843079,88.068923,47.786,0
NEG_003411,27.856634,88.315163,25.397,0
NEG_003412,27.759605,88.362354,17.811,0
NEG_003413,27.864632,88.475651,14.451,0
NEG_003414,27.780776,88.631403,9.386,7
NEG_003415,27.831508,88.702977,16.516,0
NEG_003416,27.852894,88.858709,21.957,0
NEG_003417,27.014665,87.992392,8.202,1
NEG_003418,27.009657,88.779329,2.914,64
NEG_003419,27.02722,88.907419,3.592,13
NEG_003420,27.135966,88.008615,7.243,28
NEG_003421,27.165089,88.193581,1.402,266
NEG_003422,27.124527,88.721631,3.358,96
NEG_003423,27.281051,87.993031,8.401,5
NEG_003424,27.228032,88.17935,2.079,102
NEG_003425,27.189683,88.265296,1.372,184
NEG_003426,27.286575,88.507767,3.174,77
NEG_003427,27.182759,88.724369,4.015,64
NEG_003428,27.289328,88.839296,1.9,15
NEG_003429,27.366518,88.007539,10.705,0
NEG_003430,27.394562,88.109886,8.506,2
NEG_003431,27.406483,88.34573,1.297,11
NEG_003432,27.303519,88.452247,1.589,73
NEG_003433,27.344277,88.680074,2.871,89
NEG_003434,27.344664,88.877677,4.012,12
NEG_003435,27.41169,88.052766,13.262,0
NEG_003436,27.411067,88.162494,7.862,6
NEG_003437,27.518471,88.292618,13.678,0
NEG_003438,27.425022,88.37872,3.497,11
NEG_003439,27.522519,88.520533,1.975,51
NEG_003440,27.511796,88.691285,5.863,27
NEG_003441,27.48442,88.745204,11.676,0
NEG_003442,27.429957,88.883707,8.707,5
NEG_003443,27.631125,88.002609,36.8,0
NEG_003444,27.608218,88.079979,31.206,0
NEG_003445,27.588213,88.245806,22.26,0
NEG_003446,27.605089,88.374505,14.432,0
NEG_003447,27.611691,88.475775,8.768,2
NEG_003448,27.54873,88.665465,1.25,50
NEG_003449,27.630286,88.79544,7.931,6
NEG_003450,27.56246,88.908904,21.104,0
NEG_003451,27.682463,87.94046,44.611,0
NEG_003452,27.651827,88.143273,32.752,0
NEG_003453,27.689991,88.220583,32.291,0
NEG_003454,27.689062,88.440572,11.481,0
NEG_003455,27.654681,88.463774,11.024,0
NEG_003456,27.681355,88.66235,6.253,24
NEG_003457,27.647276,88.799935,7.277,5
NEG_003458,27.685151,88.918475,17.697,0
NEG_003459,27.772482,87.961835,52.651,0
NEG_003460,27.839472,88.154153,39.544,0
NEG_003461,27.849916,88.309776,25.53,0
NEG_003462,27.844685,88.348549,21.879,0
NEG_003463,27.824244,88.494396,9.625,1
NEG_003464,27.834066,88.606855,11.346,0
NEG_003465,27.773077,88.727146,9.707,2
NEG_003466,27.795748,88.831173,15.186,0
NEG_003467,26.993684,88.041458,5.987,72
NEG_003468,27.045813,88.355769,1.001,239
NEG_003469,27.03572,88.791215,1.161,64
NEG_003470,26.979282,88.910045,7.763,5
NEG_003471,27.117644,88.0558,3.162,124
NEG_003472,27.15241,88.329538,1.03,200
NEG_003473,27.13768,88.655203,1.012,180
NEG_003474,27.133774,88.707124,1.782,102
NEG_003475,27.201119,88.041955,5.535,24
NEG_003476,27.288233,88.179373,1.126,97
NEG_003477,27.284467,88.525772,2.01,85
NEG_003478,27.289133,88.673647,3.16,81
NEG_003479,27.24827,88.813424,2.747,16
NEG_003480,27.236924,88.833438,5.03,12
NEG_003481,27.328616,87.947084,13.652,0
NEG_003482,27.365666,88.15271,4.191,34
NEG_003483,27.311491,88.232518,1.629,80
NEG_003484,27.410188,88.420344,5.62,17
NEG_003485,27.325741,88.699793,4.852,80
NEG_003486,27.32248,88.73087,5.443,57
NEG_003487,27.422413,87.975438,17.538,0
NEG_003488,27.464945,88.150532,13.859,0
NEG_003489,27.495082,88.230413,13.4,0
NEG_003490,27.517749,88.445653,5.517,15
NEG_003491,27.426216,88.530983,1.227,65
NEG_003492,27.470969,88.668998,6.586,47
NEG_003493,27.475192,88.819303,10.222,0
NEG_003494,27.436991,88.896096,10.053,0
NEG_003495,27.527598,87.981806,27.63,0
NEG_003496,27.620944,88.072921,32.779,0
NEG_003497,27.573368,88.212392,21.865,0
NEG_003498,27.639991,88.416012,14.166,0
NEG_003499,27.614477,88.517933,8.797,14
NEG_003500,27.623361,88.805148,9.159,5
NEG_003501,27.611713,88.899418,17.836,0
NEG_003502,27.71652,88.031694,44.057,0
NEG_003503,27.658901,88.184286,31.686,0
NEG_003504,27.745591,88.276755,26.201,0
NEG_003505,27.69263,88.39864,15.334,0
NEG_003506,27.757187,88.490089,5.281,16
NEG_003507,27.716934,88.634871,5.81,22
NEG_003508,27.643881,88.762999,4.59,8
NEG_003509,27.655262,88.856184,12.071,0
NEG_003510,27.820408,87.998759,54.121,0
NEG_003511,27.824754,88.158626,38.733,0
NEG_003512,27.858061,88.294056,27.316,0
NEG_003513,27.803584,88.43783,11.987,0
NEG_003514,27.84664,88.558625,10.953,0
NEG_003515,27.842053,88.600736,11.794,0
NEG_003516,27.778951,88.807435,12.314,0
NEG_003517,27.870475,88.911982,26.636,0
NEG_003518,26.970095,87.943664,14.822,0
NEG_003519,27.008453,88.154738,1.191,259
NEG_003520,27.023369,88.326803,3.054,165
NEG_003521,27.030759,88.77944,2.418,77
NEG_003522,27.008656,88.842867,2.397,18
NEG_003523,27.149178,87.967921,11.389,0
NEG_003524,27.140923,88.101987,1.119,156
NEG_003525,27.171589,88.678652,1.448,112
NEG_003526,27.173766,88.815351,6.516,12
NEG_003527,27.10508,88.94031,7.008,11
NEG_003528,27.210649,88.052869,5.529,31
NEG_003529,27.222456,88.135127,3.391,91
NEG_003530,27.202406,88.296088,1.387,160
NEG_003531,27.210833,88.537843,3.48,156
NEG_003532,27.285059,88.829356,1.217,16
NEG_003533,27.361434,88.043725,8.219,7
NEG_003534,27.394617,88.179989,5.52,22
NEG_003535,27.383052,88.293048,1.261,21
NEG_003536,27.342565,88.403476,3.412,39
NEG_003537,27.301275,88.660734,2.035,90
NEG_003538,27.354481,88.829367,1.162,18
NEG_003539,27.517723,87.974216,26.886,0
NEG_003540,27.421664,88.124488,10.773,0
NEG_003541,27.470769,88.23922,10.707,0
NEG_003542,27.454429,88.436394,7.771,23
NEG_003543,27.508664,88.460398,4.746,20
NEG_003544,27.459574,88.646557,4.049,57
NEG_003545,27.514036,88.752128,10.623,0
NEG_003546,27.471467,88.834905,10.091,0
NEG_003547,27.565052,88.018442,29.485,0
NEG_003548,27.550529,88.123103,23.532,0
NEG_003549,27.595476,88.288513,21.703,0
NEG_003550,27.625233,88.398663,13.99,0
NEG_003551,27.554308,88.508175,2.337,38
NEG_003552,27.561994,88.594113,1.558,59
NEG_003553,27.577192,88.702128,4.747,29
NEG_003554,27.590251,88.947364,23.123,0
NEG_003555,27.690527,88.028921,41.605,0
NEG_003556,27.6536,88.164424,31.953,0
NEG_003557,27.651932,88.20764,30.147,0
NEG_003558,27.70719,88.425156,12.396,0
NEG_003559,27.757513,88.493306,4.976,16
NEG_003560,27.690238,88.685815,4.955,17
NEG_003561,27.646761,88.778142,5.46,8
NEG_003562,27.652602,88.876047,14.033,0
NEG_003563,27.833491,87.953367,58.753,0
NEG_003564,27.78793,88.118863,41.951,0
NEG_003565,27.761517,88.222361,31.579,0
NEG_003566,27.852671,88.380272,19.716,0
NEG_003567,27.802345,88.478191,8.698,4
NEG_003568,27.812383,88.677554,14.993,0
NEG_003569,27.792563,88.727051,11.862,0
NEG_003570,27.86245,88.832065,21.623,0
NEG_003571,27.037331,87.967133,10.081,0
NEG_003572,26.999948,88.742769,1.733,91
NEG_003573,26.96672,88.869371,6.974,5
NEG_003574,27.090082,87.957225,11.877,0
NEG_003575,27.073154,88.796883,3.91,31
NEG_003576,27.166309,88.905432,8.159,4
NEG_003577,27.286333,88.021769,5.766,14
NEG_003578,27.284176,88.339653,2.963,88
NEG_003579,27.213897,88.810505,5.024,11
NEG_003580,27.213703,88.931028,14.006,0
NEG_003581,27.330773,88.06131,4.394,16
NEG_003582,27.312288,88.105851,1.853,52
NEG_003583,27.345007,88.307521,3.482,42
NEG_003584,27.298212,88.365084,1.017,68
NEG_003585,27.389029,88.664629,2.28,88
NEG_003586,27.397091,88.888785,6.282,7
NEG_003587,27.508415,87.941399,27.401,0
NEG_003588,27.455774,88.16875,12.176,0
NEG_003589,27.422021,88.259028,5.569,15
NEG_003590,27.421248,88.363989,2.436,9
NEG_003591,27.508672,88.555353,1.035,64
NEG_003592,27.509866,88.685197,5.679,29
NEG_003593,27.512304,88.716182,7.627,13
NEG_003594,27.473513,88.851045,10.821,0
NEG_003595,27.622195,88.043365,34.113,0
NEG_003596,27.528632,88.179915,19.084,0
NEG_003597,27.592353,88.273494,22.103,0
NEG_003598,27.598781,88.332477,17.773,0
NEG_003599,27.563922,88.544418,3.428,50
NEG_003600,27.543247,88.672476,2.134,47
NEG_003601,27.56338,88.782625,10.757,0
NEG_003602,27.592696,88.950136,23.262,0
NEG_003603,27.73815,87.968172,48.962,0
NEG_003604,27.728261,88.070306,43.646,0
NEG_003605,27.695459,88.22431,31.929,0
NEG_003606,27.666057,88.367615,19.107,0
NEG_003607,27.64603,88.515229,7.781,16
NEG_003608,27.693247,88.627937,3.541,30
NEG_003609,27.658893,88.803136,7.025,5
NEG_003610,27.739499,88.852147,12.629,0
NEG_003611,27.849012,87.947723,59.594,0
NEG_003612,27.82302,88.138826,40.598,0
NEG_003613,27.84544,88.246429,31.074,0
NEG_003614,27.763302,88.378086,16.301,0
NEG_003615,27.868088,88.569943,13.493,0
NEG_003616,27.762016,88.699318,9.262,2
NEG_003617,27.827397,88.803053,16.908,0
NEG_003618,27.830806,88.847318,19.287,0
NEG_003619,27.032889,87.986817,8.192,1
NEG_003620,26.969503,88.149749,1.597,158
NEG_003621,27.000213,88.930471,7.183,7
NEG_003622,27.176146,87.999147,8.648,15
NEG_003623,27.1715,88.58677,1.492,206
NEG_003624,27.074231,88.748795,4.793,115
NEG_003625,27.088071,88.913423,4.422,17
NEG_003626,27.215056,88.035486,7.036,20
NEG_003627,27.210501,88.251446,1.5,123
NEG_003628,27.200064,88.530015,2.363,176
NEG_003629,27.215007,88.796304,4.4,18
NEG_003630,27.25459,88.940898,12.281,0
NEG_003631,27.299073,88.056097,2.402,21
NEG_003632,27.379435,88.103285,7.494,8
NEG_003633,27.305016,88.315791,2.326,64
NEG_003634,27.3882,88.358368,1.045,16
NEG_003635,27.381923,88.467424,1.708,38
NEG_003636,27.313139,88.583832,2.276,99
NEG_003637,27.317455,88.723278,5.715,61
NEG_003638,27.350929,88.861758,2.293,16
NEG_003639,27.452685,87.95426,21.492,0
NEG_003640,27.447302,88.162492,11.627,0
NEG_003641,27.48229,88.306041,9.451,4
NEG_003642,27.510594,88.444941,5.909,15
NEG_003643,27.518883,88.721502,7.676,13
NEG_003644,27.494253,88.840307,12.677,0
NEG_003645,27.630554,87.964202,38.422,0
NEG_003646,27.535351,88.19159,19.267,0
NEG_003647,27.620048,88.225424,26.229,0
NEG_003648,27.572444,88.427047,8.119,2
NEG_003649,27.595516,88.557887,4.771,56
NEG_003650,27.611245,88.709424,2.454,27
NEG_003651,27.610238,88.905786,18.477,0
NEG_003652,27.749346,87.980269,49.544,0
NEG_003653,27.70898,88.100915,40.341,0
NEG_003654,27.642549,88.265898,25.792,0
NEG_003655,27.713847,88.347023,19.68,0
NEG_003656,27.666329,88.572185,2.72,25
NEG_003657,27.702016,88.696583,4.501,9
NEG_003658,27.695515,88.73729,1.025,8
NEG_003659,27.745685,88.922021,19.208,0
NEG_003660,27.758555,87.979373,50.507,0
NEG_003661,27.855317,88.127785,42.511,0
NEG_003662,27.837043,88.307987,25.098,0
NEG_003663,27.792375,88.358854,18.743,0
NEG_003664,27.867004,88.489432,14.127,0
NEG_003665,27.868378,88.579463,13.739,0
NEG_003666,27.78969,88.736721,11.488,0
NEG_003667,27.770195,88.90228,18.599,0
NEG_003668,27.018309,87.956012,11.502,0
NEG_003669,27.04594,88.137571,1.305,317
NEG_003670,26.980918,88.496908,2.183,392
NEG_003671,26.974921,88.723346,1.223,86
NEG_003672,27.056625,88.9197,4.181,14
NEG_003673,27.090993,87.958143,11.785,0
NEG_003674,27.101152,88.068415,1.247,151
NEG_003675,27.154524,88.785934,3.8,12
NEG_003676,27.088221,88.877072,1.295,21
NEG_003677,27.289194,88.018417,6.113,14
NEG_003678,27.259833,88.100969,2.017,54
NEG_003679,27.238511,88.254927,1.033,107
NEG_003680,27.281421,88.462505,2.541,95
NEG_003681,27.268756,88.618753,2.115,112
NEG_003682,27.256767,88.772943,1.351,24
NEG_003683,27.273592,88.836018,2.585,13
NEG_003684,27.309365,87.96316,11.651,0
NEG_003685,27.370491,88.18048,3.045,33
NEG_003686,27.331546,88.295722,3.154,54
NEG_003687,27.305791,88.348199,2.004,64
NEG_003688,27.30826,88.652001,1.908,98
NEG_003689,27.398293,88.881178,5.81,8
NEG_003690,27.493577,87.978778,24.246,0
NEG_003691,27.479151,88.188641,13.599,0
NEG_003692,27.430839,88.295141,4.097,12
NEG_003693,27.423067,88.362458,2.594,9
NEG_003694,27.526034,88.495485,1.063,35
NEG_003695,27.476528,88.64704,5.296,60
NEG_003696,27.420598,88.780811,4.82,30
NEG_003697,27.483893,88.914066,15.232,0
NEG_003698,27.585251,87.976557,33.452,0
NEG_003699,27.537326,88.187266,19.698,0
NEG_003700,27.586411,88.198545,23.767,0
NEG_003701,27.568905,88.385566,11.693,0
NEG_003702,27.619224,88.475244,9.593,2
NEG_003703,27.607201,88.749688,4.987,13
NEG_003704,27.605119,88.901655,18.34,0
NEG_003705,27.64856,88.062442,35.964,0
NEG_003706,27.713026,88.183797,35.578,0
NEG_003707,27.725654,88.26075,27.898,0
NEG_003708,27.671162,88.441804,12.185,0
NEG_003709,27.701003,88.487079,6.728,17
NEG_003710,27.709527,88.633404,5.101,23
NEG_003711,27.722521,88.71549,4.624,5
NEG_003712,27.653779,88.86505,12.956,0
NEG_003713,27.819683,87.940652,58.282,0
NEG_003714,27.83244,88.071623,47.283,0
NEG_003715,27.837706,88.278701,27.8,0
NEG_003716,27.837079,88.324458,23.616,0
NEG_003717,27.785639,88.513956,4.965,10
NEG_003718,27.7752,88.62632,8.699,10
NEG_003719,27.828691,88.796963,16.828,0
NEG_003720,27.782118,88.867336,16.537,0
NEG_003721,26.981978,88.034355,7.213,51
NEG_003722,27.020743,88.387559,2.019,300
NEG_003723,27.034433,88.564891,1.069,311
NEG_003724,26.951166,88.753844,2.504,33
NEG_003725,27.045153,88.846909,1.52,23
NEG_003726,27.13289,87.961785,11.875,0
NEG_003727,27.066792,88.271263,1.065,416
NEG_003728,27.141625,88.419141,1.425,318
NEG_003729,27.167624,88.529387,1.019,236
NEG_003730,27.143225,88.698943,1.479,103
NEG_003731,27.15803,88.709723,1.92,84
NEG_003732,27.08242,88.849606,1.442,26
NEG_003733,27.265228,88.033274,4.364,17
NEG_003734,27.18199,88.168953,1.384,142
NEG_003735,27.188664,88.468319,2.202,202
NEG_003736,27.281159,88.67073,2.889,77
NEG_003737,27.284172,88.947349,11.46,0
NEG_003738,27.367571,87.953046,14.915,0
NEG_003739,27.330247,88.067346,4.124,19
NEG_003740,27.344478,88.284546,1.38,44
NEG_003741,27.350553,88.533268,2.416,78
NEG_003742,27.394113,88.670243,2.451,88
NEG_003743,27.331907,88.785689,3.637,38
NEG_003744,27.342833,88.897083,5.885,7
NEG_003745,27.507409,88.041648,22.745,0
NEG_003746,27.424344,88.12989,10.822,0
NEG_003747,27.498201,88.271473,11.943,0
NEG_003748,27.47206,88.409161,9.505,2
NEG_003749,27.468,88.643211,4.382,63
NEG_003750,27.442419,88.709801,6.605,52
NEG_003751,27.44499,88.954734,14.692,0
NEG_003752,27.57102,87.97712,32.08,0
NEG_003753,27.581062,88.158561,25.277,0
NEG_003754,27.60445,88.209166,25.154,0
NEG_003755,27.534531,88.446608,5.065,7
NEG_003756,27.528509,88.522398,2.112,46
NEG_003757,27.583065,88.576457,2.907,61
NEG_003758,27.581881,88.801337,10.735,0
NEG_003759,27.635298,88.852659,12.555,0
NEG_003760,27.647311,88.031279,37.144,0
NEG_003761,27.725293,88.138967,39.849,0
NEG_003762,27.727418,88.296561,24.371,0
NEG_003763,27.64843,88.346192,19.542,0
NEG_003764,27.679764,88.571407,1.935,25
NEG_003765,27.697803,88.627987,3.832,29
NEG_003766,27.73148,88.74222,5.026,3
NEG_003767,27.684686,88.906773,16.545,0
NEG_003768,27.841179,87.954316,58.801,0
NEG_003769,27.866324,88.143774,41.369,0
NEG_003770,27.773087,88.305442,23.524,0
NEG_003771,27.819673,88.397424,16.327,0
NEG_003772,27.865545,88.489702,13.967,0
NEG_003773,27.872909,88.694453,20.284,0
NEG_003774,27.851241,88.755375,18.404,0
NEG_003775,27.845921,88.840063,20.348,0
NEG_003776,26.990261,88.052171,5.223,85
NEG_003777,27.022733,88.079448,1.398,148
NEG_003778,26.958592,88.532296,1.046,234
NEG_003779,27.021372,88.801018,1.733,30
NEG_003780,26.980411,88.933246,8.943,3
NEG_003781,27.170781,87.951571,13.334,0
NEG_003782,27.068923,88.637127,1.37,243
NEG_003783,27.160224,88.822135,5.02,11
NEG_003784,27.128666,88.849801,3.051,19
NEG_003785,27.287946,88.020719,5.903,14
NEG_003786,27.273239,88.221635,1.051,108
NEG_003787,27.178923,88.415067,1.249,203
NEG_003788,27.274005,88.661787,1.892,77
NEG_003789,27.252351,88.764812,1.967,26
NEG_003790,27.215134,88.828922,6.012,11
NEG_003791,27.379478,87.959667,15.153,0
NEG_003792,27.295902,88.356794,1.581,67
NEG_003793,27.360555,88.470493,1.695,36
NEG_003794,27.343849,88.687555,2.859,84
NEG_003795,27.327165,88.717553,4.606,59
NEG_003796,27.3667,88.9524,11.117,0
NEG_003797,27.475155,87.970149,22.788,0
NEG_003798,27.44488,88.155463,11.596,0
NEG_003799,27.472542,88.273623,9.174,5
NEG_003800,27.419199,88.445364,5.611,26
NEG_003801,27.492457,88.458708,6.142,25
NEG_003802,27.494225,88.648305,5.449,60
NEG_003803,27.434557,88.824551,5.862,12
NEG_003804,27.466223,88.902014,12.977,0
NEG_003805,27.612991,87.99708,35.197,0
NEG_003806,27.55256,88.077813,25.67,0
NEG_003807,27.617589,88.225197,25.976,0
NEG_003808,27.567089,88.376856,12.451,0
NEG_003809,27.587224,88.474588,6.213,2
NEG_003810,27.608183,88.701199,2.428,31
NEG_003811,27.636067,88.783545,6.624,8
NEG_003812,27.619114,88.955468,22.618,0
NEG_003813,27.7484,88.045748,46.654,0
NEG_003814,27.67229,88.175741,33.384,0
NEG_003815,27.702195,88.203769,33.792,0
NEG_003816,27.664156,88.355387,20.065,0
NEG_003817,27.695921,88.490009,6.701,17
NEG_003818,27.725286,88.631435,6.366,21
NEG_003819,27.691171,88.823644,8.376,3
NEG_003820,27.730949,88.882412,14.985,0
NEG_003821,27.826916,87.987238,55.349,0
NEG_003822,27.777031,88.172531,36.581,0
NEG_003823,27.762629,88.248575,29.008,0
NEG_003824,27.835417,88.382611,18.464,0
NEG_003825,27.769754,88.45591,8.869,5
NEG_003826,27.838571,88.684151,17.082,0
NEG_003827,27.794157,88.70248,12.504,0
NEG_003828,27.786915,88.952364,23.81,0
NEG_003829,27.057,87.979127,9.0,1
NEG_003830,26.993826,88.190584,1.946,256
NEG_003831,26.982636,88.240563,2.357,189
NEG_003832,27.044492,88.642171,1.939,243
NEG_003833,26.949723,88.754041,2.65,31
NEG_003834,27.054703,88.930454,5.251,13
NEG_003835,27.066251,87.964156,10.663,0
NEG_003836,27.163755,88.729075,3.778,51
NEG_003837,27.126682,88.87507,2.995,19
NEG_003838,27.262024,87.967944,10.826,0
NEG_003839,27.207409,88.081299,3.881,59
NEG_003840,27.208134,88.560505,2.054,172
NEG_003841,27.188628,88.838003,8.396,15
NEG_003842,27.324547,88.058766,3.906,17
NEG_003843,27.34174,88.075833,5.225,17
NEG_003844,27.37409,88.28075,2.625,26
NEG_003845,27.401456,88.414865,5.16,9
NEG_003846,27.297836,88.465456,2.197,89
NEG_003847,27.404432,88.597089,1.866,99
NEG_003848,27.409133,88.800847,2.927,25
NEG_003849,27.359682,88.860931,2.052,15
NEG_003850,27.439034,88.011048,17.412,0
NEG_003851,27.476196,88.13475,15.59,0
NEG_003852,27.483996,88.194116,13.929,0
NEG_003853,27.434543,88.321209,3.941,9
NEG_003854,27.487487,88.503442,2.555,39
NEG_003855,27.438077,88.64067,2.636,60
NEG_003856,27.46062,88.757085,9.242,8
NEG_003857,27.43847,88.944174,13.426,0
NEG_003858,27.547486,87.994305,28.962,0
NEG_003859,27.623535,88.129987,30.662,0
NEG_003860,27.589875,88.30587,19.884,0
NEG_003861,27.55693,88.363776,13.447,0
NEG_003862,27.571309,88.55131,3.184,51
NEG_003863,27.579576,88.583807,2.544,61
NEG_003864,27.598041,88.712824,3.892,27
NEG_003865,27.535524,88.94137,21.359,0
NEG_003866,27.752188,87.975759,50.022,0
NEG_003867,27.736795,88.174047,36.333,0
NEG_003868,27.650883,88.27761,25.232,0
NEG_003869,27.659333,88.439859,12.907,0
NEG_003870,27.756115,88.550444,1.071,18
NEG_003871,27.726266,88.660628,8.328,11
NEG_003872,27.647101,88.765277,4.474,8
NEG_003873,27.67333,88.911007,17.024,0
NEG_003874,27.776383,88.062361,47.387,0
NEG_003875,27.779976,88.156436,38.187,0
NEG_003876,27.859318,88.290493,27.692,0
NEG_003877,27.869143,88.4424,16.613,0
NEG_003878,27.862098,88.570304,12.848,0
NEG_003879,27.839384,88.650058,14.551,0
NEG_003880,27.851107,88.784795,18.868,0
NEG_003881,27.774295,88.891708,17.95,0
NEG_003882,26.963844,87.952425,14.518,0
NEG_003883,27.019027,88.833739,2.219,22
NEG_003884,27.178576,87.987287,9.838,1
NEG_003885,27.145288,88.245421,1.944,321
NEG_003886,27.099689,88.706476,2.145,149
NEG_003887,27.109935,88.863862,1.231,22
NEG_003888,27.281961,88.022742,5.538,14
NEG_003889,27.19784,88.105413,2.973,89
NEG_003890,27.278311,88.331903,2.377,90
NEG_003891,27.254158,88.637058,1.43,101
NEG_003892,27.234535,88.826331,4.502,12
NEG_003893,27.226984,88.9026,10.918,0
NEG_003894,27.398383,87.975518,15.454,0
NEG_003895,27.351377,88.105199,5.329,28
NEG_003896,27.383006,88.254611,2.657,23
NEG_003897,27.355886,88.530977,2.053,75
NEG_003898,27.40886,88.793162,3.185,27
NEG_003899,27.376972,88.844739,1.672,14
NEG_003900,27.425002,87.943002,19.804,0
NEG_003901,27.506787,88.181981,16.712,0
NEG_003902,27.463727,88.310733,7.336,9
NEG_003903,27.444527,88.435694,7.707,23
NEG_003904,27.462657,88.58811,2.968,85
NEG_003905,27.499216,88.794251,12.918,0
NEG_003906,27.421638,88.91951,10.358,0
NEG_003907,27.628859,87.983174,37.385,0
NEG_003908,27.543163,88.074732,24.892,0
NEG_003909,27.606669,88.319375,19.308,0
NEG_003910,27.570063,88.420292,8.577,2
NEG_003911,27.585626,88.547313,4.478,45
NEG_003912,27.620192,88.806302,9.473,5
NEG_003913,27.638646,88.94883,21.36,0
NEG_003914,27.700342,87.987945,44.335,0
NEG_003915,27.705709,88.151751,37.732,0
NEG_003916,27.725642,88.294822,24.561,0
NEG_003917,27.739573,88.342859,19.722,0
NEG_003918,27.693748,88.548681,1.666,22
NEG_003919,27.705672,88.589468,2.117,24
NEG_003920,27.679172,88.79889,5.976,5
NEG_003921,27.709838,88.896944,15.791,0
NEG_003922,27.856621,87.960856,58.491,0
NEG_003923,27.813794,88.13211,41.055,0
NEG_003924,27.76662,88.198834,33.919,0
NEG_003925,23.28645,91.500169,3.988,2
NEG_003926,23.195123,91.838381,35.268,0
NEG_003927,23.326717,92.05113,36.379,0
NEG_003928,23.313613,92.394337,11.251,0
NEG_003929,23.151569,92.732143,1.362,199
NEG_003930,23.275279,93.245403,1.366,38
NEG_003931,23.149793,93.438932,7.376,5
NEG_003932,23.274113,93.723265,36.381,0
NEG_003933,23.553846,91.424303,28.638,0
NEG_003934,23.536572,91.553619,23.035,0
NEG_003935,23.491329,91.930832,20.938,0
NEG_003936,23.342066,92.251984,25.438,0
NEG_003937,23.508615,92.865548,1.561,54
NEG_003938,23.554761,92.922183,4.812,20
NEG_003939,23.512635,93.429868,5.7,12
NEG_003940,23.397149,93.677331,29.759,0
NEG_003941,23.634456,91.251994,18.828,0
NEG_003942,23.63488,91.616753,10.528,0
NEG_003943,23.702194,91.916599,9.884,1
NEG_003944,23.564967,92.51774,4.898,23
NEG_003945,23.586206,92.794849,2.13,180
NEG_003946,23.70337,93.214592,2.161,12
NEG_003947,23.718455,93.415148,4.639,18
NEG_003948,23.560596,93.84059,46.504,0
NEG_003949,23.813375,91.198677,7.571,1
NEG_003950,23.79245,91.580519,2.753,4
NEG_003951,24.012328,92.157493,5.937,4
NEG_003952,23.886519,92.347979,2.956,21
NEG_003953,23.949238,93.01137,1.475,40
NEG_003954,23.855344,93.526012,14.074,0
NEG_003955,23.807978,93.870722,19.737,0
NEG_003956,24.160134,91.341145,19.908,0
NEG_003957,24.072721,91.710821,12.188,0
NEG_003958,24.185938,92.102282,12.8,0
NEG_003959,24.235226,92.536867,5.378,12
NEG_003960,24.13499,92.884187,4.22,50
NEG_003961,24.219531,93.041891,2.388,43
NEG_003962,24.098177,93.470156,3.036,19
NEG_003963,24.235115,93.693161,3.747,5
NEG_003964,24.281845,91.4647,30.0,0
NEG_003965,24.444252,91.681817,31.616,0
NEG_003966,24.425322,92.201213,4.255,13
NEG_003967,24.268642,92.448608,5.212,4
NEG_003968,24.322699,92.727771,1.131,44
NEG_003969,24.283154,93.08083,2.977,30
NEG_003970,24.270895,93.308769,4.473,15
NEG_003971,24.389515,93.728421,2.332,33
NEG_003972,24.564547,91.245003,64.884,0
NEG_003973,24.683807,91.601516,53.357,0
NEG_003974,24.498186,92.062146,10.985,0
NEG_003975,24.563712,92.548206,5.198,4
NEG_003976,24.668054,92.848788,5.417,3
NEG_003977,24.677352,93.122863,1.333,26
NEG_003978,24.622387,93.791373,7.102,14
NEG_003979,24.781626,91.423218,42.645,0
NEG_003980,24.761079,91.715907,45.451,0
NEG_003981,24.907899,92.140474,25.994,0
NEG_003982,24.914993,92.564786,9.065,1
NEG_003983,24.800531,92.618655,6.45,2
NEG_003984,24.928099,92.961259,3.724,7
NEG_003985,24.857743,93.405514,3.598,60
NEG_003986,23.102029,91.245812,29.19,0
NEG_003987,23.179961,91.544564,7.475,2
NEG_003988,23.248892,92.0716,41.725,0
NEG_003989,23.260439,92.420304,6.208,5
NEG_003990,23.204841,93.062841,2.422,21
NEG_003991,23.131814,93.5687,20.475,0
NEG_003992,23.252192,93.724553,37.339,0
NEG_003993,23.523804,91.386204,31.936,0
NEG_003994,23.530487,91.590038,22.443,0
NEG_003995,23.399626,92.222587,31.107,0
NEG_003996,23.331504,92.413452,11.328,0
NEG_003997,23.504727,92.791761,2.431,139
NEG_003998,23.36018,93.19536,3.151,31
NEG_003999,23.446347,93.394311,3.418,71
NEG_004000,23.399991,93.738781,36.031,0
NEG_004001,23.745384,91.247317,6.865,1
NEG_004002,23.595717,91.674995,14.767,0
NEG_004003,23.571253,92.094296,10.958,0
NEG_004004,23.615129,92.486284,5.285,3
NEG_004005,23.743105,92.873176,1.797,138
NEG_004006,23.758779,93.075314,2.516,45
NEG_004007,23.572468,93.47749,10.005,0
NEG_004008,23.665364,93.930852,33.93,0
NEG_004009,23.941229,91.2113,16.572,0
NEG_004010,23.837238,91.548093,4.812,2
NEG_004011,23.909859,91.969029,9.241,1
NEG_004012,23.869676,92.982742,4.624,60
NEG_004013,23.969508,93.599032,5.117,15
NEG_004014,23.818422,93.603804,18.781,0
NEG_004015,24.07804,91.259228,20.874,0
NEG_004016,24.120093,91.783703,5.771,2
NEG_004017,24.117631,92.143624,9.489,1
NEG_004018,24.077974,92.271227,1.408,19
NEG_004019,24.054413,92.805009,2.488,49
NEG_004020,24.182236,93.253971,3.972,27
NEG_004021,24.049938,93.308691,1.891,24
NEG_004022,24.094571,93.782664,7.698,1
NEG_004023,24.425529,91.387527,46.408,0
NEG_004024,24.442132,91.738025,30.322,0
NEG_004025,24.460615,92.170239,3.24,11
NEG_004026,24.2977,92.286294,6.149,11
NEG_004027,24.470044,92.8595,6.044,8
NEG_004028,24.283293,93.074776,3.589,31
NEG_004029,24.455074,93.491284,9.225,3
NEG_004030,24.382558,93.852471,4.351,5
NEG_004031,24.477294,91.375897,52.271,0
NEG_004032,24.67858,91.564891,53.53,0
NEG_004033,24.483815,92.136922,3.443,3
NEG_004034,24.663191,92.293867,4.797,2
NEG_004035,24.607582,92.735234,2.539,9
NEG_004036,24.60423,93.160568,1.996,23
NEG_004037,24.626738,93.491433,3.226,5
NEG_004038,24.690814,93.860088,8.156,1
NEG_004039,24.839388,91.234118,40.209,0
NEG_004040,24.819494,91.600842,38.474,0
NEG_004041,24.849334,91.981543,34.971,0
NEG_004042,24.925908,92.437976,7.229,2
NEG_004043,24.878408,92.734453,7.697,8
NEG_004044,24.84532,92.923991,12.666,0
NEG_004045,24.912045,93.691516,2.922,34
NEG_004046,23.27208,91.206802,28.836,0
NEG_004047,23.1815,91.794322,31.023,0
NEG_004048,23.134622,92.132037,36.642,0
NEG_004049,23.133673,92.237058,26.072,0
NEG_004050,23.123083,92.865036,2.745,43
NEG_004051,23.260065,93.354996,1.786,26
NEG_004052,23.290889,93.918651,55.312,0
NEG_004053,23.555099,91.239669,27.738,0
NEG_004054,23.531769,91.635601,21.597,0
NEG_004055,23.334031,91.937621,36.895,0
NEG_004056,23.334783,92.319212,18.935,0
NEG_004057,23.345916,92.839597,1.218,164
NEG_004058,23.512932,93.036132,3.629,41
NEG_004059,23.441923,93.698742,32.32,0
NEG_004060,23.580267,91.507358,21.455,0
NEG_004061,23.757918,91.790921,14.565,0
NEG_004062,23.755891,92.212369,4.442,3
NEG_004063,23.575245,92.74088,1.535,291
NEG_004064,23.659117,93.112809,2.62,72
NEG_004065,23.574055,93.526263,14.831,0
NEG_004066,23.655056,93.614894,26.009,0
NEG_004067,23.867491,91.283695,6.27,2
NEG_004068,23.854298,91.861339,6.823,3
NEG_004069,23.875252,91.908419,5.773,2
NEG_004070,24.004077,92.258897,3.059,12
NEG_004071,23.938596,92.632754,2.112,55
NEG_004072,23.988002,92.928881,1.96,46
NEG_004073,23.946944,93.578023,4.65,13
NEG_004074,23.84211,93.641779,17.948,0
NEG_004075,24.160633,91.317165,21.419,0
NEG_004076,24.142317,91.850882,9.051,2
NEG_004077,24.198929,92.097628,12.588,0
NEG_004078,24.18098,92.464367,4.972,8
NEG_004079,24.184271,92.619065,1.536,30
NEG_004080,24.097592,93.000596,6.595,25
NEG_004081,24.155642,93.511955,3.721,44
NEG_004082,24.182995,93.708263,8.914,1
NEG_004083,24.371699,91.379604,40.628,0
NEG_004084,24.270038,91.581896,21.776,0
NEG_004085,24.30609,91.983873,16.824,0
NEG_004086,24.375897,92.307611,7.663,9
NEG_004087,24.448511,92.591321,3.309,8
NEG_004088,24.293828,93.209187,3.334,29
NEG_004089,24.445555,93.50667,8.428,8
NEG_004090,24.361643,93.926043,3.372,5
NEG_004091,24.547303,91.47383,51.334,0
NEG_004092,24.651406,91.642455,54.917,0
NEG_004093,24.637701,91.977853,25.485,0
NEG_004094,24.689686,92.49675,2.83,2
NEG_004095,24.66772,92.824038,5.34,4
NEG_004096,24.637224,93.090142,5.162,12
NEG_004097,24.527279,93.464402,6.987,3
NEG_004098,24.661977,93.709637,1.715,51
NEG_004099,24.785145,91.470734,41.769,0
NEG_004100,24.930803,91.604671,26.564,0
NEG_004101,24.816168,91.991208,32.551,0
NEG_004102,24.845304,92.332967,14.144,0
NEG_004103,24.872443,92.75981,8.09,6
NEG_004104,24.881409,93.167312,8.431,1
NEG_004105,24.731842,93.81401,5.991,10
NEG_004106,23.178589,91.200485,30.528,0
NEG_004107,23.324619,91.53689,9.453,1
NEG_004108,23.229848,92.112557,37.609,0
NEG_004109,23.244994,92.290088,19.411,0
NEG_004110,23.199589,93.048934,2.563,21
NEG_004111,23.161932,93.391298,3.757,17
NEG_004112,23.302545,93.913797,54.604,0
NEG_004113,23.528154,91.510041,25.959,0
NEG_004114,23.374901,91.847702,36.334,0
NEG_004115,23.495113,91.95229,19.537,0
NEG_004116,23.334707,92.469296,9.482,1
NEG_004117,23.523309,93.08607,1.231,57
NEG_004118,23.416255,93.366943,1.036,78
NEG_004119,23.336377,93.885578,51.267,0
NEG_004120,23.702164,91.242044,11.6,0
NEG_004121,23.611476,91.735728,15.672,0
NEG_004122,23.709188,92.035767,1.431,12
NEG_004123,23.620948,92.412323,8.163,4
NEG_004124,23.699498,92.91136,2.804,108
NEG_004125,23.701543,93.214509,1.988,12
NEG_004126,23.605972,93.295772,4.282,27
NEG_004127,23.765617,93.607197,21.82,0
NEG_004128,23.89558,91.342848,4.605,1
NEG_004129,23.999756,92.152409,6.364,4
NEG_004130,23.9939,92.390727,5.316,8
NEG_004131,23.822283,92.58371,1.464,31
NEG_004132,23.925677,93.247748,3.718,43
NEG_004133,23.917182,93.265705,2.172,46
NEG_004134,23.788889,93.891071,21.011,0
NEG_004135,24.210519,91.453562,22.041,0
NEG_004136,24.082662,91.745691,9.91,1
NEG_004137,24.229743,92.130176,8.433,1
NEG_004138,24.01806,92.307491,3.461,14
NEG_004139,24.042548,92.836432,4.57,75
NEG_004140,24.145446,93.130626,4.402,8
NEG_004141,24.220165,93.575754,3.572,30
NEG_004142,24.149658,93.708863,11.548,0
NEG_004143,24.28659,91.304627,33.957,0
NEG_004144,24.358916,91.682143,22.624,0
NEG_004145,24.258115,91.96159,21.784,0
NEG_004146,24.428904,92.36456,11.595,0
NEG_004147,24.32065,92.917544,3.867,47
NEG_004148,24.413844,93.799115,4.196,3
NEG_004149,24.659454,91.276839,59.691,0
NEG_004150,24.617512,91.722647,47.453,0
NEG_004151,24.653194,91.952316,28.571,0
NEG_004152,24.617823,92.436351,7.706,1
NEG_004153,24.644563,92.780593,4.411,4
NEG_004154,24.510951,93.464751,7.668,2
NEG_004155,24.831789,91.448782,36.77,0
NEG_004156,24.881488,91.559941,31.016,0
NEG_004157,24.914062,92.148608,25.043,0
NEG_004158,24.807413,92.554768,1.393,1
NEG_004159,24.781341,92.790003,6.236,2
NEG_004160,24.883064,92.943143,8.583,3
NEG_004161,24.838159,93.375469,4.574,34
NEG_004162,24.833442,93.602943,2.514,70
NEG_004163,23.207342,91.362597,13.778,0
NEG_004164,23.299808,91.673771,19.673,0
NEG_004165,23.197749,92.005051,48.879,0
NEG_004166,23.143921,92.306306,18.909,0
NEG_004167,23.224246,93.174778,2.025,30
NEG_004168,23.171031,93.375823,4.028,32
NEG_004169,23.145653,93.868744,51.161,0
NEG_004170,23.419113,91.237045,31.653,0
NEG_004171,23.35588,91.555543,13.413,0
NEG_004172,23.330816,92.099844,36.489,0
NEG_004173,23.531501,92.435576,5.535,2
NEG_004174,23.387313,92.739382,1.309,138
NEG_004175,23.437798,92.97286,3.416,26
NEG_004176,23.464964,93.438233,6.366,11
NEG_004177,23.47136,93.741136,37.123,0
NEG_004178,23.651469,91.306149,17.176,0
NEG_004179,23.754957,91.559033,4.338,4
NEG_004180,23.722858,92.045763,2.627,12
NEG_004181,23.767457,92.340777,2.402,6
NEG_004182,23.683703,92.993335,2.041,59
NEG_004183,23.57507,93.430821,5.899,8
NEG_004184,23.719389,93.742144,32.191,0
NEG_004185,23.845566,91.399079,5.722,1
NEG_004186,23.998085,91.61912,14.746,0
NEG_004187,23.804075,91.945471,8.371,1
NEG_004188,24.01006,92.467659,8.886,5
NEG_004189,24.007152,92.840019,4.409,57
NEG_004190,23.82887,93.221627,3.637,50
NEG_004191,24.007446,93.900037,4.499,24
NEG_004192,24.131931,91.496311,14.049,0
NEG_004193,24.133977,91.649397,12.561,0
NEG_004194,24.028955,92.127255,2.353,3
NEG_004195,24.062936,92.476302,3.912,10
NEG_004196,24.077956,92.587312,1.718,12
NEG_004197,24.047836,93.165918,2.75,16
NEG_004198,24.094648,93.415169,5.067,14
NEG_004199,24.151409,93.765915,13.03,0
NEG_004200,24.408031,91.300036,46.616,0
NEG_004201,24.390639,91.710072,25.125,0
NEG_004202,24.343276,92.186516,4.018,9
NEG_004203,24.30556,92.307683,8.177,7
NEG_004204,24.246883,92.574233,3.966,24
NEG_004205,24.357477,93.227659,3.56,18
NEG_004206,24.410746,93.420141,7.529,3
NEG_004207,24.291476,93.606148,1.845,41
NEG_004208,24.598985,91.267324,66.33,0
NEG_004209,24.692571,91.698528,52.765,0
NEG_004210,24.61661,92.111176,15.322,0
NEG_004211,24.525507,92.348063,13.867,0
NEG_004212,24.634686,92.672093,6.252,7
NEG_004213,24.523593,93.242738,3.238,13
NEG_004214,24.566265,93.28313,1.06,18
NEG_004215,24.687921,93.941079,5.021,1
NEG_004216,24.809878,91.377013,40.593,0
NEG_004217,24.741369,91.839665,43.59,0
NEG_004218,24.914181,92.13314,25.5,0
NEG_004219,24.808996,92.340942,11.831,0
NEG_004220,24.796916,92.835396,10.326,0
NEG_004221,24.758866,92.922519,4.522,1
NEG_004222,24.91676,93.401566,4.634,26
NEG_004223,24.793223,93.800833,2.429,51
NEG_004224,23.309183,91.336599,16.732,0
NEG_004225,23.284762,91.627768,14.702,0
NEG_004226,23.116813,91.989171,51.384,0
NEG_004227,23.162297,92.558732,2.512,72
NEG_004228,23.292166,92.953023,7.258,81
NEG_004229,23.16995,93.304074,2.459,42
NEG_004230,23.316344,93.726159,35.473,0
NEG_004231,23.462836,91.475553,23.447,0
NEG_004232,23.369371,91.878981,35.385,0
NEG_004233,23.378839,92.14848,32.66,0
NEG_004234,23.439087,92.370935,17.718,0
NEG_004235,23.472396,92.648788,3.1,164
NEG_004236,23.482475,92.979359,3.974,23
NEG_004237,23.455272,93.56434,19.239,0
NEG_004238,23.444739,93.737995,36.327,0
NEG_004239,23.677919,91.238518,14.3,0
NEG_004240,23.563638,91.692224,18.642,0
NEG_004241,23.57616,92.018895,8.764,2
NEG_004242,23.730654,92.34863,4.523,4
NEG_004243,23.579923,92.749438,1.342,269
NEG_004244,23.611478,92.989529,1.207,58
NEG_004245,23.725492,93.476455,10.197,0
NEG_004246,23.760327,93.881208,24.341,0
NEG_004247,23.996902,91.396832,5.838,3
NEG_004248,23.944639,91.800411,5.309,6
NEG_004249,23.865537,92.086996,5.009,5
NEG_004250,23.91095,93.256887,2.442,48
NEG_004251,23.971723,93.84139,3.822,2
NEG_004252,24.048978,91.328795,13.139,0
NEG_004253,24.056724,91.859985,7.017,1
NEG_004254,24.192813,92.02706,18.914,0
NEG_004255,24.238332,92.286899,1.138,9
NEG_004256,24.189209,93.230443,1.601,23
NEG_004257,24.07481,93.597657,3.255,31
NEG_004258,24.131582,93.735754,13.579,0
NEG_004259,24.300478,91.510165,29.769,0
NEG_004260,24.465744,91.678037,34.02,0
NEG_004261,24.390404,92.141599,1.716,4
NEG_004262,24.264633,92.556089,5.06,21
NEG_004263,24.271797,92.790214,2.016,38
NEG_004264,24.366482,92.956297,2.651,23
NEG_004265,24.411327,93.541097,5.068,15
NEG_004266,24.300494,93.903166,3.017,10
NEG_004267,24.494747,91.341207,54.804,0
NEG_004268,24.627834,91.857998,35.12,0
NEG_004269,24.590359,92.198838,11.553,0
NEG_004270,24.573047,92.483739,7.529,3
NEG_004271,24.545318,92.585085,4.581,5
NEG_004272,24.534601,93.213732,3.8,19
NEG_004273,24.612055,93.592061,2.023,37
NEG_004274,24.698919,93.789018,8.779,12
NEG_004275,24.851429,91.303192,38.455,0
NEG_004276,24.860183,91.832029,37.174,0
NEG_004277,24.857265,91.97677,35.805,0
NEG_004278,24.849212,92.428088,7.786,2
NEG_004279,24.734528,92.842601,6.339,2
NEG_004280,24.901266,93.174195,8.91,1
NEG_004281,24.87789,93.897277,4.222,5
NEG_004282,23.116654,91.396789,16.105,0
NEG_004283,23.250275,91.721505,23.223,0
NEG_004284,23.147007,92.112351,38.477,0
NEG_004285,23.236386,92.283887,20.094,0
NEG_004286,23.153867,93.225414,3.448,57
NEG_004287,23.225714,93.472179,14.33,0
NEG_004288,23.12293,93.919127,56.322,0
NEG_004289,23.535917,91.232371,29.949,0
NEG_004290,23.473222,91.710818,28.856,0
NEG_004291,23.556827,91.885804,17.717,0
NEG_004292,23.348435,92.374172,15.382,0
NEG_004293,23.500653,92.570085,1.602,20
NEG_004294,23.497651,93.161933,3.349,79
NEG_004295,23.542169,93.346466,3.327,41
NEG_004296,23.412751,93.733543,35.535,0
NEG_004297,23.659586,91.358117,18.166,0
NEG_004298,23.763265,91.741553,10.61,0
NEG_004299,23.77854,91.934744,10.579,0
NEG_004300,23.655144,92.35109,3.877,2
NEG_004301,23.637798,92.704477,1.476,288
NEG_004302,23.737972,93.400161,2.31,17
NEG_004303,23.595047,93.731174,35.777,0
NEG_004304,23.813611,91.344892,4.512,2
NEG_004305,23.953701,91.859478,4.276,3
NEG_004306,23.840925,91.89862,8.969,2
NEG_004307,23.87239,92.465164,3.552,8
NEG_004308,23.902997,93.087298,1.633,49
NEG_004309,24.01206,93.440802,6.397,2
NEG_004310,23.82951,93.722869,21.375,0
NEG_004311,24.086138,91.531561,11.534,0
NEG_004312,24.161898,91.705774,6.257,2
NEG_004313,24.19764,91.975204,21.333,0
NEG_004314,24.211067,92.521652,3.924,10
NEG_004315,24.028611,92.684825,1.176,64
NEG_004316,24.186578,93.160392,5.472,18
NEG_004317,24.196537,93.511044,1.961,36
NEG_004318,24.081626,93.605378,4.073,28
NEG_004319,24.431524,91.463784,42.25,0
NEG_004320,24.458264,91.849582,29.172,0
NEG_004321,24.254422,92.032875,17.254,0
NEG_004322,24.338109,92.327153,10.446,0
NEG_004323,24.391223,92.615656,6.635,6
NEG_004324,24.368744,93.197631,5.753,21
NEG_004325,24.296923,93.390905,4.049,10
NEG_004326,24.254889,93.622843,3.806,21
NEG_004327,24.662984,91.296253,58.645,0
NEG_004328,24.477441,91.657237,35.872,0
NEG_004329,24.488499,91.889783,26.574,0
NEG_004330,24.521291,92.302784,9.982,1
NEG_004331,24.627793,92.623988,8.743,5
NEG_004332,24.628149,93.180179,1.371,23
NEG_004333,24.580317,93.529564,6.919,14
NEG_004334,24.477789,93.847421,5.32,5
NEG_004335,24.882135,91.448544,31.216,0
NEG_004336,24.852268,91.755673,35.853,0
NEG_004337,24.804348,91.894791,41.37,0
NEG_004338,24.74414,92.493279,3.9,5
NEG_004339,24.915124,92.666384,5.031,13
NEG_004340,24.82783,92.982414,7.284,2
NEG_004341,24.773643,93.854282,6.29,15
NEG_004342,23.240046,91.349146,14.277,0
NEG_004343,23.187669,91.685451,19.984,0
NEG_004344,23.118992,92.220074,28.128,0
NEG_004345,23.155802,92.323383,16.945,0
NEG_004346,23.141836,92.658353,1.755,154
NEG_004347,23.316779,93.042562,2.406,25
NEG_004348,23.204274,93.539533,19.086,0
NEG_004349,23.212423,93.720978,37.034,0
NEG_004350,23.553958,91.513043,23.401,0
NEG_004351,23.516079,91.602277,23.733,0
NEG_004352,23.377275,92.051416,30.766,0
NEG_004353,23.469569,92.317,19.185,0
NEG_004354,23.393617,92.678787,4.773,99
NEG_004355,23.339967,93.15007,3.161,44
NEG_004356,23.410383,93.258191,2.793,100
NEG_004357,23.517274,93.749855,37.329,0
NEG_004358,23.651969,91.382198,20.164,0
NEG_004359,23.57787,91.803893,23.025,0
NEG_004360,23.618504,92.042655,3.972,12
NEG_004361,23.744045,92.390967,5.091,4
NEG_004362,23.726941,93.004412,2.454,59
NEG_004363,23.585931,93.367414,2.29,24
NEG_004364,23.688927,93.754859,35.219,0
NEG_004365,23.792525,91.273514,1.147,2
NEG_004366,23.925826,91.743344,3.156,4
NEG_004367,23.821266,92.008984,1.66,2
NEG_004368,23.795721,92.343002,1.843,7
NEG_004369,24.008599,92.713919,2.493,80
NEG_004370,23.942634,93.068681,3.124,42
NEG_004371,23.819697,93.283444,2.383,33
NEG_004372,23.925565,93.69362,15.278,0
NEG_004373,24.200764,91.477117,21.113,0
NEG_004374,24.065977,91.851488,8.075,1
NEG_004375,24.126122,92.036517,12.028,0
NEG_004376,24.187183,92.369408,4.01,13
NEG_004377,24.064387,92.816137,2.889,52
NEG_004378,24.040047,93.126177,1.513,22
NEG_004379,24.242049,93.261551,4.025,20
NEG_004380,24.077698,93.836415,5.446,7
NEG_004381,24.45549,91.201053,55.451,0
NEG_004382,24.398304,91.568555,32.324,0
NEG_004383,24.364428,92.054541,7.571,1
NEG_004384,24.369953,92.426137,10.151,0
NEG_004385,24.290384,92.8821,3.172,55
NEG_004386,24.473733,92.985188,7.599,3
NEG_004387,24.434862,93.276836,7.411,5
NEG_004388,24.34367,93.718511,2.932,38
NEG_004389,24.619691,91.480929,57.718,0
NEG_004390,24.645602,91.640599,54.333,0
NEG_004391,24.53657,92.011926,16.849,0
NEG_004392,24.653204,92.390229,10.848,0
NEG_004393,24.670234,92.711192,5.338,6
NEG_004394,24.668854,93.087664,2.575,11
NEG_004395,24.688384,93.451402,5.616,45
NEG_004396,24.620157,93.727112,1.404,45
NEG_004397,24.885471,91.311003,34.592,0
NEG_004398,24.832054,91.587014,36.845,0
NEG_004399,24.705887,92.194293,9.665,2
NEG_004400,24.724231,92.444062,4.033,4
NEG_004401,24.786109,92.840681,9.57,1
NEG_004402,24.855579,93.140502,8.254,4
NEG_004403,24.795069,93.586367,2.938,66
NEG_004404,24.929069,93.679134,2.594,22
NEG_004405,23.264573,91.523487,3.85,2
NEG_004406,23.192386,91.565827,8.313,1
NEG_004407,23.226266,92.017303,47.349,0
NEG_004408,23.246373,92.234096,25.126,0
NEG_004409,23.120749,92.866418,2.59,43
NEG_004410,23.171439,93.190146,1.047,47
NEG_004411,23.265963,93.499555,16.13,0
NEG_004412,23.288794,93.820876,45.574,0
NEG_004413,23.404315,91.433423,17.807,0
NEG_004414,23.367225,91.77415,31.87,0
NEG_004415,23.473592,91.957417,21.522,0
NEG_004416,23.424244,92.475462,12.834,0
NEG_004417,23.468326,92.774368,2.889,181
NEG_004418,23.504687,93.466262,9.334,6
NEG_004419,23.461801,93.775906,40.448,0
NEG_004420,23.767362,91.306087,5.234,1
NEG_004421,23.611974,91.877688,15.12,0
NEG_004422,23.573264,91.893533,15.931,0
NEG_004423,23.633912,92.330197,6.555,2
NEG_004424,23.600743,93.020699,2.856,75
NEG_004425,23.770099,93.345969,3.698,20
NEG_004426,23.671393,93.616386,25.527,0
NEG_004427,24.011539,91.513714,5.224,3
NEG_004428,23.881608,91.840755,3.387,5
NEG_004429,23.79007,92.080998,3.7,5
NEG_004430,23.830691,92.503997,2.336,17
NEG_004431,23.887052,92.98869,3.055,67
NEG_004432,23.840017,93.509589,12.96,0
NEG_004433,23.989519,93.871814,5.391,6
NEG_004434,24.150043,91.53267,17.378,0
NEG_004435,24.177873,91.636121,13.294,0
NEG_004436,24.093056,92.186596,9.235,4
NEG_004437,24.16956,92.492707,2.769,11
NEG_004438,24.218593,92.77734,2.565,30
NEG_004439,24.148763,93.290026,1.021,24
NEG_004440,24.09948,93.772474,8.614,1
NEG_004441,24.38269,91.380499,41.815,0
NEG_004442,24.309604,91.755837,15.484,0
NEG_004443,24.388957,91.933126,19.543,0
NEG_004444,24.459987,92.453805,4.286,3
NEG_004445,24.452362,92.647493,4.644,8
NEG_004446,24.309625,93.368392,1.433,11
NEG_004447,24.357057,93.877751,7.038,8
NEG_004448,24.558517,91.334754,61.45,0
NEG_004449,24.690701,91.627541,53.046,0
NEG_004450,24.599515,91.957622,24.734,0
NEG_004451,24.587374,92.37825,14.46,0
NEG_004452,24.610735,92.874431,3.63,5
NEG_004453,24.51561,92.966756,3.234,4
NEG_004454,24.663142,93.5452,1.309,40
NEG_004455,24.635584,93.677504,1.311,68
NEG_004456,24.908585,91.228761,32.519,0
NEG_004457,24.914598,91.536613,27.161,0
NEG_004458,24.776868,91.900169,40.142,0
NEG_004459,24.805308,92.549491,1.288,2
NEG_004460,24.796837,92.686863,4.758,2
NEG_004461,24.913752,93.263474,6.984,1
NEG_004462,24.814169,93.702306,1.297,90
NEG_004463,23.221631,91.19677,29.977,0
NEG_004464,23.199064,91.716358,22.843,0
NEG_004465,23.257477,92.178696,30.793,0
NEG_004466,23.155656,92.410871,8.25,8
NEG_004467,23.134658,92.661536,1.825,155
NEG_004468,23.234288,93.240682,2.236,31
NEG_004469,23.169196,93.309895,2.551,43
NEG_004470,23.325847,93.894638,52.31,0
NEG_004471,23.473948,91.532803,25.063,0
NEG_004472,23.371473,91.656594,21.706,0
NEG_004473,23.378244,91.899619,33.587,0
NEG_004474,23.426619,92.410049,17.075,0
NEG_004475,23.522703,92.766222,1.44,221
NEG_004476,23.536911,92.943872,4.316,9
NEG_004477,23.494806,93.28917,1.589,91
NEG_004478,23.393124,93.817823,44.1,0
NEG_004479,23.603499,91.379951,24.726,0
NEG_004480,23.714582,91.6841,4.103,2
NEG_004481,23.743223,92.060217,5.139,15
NEG_004482,23.574833,92.401487,7.003,2
NEG_004483,23.628136,93.408843,6.041,15
NEG_004484,23.777275,93.634632,24.129,0
