record_id,source,landslide_event,State,latitude,longitude,date,rainfall_mm,rainfall_3day_mm,soil_moisture,elevation_m,slope_deg,ndvi_mean,historical_landslide_density,historical_landslide_distance
MH/RGD/47F08/2012/0001,gsi_dated_positive,1,Maharashtra,18.0915,73.36483,2005-07-26,96.4,190.0,0.485,4.0,2.16,,14,2.335
KER/IDUK/58C14/2007/0022,gsi_dated_positive,1,Kerala,9.7386,76.8754,2005-07-31,38.1,92.5,0.481,673.0,39.1,,55,0.417
MAN/TAM/83H09/2007/C-1,gsi_dated_positive,1,Manipur,24.81722,93.51722,2007-06-16,34.6,65.1,0.429,444.0,35.71,,102,0.153
MEGH/WKH/78O07/2007/D-15,gsi_dated_positive,1,Meghalaya,25.38803,91.46977,2007-06-16,79.6,123.9,0.485,1529.0,6.33,,11,1.857
MEGH/WKH/78O11/2007/D-14,gsi_dated_positive,1,Meghalaya,25.40023,91.5159,2007-06-16,79.6,123.9,0.485,1592.0,19.84,,9,2.21
KER/IDUK/58C14/2007/0021,gsi_dated_positive,1,Kerala,9.7409,76.8724,2007-06-22,105.9,193.0,0.487,642.0,34.82,,54,0.196
KER/PALA/58B10/2007/0039,gsi_dated_positive,1,Kerala,10.5185,76.6306,2007-07-16,20.3,36.2,0.476,375.0,18.08,,132,0.152
KER/PALA/58B10/2007/0040,gsi_dated_positive,1,Kerala,10.5252,76.6391,2007-07-16,20.3,36.2,0.476,479.0,23.89,,137,0.143
KER/PALA/58B10/2007/0041,gsi_dated_positive,1,Kerala,10.5248,76.6413,2007-07-16,20.3,36.2,0.476,516.0,27.59,,138,0.016
KER/PALA/58B10/2007/0042,gsi_dated_positive,1,Kerala,10.5249,76.6414,2007-07-16,20.3,36.2,0.476,503.0,26.68,,138,0.016
KER/PALA/58B10/2007/0043,gsi_dated_positive,1,Kerala,10.5259,76.6566,2007-07-16,20.3,36.2,0.477,648.0,30.09,,132,0.053
KER/PALA/58B10/2007/0044,gsi_dated_positive,1,Kerala,10.528,76.6587,2007-07-16,20.3,36.2,0.477,632.0,27.95,,132,0.133
KER/PALA/58B10/2007/0045,gsi_dated_positive,1,Kerala,10.527,76.6603,2007-07-16,20.3,36.2,0.477,778.0,36.33,,132,0.207
KER/PALA/58B10/2007/0046,gsi_dated_positive,1,Kerala,10.528,76.6675,2007-07-16,20.3,36.2,0.477,830.0,36.1,,132,0.211
KER/MALA/58A03/2007/0012,gsi_dated_positive,1,Kerala,11.275,76.123,2007-07-17,47.4,127.7,0.482,124.0,12.79,,130,0.421
MEGH/WKH/78O07/2007/D-13,gsi_dated_positive,1,Meghalaya,25.44465,91.34622,2007-07-17,50.0,88.5,0.48,1471.0,16.2,,4,6.294
ME/EKJ/78O15/2015/134,gsi_dated_positive,1,Meghalaya,25.320833,91.9275,2007-07-19,114.7,267.4,0.485,1099.0,22.38,,92,0.03
ME/EKJ/78O15/2015/140,gsi_dated_positive,1,Meghalaya,25.315176,91.923021,2007-07-19,114.7,267.4,0.485,1031.0,36.37,,90,0.669
MEG/EKH/78O10/2021/04,gsi_dated_positive,1,Meghalaya,25.50368056,91.72342222,2007-07-19,85.0,209.2,0.484,1748.0,5.82,,27,0.0
MEGH/WKH/78O06/2007/D-9,gsi_dated_positive,1,Meghalaya,25.50667,91.28318,2007-07-19,59.9,151.0,0.482,1396.0,21.7,,61,0.37
MEGH/WKH/78O07/2007/D-10,gsi_dated_positive,1,Meghalaya,25.31488,91.44913,2007-07-19,70.5,190.5,0.482,1378.0,24.59,,19,0.332
MEGH/WKH/78O07/2007/D-11,gsi_dated_positive,1,Meghalaya,25.31488,91.33367,2007-07-19,90.2,209.6,0.484,1141.0,43.82,,6,1.907
MEGH/WKH/78O07/2007/D-12,gsi_dated_positive,1,Meghalaya,25.31848,91.45262,2007-07-19,70.5,190.5,0.482,1393.0,24.09,,19,0.434
MEGH/WKH/78O06/2007/D-6,gsi_dated_positive,1,Meghalaya,25.5208,91.25985,2007-07-25,,,,1358.0,20.86,,63,0.676
MEGH/WKH/78O06/2007/D-7,gsi_dated_positive,1,Meghalaya,25.51973,91.28443,2007-07-25,106.0,205.5,0.488,1449.0,1.38,,62,1.458
MEGH/WKH/78O06/2007/D-8,gsi_dated_positive,1,Meghalaya,25.50335,91.28335,2007-07-25,,,,1414.0,22.3,,58,0.37
MEGH/WGH/78K02/2007/D-19,gsi_dated_positive,1,Meghalaya,25.51028,90.21678,2007-07-27,59.4,173.5,0.495,325.0,11.16,,5,0.681
MEGH/JH/83C08/2007/D-22,gsi_dated_positive,1,Meghalaya,25.134194,92.383528,2007-07-31,19.1,68.1,0.474,168.0,17.74,,70,0.16
MEGH/JH/83C08/2007/D-23,gsi_dated_positive,1,Meghalaya,25.12186,92.388583,2007-07-31,15.2,53.8,0.474,113.0,34.57,,88,0.406
NAG/KOH/83K02/2008/F-3B,gsi_dated_positive,1,Nagaland,25.66667,94.10972,2007-08-12,21.3,44.3,0.482,1425.0,13.78,,259,0.31
ME/EKJ/78O15/2015/87,gsi_dated_positive,1,Meghalaya,25.407917,91.998889,2007-08-18,8.2,45.2,0.47,1522.0,9.14,,23,1.139
MG/SGH/78K11/2018/7,gsi_dated_positive,1,Meghalaya,25.403061,90.724166,2007-08-18,9.7,28.1,0.475,360.0,19.14,,10,0.727
MEGH/WKH/78O07/2007/D-3,gsi_dated_positive,1,Meghalaya,25.425,91.405,2007-08-18,10.6,57.7,0.486,1563.0,19.75,,5,3.83
MEGH/WKH/78O07/2007/D-4,gsi_dated_positive,1,Meghalaya,25.4013,91.45855,2007-08-18,10.6,57.7,0.496,1563.0,25.07,,10,1.857
MEGH/WKH/78O07/2007/D-5,gsi_dated_positive,1,Meghalaya,25.40547,91.53712,2007-08-18,10.6,57.7,0.496,1461.0,17.19,,9,2.015
MAN/TAM/83H09/2007/C-2,gsi_dated_positive,1,Manipur,24.98611,93.50583,2007-08-24,10.9,22.6,0.421,1235.0,21.87,,53,0.086
MN/KAN/83L01/2018/47,gsi_dated_positive,1,Manipur,24.997972,94.020444,2007-08-28,4.2,72.9,0.495,803.0,15.9,,6,0.198
MAN/TAM/83H05/2007/C-5,gsi_dated_positive,1,Manipur,24.99306,93.4975,2007-08-28,0.4,75.6,0.41,1196.0,13.2,,52,0.642
MAN/TAM/83H09/2007/C-6,gsi_dated_positive,1,Manipur,24.99694,93.50222,2007-08-28,0.4,75.6,0.41,1186.0,14.69,,52,0.642
MAN/TAM/83H09/2007/C-7A,gsi_dated_positive,1,Manipur,24.99083,93.50583,2007-08-28,0.4,75.6,0.41,1206.0,15.77,,52,0.0
MN/UKH/83L01/2018/14,gsi_dated_positive,1,Manipur,24.994278,94.205917,2007-08-28,6.8,41.2,0.469,1579.0,34.27,,41,2.491
MAN/CHAN/83L03/2007/C-10,gsi_dated_positive,1,Manipur,24.40639,94.06583,2007-09-07,28.6,109.3,0.445,1196.0,18.01,,6,2.608
MEGH/EKH/78O14/2007/D-17,gsi_dated_positive,1,Meghalaya,25.56667,91.90194,2007-09-08,60.7,279.4,0.481,1545.0,2.96,,84,0.584
MIZO/AIZ/84A10/2007/E-3,gsi_dated_positive,1,Mizoram,23.751694,92.731528,2007-09-08,11.0,72.8,0.425,946.0,23.18,,316,0.204
MAN/SEN/83K03/2007/C-12,gsi_dated_positive,1,Manipur,25.47217,94.15433,2007-09-09,20.9,76.4,0.485,1489.0,16.49,,47,0.265
MAN/TAM/83H09/2007/C-13,gsi_dated_positive,1,Manipur,24.81778,93.51583,2007-09-10,7.1,51.0,0.424,460.0,28.86,,102,0.153
MAN/TAM/83H05/2007/C-14,gsi_dated_positive,1,Manipur,24.84833,93.45917,2007-09-12,15.6,28.8,0.417,988.0,32.9,,89,0.0
ME/EKJ/78O14/2015/23,gsi_dated_positive,1,Meghalaya,25.695552,91.903777,2007-09-15,21.2,82.5,0.481,879.0,31.24,,67,1.078
MEG/WKH/78O10/2016/51,gsi_dated_positive,1,Meghalaya,25.687056,91.6485,2007-09-15,22.2,83.7,0.48,1139.0,26.68,,42,0.039
MEGH/WKH/78O02/2007/D-1,gsi_dated_positive,1,Meghalaya,25.68625,91.118358,2007-09-15,,,,1057.0,21.01,,56,0.954
MEGH/WKH/78O02/2007/D-2,gsi_dated_positive,1,Meghalaya,25.69483,91.11836,2007-09-15,9.9,50.3,0.458,1095.0,15.41,,51,0.954
MAN/TAM/83H05/2008/C-17,gsi_dated_positive,1,Manipur,24.84833,93.45917,2008-06-19,21.9,53.7,0.427,988.0,32.9,,89,0.0
MAN/TAM/83H05/2008/C-18,gsi_dated_positive,1,Manipur,24.90139,93.45389,2008-06-19,18.0,42.3,0.424,971.0,25.61,,56,1.781
MAN/TAM/83H05/2008/C-19,gsi_dated_positive,1,Manipur,24.83278,93.46333,2008-07-01,12.4,68.0,0.425,773.0,29.45,,96,0.463
NAG/KOH/83K02/2008/F-3A,gsi_dated_positive,1,Nagaland,25.66083,94.10278,2008-08-02,24.9,70.2,0.478,1483.0,3.7,,252,0.29
MEGH/WKH/78O04/2008/D-27,gsi_dated_positive,1,Meghalaya,25.20283,91.20908,2008-08-10,34.1,44.1,0.491,50.0,15.03,,8,0.942
MEGH/WKH/78O04/2008/D-26,gsi_dated_positive,1,Meghalaya,25.201,91.234,2008-08-12,38.3,94.8,0.48,18.0,1.38,,8,0.692
NAG/KOH/83K02/2008/F-4(A),gsi_dated_positive,1,Nagaland,25.66917,94.10722,2008-08-16,9.1,39.8,0.479,1452.0,15.86,,257,0.132
7192,gsi_dated_positive,1,Assam,26.2272613,91.6922458,2008-12-26,4.8,5.9,0.357,67.0,11.87,,40,1.58
NAG/TUE/83J15/2009/F-13,gsi_dated_positive,1,Nagaland,26.36083,94.84,2009-06-04,12.5,19.6,0.444,2004.0,23.07,,32,1.731
NAG/TUE/83J15/2009/F-12,gsi_dated_positive,1,Nagaland,26.37639,94.84056,2009-06-20,13.7,29.0,0.443,1881.0,36.31,,33,1.731
NAG/TUE/83J15/2009/F-14,gsi_dated_positive,1,Nagaland,26.34417,94.83333,2009-06-20,12.6,19.0,0.48,1746.0,10.97,,32,1.968
NAG/KIPH/83K13/2009/F-7,gsi_dated_positive,1,Nagaland,25.9,94.78917,2009-06-21,0.4,16.4,0.444,1047.0,24.81,,45,1.389
NAG/KIPH/83K13/2009/F-8,gsi_dated_positive,1,Nagaland,25.88667,94.78639,2009-06-21,0.4,16.4,0.444,1176.0,4.15,,45,0.189
MEGH/EKH/78O11/2009/D-37,gsi_dated_positive,1,Meghalaya,25.300389,91.726722,2009-06-29,103.4,193.2,0.488,1519.0,23.46,,67,0.068
MEGH/EKH/83C02/2009/D-31,gsi_dated_positive,1,Meghalaya,25.54261,92.10867,2009-07-01,46.3,201.5,0.48,1138.0,15.7,,22,0.397
MEGH/EKH/83C02/2009/D-32,gsi_dated_positive,1,Meghalaya,25.54328,92.10478,2009-07-01,46.3,201.5,0.48,1272.0,28.94,,20,0.207
MEGH/EKH/83C02/2009/D-33,gsi_dated_positive,1,Meghalaya,25.54264,92.10214,2009-07-01,46.3,201.5,0.48,1332.0,6.88,,20,0.208
MEGH/EKH/83C02/2009/D-34,gsi_dated_positive,1,Meghalaya,25.54231,92.1,2009-07-01,46.3,201.5,0.48,1336.0,17.35,,21,0.162
MEGH/EKH/83C02/2009/D-35,gsi_dated_positive,1,Meghalaya,25.54261,92.09842,2009-07-01,46.3,201.5,0.48,1318.0,10.88,,20,0.147
TRI/TRI-W/79M05/2009/G-1,gsi_dated_positive,1,Tripura,23.85417,91.34361,2009-07-10,4.5,11.3,0.442,16.0,3.17,,1,9.243
LS1/2009,gsi_dated_positive,1,Maharashtra,19.13194444,72.87472222,2009-07-15,51.9,104.8,0.393,55.0,8.8,,0,18.64
MEGH/JH/78O15/2009/D-36,gsi_dated_positive,1,Meghalaya,25.43561,91.862056,2009-07-17,6.5,30.8,0.5,1635.0,21.88,,51,0.269
NAG/TUE/83J15/2009/F-10,gsi_dated_positive,1,Nagaland,26.38778,94.82583,2009-07-27,10.4,31.5,0.448,1648.0,20.68,,25,0.0
AS/NC/83G04/2009/B-5,gsi_dated_positive,1,Assam,26.20261,91.14528,2009-08-20,5.1,34.4,0.471,37.0,9.38,,0,31.145
NAG/TUE/83J15/2009/F-11,gsi_dated_positive,1,Nagaland,26.38778,94.82583,2009-08-20,18.8,45.7,0.454,1648.0,20.68,,25,0.0
KA/UK/48J01/2025/11,gsi_dated_positive,1,Karnataka,14.842847,74.176548,2009-10-02,27.3,126.1,0.478,42.0,15.0,,36,0.818
MN-12/2010,gsi_dated_positive,1,Manipur,24.73133333,93.92738889,2010-03-28,4.2,6.7,0.189,788.0,13.46,,0,10.557
AS/CAC/83D10/2009-10/AS-1,gsi_dated_positive,1,Assam,24.57025,92.685,2010-04-02,8.6,200.0,0.42,50.0,6.76,,13,1.896
AS/NC/83C16/2009-10/AS-5,gsi_dated_positive,1,Assam,25.124306,92.904278,2010-04-02,11.5,168.4,0.448,278.0,24.98,,28,1.143
AS/NC/83G04/2009-10/AS-6,gsi_dated_positive,1,Assam,25.229556,93.1556,2010-04-02,2.7,16.2,0.483,468.0,14.93,,37,0.632
ML-10/2010,gsi_dated_positive,1,Meghalaya,25.05108333,92.40219444,2010-04-22,14.4,186.0,0.472,64.0,9.4,,95,0.213
ML-11/2010,gsi_dated_positive,1,Meghalaya,25.04305556,92.42041667,2010-04-22,14.4,186.0,0.482,149.0,16.94,,81,0.199
ML-12/2010,gsi_dated_positive,1,Meghalaya,25.04222222,92.44127778,2010-04-22,14.4,186.0,0.482,276.0,24.43,,67,0.069
ML-6/2010,gsi_dated_positive,1,Meghalaya,25.13561111,92.3805,2010-04-22,20.7,204.6,0.472,178.0,23.98,,65,0.0
ML-7/2010,gsi_dated_positive,1,Meghalaya,25.13486111,92.382,2010-04-22,24.4,225.6,0.472,188.0,43.3,,67,0.078
ML-8/2010,gsi_dated_positive,1,Meghalaya,25.12383333,92.38519444,2010-04-22,14.4,186.0,0.472,93.0,46.61,,85,0.406
ML-9/2010,gsi_dated_positive,1,Meghalaya,25.07533333,92.36341667,2010-04-22,24.4,225.6,0.472,156.0,24.79,,94,0.028
AS/KAR/83D06/2009-10/AS-2,gsi_dated_positive,1,Assam,24.710833,92.481167,2010-06-03,5.7,36.4,0.505,47.0,17.85,,3,5.95
TR-3/09-10,gsi_dated_positive,1,Tripura,23.9,91.75622222,2010-06-03,6.2,14.2,0.41,200.0,31.32,,3,1.035
MAN/TAM/83H09/2009-10/MN- 2,gsi_dated_positive,1,Manipur,24.862444,93.610639,2010-06-05,9.5,24.9,0.425,380.0,8.21,,60,0.563
MN-10/2010,gsi_dated_positive,1,Manipur,24.86469444,93.62116667,2010-06-08,39.2,51.4,0.425,350.0,9.24,,61,0.342
MN-11/2010,gsi_dated_positive,1,Manipur,24.86297222,93.62397222,2010-06-08,39.2,51.4,0.425,351.0,20.71,,63,0.032
MAN/TAM/83H09/2009-10/MN- 1,gsi_dated_positive,1,Manipur,24.792333,93.658222,2010-06-10,3.3,44.1,0.44,447.0,34.02,,85,0.247
AS/NC/83C16/2009-10/AS-3,gsi_dated_positive,1,Assam,25.124583,92.989111,2010-06-16,9.6,50.0,0.462,529.0,20.65,,164,1.583
AS/NC/83C16/2009-10/AS-4,gsi_dated_positive,1,Assam,25.121,92.915028,2010-06-20,69.4,100.0,0.46,300.0,15.89,,35,1.143
ML-2/2010,gsi_dated_positive,1,Meghalaya,25.56183333,91.86855556,2010-06-28,99.4,270.6,0.491,1546.0,14.5,,71,1.204
ML-3/2010,gsi_dated_positive,1,Meghalaya,25.57188889,91.90127778,2010-06-28,68.2,179.4,0.491,1515.0,9.83,,84,0.584
ML-4/2010,gsi_dated_positive,1,Meghalaya,25.56852778,91.89219444,2010-06-28,68.2,179.4,0.491,1532.0,6.42,,84,0.948
ML-1/2010,gsi_dated_positive,1,Meghalaya,25.57711111,91.88141667,2010-08-27,16.7,28.2,0.476,1484.0,3.45,,84,0.512
KER/IDUK/53C13/2010/0001,gsi_dated_positive,1,Kerala,9.8222,76.8433,2010-10-27,17.7,22.3,0.469,458.0,21.75,,95,0.404
KER/IDUK/53C13/2010/0002,gsi_dated_positive,1,Kerala,9.823,76.8397,2010-10-27,17.7,22.3,0.469,434.0,22.54,,94,0.404
KER/IDUK/53C13/2010/0003,gsi_dated_positive,1,Kerala,9.8116,76.8508,2010-10-27,17.7,22.3,0.471,469.0,24.09,,100,0.32
KER/IDUK/53G02/2010/0004,gsi_dated_positive,1,Kerala,9.7005,77.1069,2010-10-27,16.2,22.9,0.481,1095.0,18.18,,26,0.116
KER/IDUK/53G02/2010/0005,gsi_dated_positive,1,Kerala,9.7015,77.1066,2010-10-27,16.2,22.9,0.481,1102.0,6.25,,27,0.116
AS/KAM/78N16/2014/05,gsi_dated_positive,1,Assam,26.19622,91.76336,2011-03-23,0.0,6.0,0.412,90.0,5.23,,77,0.0
MZ-31/2011,gsi_dated_positive,1,Mizoram,23.70213889,92.71822222,2011-05-22,5.3,20.7,0.397,1060.0,42.22,,360,0.135
MN-33/2011,gsi_dated_positive,1,Manipur,24.985,93.52113889,2011-05-31,58.6,128.6,0.428,1043.0,20.98,,52,0.289
ML-94/2011,gsi_dated_positive,1,Manipur,25.67469444,91.88652778,2011-06-26,10.6,70.6,0.498,1062.0,4.62,,74,0.0
MN-34/2011,gsi_dated_positive,1,Manipur,24.79083333,93.72333333,2011-07-06,3.4,14.9,0.467,1053.0,42.71,,74,0.193
SKM-07/2012-13,gsi_dated_positive,1,Sikkim,27.57502778,88.65402778,2012-06-22,78.8,110.5,0.429,1476.0,40.68,,53,0.261
SKM-08/2012-13,gsi_dated_positive,1,Sikkim,27.56111111,88.65452778,2012-06-22,78.8,110.5,0.429,1419.0,21.05,,51,0.692
SKM-09/2012-13,gsi_dated_positive,1,Sikkim,27.52838889,88.59972222,2012-06-22,78.8,110.5,0.429,1548.0,36.45,,55,0.116
SKM-10/2012-13,gsi_dated_positive,1,Sikkim,27.56941667,88.65272222,2012-06-22,78.8,110.5,0.429,1485.0,15.22,,53,0.637
SKM-06/2012-13,gsi_dated_positive,1,Sikkim,27.59027778,88.65394444,2012-06-26,46.2,163.1,0.426,1678.0,11.79,,52,1.668
SKM-04/2012-13,gsi_dated_positive,1,Sikkim,27.37441667,88.54505556,2012-07-13,50.2,170.3,0.428,1626.0,34.82,,101,0.234
SKM-05/2012-13,gsi_dated_positive,1,Sikkim,27.36977778,88.54466667,2012-07-13,50.2,170.3,0.428,1734.0,34.73,,99,0.478
SKM-11/2012-13,gsi_dated_positive,1,Sikkim,27.51491667,88.56313889,2012-07-17,21.0,156.2,0.427,1422.0,25.44,,63,0.144
NL/KOH/83K02/2014/04,gsi_dated_positive,1,Nagaland,25.71611,94.08883,2013-07-03,13.8,63.9,0.477,1449.0,16.13,,264,0.298
NL/DIM/83G13/2014/01,gsi_dated_positive,1,Nagaland,25.78417,93.80028,2013-07-16,62.6,79.1,0.48,253.0,19.47,,39,0.168
NL/DIM/83G13/2014/02,gsi_dated_positive,1,Nagaland,25.76939,93.80278,2013-07-16,62.6,79.1,0.48,290.0,26.94,,47,0.504
ML/SWKH/78O07/2014/01,gsi_dated_positive,1,Meghalaya,25.31458,91.45242,2013-08-06,36.2,56.4,0.482,1308.0,45.09,,19,0.332
MIZ/AZL/2023/102,gsi_dated_positive,1,Mizoram,24.18561111,92.94536111,2013-08-15,10.5,34.9,0.425,449.0,18.11,,57,0.417
NL/MON/83J15/2014/08,gsi_dated_positive,1,Nagaland,26.39094,94.94406,2013-08-16,19.2,41.1,0.449,547.0,23.49,,39,0.948
NL/MON/83J15/2014/11,gsi_dated_positive,1,Nagaland,26.40908,94.96308,2013-08-17,19.2,51.2,0.463,695.0,28.45,,38,0.199
NL/MON/83J15/2014/12,gsi_dated_positive,1,Nagaland,26.41931,94.97369,2013-08-18,3.1,41.5,0.441,686.0,15.03,,35,0.152
SK/EAS/78A11/2014/01,gsi_dated_positive,1,Sikkim,27.28408,88.54611,2013-08-28,33.3,89.4,0.416,1530.0,28.39,,95,0.754
NL/KOH/83G14/2014/15,gsi_dated_positive,1,Nagaland,25.74697,93.98167,2013-09-08,19.5,33.2,0.491,886.0,12.78,,106,1.216
HP/KAN/52D/03/2019/17,gsi_dated_positive,1,Himachal Pradesh,32.25430556,76.08022222,2013-10-23,0.0,0.0,0.238,752.0,15.92,,117,0.547
Tamil Nadu/THENI/58G/2/2014/01.,gsi_dated_positive,1,Tamil Nadu,9.616,77.19,2014-05-07,22.7,58.3,0.475,740.0,23.36,,2,0.111
Tamil Nadu/THENI/58G/2/2014/02.,gsi_dated_positive,1,Tamil Nadu,9.617,77.19,2014-05-07,22.7,58.3,0.475,689.0,24.28,,2,0.111
AS/KRM/83D06/2014-15/0001,gsi_dated_positive,1,Assam,24.70619444,92.28997222,2014-05-10,41.1,160.9,0.468,45.0,10.45,,1,0.001
SKM/NOR/78A11/2014/007,gsi_dated_positive,1,Sikkim,27.4097,88.54371,2014-06-24,32.0,131.8,0.426,1516.0,37.05,,83,0.004
AS/KAMRUP (M)/78N16/2014- 15/0002,gsi_dated_positive,1,Assam,26.15477778,91.77411111,2014-06-27,7.1,38.6,0.489,105.0,12.04,,83,0.0
AS/KAMRUP(M)/78N16/2014- 15/0003,gsi_dated_positive,1,Assam,26.17672222,91.78672222,2014-06-27,7.1,38.6,0.489,85.0,27.48,,81,0.0
AS/KAMRUP(M)/78N16/2014- 15/0004,gsi_dated_positive,1,Assam,26.18866667,91.76694444,2014-06-27,7.1,38.6,0.489,111.0,9.71,,82,0.001
AS/KAMRUP(M)/78N16/2014- 15/0005,gsi_dated_positive,1,Assam,26.19622222,91.76336111,2014-06-27,7.1,38.6,0.489,90.0,5.23,,77,0.0
SKM/NOR/78A10/2014/004,gsi_dated_positive,1,Sikkim,27.5091,88.53848,2014-07-01,13.9,163.7,0.426,1234.0,20.69,,55,0.795
SKM/NOR/78A11/2014/006,gsi_dated_positive,1,Sikkim,27.48603,88.53269,2014-07-08,31.3,79.4,0.429,1052.0,25.0,,64,0.494
6986,gsi_dated_positive,1,Assam,25.757752,91.252285,2014-07-17,23.1,70.0,0.483,769.0,19.51,,3,3.44
7201,gsi_dated_positive,1,Assam,25.740148,91.224044,2014-07-18,17.3,73.3,0.478,903.0,8.5,,4,3.44
ASM/DH/83G4/ PD /2016/03,gsi_dated_positive,1,Assam,25.20738889,93.12277778,2014-08-20,1.4,8.2,0.48,680.0,17.92,,52,0.0
Tamil Nadu/Dindigul/58F/12/2014/01.,gsi_dated_positive,1,Tamil Nadu,10.24138889,77.50508333,2014-08-22,24.9,55.9,0.421,1956.0,29.29,,100,0.057
Tamil Nadu/Dindigul/58F/12/2014/02.,gsi_dated_positive,1,Tamil Nadu,10.24097222,77.50466667,2014-08-22,24.9,55.9,0.421,1961.0,25.61,,100,0.034
Tamil Nadu/Dindigul/58F/12/2014/03.,gsi_dated_positive,1,Tamil Nadu,11.23847222,77.50402778,2014-08-22,18.2,38.1,0.395,298.0,3.05,,1,0.214
Tamil Nadu/Dindigul/58F/12/2014/04.,gsi_dated_positive,1,Tamil Nadu,11.23952778,77.50566667,2014-08-22,18.2,38.1,0.395,302.0,3.41,,1,0.214
SKM/EAS/78A12/2014/002,gsi_dated_positive,1,Sikkim,27.23772,88.51384,2014-08-26,35.0,92.4,0.426,436.0,36.89,,137,0.437
ML/RIB/78N16/2014/02,gsi_dated_positive,1,Meghalaya,26.02547,91.87158,2014-09-20,74.1,102.8,0.491,179.0,11.78,,38,0.338
AS/KAMRUP(M)/78N16/2014- 15/0006,gsi_dated_positive,1,Assam,26.13441667,91.74875,2014-09-22,55.8,142.1,0.482,108.0,4.74,,77,0.135
7115,gsi_dated_positive,1,Assam,25.872268,91.213965,2014-09-23,16.4,88.3,0.461,253.0,33.12,,3,5.048
AS/KAMRUP(M)/78N16/2014- 15/0007,gsi_dated_positive,1,Assam,26.10711111,91.78916667,2014-09-23,37.9,104.6,0.466,68.0,16.18,,79,0.0
ML/EKH/78O14/2014/03,gsi_dated_positive,1,Meghalaya,25.57822,91.86545,2014-09-23,125.6,276.1,0.487,1459.0,8.88,,84,1.606
ML/RIB/78N16/2014/06,gsi_dated_positive,1,Meghalaya,26.00294,91.86692,2014-09-23,37.9,104.6,0.475,405.0,7.64,,32,0.547
AS/KAMRUP/78N12/2015- 16/0004,gsi_dated_positive,1,Assam,26.09961111,91.87811111,2014-09-25,12.1,86.8,0.478,86.0,9.24,,37,0.154
SKM/NORTH/78A11/2015/003,gsi_dated_positive,1,Sikkim,27.46166,88.52341,2015-06-01,20.6,75.2,0.427,939.0,37.51,,54,0.007
SKM/EAST/78A12/2015/002,gsi_dated_positive,1,Sikkim,27.179,88.53313889,2015-07-08,1.8,21.2,0.399,375.0,45.11,,209,0.013
SKM/EAST/78A11/2015/004,gsi_dated_positive,1,Sikkim,27.33208,88.50902,2015-07-11,10.6,81.1,0.415,1538.0,19.02,,69,1.663
NAG/ KOH/ 83K2/ 2015/02,gsi_dated_positive,1,Nagaland,25.73425,94.00119444,2015-07-15,23.9,51.5,0.484,931.0,30.99,,163,0.549
Manipur/ Ukhrul/ 83 L5/ 2015/01,gsi_dated_positive,1,Manipur,24.82022222,94.35255556,2015-07-30,64.0,145.9,0.429,1593.0,29.89,,62,0.034
AS/KAMRUP/78N12/2015- 16/0001,gsi_dated_positive,1,Assam,26.21111111,91.68416667,2015-09-01,35.3,132.0,0.473,65.0,16.33,,43,0.0
ASM/KAMRUP(M)/78N16/2016- 17/057,gsi_dated_positive,1,Assam,26.1895,91.78716667,2016-04-18,15.9,31.0,0.494,70.0,11.87,0.1392,76,0.0
ARN/TWG/FM/2016-17/01,gsi_dated_positive,1,Arunachal Pradesh,27.58741667,91.88694444,2016-04-22,24.1,66.5,0.428,2589.0,8.4,,40,0.0
ARN/TWNG/78M14/2016/0001,gsi_dated_positive,1,Arunachal Pradesh,27.587417,91.886944,2016-04-22,24.1,66.5,0.428,2589.0,8.4,,40,0.0
ARN/TWNG/78M14/2016/0008,gsi_dated_positive,1,Arunachal Pradesh,27.591806,91.865028,2016-04-22,29.8,80.0,0.427,2919.0,19.0,,37,0.004
ARN/TWNG/78M14/2016/0010,gsi_dated_positive,1,Arunachal Pradesh,27.593139,91.873889,2016-04-22,29.8,80.0,0.427,2932.0,10.58,,39,0.4
ARN/TWNG/78M14/2016/0013,gsi_dated_positive,1,Arunachal Pradesh,27.594833,91.866417,2016-04-22,29.8,80.0,0.427,2975.0,6.08,,37,0.004
ARN/TWG/NYD/2016-17/06,gsi_dated_positive,1,Arunachal Pradesh,27.59152778,91.88044444,2016-04-23,24.6,70.3,0.426,2768.0,23.06,,40,0.0
ARN/TWNG/78M14/2016/0004,gsi_dated_positive,1,Arunachal Pradesh,27.591389,91.9025,2016-04-23,24.6,70.3,0.427,2528.0,20.3,,39,0.812
ARN/TWNG/78M14/2016/0022,gsi_dated_positive,1,Arunachal Pradesh,27.589417,91.861444,2016-04-23,26.3,84.0,0.426,2883.0,25.67,,37,0.442
ARN/TWNG/78M14/2016/0023,gsi_dated_positive,1,Arunachal Pradesh,27.593361,91.879444,2016-04-23,24.6,70.3,0.426,2813.0,18.6,,40,0.226
ARN/TWNG/78M14/2016/0024,gsi_dated_positive,1,Arunachal Pradesh,27.596639,91.878972,2016-04-23,24.6,70.3,0.426,2894.0,14.25,,40,0.0
ASM/DH/83G4/ PD/2016 /35,gsi_dated_positive,1,Assam,25.23230556,93.03333333,2016-05-17,12.4,46.0,0.481,554.0,16.2,,148,0.075
ASM/DH/83G4/ PD/2016/25,gsi_dated_positive,1,Assam,25.15561111,93.02222222,2016-05-17,12.4,46.0,0.481,615.0,16.12,,183,0.0
ASM/DH/83G4/ PD/2016 /01,gsi_dated_positive,1,Assam,25.17986111,93.07077778,2016-05-17,12.4,46.0,0.498,512.0,2.34,,188,0.0
ASM/DH/83G4/PD/2016/02,gsi_dated_positive,1,Assam,25.14677778,93.03097222,2016-05-17,12.4,46.0,0.455,478.0,22.48,,180,0.0
ASM/DH/83G4/PD/2016/43,gsi_dated_positive,1,Assam,25.14872222,93.03191667,2016-05-17,12.4,46.0,0.455,460.0,26.79,,182,0.0
ASM/DH/83G4/PD/2016/44,gsi_dated_positive,1,Assam,25.14525,93.02916667,2016-05-17,,,,539.0,28.91,,179,0.0
ASM/HLKD/83D10/2016/58,gsi_dated_positive,1,Assam,24.478972,92.682861,2016-05-17,23.0,36.6,0.414,67.0,17.82,,12,3.74
ASM/HLKD/83D10/2016/59,gsi_dated_positive,1,Assam,24.511306,92.693028,2016-05-18,28.0,56.5,0.42,44.0,3.29,,19,1.723
ASM/HLKD/83D10/2016/60,gsi_dated_positive,1,Assam,24.515944,92.540889,2016-05-18,31.7,70.4,0.427,53.0,16.99,,8,1.19
ASM/KRGJ/83D06/2016/61,gsi_dated_positive,1,Assam,24.659389,92.497361,2016-05-18,55.8,119.8,0.472,34.0,1.65,,1,5.95
ASM/DH/83G4/ PD/2016/08,gsi_dated_positive,1,Assam,25.17691667,93.02655556,2016-05-22,21.3,107.5,0.482,455.0,27.96,,189,0.0
ASM/DH/83G4/ PD/2016/09,gsi_dated_positive,1,Assam,25.17702778,93.02088889,2016-05-22,21.3,107.5,0.482,572.0,6.99,,185,0.0
ASM/DH/83G4/ PD/2016/10,gsi_dated_positive,1,Assam,25.17597222,93.02016667,2016-05-22,21.3,107.5,0.482,596.0,25.86,,185,0.0
ASM/DH/83G4/ PD/2016/11,gsi_dated_positive,1,Assam,25.17505556,93.02041667,2016-05-22,21.3,107.5,0.482,579.0,36.95,,185,0.0
ASM/DH/83G4/ PD/2016/12,gsi_dated_positive,1,Assam,25.17188889,93.02061111,2016-05-22,21.3,107.5,0.482,568.0,40.95,,185,0.092
ASM/DH/83G4/ PD/2016/13,gsi_dated_positive,1,Assam,25.16563889,93.02544444,2016-05-22,21.3,107.5,0.482,516.0,14.93,,187,0.0
ASM/DH/83G4/ PD/2016/14,gsi_dated_positive,1,Assam,25.16344444,93.02316667,2016-05-22,21.3,107.5,0.482,552.0,17.71,,185,0.0
ASM/DH/83G4/ PD/2016/15,gsi_dated_positive,1,Assam,25.15069444,93.02583333,2016-05-22,21.3,107.5,0.482,671.0,13.12,,182,0.0
ASM/DH/83G4/ PD/2016/16,gsi_dated_positive,1,Assam,25.14586111,93.02419444,2016-05-22,21.3,107.5,0.438,701.0,26.21,,179,0.0
ASM/DH/83G4/ PD/2016/17,gsi_dated_positive,1,Assam,25.14041667,93.02038889,2016-05-22,21.3,107.5,0.438,719.0,22.33,,177,0.0
ASM/DH/83G4/ PD/2016/18,gsi_dated_positive,1,Assam,25.13961111,93.01955556,2016-05-22,21.3,107.5,0.438,733.0,26.79,,177,0.0
ASM/DH/83G4/ PD/2016/19,gsi_dated_positive,1,Assam,25.13447222,93.01897222,2016-05-22,21.3,107.5,0.438,757.0,12.41,,175,0.0
ASM/DH/83G4/ PD/2016/23,gsi_dated_positive,1,Assam,25.17638889,93.11613889,2016-05-22,21.3,107.5,0.494,563.0,13.41,,108,0.0
ASM/DH/83G4/ PD/2016/24,gsi_dated_positive,1,Assam,25.15572222,93.02277778,2016-05-22,21.3,107.5,0.482,616.0,28.81,,183,0.0
ASM/DH/83G4/ PD/2016/28,gsi_dated_positive,1,Assam,25.15736111,93.01608333,2016-05-22,21.3,107.5,0.482,644.0,28.61,,184,0.0
ASM/DH/83G4/ PD/2016/30,gsi_dated_positive,1,Assam,25.15933333,93.017,2016-05-22,21.3,107.5,0.482,686.0,8.22,,184,0.0
ASM/DH/83G4/ PD/2016/31,gsi_dated_positive,1,Assam,25.24597222,93.02827778,2016-05-22,21.3,107.5,0.482,608.0,19.93,,108,0.016
ASM/DH/83G4/ PD/2016/33,gsi_dated_positive,1,Assam,25.23880556,93.03219444,2016-05-22,21.3,107.5,0.482,566.0,21.2,,133,0.083
ASM/DH/83G4/PD/2016/26,gsi_dated_positive,1,Assam,25.15658333,93.01961111,2016-05-22,21.3,107.5,0.482,619.0,23.49,,185,0.0
ASM/DH/83G4/ PD/2016/04,gsi_dated_positive,1,Assam,25.41733333,93.12908333,2016-05-22,18.7,79.9,0.474,387.0,4.68,,8,0.0
ASM/DH/83G4/ PD/2016/05,gsi_dated_positive,1,Assam,25.1775,93.02622222,2016-05-22,21.3,107.5,0.482,482.0,18.63,,189,0.0
ASM/DH/83G4/ PD/2016/07,gsi_dated_positive,1,Assam,25.20552778,93.02013889,2016-05-22,21.3,107.5,0.482,342.0,15.9,,170,0.0
ASM/DH/83G4/ PD/2016/40,gsi_dated_positive,1,Assam,25.19669444,93.01858333,2016-05-22,21.3,107.5,0.482,455.0,25.7,,174,0.0
ASM/DH/83G4/ PD/2016/41,gsi_dated_positive,1,Assam,25.18844444,93.01966667,2016-05-22,21.3,107.5,0.482,526.0,31.03,,181,0.0
ASM/DH/83G4/ PD/2016/42,gsi_dated_positive,1,Assam,25.164,93.04019444,2016-05-22,21.3,107.5,0.482,454.0,16.42,,195,0.0
ASM/DH/83G4/ PD/2016/53,gsi_dated_positive,1,Assam,25.18955556,93.09641667,2016-05-22,21.3,107.5,0.494,537.0,23.64,,178,0.0
ASM/DH/83G4/ PD/2016/55,gsi_dated_positive,1,Assam,25.24194444,93.14319444,2016-05-22,23.1,90.8,0.494,618.0,24.22,,43,0.321
ASM/DH/83G4/ PD/2016/56,gsi_dated_positive,1,Assam,25.27480556,93.14555556,2016-05-22,23.1,90.8,0.481,498.0,16.59,,27,3.662
ASM/DH/83G4/ PD/2016/29,gsi_dated_positive,1,Assam,25.15713889,93.01719444,2016-05-27,5.2,18.1,0.49,647.0,37.25,,184,0.0
ASM/KAMRUP(M)/78N16/2016- 17/62,gsi_dated_positive,1,Assam,26.19552778,91.78055556,2016-06-22,11.7,18.7,0.478,165.0,18.9,,78,0.0
ASM/ Nijabara/78N16/2016- 17/64,gsi_dated_positive,1,Assam,26.19038889,91.80994444,2016-07-14,10.0,34.4,0.492,94.0,21.29,,73,0.0
ASM/West Sarania/78N16/2016- 17/65,gsi_dated_positive,1,Assam,26.1755,91.76175,2016-07-14,10.0,34.4,0.492,62.0,6.46,,80,0.0
ARN/LS/83E15/2016/02,gsi_dated_positive,1,Arunachal Pradesh,27.339267,93.802581,2016-07-16,27.1,68.1,0.448,784.0,31.85,,35,0.263
ARN/LS/83E15/2016/04,gsi_dated_positive,1,Arunachal Pradesh,27.193425,93.780983,2016-07-16,27.1,68.1,0.423,198.0,41.93,,77,0.076
ARN/LS/83E15/2016/03,gsi_dated_positive,1,Arunachal Pradesh,27.307072,93.806008,2016-07-17,6.0,57.2,0.463,722.0,23.5,,60,0.03
ARN/LS/83E15/2016/05,gsi_dated_positive,1,Arunachal Pradesh,27.294886,93.803328,2016-07-17,6.0,57.2,0.463,634.0,32.0,,62,0.143
ARN/LS/83E15/2016/06,gsi_dated_positive,1,Arunachal Pradesh,27.254756,93.801303,2016-07-17,6.0,57.2,0.416,289.0,39.49,,72,0.389
ARN/LS/83E15/2016/07,gsi_dated_positive,1,Arunachal Pradesh,27.246131,93.804711,2016-07-17,6.0,57.2,0.416,267.0,25.39,,69,0.005
ARN/LS/83E15/2016/08,gsi_dated_positive,1,Arunachal Pradesh,27.23995,93.806589,2016-07-17,6.0,57.2,0.416,263.0,25.43,,71,0.06
ASM/KAM(M)/78N16/2016/63,gsi_dated_positive,1,Assam,26.19244444,91.76422222,2016-07-20,19.0,48.3,0.475,101.0,15.15,,80,0.0
ASM/CCR/83H2/2016/66,gsi_dated_positive,1,Assam,24.645417,93.005361,2016-08-31,8.7,18.2,0.423,359.0,31.71,,1,2.633
ASM/DH/83G3/ PD/2017 /02,gsi_dated_positive,1,Assam,25.40586111,93.11097222,2017-05-20,2.0,13.4,0.482,254.0,23.85,,11,1.606
ASM/DH/83G3/ PD/2017 /01,gsi_dated_positive,1,Assam,25.39155556,93.11316667,2017-06-03,32.2,163.6,0.502,214.0,22.67,,14,0.838
Tripura/Dhalai/78P16/2017/002,gsi_dated_positive,1,Tripura,24.16966667,91.76686111,2017-06-03,5.5,28.1,0.416,82.0,17.98,0.6714,1,0.118
MZ/LUN/84B09/2017/0001,gsi_dated_positive,1,Mizoram,22.82104167,92.63873333,2017-06-12,231.1,282.0,0.429,95.0,18.31,,20,0.106
ASM/KAM (M)/78N16/2017/0003,gsi_dated_positive,1,Assam,26.15427778,91.79263889,2017-06-13,68.7,118.7,0.511,78.0,8.25,0.3436,84,0.0
ASM/KAM (M)/78N16/2017/0004,gsi_dated_positive,1,Assam,26.17755556,91.76588889,2017-06-13,68.7,118.7,0.511,96.0,18.48,0.4629,81,0.001
ASM/KAM (M)/78N16/2017/04,gsi_dated_positive,1,Assam,26.17672222,91.76525,2017-06-13,68.7,118.7,0.511,87.0,18.7,0.2672,81,0.0
ASM/KMP/78N16/2017/0004,gsi_dated_positive,1,Assam,26.17756,91.76589,2017-06-13,68.7,118.7,0.511,96.0,18.48,0.4629,81,0.001
ASM/KMP/78N16/2017/03,gsi_dated_positive,1,Assam,26.15428,91.79264,2017-06-13,68.7,118.7,0.511,78.0,8.25,0.3436,84,0.0
ASM/KMP/78N16/2017/05,gsi_dated_positive,1,Assam,26.17672,91.76525,2017-06-13,68.7,118.7,0.511,87.0,18.7,0.2672,81,0.0
ASM/KAM (M)/78N16/2017/0006,gsi_dated_positive,1,Assam,26.18841667,91.85125,2017-06-16,44.0,53.0,0.51,96.0,29.65,0.5079,59,0.0
ASM/KMP/78N16/2017/06,gsi_dated_positive,1,Assam,26.18842,91.85125,2017-06-16,44.0,53.0,0.51,96.0,29.65,0.5079,59,0.0
MEG/RB/78O14/2017/01,gsi_dated_positive,1,Meghalaya,25.663444,91.915944,2017-06-17,56.6,97.7,0.51,948.0,16.13,0.2489,72,1.348
JK/Katra/43K/13& 16/RD 0/850,gsi_dated_positive,1,Jammu & Kashmir,33.02986111,74.93555556,2017-07-01,3.0,147.3,0.485,1355.0,54.27,0.3862,22,0.67
ASM/KAM/78N16/2017/09,gsi_dated_positive,1,Assam,26.20536,91.86497,2017-07-03,66.9,146.9,0.512,69.0,15.83,,39,2.329
ASM/KAM/78N16/2017/07,gsi_dated_positive,1,Assam,26.37456,91.84561,2017-07-04,41.6,116.3,0.508,61.0,4.23,,0,18.181
ASM/KAM/78N16/2017/08,gsi_dated_positive,1,Assam,26.19081,91.84528,2017-07-04,36.8,130.6,0.505,67.0,23.03,,59,0.652
SK/ED/78A12/2017/01,gsi_dated_positive,1,Sikkim,27.24144,88.60681,2017-07-09,96.9,168.6,0.434,1382.0,21.82,,126,0.64
UK/Pithoragarh/62B/12- 2017/00,gsi_dated_positive,1,Uttarakhand,30.00561111,80.71802778,2017-08-14,4.4,42.7,0.416,1635.0,17.51,,14,0.119
Tamil Nadu/Dindigul/58F/11/2017/01.,gsi_dated_positive,1,Tamil Nadu,10.29675,77.55144444,2017-09-02,,,,1650.0,43.05,,117,0.0
Tamil Nadu/Dindigul/58F/11/2017/03.,gsi_dated_positive,1,Tamil Nadu,10.30719444,77.55527778,2017-09-02,17.1,33.7,0.417,1618.0,41.63,,114,0.122
Tamil Nadu/Dindigul/58F/11/2017/04.,gsi_dated_positive,1,Tamil Nadu,10.30777778,77.55672222,2017-09-02,17.1,33.7,0.417,1635.0,47.09,,113,0.171
Tamil Nadu/Dindigul/58F/11/2017/05.,gsi_dated_positive,1,Tamil Nadu,10.31041667,77.56047222,2017-09-02,17.1,33.7,0.417,1671.0,31.09,,108,0.035
Tamil Nadu/Dindigul/58F/11/2017/06.,gsi_dated_positive,1,Tamil Nadu,10.31061111,77.56072222,2017-09-02,17.1,33.7,0.417,1668.0,30.86,,109,0.035
Tamil Nadu/Nilgiri/58A/15/2017/03.,gsi_dated_positive,1,Tamil Nadu,11.41589167,76.817125,2017-09-10,6.2,40.5,0.422,2002.0,26.14,,337,0.008
Tamil Nadu/Nilgiri/58A/07/2017/03.,gsi_dated_positive,1,Tamil Nadu,11.44088889,76.39384444,2017-09-12,22.5,35.2,0.505,684.0,45.72,,90,0.324
Tamil Nadu/Nilgiri/58A/11/2017/02.,gsi_dated_positive,1,Tamil Nadu,11.35680278,76.69265833,2017-09-12,8.4,20.1,0.421,2128.0,23.33,,235,0.199
Tamil Nadu/Nilgiri/58A/15/2017/01.,gsi_dated_positive,1,Tamil Nadu,11.33736111,76.82255556,2017-09-12,15.2,30.3,0.426,1178.0,20.68,,344,0.131
NL/KOH/83K02/2022/001,gsi_dated_positive,1,Nagaland,25.71711111,94.08561111,2017-10-29,16.3,18.3,0.484,1361.0,18.64,,263,0.0
Mizoram/Aizawl/84A09/2018/0 02,gsi_dated_positive,1,Mizoram,24.80375556,92.733375,2018-04-28,0.3,2.6,0.422,19.0,2.33,0.3609,1,8.419
MN/TMG/83H01/2018/001,gsi_dated_positive,1,Manipur,24.985167,93.508306,2018-05-03,6.6,31.6,0.405,1238.0,18.55,0.3086,53,0.172
MEG/EJH/83CO8/2018/01,gsi_dated_positive,1,Meghalaya,25.09178,92.35469,2018-05-07,125.9,304.3,0.511,159.0,28.88,0.3408,86,0.0
TR/GMT/79 M09/2018/008,gsi_dated_positive,1,Tripura,23.980333,91.475278,2018-05-18,26.6,84.2,0.426,82.0,12.27,0.7341,2,3.339
TR/WTR/78P08/2018/001,gsi_dated_positive,1,Tripura,24.781694,93.776056,2018-05-18,5.4,9.8,0.478,991.0,19.18,0.2265,52,0.165
TR/WTR/79 M09/2018/004,gsi_dated_positive,1,Tripura,24.003417,91.45425,2018-05-18,,,,63.0,16.43,0.4823,2,1.02
TR/WTR/79M05/2018/003,gsi_dated_positive,1,Tripura,24.325444,94.232583,2018-05-18,5.5,13.4,0.391,413.0,36.74,0.3124,25,0.343
TR/GMT/79 M10/2018/006,gsi_dated_positive,1,Tripura,23.793444,91.552056,2018-05-20,31.8,81.4,0.425,140.0,11.43,0.7406,2,0.175
TR/GMT/79M10/2018/007,gsi_dated_positive,1,Tripura,23.794253,91.553533,2018-05-20,31.8,81.4,0.425,144.0,8.14,0.5199,2,0.175
MN/NON/83H13/2018/001,gsi_dated_positive,1,Manipur,24.9252,94.3371,2018-06-06,5.7,16.9,0.417,1490.0,34.89,0.2392,41,0.004
Tamil Nadu/Coimbatore/58B/15/2018 /02.,gsi_dated_positive,1,Tamil Nadu,10.30816944,76.88727222,2018-06-09,91.8,192.1,0.43,1016.0,21.79,,64,0.846
Tamil Nadu/Coimbatore/58B/15/2018 /03.,gsi_dated_positive,1,Tamil Nadu,10.32735278,76.96034167,2018-06-09,65.8,119.9,0.43,1109.0,3.05,,156,0.241
Tamil Nadu/Coimbatore/58B/15/2018 /04.,gsi_dated_positive,1,Tamil Nadu,10.37085833,76.99396667,2018-06-09,76.4,124.3,0.43,1386.0,29.3,,184,0.023
Tamil Nadu/Coimbatore/58B/15/2018 /01.,gsi_dated_positive,1,Tamil Nadu,10.351675,76.93656111,2018-06-10,68.4,174.0,0.43,1068.0,18.7,,126,0.014
Tamil Nadu/Coimbatore/58B/15/2018 /05,gsi_dated_positive,1,Tamil Nadu,10.38453333,76.99467222,2018-06-10,62.3,177.9,0.43,1448.0,28.74,,159,0.004
MN/UKH/83L01/2018/48,gsi_dated_positive,1,Manipur,24.983528,94.158333,2018-06-12,65.9,105.4,0.512,1118.0,18.14,0.4508,35,0.022
AS/DH/83C16/2018/001,gsi_dated_positive,1,Assam,26.11,94.76,2018-06-14,16.1,159.6,0.51,1005.0,22.8,,4,9.505
AS/DH/83C16/2018/002,gsi_dated_positive,1,Assam,25.146306,93.942167,2018-06-14,29.8,233.0,0.511,1283.0,16.57,,4,0.051
AS/DH/83G04/2018/003,gsi_dated_positive,1,Assam,25.224278,93.222861,2018-06-14,63.8,290.0,0.506,622.0,16.8,,43,3.158
AS/DH/83G04/2018/004,gsi_dated_positive,1,Assam,26.098167,91.881278,2018-06-14,10.1,26.1,0.504,83.0,5.23,,36,0.355
MN/UKH/83L05/2018/001,gsi_dated_positive,1,Manipur,22.873558,92.755953,2018-06-14,33.7,251.5,0.428,1072.0,26.04,,105,0.0
MN/TAM/83H05/2018/1,gsi_dated_positive,1,Manipur,24.983806,93.497528,2018-06-22,16.8,32.1,0.424,1156.0,14.44,,52,0.217
MIZ/AZL/2022/53,gsi_dated_positive,1,Mizoram,23.73053889,92.716019,2018-06-22,4.3,20.9,0.389,1040.0,30.24,,345,0.075
Nagaland/Kohima/83K- 02/2018/001,gsi_dated_positive,1,Nagaland,25.66772222,94.08908333,2018-07-08,47.6,129.7,0.511,1338.0,18.24,,258,0.081
MN/TMG/83H09/2018/001,gsi_dated_positive,1,Manipur,25.047833,92.789306,2018-07-11,8.0,24.7,0.498,107.0,26.76,,33,0.001
KL/KTM/58C/14/2018/26,gsi_dated_positive,1,Kerala,9.74295,76.82049167,2018-07-15,85.1,210.3,0.51,741.0,30.71,,47,0.143
KL/KTM/58C/14/2018/27,gsi_dated_positive,1,Kerala,9.743238889,76.81921667,2018-07-16,75.6,228.4,0.512,670.0,39.58,,47,0.143
HP/SIR/53F06 /2018/02,gsi_dated_positive,1,Himachal Pradesh,30.62602778,77.50877778,2018-07-26,42.2,60.1,0.503,1454.0,32.59,0.5315,175,1.938
MN/TGPL/83L03/2018/009,gsi_dated_positive,1,Manipur,24.813306,93.243417,2018-08-02,7.1,44.4,0.422,122.0,22.89,,18,0.193
H.P./MANDI/53A014/2018/08,gsi_dated_positive,1,Himachal Pradesh,31.50016194,76.87331194,2018-08-03,8.8,15.3,0.389,859.0,51.65,0.0829,68,0.038
KER/WYD/49M14/2018/38,gsi_dated_positive,1,Kerala,11.55283333,75.99897222,2018-08-08,40.7,96.4,0.513,980.0,4.83,,129,0.331
KER/WYD/49M14/2018/45,gsi_dated_positive,1,Kerala,11.69177778,75.94311111,2018-08-08,55.8,133.6,0.514,819.0,30.03,,55,0.393
KER/WYD/49M14/2018/47,gsi_dated_positive,1,Kerala,11.67075,75.93683333,2018-08-08,,,,823.0,18.01,,64,0.284
KER/WYD/58A2/2018/113,gsi_dated_positive,1,Kerala,11.59002778,76.2085,2018-08-08,25.8,57.2,0.513,878.0,22.22,,56,1.517
KER/WYD/58A2/2018/114,gsi_dated_positive,1,Kerala,11.58425,76.19588889,2018-08-08,25.8,57.2,0.513,798.0,9.1,,73,0.113
KER/WYD/58A2/2018/28,gsi_dated_positive,1,Kerala,11.54197222,76.00038889,2018-08-08,40.7,96.4,0.513,986.0,14.22,,128,0.519
KER/WYD/58A2/2018/29,gsi_dated_positive,1,Kerala,11.53919444,76.00422222,2018-08-08,40.7,96.4,0.513,884.0,12.94,,128,0.519
KER/WYD/58A2/2018/30,gsi_dated_positive,1,Kerala,11.54044444,76.01061111,2018-08-08,40.7,96.4,0.513,827.0,12.77,,127,0.472
KER/WYD/58A2/2018/32,gsi_dated_positive,1,Kerala,11.54483333,76.01169444,2018-08-08,40.7,96.4,0.513,846.0,21.25,,131,0.096
KER/WYD/58A2/2018/33,gsi_dated_positive,1,Kerala,11.54777778,76.00877778,2018-08-08,40.7,96.4,0.513,889.0,28.81,,128,0.049
KER/WYD/58A2/2018/34,gsi_dated_positive,1,Kerala,11.54769444,76.00922222,2018-08-08,40.7,96.4,0.513,909.0,34.73,,129,0.049
KER/WYD/58A2/2018/37,gsi_dated_positive,1,Kerala,11.549,76.00258333,2018-08-08,40.7,96.4,0.513,928.0,14.14,,130,0.58
KER/WYD/58A2/2018/41,gsi_dated_positive,1,Kerala,11.55875,76.00136111,2018-08-08,,,,1027.0,14.95,,129,0.327
KER/WYD/58A2/2018/42,gsi_dated_positive,1,Kerala,11.55580556,76.00141667,2018-08-08,40.7,96.4,0.513,943.0,19.96,,130,0.081
KER/WYD/58A2/2018/43,gsi_dated_positive,1,Kerala,11.55508333,76.00147222,2018-08-08,40.7,96.4,0.513,953.0,12.42,,130,0.081
KER/WYD/58A2/2018/48,gsi_dated_positive,1,Kerala,11.58427778,76.06791667,2018-08-08,31.0,65.7,0.507,837.0,1.53,,126,0.506
KER/WYD/58A2/2018/49,gsi_dated_positive,1,Kerala,11.53666667,76.03577778,2018-08-08,40.7,96.4,0.513,756.0,18.67,,137,0.327
KER/WYD/58A2/2018/50,gsi_dated_positive,1,Kerala,11.53636111,76.04152778,2018-08-08,40.7,96.4,0.513,768.0,19.2,,141,0.627
KER/WYD/58A2/2018/51,gsi_dated_positive,1,Kerala,11.54516667,76.04319827,2018-08-08,40.7,96.4,0.513,740.0,5.5,,141,0.189
KER/WYD/58A2/2018/52,gsi_dated_positive,1,Kerala,11.52961111,76.04455556,2018-08-08,53.0,118.9,0.514,793.0,18.06,,155,0.82
KER/WYD/58A2/2018/53,gsi_dated_positive,1,Kerala,11.53786111,76.059,2018-08-08,47.2,95.5,0.514,916.0,20.79,,164,0.807
KER/WYD/58A2/2018/54,gsi_dated_positive,1,Kerala,11.54494444,76.04491667,2018-08-08,40.7,96.4,0.513,746.0,12.15,,141,0.189
KER/WYD/58A2/2018/55,gsi_dated_positive,1,Kerala,11.54602778,76.04630278,2018-08-08,40.7,96.4,0.513,763.0,19.15,,146,0.193
KER/WYD/58A2/2018/56,gsi_dated_positive,1,Kerala,11.54412759,76.05525848,2018-08-08,40.7,96.4,0.513,850.0,18.5,,159,0.622
KER/WYD/58A2/2018/57,gsi_dated_positive,1,Kerala,11.54969444,76.05577778,2018-08-08,40.7,96.4,0.513,858.0,15.58,,154,0.622
KER/WYD/58A2/2018/58,gsi_dated_positive,1,Kerala,11.56612222,76.05433333,2018-08-08,40.7,96.4,0.513,809.0,15.85,,137,1.166
KER/WYD/58A2/2018/64,gsi_dated_positive,1,Kerala,11.55233333,76.10127778,2018-08-08,47.2,95.5,0.514,991.0,11.78,,156,0.002
KER/WYD/58A2/2018/67,gsi_dated_positive,1,Kerala,11.5535,76.08627778,2018-08-08,47.2,95.5,0.514,1081.0,25.01,,156,0.052
KER/WYD/58A2/2018/73,gsi_dated_positive,1,Kerala,11.59138889,76.088,2018-08-08,31.0,65.7,0.507,751.0,9.59,,124,0.949
KER/WYD/58A2/2018/74,gsi_dated_positive,1,Kerala,11.58430556,76.05083333,2018-08-08,40.7,96.4,0.513,781.0,13.83,,125,0.308
KER/WYD/58A2/2018/76,gsi_dated_positive,1,Kerala,11.58516667,76.04786111,2018-08-08,40.7,96.4,0.513,769.0,9.7,,122,0.065
KER/WYD/58A2/2018/86,gsi_dated_positive,1,Kerala,11.56669444,76.11777778,2018-08-08,47.2,95.5,0.514,817.0,19.2,,136,0.116
KER/WYD/49M13/2018/128,gsi_dated_positive,1,Kerala,11.90919444,75.99958333,2018-08-09,9.7,42.6,0.506,832.0,14.16,,17,0.122
KER/WYD/49M13/2018/129,gsi_dated_positive,1,Kerala,11.91005556,75.99888889,2018-08-09,9.7,42.6,0.506,833.0,12.44,,17,0.122
KER/WYD/49M13/2018/130,gsi_dated_positive,1,Kerala,11.90366667,75.99972222,2018-08-09,9.7,42.6,0.506,778.0,12.07,,19,0.615
KER/WYD/49M13/2018/135,gsi_dated_positive,1,Kerala,11.83938889,75.95588889,2018-08-09,20.9,89.1,0.51,741.0,13.45,,50,0.436
KER/WYD/49M13/2018/136,gsi_dated_positive,1,Kerala,11.84044444,75.95202778,2018-08-09,20.9,89.1,0.51,741.0,10.7,,52,0.066
KER/WYD/49M13/2018/137,gsi_dated_positive,1,Kerala,11.84061111,75.95144444,2018-08-09,20.9,89.1,0.51,739.0,9.71,,51,0.066
KER/WYD/49M13/2018/138,gsi_dated_positive,1,Kerala,11.84066667,75.94527778,2018-08-09,20.9,89.1,0.51,748.0,9.11,,49,0.223
KER/WYD/49M13/2018/139,gsi_dated_positive,1,Kerala,11.83913889,75.94394444,2018-08-09,20.9,89.1,0.51,754.0,14.97,,49,0.223
KER/WYD/49M13/2018/140,gsi_dated_positive,1,Kerala,11.83702778,75.94019444,2018-08-09,38.1,148.1,0.511,742.0,3.42,,47,0.471
KER/WYD/49M13/2018/141,gsi_dated_positive,1,Kerala,11.83477778,75.93636111,2018-08-09,38.1,148.1,0.511,731.0,15.04,,46,0.451
KER/WYD/49M13/2018/142,gsi_dated_positive,1,Kerala,11.83644444,75.93258333,2018-08-09,38.1,148.1,0.511,728.0,19.22,,48,0.065
KER/WYD/49M13/2018/143,gsi_dated_positive,1,Kerala,11.83658333,75.932,2018-08-09,38.1,148.1,0.511,720.0,11.01,,48,0.065
KER/WYD/49M13/2018/144,gsi_dated_positive,1,Kerala,11.83830556,75.92672222,2018-08-09,38.1,148.1,0.511,730.0,20.37,,51,0.138
KER/WYD/49M13/2018/145,gsi_dated_positive,1,Kerala,11.83913889,75.92577778,2018-08-09,38.1,148.1,0.511,733.0,14.97,,51,0.138
KER/WYD/49M13/2018/146,gsi_dated_positive,1,Kerala,11.83963889,75.91594444,2018-08-09,38.1,148.1,0.511,704.0,11.01,,53,0.227
KER/WYD/49M13/2018/147,gsi_dated_positive,1,Kerala,11.83827778,75.9175,2018-08-09,38.1,148.1,0.511,718.0,11.51,,50,0.227
KER/WYD/49M13/2018/149,gsi_dated_positive,1,Kerala,11.83255556,75.96986111,2018-08-09,20.9,89.1,0.51,738.0,16.13,,47,1.7
KER/WYD/49M14/2018/123,gsi_dated_positive,1,Kerala,11.66852778,75.96925,2018-08-09,,,,745.0,16.63,,48,0.161
KER/WYD/58A1/2018/125,gsi_dated_positive,1,Kerala,11.90411111,76.01644444,2018-08-09,9.7,42.6,0.506,813.0,11.02,,16,0.037
KER/WYD/58A1/2018/126,gsi_dated_positive,1,Kerala,11.90438889,76.01625,2018-08-09,9.7,42.6,0.506,816.0,8.86,,15,0.037
KER/WYD/58A1/2018/127,gsi_dated_positive,1,Kerala,11.90288889,76.01180556,2018-08-09,9.7,42.6,0.506,805.0,12.95,,16,0.512
KER/WYD/58A1/2018/131,gsi_dated_positive,1,Kerala,11.87958333,76.03261111,2018-08-09,9.7,42.6,0.506,839.0,26.24,,15,2.543
KER/WYD/58A1/2018/132,gsi_dated_positive,1,Kerala,11.84219444,76.03925,2018-08-09,14.0,52.5,0.509,770.0,10.7,,17,2.816
KER/WYD/58A1/2018/133,gsi_dated_positive,1,Kerala,11.75983333,76.01458333,2018-08-09,19.3,58.1,0.505,747.0,12.16,,5,1.638
KER/WYD/58A1/2018/134,gsi_dated_positive,1,Kerala,11.76883333,76.00266667,2018-08-09,26.6,88.9,0.509,749.0,15.25,,14,1.638
KER/WYD/58A2/2018/104,gsi_dated_positive,1,Kerala,11.568611,76.019722,2018-08-09,54.3,131.2,0.51,799.0,21.65,,120,0.111
KER/WYD/58A2/2018/105,gsi_dated_positive,1,Kerala,11.567777,76.028333,2018-08-09,54.3,131.2,0.51,752.0,15.24,,119,0.355
KER/WYD/58A2/2018/106,gsi_dated_positive,1,Kerala,11.55055,76.035,2018-08-09,,,,803.0,10.9,,129,0.397
KER/WYD/58A2/2018/107,gsi_dated_positive,1,Kerala,11.54,76.027222,2018-08-09,54.3,131.2,0.51,775.0,15.24,,132,0.125
KER/WYD/58A2/2018/108,gsi_dated_positive,1,Kerala,11.5375,76.0275,2018-08-09,54.3,131.2,0.51,756.0,13.43,,131,0.156
KER/WYD/58A2/2018/109,gsi_dated_positive,1,Kerala,11.53888,76.02722,2018-08-09,54.3,131.2,0.51,760.0,17.83,,132,0.125
KER/WYD/58A2/2018/110,gsi_dated_positive,1,Kerala,11.54888,76.39166,2018-08-09,24.7,59.6,0.508,984.0,12.85,,40,2.002
KER/WYD/58A2/2018/111,gsi_dated_positive,1,Kerala,11.55,76.0386,2018-08-09,54.3,131.2,0.51,773.0,13.83,,133,0.31
KER/WYD/58A2/2018/118,gsi_dated_positive,1,Kerala,11.59269444,76.03736111,2018-08-09,54.3,131.2,0.51,764.0,18.67,,117,0.325
KER/WYD/58A2/2018/119,gsi_dated_positive,1,Kerala,11.59316667,76.03441667,2018-08-09,54.3,131.2,0.51,747.0,7.75,,119,0.325
KER/WYD/58A2/2018/124,gsi_dated_positive,1,Kerala,11.59483333,76.08002778,2018-08-09,39.0,94.0,0.504,756.0,18.5,,124,0.66
KER/WYD/58A2/2018/150,gsi_dated_positive,1,Kerala,11.60169444,76.06908333,2018-08-09,39.0,94.0,0.504,761.0,23.77,,122,0.094
KER/WYD/58A2/2018/151,gsi_dated_positive,1,Kerala,11.60177778,76.06994444,2018-08-09,39.0,94.0,0.504,769.0,23.77,,122,0.094
KER/WYD/58A2/2018/152,gsi_dated_positive,1,Kerala,11.59652778,76.02827325,2018-08-09,54.3,131.2,0.51,759.0,14.14,,118,0.766
KER/WYD/58A2/2018/153,gsi_dated_positive,1,Kerala,11.62777778,76.02786111,2018-08-09,53.4,121.2,0.509,739.0,13.84,,94,2.08
KER/WYD/58A2/2018/154,gsi_dated_positive,1,Kerala,11.64625,76.03088889,2018-08-09,,,,741.0,19.77,,66,2.08
KER/WYD/58A2/2018/23,gsi_dated_positive,1,Kerala,11.55277778,76.03888889,2018-08-09,54.3,131.2,0.51,750.0,9.59,,130,0.31
KER/WYD/58A2/2018/24,gsi_dated_positive,1,Kerala,11.58477778,76.03427778,2018-08-09,54.3,131.2,0.51,808.0,19.96,,123,0.445
KER/WYD/58A2/2018/25,gsi_dated_positive,1,Kerala,11.58519444,76.039,2018-08-09,54.3,131.2,0.51,776.0,12.15,,120,0.08
KER/WYD/58A2/2018/26,gsi_dated_positive,1,Kerala,11.58455556,76.03836111,2018-08-09,54.3,131.2,0.51,767.0,24.12,,121,0.099
KER/WYD/58A2/2018/27,gsi_dated_positive,1,Kerala,11.5855,76.03833333,2018-08-09,54.3,131.2,0.51,785.0,15.85,,121,0.08
KER/WYD/58A2/2018/61,gsi_dated_positive,1,Kerala,11.62494434,76.10330032,2018-08-09,39.0,94.0,0.504,906.0,23.85,,73,0.291
KER/WYD/58A2/2018/62,gsi_dated_positive,1,Kerala,11.62322222,76.10641667,2018-08-09,39.0,94.0,0.504,926.0,16.44,,73,0.39
KER/WYD/58A2/2018/63,gsi_dated_positive,1,Kerala,11.55683333,76.12963889,2018-08-09,48.0,130.5,0.509,863.0,26.94,,127,0.336
KER/WYD/58A2/2018/65,gsi_dated_positive,1,Kerala,11.55458333,76.09483333,2018-08-09,48.0,130.5,0.509,1021.0,30.85,,157,0.224
KER/WYD/58A2/2018/78,gsi_dated_positive,1,Kerala,11.56875,76.04397222,2018-08-09,,,,786.0,16.05,,129,0.249
KER/WYD/58A2/2018/79,gsi_dated_positive,1,Kerala,11.57127778,76.04416667,2018-08-09,54.3,131.2,0.51,774.0,9.59,,131,0.206
KER/WYD/58A2/2018/82,gsi_dated_positive,1,Kerala,11.56580556,76.11833333,2018-08-09,48.0,130.5,0.509,807.0,19.2,,138,0.116
KER/WYD/58A2/2018/84,gsi_dated_positive,1,Kerala,11.53444444,76.02647222,2018-08-09,54.3,131.2,0.51,763.0,20.36,,133,0.226
KER/WYD/58A2/2018/87,gsi_dated_positive,1,Kerala,11.54316667,76.178,2018-08-09,48.2,111.0,0.509,874.0,7.61,,96,0.17
KER/WYD/58A2/2018/88,gsi_dated_positive,1,Kerala,11.54819444,76.20772222,2018-08-09,48.2,111.0,0.509,869.0,18.88,,85,1.428
KER/WYD/58A2/2018/90,gsi_dated_positive,1,Kerala,11.578055,76.110833,2018-08-09,48.0,130.5,0.509,763.0,12.42,,126,1.366
KER/WYD/58A2/2018/91,gsi_dated_positive,1,Kerala,11.568888,76.126666,2018-08-09,48.0,130.5,0.509,788.0,14.95,,132,0.89
KER/WYD/58A2/2018/92,gsi_dated_positive,1,Kerala,11.530277,76.14,2018-08-09,51.8,168.4,0.428,828.0,31.34,,107,0.6
KER/WYD/58A2/2018/94,gsi_dated_positive,1,Kerala,11.502222,76.164722,2018-08-09,42.7,114.2,0.508,847.0,22.89,,94,0.0
6863,gsi_dated_positive,1,Karnataka,12.47957,75.713107,2018-08-15,62.3,183.0,0.508,1086.0,28.8,,138,0.052
KL/TSR/58B/07/2019/38,gsi_dated_positive,1,Kerala,10.48799444,76.32170278,2018-08-15,105.3,239.9,0.515,42.0,3.41,,26,0.05
KL/TSR/58B/07/2019/39,gsi_dated_positive,1,Kerala,10.48781389,76.32260278,2018-08-15,105.3,239.9,0.515,59.0,23.69,,26,0.067
KAR/KOD/48P11/2018/09,gsi_dated_positive,1,Karnataka,12.41302222,75.73569167,2018-08-16,83.7,201.2,0.509,1065.0,16.68,,133,0.128
KAR/KOD/48P11/2018/10,gsi_dated_positive,1,Karnataka,12.41206944,75.73421944,2018-08-16,83.7,201.2,0.509,1053.0,25.78,,131,0.073
KAR/KOD/48P11/2018/16,gsi_dated_positive,1,Karnataka,12.44961944,75.67183611,2018-08-16,83.7,201.2,0.509,1078.0,10.73,,117,1.074
KAR/KOD/48P11/2018/59,gsi_dated_positive,1,Karnataka,12.42281111,75.73883889,2018-08-16,83.7,201.2,0.509,1133.0,12.19,,135,0.532
KAR/KOD/48P15/2018/37,gsi_dated_positive,1,Karnataka,12.46079611,75.77621722,2018-08-16,89.8,221.1,0.51,1160.0,22.07,,100,0.289
KAR/KOD/48P15/2018/38,gsi_dated_positive,1,Karnataka,12.46072556,75.78086694,2018-08-16,89.8,221.1,0.51,1067.0,12.98,,97,0.374
KAR/KOD/48P15/2018/39,gsi_dated_positive,1,Karnataka,12.45886667,75.77799944,2018-08-16,89.8,221.1,0.51,1127.0,8.88,,99,0.289
KAR/KOD/48P15/2018/40,gsi_dated_positive,1,Karnataka,12.46076389,75.76718889,2018-08-16,89.8,221.1,0.51,1091.0,17.41,,108,0.474
KAR/KOD/48P15/2018/42,gsi_dated_positive,1,Karnataka,12.44222222,75.75735833,2018-08-16,89.8,221.1,0.51,1173.0,10.73,,136,1.297
KAR/KOD/48P15/2018/48,gsi_dated_positive,1,Karnataka,12.48675833,75.78433333,2018-08-16,89.8,221.1,0.51,897.0,13.48,,78,0.328
KAR/KOD/48P15/2018/49,gsi_dated_positive,1,Karnataka,12.48693694,75.78735278,2018-08-16,89.8,221.1,0.51,901.0,19.26,,70,0.117
KAR/KOD/48P15/2018/49A,gsi_dated_positive,1,Karnataka,12.48650278,75.7883375,2018-08-16,89.8,221.1,0.51,909.0,7.63,,70,0.117
KAR/KOD/48P15/2018/50,gsi_dated_positive,1,Karnataka,12.48655778,75.79119194,2018-08-16,89.8,221.1,0.51,900.0,27.02,,64,0.31
KAR/KOD/48P15/2018/81,gsi_dated_positive,1,Karnataka,12.43415,75.73625278,2018-08-16,83.7,201.2,0.509,1163.0,13.64,,135,0.387
KL/KTM/58C/14/2018/25,gsi_dated_positive,1,Kerala,9.731455556,76.81583333,2018-08-16,150.1,466.1,0.51,473.0,31.08,,41,0.674
KL/MAL/58A03/2018/17,gsi_dated_positive,1,Kerala,11.347728,76.095533,2018-08-16,121.4,366.5,0.43,756.0,13.13,,142,0.0
KL/PTMT/58C/15/2018/14,gsi_dated_positive,1,Kerala,9.324669444,76.87481667,2018-08-16,81.3,241.4,0.512,63.0,4.79,,16,0.4
KL/TSR/58B/06/2019/16,gsi_dated_positive,1,Kerala,10.50783333,76.33771389,2018-08-16,89.5,291.1,0.511,45.0,14.9,,34,0.215
KL/TSR/58B/06/2019/17,gsi_dated_positive,1,Kerala,10.50971111,76.33816667,2018-08-16,89.5,291.1,0.511,56.0,10.86,,36,0.215
KL/TSR/58B/06/2019/23,gsi_dated_positive,1,Kerala,10.31509722,76.7335,2018-08-16,123.1,424.8,0.511,930.0,16.56,,16,0.515
KL/TSR/58B/06/2019/34,gsi_dated_positive,1,Kerala,10.30290278,76.75796944,2018-08-16,92.1,328.2,0.43,892.0,30.43,,25,0.732
KL/TSR/58B/07/2019/04,gsi_dated_positive,1,Kerala,10.30133333,76.41955556,2018-08-16,85.9,283.4,0.509,37.0,8.56,,9,1.592
KL/TSR/58B/07/2019/05,gsi_dated_positive,1,Kerala,10.30375,76.43389722,2018-08-16,95.1,334.4,0.513,175.0,24.95,,9,1.043
KL/TSR/58B/07/2019/06,gsi_dated_positive,1,Kerala,10.30137778,76.443125,2018-08-16,95.1,334.4,0.513,82.0,20.98,,9,1.043
KL/TSR/58B/07/2019/07,gsi_dated_positive,1,Kerala,10.29847222,76.45830556,2018-08-16,95.1,334.4,0.513,97.0,27.59,,8,1.692
KL/TSR/58B/11/2019/11,gsi_dated_positive,1,Kerala,10.31431944,76.63327778,2018-08-16,133.0,473.5,0.511,427.0,15.52,,9,1.13
KL/TSR/58B/11/2019/27,gsi_dated_positive,1,Kerala,10.29035278,76.67788056,2018-08-16,113.7,399.8,0.514,502.0,26.02,,15,0.349
KL/TSR/58B/11/2019/28,gsi_dated_positive,1,Kerala,10.29038889,76.67469444,2018-08-16,113.7,399.8,0.514,456.0,13.46,,15,0.349
KL/TSR/58B/11/2019/29,gsi_dated_positive,1,Kerala,10.30348056,76.705925,2018-08-16,113.7,399.8,0.514,523.0,23.21,,17,0.693
KL/TSR/58B/11/2019/30,gsi_dated_positive,1,Kerala,10.30573333,76.74543611,2018-08-16,92.1,328.2,0.43,792.0,40.89,,22,0.066
KL/TSR/58B/11/2019/31,gsi_dated_positive,1,Kerala,10.30611944,76.74497778,2018-08-16,123.1,424.8,0.511,779.0,35.3,,22,0.066
KL/TSR/58B/11/2019/32,gsi_dated_positive,1,Kerala,10.30677778,76.74486944,2018-08-16,92.1,328.2,0.43,802.0,39.33,,22,0.074
KL/TSR/58B/15/2019/24,gsi_dated_positive,1,Kerala,10.29346111,76.840075,2018-08-16,146.2,447.9,0.43,883.0,27.68,,38,0.589
KL/TSR/58B/15/2019/25,gsi_dated_positive,1,Kerala,10.29894722,76.832175,2018-08-16,146.2,447.9,0.43,877.0,27.68,,37,0.047
KL/TSR/58B/15/2019/26,gsi_dated_positive,1,Kerala,10.29924167,76.83186667,2018-08-16,146.2,447.9,0.43,869.0,24.29,,37,0.047
KL/TSR/58B/15/2019/33,gsi_dated_positive,1,Kerala,10.301875,76.75135833,2018-08-16,92.1,328.2,0.43,838.0,27.59,,24,0.732
KL/TSR/58B/15/2019/35,gsi_dated_positive,1,Kerala,10.30138333,76.78339444,2018-08-16,92.1,328.2,0.43,880.0,23.05,,27,0.061
KL/TSR/58B/15/2019/36,gsi_dated_positive,1,Kerala,10.29795833,76.82603611,2018-08-16,146.2,447.9,0.43,916.0,12.1,,36,0.443
KL/TSR/58B/15/2019/37,gsi_dated_positive,1,Kerala,10.30053056,76.82913056,2018-08-16,146.2,447.9,0.43,882.0,29.43,,35,0.332
KAR/KOD/48P11/2018/15,gsi_dated_positive,1,Karnataka,12.43607306,75.66980889,2018-08-17,92.9,298.6,0.513,752.0,25.61,,116,0.452
KAR/KOD/48P15/2018/41,gsi_dated_positive,1,Karnataka,12.4626,75.76325278,2018-08-17,66.5,218.6,0.508,1059.0,16.99,,115,0.474
H.P./SOL/53F01/2018/09,gsi_dated_positive,1,Himachal Pradesh,30.88988889,77.07122222,2018-08-18,5.5,22.1,0.416,1806.0,47.54,,339,0.044
KAR/KOD/48P11/2018/26,gsi_dated_positive,1,Karnataka,12.41637,75.68655861,2018-08-18,45.7,197.9,0.511,903.0,14.19,,116,0.119
KAR/KOD/48P11/2018/27,gsi_dated_positive,1,Karnataka,12.41743806,75.686465,2018-08-18,45.7,197.9,0.511,870.0,20.42,,116,0.119
NL/KOH/83K02/2023/58,gsi_dated_positive,1,Nagaland,25.85442778,94.15844444,2018-08-23,1.4,12.4,0.489,1532.0,33.03,,48,0.12
NL/KOH/83K02/2023/59,gsi_dated_positive,1,Nagaland,25.857991,94.159346,2018-08-23,1.4,12.4,0.489,1489.0,41.68,,47,0.18
AS/KRP/78N/16/2018/003,gsi_dated_positive,1,Assam,26.11266667,91.85388889,2018-08-24,17.2,41.4,0.508,188.0,27.18,,50,0.0
AS/KRP/78N16/2018/001,gsi_dated_positive,1,Assam,26.112667,91.853889,2018-08-24,17.2,41.4,0.508,188.0,27.18,,50,0.0
AS/KRP/78N16/2018/003,gsi_dated_positive,1,Assam,26.195306,91.765639,2018-08-24,31.6,74.5,0.509,85.0,7.18,,78,0.0
UK_Tehri_Kot_Slide 01,gsi_dated_positive,1,Uttarakhand,30.59461111,78.68130556,2018-08-29,14.6,45.8,0.506,1745.0,34.2,,137,0.02
UK_Tehri_Kot_Slide 02,gsi_dated_positive,1,Uttarakhand,30.59472222,78.68147222,2018-08-29,14.6,45.8,0.506,1742.0,34.98,,136,0.02
AS/KRP/78N16/2018/002,gsi_dated_positive,1,Assam,26.19530556,91.76563889,2018-08-31,18.1,34.8,0.503,85.0,7.18,,78,0.0
KL/PTMT/58C/16/2018/41,gsi_dated_positive,1,Kerala,9.170569444,76.87509167,2018-10-13,26.0,44.0,0.499,74.0,15.73,,14,0.15
KL/PTMT/58C/16/2018/42,gsi_dated_positive,1,Kerala,9.170291667,76.87375278,2018-10-13,26.0,44.0,0.499,63.0,12.84,,14,0.06
KL/PTMT/58C/16/2018/44,gsi_dated_positive,1,Kerala,9.170822222,76.87366111,2018-10-13,26.0,44.0,0.499,64.0,19.57,,14,0.06
KL/PTMT/58C/16/2018/45,gsi_dated_positive,1,Kerala,9.164555556,76.87303056,2018-10-13,26.0,44.0,0.499,88.0,19.22,,12,0.0
KL/PTMT/58C/16/2018/46,gsi_dated_positive,1,Kerala,9.166425,76.87938333,2018-10-13,26.0,44.0,0.499,137.0,20.41,,14,0.659
KL/PTMT/58C/16/2018/47,gsi_dated_positive,1,Kerala,9.167266667,76.86105556,2018-10-13,26.0,44.0,0.499,79.0,13.42,,12,1.01
KL/PTMT/58C/16/2018/48,gsi_dated_positive,1,Kerala,9.176258333,76.85974722,2018-10-13,26.0,44.0,0.499,54.0,7.55,,12,0.369
KL/PTMT/58C/16/2018/49,gsi_dated_positive,1,Kerala,9.177086111,76.863,2018-10-13,26.0,44.0,0.499,73.0,19.47,,12,0.369
KL/PTMT/58C/16/2018/50,gsi_dated_positive,1,Kerala,9.184813889,76.86902778,2018-10-13,26.0,44.0,0.499,47.0,16.81,,14,1.085
Tamil Nadu/Dindigul/58F/11/2018/01,gsi_dated_positive,1,Tamil Nadu,10.27858333,77.565575,2018-11-18,10.2,99.6,0.415,1351.0,21.17,,117,0.022
Tamil Nadu/Dindigul/58F/11/2018/02,gsi_dated_positive,1,Tamil Nadu,10.27690833,77.55985833,2018-11-18,9.7,104.5,0.408,1400.0,1.52,,113,0.12
Tamil Nadu/Dindigul/58F/11/2018/03,gsi_dated_positive,1,Tamil Nadu,10.26785,77.55747222,2018-11-18,2.7,106.5,0.403,1435.0,27.83,,116,0.14
Tamil Nadu/Dindigul/58F/11/2018/04,gsi_dated_positive,1,Tamil Nadu,10.26056667,77.467925,2018-11-18,4.6,117.6,0.407,2182.0,28.0,,92,1.504
Tamil Nadu/Dindigul/58F/7/2018/05,gsi_dated_positive,1,Tamil Nadu,10.25370278,77.47976944,2018-11-18,4.6,117.6,0.407,2250.0,31.23,,104,0.427
PDLS/25,gsi_dated_positive,1,Jammu & Kashmir,33.16994444,75.29666667,2019-01-23,2.8,103.3,0.495,909.0,31.26,,56,0.463
PDLS/26,gsi_dated_positive,1,Jammu & Kashmir,33.04477778,75.27886111,2019-01-23,1.7,90.8,0.504,1211.0,20.79,,33,0.0
PDLS/28,gsi_dated_positive,1,Jammu & Kashmir,33.04138889,74.59238889,2019-01-24,0.0,35.3,0.266,721.0,15.78,,8,0.014
PDLS/29,gsi_dated_positive,1,Jammu & Kashmir,33.048,74.61683333,2019-01-24,0.0,35.3,0.266,673.0,27.32,,10,2.382
PDLS/20,gsi_dated_positive,1,Jammu & Kashmir,33.17312778,74.783,2019-03-01,0.5,2.1,0.225,505.0,27.36,,28,3.787
NL/DMR/83F-16/2019/01,gsi_dated_positive,1,Nagaland,26.07256,93.928,2019-05-09,2.4,2.7,0.438,130.0,1.67,,15,0.0
MEG/EKH/78O8/2019/07,gsi_dated_positive,1,Meghalaya,25.23211111,91.37252778,2019-06-27,141.3,206.7,0.512,418.0,15.65,,18,1.631
MEG/EKH/78O8/2019/08,gsi_dated_positive,1,Meghalaya,25.22194444,91.38422222,2019-06-27,141.3,206.7,0.512,240.0,20.49,,16,0.295
MEG/EKH/78O8/2019/11,gsi_dated_positive,1,Meghalaya,25.18688889,91.39855556,2019-06-27,141.3,206.7,0.512,77.0,16.68,,14,0.095
ML/EKH/78O11/2019-20/03,gsi_dated_positive,1,Meghalaya,25.281,91.57330556,2019-07-07,96.7,224.6,0.514,1325.0,14.54,,20,0.381
ASM/KAM/78N16/2019/03,gsi_dated_positive,1,Assam,26.19236111,91.78080556,2019-07-10,34.9,128.8,0.511,91.0,12.04,,78,0.353
MEG/EKH/SHILLONG/02,gsi_dated_positive,1,Meghalaya,25.56663056,91.91370556,2019-07-10,67.0,89.8,0.511,1530.0,10.86,,76,0.082
ASM/KAM/78N12/2019/04,gsi_dated_positive,1,Assam,26.15805556,91.71258333,2019-07-16,18.0,94.4,0.498,85.0,18.83,,72,0.528
MH/PUN/47H10/2021/01,gsi_dated_positive,1,Maharashtra,16.69676667,73.57213889,2019-08-06,71.4,253.0,0.512,195.0,14.45,,5,4.661
TN/NIL/58A07/2019/22,gsi_dated_positive,1,Tamil Nadu,11.39624444,76.48404167,2019-08-06,66.1,137.7,0.43,1937.0,25.01,,11,3.757
TN/NIL/58A11/2019/3,gsi_dated_positive,1,Tamil Nadu,11.459491,76.593253,2019-08-06,30.9,60.0,0.429,2131.0,29.31,,37,0.218
TN/NIL/58A11/2019/4,gsi_dated_positive,1,Tamil Nadu,11.460005,76.591319,2019-08-06,30.9,60.0,0.429,2128.0,25.7,,37,0.218
TN/NIL/58A11/2019/10,gsi_dated_positive,1,Tamil Nadu,11.46975556,76.56556389,2019-08-07,40.2,89.4,0.429,1995.0,19.19,,42,0.06
TN/NIL/58A11/2019/11,gsi_dated_positive,1,Tamil Nadu,11.46933889,76.56520833,2019-08-07,40.2,89.4,0.429,1989.0,7.6,,42,0.06
TN/NIL/58A11/2019/12,gsi_dated_positive,1,Tamil Nadu,11.48909722,76.53898333,2019-08-07,30.5,63.7,0.427,1705.0,34.39,,48,0.185
TN/NIL/58A11/2019/13,gsi_dated_positive,1,Tamil Nadu,11.49066944,76.52748889,2019-08-07,52.3,119.2,0.429,1610.0,37.42,,50,0.011
TN/NIL/58A11/2019/9,gsi_dated_positive,1,Tamil Nadu,11.46814444,76.56437778,2019-08-07,40.2,89.4,0.429,1991.0,13.83,,42,0.161
TN/NIL/58A/11/2019/62,gsi_dated_positive,1,Tamil Nadu,11.36275,76.60348,2019-08-08,116.4,323.8,0.43,2005.0,19.7,,130,0.089
TN/NIL/58A/11/2019/63,gsi_dated_positive,1,Tamil Nadu,11.34398,76.63676,2019-08-08,15.7,38.6,0.419,2080.0,19.34,,183,0.286
TN/NIL/58A/11/2019/64,gsi_dated_positive,1,Tamil Nadu,11.36296,76.60427,2019-08-08,116.4,323.8,0.43,1993.0,15.36,,131,0.082
TN/NIL/58A/11/2019/65,gsi_dated_positive,1,Tamil Nadu,11.36133,76.60171,2019-08-08,116.4,323.8,0.43,2038.0,17.82,,129,0.063
TN/NIL/58A/11/2019/66,gsi_dated_positive,1,Tamil Nadu,11.32286,76.61794,2019-08-08,32.7,83.7,0.43,2058.0,20.91,,168,0.301
TN/NIL/58A/11/2019/67,gsi_dated_positive,1,Tamil Nadu,11.32247,76.6224,2019-08-08,32.7,83.7,0.43,1962.0,11.49,,175,0.03
TN/NIL/58A/11/2019/68,gsi_dated_positive,1,Tamil Nadu,11.32275,76.62117,2019-08-08,32.7,83.7,0.43,1973.0,13.58,,174,0.118
TN/NIL/58A/11/2019/69,gsi_dated_positive,1,Tamil Nadu,11.34464,76.59638,2019-08-08,116.4,323.8,0.43,2073.0,12.41,,133,0.098
TN/NIL/58A/11/2019/70,gsi_dated_positive,1,Tamil Nadu,11.34471,76.59548,2019-08-08,116.4,323.8,0.43,2088.0,20.68,,133,0.098
TN/NIL/58A/11/2019/71,gsi_dated_positive,1,Tamil Nadu,11.35807,76.59917,2019-08-08,116.4,323.8,0.43,2035.0,7.6,,129,0.317
TN/NIL/58A/11/2019/72,gsi_dated_positive,1,Tamil Nadu,11.36013,76.60118,2019-08-08,116.4,323.8,0.43,2034.0,23.12,,129,0.083
TN/NIL/58A/11/2019/73,gsi_dated_positive,1,Tamil Nadu,11.36078,76.60156,2019-08-08,116.4,323.8,0.43,2035.0,7.6,,129,0.063
TN/NIL/58A/11/2019/74,gsi_dated_positive,1,Tamil Nadu,11.35854,76.59167,2019-08-08,38.9,110.0,0.429,2135.0,24.44,,120,0.25
TN/NIL/58A/11/2019/75,gsi_dated_positive,1,Tamil Nadu,11.36079,76.59161,2019-08-08,38.9,110.0,0.429,2167.0,12.93,,122,0.25
TN/NIL/58A/11/2019/76,gsi_dated_positive,1,Tamil Nadu,11.34166,76.59664,2019-08-08,116.4,323.8,0.43,2127.0,11.49,,133,0.097
TN/NIL/58A/11/2019/77,gsi_dated_positive,1,Tamil Nadu,11.33736,76.60422,2019-08-08,32.7,83.7,0.43,2028.0,17.29,,159,0.914
TN/NIL/58A07/2019/23,gsi_dated_positive,1,Tamil Nadu,11.49186944,76.43094722,2019-08-08,57.8,201.2,0.514,888.0,10.74,,72,0.912
TN/NIL/58A07/2019/24,gsi_dated_positive,1,Tamil Nadu,11.43076111,76.49176944,2019-08-08,111.7,338.4,0.51,1197.0,15.6,,39,0.79
TN/NIL/58A07/2019/25,gsi_dated_positive,1,Tamil Nadu,11.35913611,76.65180833,2019-08-08,15.7,38.6,0.419,2063.0,10.69,,197,0.238
TN/NIL/58A07/2019/26,gsi_dated_positive,1,Tamil Nadu,11.34962222,76.64144167,2019-08-08,15.7,38.6,0.419,2126.0,28.81,,191,0.117
TN/NIL/58A07/2019/27,gsi_dated_positive,1,Tamil Nadu,11.31956389,76.62323333,2019-08-08,32.7,83.7,0.43,1924.0,7.6,,172,0.111
TN/NIL/58A07/2019/33,gsi_dated_positive,1,Tamil Nadu,11.31278333,76.62521111,2019-08-08,32.7,83.7,0.43,1940.0,12.93,,174,0.0
TN/NIL/58A07/2019/37,gsi_dated_positive,1,Tamil Nadu,11.30400222,76.61938694,2019-08-08,32.7,83.7,0.43,1983.0,6.46,,175,0.132
TN/NIL/58A07/2019/38,gsi_dated_positive,1,Tamil Nadu,11.30533472,76.61881611,2019-08-08,32.7,83.7,0.43,2026.0,12.93,,173,0.114
TN/NIL/58A07/2019/40,gsi_dated_positive,1,Tamil Nadu,11.30777778,76.61816667,2019-08-08,32.7,83.7,0.43,2019.0,17.81,,169,0.081
TN/NIL/58A07/2019/42,gsi_dated_positive,1,Tamil Nadu,11.30527222,76.63084722,2019-08-08,32.7,83.7,0.43,1970.0,25.02,,172,0.195
TN/NIL/58A07/2019/43,gsi_dated_positive,1,Tamil Nadu,11.29669444,76.63436111,2019-08-08,32.7,83.7,0.43,2002.0,13.82,,180,0.842
TN/NIL/58A07/2019/44,gsi_dated_positive,1,Tamil Nadu,11.31093611,76.61947778,2019-08-08,32.7,83.7,0.43,1957.0,18.27,,169,0.276
TN/NIL/58A07/2019/46,gsi_dated_positive,1,Tamil Nadu,11.309525,76.63230278,2019-08-08,32.7,83.7,0.43,2007.0,10.69,,175,0.326
TN/NIL/58A07/2019/48,gsi_dated_positive,1,Tamil Nadu,11.31774167,76.62316667,2019-08-08,32.7,83.7,0.43,1983.0,26.5,,175,0.154
TN/NIL/58A07/2019/53,gsi_dated_positive,1,Tamil Nadu,11.49304444,76.45360278,2019-08-08,57.8,201.2,0.514,876.0,21.06,,60,0.029
TN/NIL/58A07/2019/54,gsi_dated_positive,1,Tamil Nadu,11.49326667,76.45346667,2019-08-08,57.8,201.2,0.514,877.0,19.88,,60,0.029
TN/NIL/58A07/2019/55,gsi_dated_positive,1,Tamil Nadu,11.47850556,76.4215,2019-08-08,57.8,201.2,0.514,886.0,9.84,,88,1.37
TN/NIL/58A07/2019/56,gsi_dated_positive,1,Tamil Nadu,11.45208333,76.40720278,2019-08-08,57.8,201.2,0.514,782.0,44.39,,95,1.443
TN/NIL/58A07/2019/57,gsi_dated_positive,1,Tamil Nadu,11.44234444,76.39845278,2019-08-08,83.7,257.2,0.509,685.0,26.9,,93,0.528
TN/NIL/58A07/2019/58,gsi_dated_positive,1,Tamil Nadu,11.438075,76.39306111,2019-08-08,83.7,257.2,0.509,641.0,15.02,,88,0.034
TN/NIL/58A07/2019/59,gsi_dated_positive,1,Tamil Nadu,11.43790556,76.39236111,2019-08-08,83.7,257.2,0.509,626.0,7.28,,88,0.048
TN/NIL/58A07/2019/60,gsi_dated_positive,1,Tamil Nadu,11.50833333,76.31916667,2019-08-08,69.2,183.5,0.51,1013.0,30.84,,23,0.206
TN/NIL/58A07/2019/61,gsi_dated_positive,1,Tamil Nadu,11.34749,76.59668,2019-08-08,116.4,323.8,0.43,2083.0,22.5,,132,0.214
TN/NIL/58A11/2019/49,gsi_dated_positive,1,Tamil Nadu,11.31813889,76.62159722,2019-08-08,32.7,83.7,0.43,1973.0,31.56,,171,0.16
TN/NIL/58A11/2019/50,gsi_dated_positive,1,Tamil Nadu,11.32480833,76.61985556,2019-08-08,32.7,83.7,0.43,1987.0,16.92,,173,0.27
TN/NIL/58A11/2019/51,gsi_dated_positive,1,Tamil Nadu,11.34251667,76.59768611,2019-08-08,116.4,323.8,0.43,2081.0,27.27,,134,0.141
TN/NIL/58A11/2019/52,gsi_dated_positive,1,Tamil Nadu,11.34599167,76.59545,2019-08-08,116.4,323.8,0.43,2095.0,17.81,,132,0.143
TN/NIL/58A11/2019/7,gsi_dated_positive,1,Tamil Nadu,11.46818333,76.58011389,2019-08-08,38.9,110.0,0.429,2104.0,19.14,,34,0.191
3353,gsi_dated_positive,1,Karnataka,13.1280464,75.5153175,2019-08-09,88.9,301.9,0.513,1018.0,22.34,,94,0.141
3355,gsi_dated_positive,1,Karnataka,13.1485672,75.4586835,2019-08-09,78.3,236.2,0.508,1175.0,25.46,,105,0.149
HP/CHAM/43P15/2019/13,gsi_dated_positive,1,Himachal Pradesh,32.40133889,75.98525278,2019-08-17,117.2,131.9,0.371,733.0,30.8,,123,0.47
HP/KAN/52D/03/2019/18,gsi_dated_positive,1,Himachal Pradesh,32.25710556,76.07544444,2019-08-17,232.3,242.8,0.435,732.0,13.59,,116,0.536
State: Sikkim/District : West District/Toposheet: 78A/03/year: 2019,gsi_dated_positive,1,Sikkim,27.36473056,88.23727778,2019-09-16,44.9,139.9,0.435,2020.0,36.04,,40,2.378
TN/NIL/58A/11/2019/01,gsi_dated_positive,1,Tamil Nadu,11.40039,76.71645,2019-11-16,3.0,13.3,0.422,2295.0,10.58,,189,0.331
TN/NIL/58A/11/2019/02,gsi_dated_positive,1,Tamil Nadu,11.39668,76.71731,2019-11-16,3.0,13.3,0.422,2266.0,14.8,,198,0.189
TN/NIL/58A/11/2019/03,gsi_dated_positive,1,Tamil Nadu,11.39112,76.7178,2019-11-16,3.0,13.3,0.422,2296.0,6.81,,212,0.027
TN/NIL/58A/11/2019/04,gsi_dated_positive,1,Tamil Nadu,11.39108,76.71756,2019-11-16,3.0,13.3,0.422,2298.0,8.85,,211,0.027
TN/NIL/58A/11/2019/05,gsi_dated_positive,1,Tamil Nadu,11.39002,76.71868,2019-11-16,3.0,13.3,0.422,2276.0,19.34,,223,0.008
TN/NIL/58A/11/2019/06,gsi_dated_positive,1,Tamil Nadu,11.38885,76.72575,2019-11-16,3.0,13.3,0.422,2248.0,28.79,,264,0.32
TN/NIL/58A/11/2019/07,gsi_dated_positive,1,Tamil Nadu,11.38797,76.73164,2019-11-16,3.0,13.3,0.422,2210.0,24.55,,286,0.235
TN/NIL/58A/15/2019/08,gsi_dated_positive,1,Tamil Nadu,11.38733,76.73406,2019-11-16,3.0,13.3,0.422,2207.0,28.09,,288,0.108
TN/NIL/58A/15/2019/09,gsi_dated_positive,1,Tamil Nadu,11.347847,76.789084,2019-11-16,6.5,15.4,0.422,1745.0,21.82,,366,0.062
TN/NIL/58A/15/2019/10,gsi_dated_positive,1,Tamil Nadu,11.348423,76.792504,2019-11-16,6.5,15.4,0.422,1719.0,5.5,,362,0.279
TN/NIL/58A/15/2019/11,gsi_dated_positive,1,Tamil Nadu,11.34123,76.79759,2019-11-16,6.5,15.4,0.422,1696.0,34.75,,342,0.026
TN/NIL/58A/15/2019/12,gsi_dated_positive,1,Tamil Nadu,11.33963,76.79743,2019-11-16,6.5,15.4,0.422,1692.0,22.5,,342,0.076
TN/NIL/58A/15/2019/13,gsi_dated_positive,1,Tamil Nadu,11.33669,76.79845,2019-11-16,,,,1662.0,19.19,,340,0.021
TN/NIL/58A/15/2019/14,gsi_dated_positive,1,Tamil Nadu,11.33453,76.7958,2019-11-16,6.5,15.4,0.422,1620.0,16.92,,340,0.22
TN/NIL/58A/15/2019/16,gsi_dated_positive,1,Tamil Nadu,11.33591,76.79098,2019-11-16,6.5,15.4,0.422,1586.0,10.69,,353,0.145
TN/NIL/58A/15/2019/17,gsi_dated_positive,1,Tamil Nadu,11.33217,76.79413,2019-11-16,6.5,15.4,0.422,1525.0,17.81,,340,0.032
TN/NIL/58A/15/2019/18,gsi_dated_positive,1,Tamil Nadu,11.3307,76.79916,2019-11-16,6.5,15.4,0.422,1473.0,25.69,,335,0.061
TN/NIL/58A/15/2019/19,gsi_dated_positive,1,Tamil Nadu,11.32999,76.803,2019-11-16,5.6,15.4,0.417,1442.0,19.34,,333,0.238
TN/NIL/58A/15/2019/20,gsi_dated_positive,1,Tamil Nadu,11.3353,76.81397,2019-11-16,5.6,15.4,0.417,1343.0,31.76,,334,0.022
TN/NIL/58A/15/2019/21,gsi_dated_positive,1,Tamil Nadu,11.33449,76.81551,2019-11-16,5.6,15.4,0.417,1296.0,25.69,,339,0.032
TN/NIL/58A/15/2019/22,gsi_dated_positive,1,Tamil Nadu,11.33815,76.8267,2019-11-16,5.6,15.4,0.417,1150.0,35.94,,342,0.12
TN/NIL/58A/15/2019/23,gsi_dated_positive,1,Tamil Nadu,11.3392,76.8392,2019-11-16,6.2,9.8,0.41,932.0,25.27,,333,0.197
TN/NIL/58A/15/2019/24,gsi_dated_positive,1,Tamil Nadu,11.35161,76.83177,2019-11-16,6.5,15.4,0.422,1805.0,36.95,,349,1.035
TN/NIL/58A/15/2019/25,gsi_dated_positive,1,Tamil Nadu,11.34167,76.80274,2019-11-16,6.5,15.4,0.422,1760.0,20.68,,339,0.267
TN/NIL/58A/15/2019/27,gsi_dated_positive,1,Tamil Nadu,11.34065,76.80033,2019-11-16,,,,1685.0,16.8,,340,0.106
TN/NIL/58A/15/2019/28,gsi_dated_positive,1,Tamil Nadu,11.3416,76.80029,2019-11-16,6.5,15.4,0.422,1724.0,23.48,,340,0.029
TN/NIL/58A/15/2019/29,gsi_dated_positive,1,Tamil Nadu,11.35857,76.79312,2019-11-16,6.5,15.4,0.422,1795.0,39.73,,367,0.179
TN/NIL/58A/15/2019/30,gsi_dated_positive,1,Tamil Nadu,11.35724,76.79177,2019-11-16,6.5,15.4,0.422,1810.0,40.42,,368,0.03
TN/NIL/58A/15/2019/31,gsi_dated_positive,1,Tamil Nadu,11.35744,76.79195,2019-11-16,,,,1814.0,42.2,,367,0.03
TN/NIL/58A/15/2019/32,gsi_dated_positive,1,Tamil Nadu,11.34342,76.79352,2019-11-16,6.5,15.4,0.422,1716.0,19.6,,356,0.171
TN/NIL/58A/15/2019/26,gsi_dated_positive,1,Tamil Nadu,11.34165,76.80003,2019-11-17,3.8,16.9,0.412,1701.0,31.99,,340,0.029
PDLS/40,gsi_dated_positive,1,Jammu & Kashmir,33.30781389,75.18145,2019-12-15,0.0,90.5,0.493,1146.0,46.99,,104,0.149
PDLS/22,gsi_dated_positive,1,Jammu & Kashmir,33.20755556,75.27888889,2019-12-24,0.0,0.0,0.465,730.0,45.5,,53,0.366
PDLS/21,gsi_dated_positive,1,Jammu & Kashmir,32.95769444,75.16283333,2020-01-13,44.4,46.2,0.5,805.0,25.41,,51,0.135
Mizoram/Aizawl/84A14/2020/0 01,gsi_dated_positive,1,Mizoram,24.73197222,92.75988889,2020-02-02,0.0,3.0,0.263,19.0,0.0,,1,8.419
3344,gsi_dated_positive,1,Meghalaya,25.47704743,92.16831285,2020-05-25,19.0,29.2,0.514,1405.0,9.54,,27,3.27
3345,gsi_dated_positive,1,Meghalaya,25.2842285,92.11314877,2020-05-26,230.2,385.4,0.515,1036.0,8.52,,22,0.021
3348,gsi_dated_positive,1,Meghalaya,25.46307925,92.25426106,2020-05-26,91.8,111.9,0.513,1376.0,3.58,,18,5.587
MEG/WJH/83C3/2020/2,gsi_dated_positive,1,Meghalaya,25.44233333,92.19447222,2020-05-26,166.4,240.1,0.515,1331.0,7.64,,20,0.128
MEG/WJH/83C3/2020/3,gsi_dated_positive,1,Meghalaya,25.44177778,92.19558333,2020-05-26,166.4,240.1,0.515,1340.0,4.23,,19,0.128
MEG/WJH/83C3/2020/5,gsi_dated_positive,1,Meghalaya,25.43630556,92.19525,2020-05-26,,,,1359.0,14.08,,19,0.342
MEG/WJH/83C3/2020/6,gsi_dated_positive,1,Meghalaya,25.43505556,92.19836111,2020-05-26,166.4,240.1,0.515,1350.0,13.0,,19,0.342
MEG/WJH/83C3/2020/7,gsi_dated_positive,1,Meghalaya,25.44741667,92.20138889,2020-05-26,166.4,240.1,0.515,1371.0,18.55,,19,0.743
MEG/WJH/83C3/2020/8,gsi_dated_positive,1,Meghalaya,25.45075,92.19452778,2020-05-26,,,,1354.0,22.12,,19,0.21
MEG/WJH/83C3/2020/9,gsi_dated_positive,1,Meghalaya,25.45351667,92.18784722,2020-05-26,86.0,113.2,0.514,1272.0,8.82,,19,0.738
ASM/CHR/83H01/2020/001,gsi_dated_positive,1,Assam,24.92097,93.07306,2020-06-02,47.4,70.0,0.425,61.0,15.59,,3,6.997
ASM/HLK/83D09/2020/006,gsi_dated_positive,1,Assam,24.79489,92.55506,2020-06-02,20.5,39.2,0.504,47.0,8.82,,0,10.112
ASM/HLK/83D10/2020/004,gsi_dated_positive,1,Assam,24.70656,92.65008,2020-06-02,15.8,35.2,0.506,47.0,11.51,,2,0.463
ASM/HLK/83D10/2020/005,gsi_dated_positive,1,Assam,24.73117,92.64739,2020-06-02,15.8,35.2,0.506,37.0,12.68,,2,2.75
ASM/KGJ/83D05/2020/0008,gsi_dated_positive,1,Assam,24.78002778,92.45372222,2020-06-02,21.3,39.1,0.505,42.0,13.83,,2,0.462
ASM/KGJ/83D05/2020/007,gsi_dated_positive,1,Assam,24.78380556,92.45563889,2020-06-02,21.3,39.1,0.505,38.0,17.86,,2,0.462
ASM/CHR/83D14/2020/0002,gsi_dated_positive,1,Assam,24.72192,92.90381,2020-06-05,3.5,35.3,0.411,40.0,9.53,,0,11.926
ARN/Papumpare/83E12/2020/0 1,gsi_dated_positive,1,Arunachal Pradesh,27.08130556,93.61283333,2020-06-25,32.9,62.2,0.43,274.0,8.99,,41,0.156
ASM/KAM/78N12/2020/003,gsi_dated_positive,1,Assam,26.21305556,91.6925,2020-06-26,129.1,173.5,0.515,73.0,26.12,,48,0.392
3351,gsi_dated_positive,1,Meghalaya,25.28422636,92.11294194,2020-06-26,111.2,167.0,0.51,1036.0,8.52,,22,0.021
ASM/KAM/78N16/2020/002,gsi_dated_positive,1,Assam,26.09150556,91.87898611,2020-07-12,15.5,70.7,0.505,77.0,4.22,,36,0.569
JK/JAM/43L14/2020/32,gsi_dated_positive,1,Jammu & Kashmir,32.734316,74.872952,2020-08-16,15.7,17.1,0.283,366.0,14.08,,1,0.0
UK/TehriGarhwal/53J/08/2020/ 01,gsi_dated_positive,1,Uttarakhand,30.071,78.49072222,2020-08-24,9.3,25.5,0.504,482.0,39.4,,61,0.351
JK/UDH/43O04/2021/28,gsi_dated_positive,1,Jammu & Kashmir,33.00333056,75.21495556,2021-01-05,27.9,50.4,0.509,848.0,28.06,,59,0.141
JK/UDH/43O04/2021/29,gsi_dated_positive,1,Jammu & Kashmir,33.00401667,75.21649444,2021-01-05,27.9,50.4,0.509,848.0,22.6,,59,0.163
JK/UDH/43O04/2021/30,gsi_dated_positive,1,Jammu & Kashmir,33.00307778,75.213475,2021-01-05,27.9,50.4,0.509,849.0,27.23,,59,0.141
JK/UDH/43P01/2021/27,gsi_dated_positive,1,Jammu & Kashmir,32.99101111,75.19445278,2021-01-05,27.9,50.4,0.509,819.0,37.04,,55,0.039
AS/UDA/83B01/2021/01,gsi_dated_positive,1,Assam,26.89074,92.12068,2021-04-28,0.1,2.1,0.071,222.0,39.06,,1,0.228
AS/UDA/83B01/2021/02,gsi_dated_positive,1,Assam,26.88969,92.12266,2021-04-28,0.1,2.1,0.071,263.0,48.88,,1,0.228
SK/ES/78 A11/IBP-I,gsi_dated_positive,1,Sikkim,27.32888889,88.60777778,2021-05-18,59.3,144.3,0.434,1443.0,29.53,,96,0.344
MH/SIN/47H07/2021/01A,gsi_dated_positive,1,Maharashtra,16.49198889,73.48366944,2021-06-15,87.7,186.9,0.511,52.0,14.12,,4,0.029
MH/SIN/47H07/2021/01B,gsi_dated_positive,1,Maharashtra,16.49180556,73.48386111,2021-06-15,87.7,186.9,0.511,53.0,14.12,,4,0.029
MH/SIN/47H16/2021/08,gsi_dated_positive,1,Maharashtra,16.07805,73.87784167,2021-06-16,,,,200.0,12.01,,13,1.875
MH/SIN/47H011/2021/02,gsi_dated_positive,1,Maharashtra,16.45944444,73.50780556,2021-06-17,30.9,175.4,0.511,103.0,14.51,,4,4.412
SK/NS/78 A10/ Bop 1,gsi_dated_positive,1,Sikkim,27.61936111,88.66131389,2021-06-18,109.9,202.3,0.435,1844.0,40.19,,35,0.809
MII/RAI/47F12/2021/07,gsi_dated_positive,1,Maharashtra,18.03822222,73.55033333,2021-07-01,7.9,23.1,0.505,356.0,27.21,,21,1.416
MH/RAT/47H05/2021/51,gsi_dated_positive,1,Maharashtra,16.89833611,73.32015,2021-07-16,,,,38.0,13.91,,1,4.134
UK/MussoorieKemptyfalls/53J/0 3/2021/03,gsi_dated_positive,1,Uttarakhand,30.422793,78.072472,2021-07-17,11.0,14.7,0.493,1406.0,42.87,,94,0.044
MH/SIN/47H10/2021/03,gsi_dated_positive,1,Maharashtra,16.51114722,73.52661944,2021-07-18,74.0,173.5,0.51,109.0,29.1,,4,2.251
MH/RAT/47G01/2021/58,gsi_dated_positive,1,Maharashtra,17.78031667,73.14555833,2021-07-19,102.5,202.8,0.509,125.0,12.49,,7,5.052
MH/SIN/47H12/2021/05A,gsi_dated_positive,1,Maharashtra,16.0024,73.59081944,2021-07-20,37.6,201.9,0.429,90.0,16.14,,3,0.03
MH/SIN/47H12/2021/05B,gsi_dated_positive,1,Maharashtra,16.002175,73.59096944,2021-07-20,37.6,201.9,0.429,90.0,15.23,,3,0.03
MH/RAI/47F12/2021/12,gsi_dated_positive,1,Maharashtra,18.04758333,73.56177778,2021-07-21,118.8,286.4,0.438,473.0,14.55,,29,1.414
MH/RAI/47G09/2021/15,gsi_dated_positive,1,Maharashtra,17.96511111,73.58875,2021-07-22,114.3,317.2,0.512,181.0,6.28,,57,2.098
MH/RGD/47F12/2021-22/12,gsi_dated_positive,1,Maharashtra,18.08033333,73.51354444,2021-07-22,111.3,325.8,0.512,39.0,17.1,,18,4.656
MH/RGD/47F12/2021-22/13,gsi_dated_positive,1,Maharashtra,18.06133333,73.58175,2021-07-22,,,,257.0,3.52,,31,2.312
MH/RAI/47F12/2021/08,gsi_dated_positive,1,Maharashtra,18.00878889,73.53707778,2021-07-22,114.3,317.2,0.512,161.0,1.58,,42,1.227
MH/RAI/47F12/2021/10,gsi_dated_positive,1,Maharashtra,18.03365833,73.60383889,2021-07-22,114.3,317.2,0.512,277.0,2.23,,30,0.419
MH/RAI/47F12/2021/14,gsi_dated_positive,1,Maharashtra,18.01436944,73.54708333,2021-07-22,114.3,317.2,0.512,155.0,7.83,,38,1.227
MH/RAI/47G09/2021/03,gsi_dated_positive,1,Maharashtra,17.94133333,73.55816667,2021-07-22,139.5,342.4,0.513,510.0,31.59,,54,0.896
MH/RAI/47G09/2021/05,gsi_dated_positive,1,Maharashtra,17.98683333,73.58605556,2021-07-22,114.3,317.2,0.512,317.0,4.97,,54,1.145
MlH/RAT/47G10/2021/64,gsi_dated_positive,1,Maharashtra,17.58794167,73.668025,2021-07-22,126.4,362.8,0.513,187.0,3.51,,40,0.905
MH/RAT/47G10/202 1/82,gsi_dated_positive,1,Maharashtra,17.52450278,73.65857778,2021-07-22,134.1,374.7,0.514,86.0,9.97,,41,1.054
MH/RAT/47G10/2021/65,gsi_dated_positive,1,Maharashtra,17.60334444,73.67849167,2021-07-22,126.4,362.8,0.513,177.0,25.61,,38,0.318
MH/RAT/47G10/2021/70,gsi_dated_positive,1,Maharashtra,17.57364167,73.68100833,2021-07-22,134.1,374.7,0.514,300.0,8.41,,41,0.757
MH/RAT/47G10/2021/71,gsi_dated_positive,1,Maharashtra,17.57310278,73.69601667,2021-07-22,134.1,374.7,0.514,411.0,12.48,,36,1.592
MH/RAT/47G10/2021/81,gsi_dated_positive,1,Maharashtra,17.53805,73.69429444,2021-07-22,134.1,374.7,0.514,280.0,25.05,,38,1.323
MH/RAT/47GI0/202I/72,gsi_dated_positive,1,Maharashtra,17.57786944,73.67541667,2021-07-22,126.4,362.8,0.513,154.0,5.65,,41,0.0
MH/RAT/47G01/2021/59,gsi_dated_positive,1,Maharashtra,17.83694444,73.09149722,2021-07-22,46.5,168.5,0.511,35.0,15.37,,5,1.89
MH/SAT/47G09/2021-22/26,gsi_dated_positive,1,Maharashtra,17.99186111,73.67366667,2021-07-22,69.9,214.8,0.51,1023.0,27.85,,19,4.023
MH/SAT/47G09/2021-22/42A,gsi_dated_positive,1,Maharashtra,17.90808333,73.72808333,2021-07-22,59.3,191.0,0.512,1129.0,19.72,,37,0.529
MH/SAT/47G09/2021/33A,gsi_dated_positive,1,Maharashtra,17.88946111,73.69458333,2021-07-22,125.8,330.7,0.513,1131.0,21.49,,58,0.22
MH/SAT/47G09/2021/33B,gsi_dated_positive,1,Maharashtra,17.88970556,73.69664722,2021-07-22,59.3,191.0,0.512,1170.0,25.94,,57,0.22
MH/SAT/47G15/2021/17A,gsi_dated_positive,1,Maharashtra,17.45248889,73.80168611,2021-07-22,64.0,221.0,0.511,917.0,24.42,,43,0.464
MH/SAT/47G15/2021/17B,gsi_dated_positive,1,Maharashtra,17.45646667,73.80301667,2021-07-22,112.9,323.6,0.514,788.0,29.02,,40,0.464
7364,gsi_dated_positive,1,Maharashtra,17.634129,73.653206,2021-07-23,89.1,342.6,0.511,262.0,23.08,,34,1.553
7366,gsi_dated_positive,1,Maharashtra,17.67867778,73.63783611,2021-07-23,90.5,350.3,0.513,278.0,13.97,,27,0.189
7368,gsi_dated_positive,1,Maharashtra,17.680125,73.638769,2021-07-23,90.5,350.3,0.513,268.0,22.21,,28,0.189
7375,gsi_dated_positive,1,Maharashtra,17.626863,73.618628,2021-07-23,89.1,342.6,0.511,135.0,5.65,,42,1.591
MH/RAT/47G10/2021/80,gsi_dated_positive,1,Maharashtra,17.54953056,73.69101667,2021-07-23,93.9,361.2,0.51,151.0,7.0,,38,0.32
MH/SAT/47G14/2021/23B,gsi_dated_positive,1,Maharashtra,17.63913889,73.83630556,2021-07-23,53.5,247.6,0.511,1098.0,7.0,,14,0.074
MH/SAT/47G14/2021/23C,gsi_dated_positive,1,Maharashtra,17.63897222,73.83763889,2021-07-23,53.5,247.6,0.511,1069.0,27.93,,14,0.142
MH/SAT/47G14/2021/25C,gsi_dated_positive,1,Maharashtra,17.57166667,73.89536111,2021-07-23,26.4,121.7,0.513,1014.0,16.47,,26,0.028
MH/SAT/47G09/2021/40,gsi_dated_positive,1,Maharashtra,17.899,73.68797222,2021-07-23,89.7,336.3,0.511,1177.0,30.12,,62,0.976
MH/SAT/47G15/2021/12A,gsi_dated_positive,1,Maharashtra,17.27477778,73.815,2021-07-23,60.0,242.6,0.507,852.0,12.46,,19,0.06
MH/SAT/47G15/2021/12B,gsi_dated_positive,1,Maharashtra,17.27469444,73.81555556,2021-07-23,60.0,242.6,0.507,855.0,13.94,,19,0.028
MH/SAT/47G15/2021/12C,gsi_dated_positive,1,Maharashtra,17.27455556,73.81577778,2021-07-23,60.0,242.6,0.507,864.0,25.02,,19,0.028
MH/SIN/47H10/2021/04,gsi_dated_positive,1,Maharashtra,16.50587222,73.50623056,2021-07-26,18.5,56.2,0.511,84.0,3.49,,4,2.251
H.P./SIR/53F10/2021,gsi_dated_positive,1,Himachal Pradesh,30.59083333,77.65777778,2021-07-30,12.4,105.5,0.504,1205.0,48.89,,201,0.224
SK/ES/78 A/11/2021/15,gsi_dated_positive,1,Sikkim,27.2533846,88.5489504,2021-08-22,55.9,231.9,0.435,675.0,36.89,,107,0.51
SK/ES/78 A/07/2021/14,gsi_dated_positive,1,Sikkim,27.3699335,88.4859279,2021-08-23,263.5,452.9,0.437,807.0,34.51,,43,2.873
SK/ES/78 A11/2021/NPB-1,gsi_dated_positive,1,Sikkim,27.28577778,88.5535,2021-08-27,23.4,279.0,0.429,1557.0,50.22,,103,0.099
SK/ES/78 A11/PB,gsi_dated_positive,1,Sikkim,27.28666667,88.55347222,2021-08-27,23.4,279.0,0.429,1714.0,46.42,,103,0.099
NL/WKH/83J04/2021/01,gsi_dated_positive,1,Nagaland,26.10694722,94.25328889,2021-09-18,3.5,12.9,0.496,1374.0,8.29,,66,0.473
JK/Jam/43L13/2021/17,gsi_dated_positive,1,Jammu & Kashmir,32.839381,74.940761,2022-01-07,50.0,115.2,0.349,528.0,24.03,,4,1.198
MEG/EKH/78O15/2022/01,gsi_dated_positive,1,Meghalaya,25.296,91.932,2022-04-04,93.3,100.9,0.511,1090.0,26.36,,74,0.0
MIZ/AZL/2022/49,gsi_dated_positive,1,Mizoram,23.65530556,92.7025,2022-04-05,0.4,3.9,0.234,912.0,23.09,,327,0.13
ASM/DH/83G04/2022-23/033,gsi_dated_positive,1,Assam,25.1568056,93.019722,2022-05-13,18.2,64.3,0.503,633.0,23.63,,186,0.027
ASM/DH/83C15/2023-24/001,gsi_dated_positive,1,Assam,25.366255,92.823037,2022-05-14,25.1,75.7,0.505,962.0,17.32,,7,3.368
ASM/DH/83C16/2023-24/001,gsi_dated_positive,1,Assam,25.117665,92.847709,2022-05-14,109.8,201.2,0.434,160.0,18.24,,33,2.13
ASM/DH/83G04/2022-23/015,gsi_dated_positive,1,Assam,25.16579,93.00948,2022-05-14,30.9,67.9,0.509,579.0,17.37,,184,0.165
ASM/DH/83G04/2022-23/016,gsi_dated_positive,1,Assam,25.15859,93.01292,2022-05-14,30.9,67.9,0.509,583.0,16.12,,184,0.214
ASM/DH/83G04/2022-23/017,gsi_dated_positive,1,Assam,25.16023,93.01084,2022-05-14,30.9,67.9,0.509,592.0,22.48,,184,0.248
ASM/DH/83G04/2022-23/021,gsi_dated_positive,1,Assam,25.17623,93.01326,2022-05-14,30.9,67.9,0.509,685.0,22.09,,183,0.377
ASM/DH/83G04/2022-23/023,gsi_dated_positive,1,Assam,25.17136,93.01102,2022-05-14,30.9,67.9,0.509,701.0,4.96,,183,0.381
ASM/DH/83G04/2022-23/025,gsi_dated_positive,1,Assam,25.16804,93.02503,2022-05-14,30.9,67.9,0.509,481.0,22.24,,189,0.012
ASM/DH/83G04/2022-23/027,gsi_dated_positive,1,Assam,25.15556,93.021583,2022-05-14,30.9,67.9,0.509,607.0,16.12,,183,0.065
ASM/DH/83G04/2022-23/044,gsi_dated_positive,1,Assam,25.168083,93.024922,2022-05-14,30.9,67.9,0.509,488.0,23.49,,187,0.012
ASM/DH/83G04/2022-23/047,gsi_dated_positive,1,Assam,25.162667,93.009806,2022-05-14,30.9,67.9,0.509,575.0,17.91,,184,0.052
ASM/DH/83G04/2022-23/014,gsi_dated_positive,1,Assam,25.16736,93.00953,2022-05-15,12.2,61.3,0.5,638.0,17.71,,183,0.17
ASM/DH/83G04/2022-23/022,gsi_dated_positive,1,Assam,25.18919,93.02118,2022-05-15,12.2,61.3,0.5,481.0,5.22,,182,0.123
ASM/DH/83G04/2022-23/026,gsi_dated_positive,1,Assam,25.158138,93.024778,2022-05-15,12.2,61.3,0.5,543.0,10.49,,185,0.336
ASM/DH/83G04/2022-23/032,gsi_dated_positive,1,Assam,25.17483,93.019861,2022-05-15,12.2,61.3,0.5,645.0,28.92,,185,0.027
ASM/DH/83G04/2022-23/030,gsi_dated_positive,1,Assam,25.177416,93.00975,2022-05-16,,,,697.0,24.57,,183,0.377
SKM/ES/78 A11/2022/TVP-I1,gsi_dated_positive,1,Sikkim,27.37211111,88.61671944,2022-05-29,5.1,12.2,0.377,1875.0,23.52,,99,0.086
SK/ES/78 A07/Sherwani 02,gsi_dated_positive,1,Sikkim,27.24297222,88.47055556,2022-06-15,56.4,107.2,0.435,496.0,34.47,,128,0.898
ASM/DH/83G03/2023-24/004,gsi_dated_positive,1,Assam,25.316197,93.006158,2022-06-16,24.0,53.7,0.513,667.0,11.56,,14,3.279
ASM/K(M)/78N16/2022-23/001,gsi_dated_positive,1,Assam,26.19322,91.77033,2022-06-16,37.6,96.2,0.511,164.0,22.5,,80,0.522
ASM/K(M)/78N16/2022-23/003,gsi_dated_positive,1,Assam,26.1916,91.80361,2022-06-16,37.6,96.2,0.511,84.0,14.91,,73,0.007
ASM/K(M)/78N16/2022-23/002,gsi_dated_positive,1,Assam,26.18789,91.79493,2022-06-17,71.9,146.0,0.51,96.0,17.9,,75,0.626
MEG/SG/78K12/2022/03,gsi_dated_positive,1,Meghalaya,25.21022222,90.63220278,2022-06-17,127.4,300.9,0.513,36.0,17.0,,2,0.28
MH/RAI/47G/05/2022-23/01,gsi_dated_positive,1,Maharashtra,17.974175,73.46293333,2022-07-05,44.6,86.2,0.512,58.0,14.55,,30,1.868
KA/Kodagu/48P11/2024/06,gsi_dated_positive,1,Karnataka,12.4244,75.6786,2022-07-06,40.7,191.6,0.512,864.0,28.89,,116,0.308
TN/COIM/58A11/2022/3,gsi_dated_positive,1,Tamil Nadu,10.36322167,76.98113,2022-07-14,48.7,104.5,0.429,1177.0,30.26,,190,0.016
UK/MussoorieKemptyfalls/53J/0 3/2021/02,gsi_dated_positive,1,Uttarakhand,30.418297,78.077244,2022-07-14,6.1,12.5,0.395,1166.0,32.03,,95,0.234
JK/DOD/43O16/2022/14,gsi_dated_positive,1,Jammu & Kashmir,33.089997,75.861423,2022-07-20,0.5,1.0,0.299,1362.0,24.76,,125,0.064
TN/GUD/58A07/2022/06,gsi_dated_positive,1,Tamil Nadu,11.4905,76.5275,2022-07-27,6.4,15.4,0.412,1618.0,41.63,,50,0.009
TN/GUD/58A07/2022/07,gsi_dated_positive,1,Tamil Nadu,11.4905,76.5325,2022-07-27,13.0,16.5,0.415,1675.0,10.15,,49,0.028
TN/DD/2022/2,gsi_dated_positive,1,Tamil Nadu,10.30272,77.66003,2022-07-29,3.5,47.3,0.405,1337.0,14.89,,18,5.501
TN/NIL/58A11/2022/5,gsi_dated_positive,1,Tamil Nadu,11.341462,76.633856,2022-08-03,27.6,64.5,0.428,2128.0,29.7,,184,0.074
TN/NIL/58A11/2022/6,gsi_dated_positive,1,Tamil Nadu,11.312808,76.625429,2022-08-03,40.4,109.8,0.428,1945.0,17.87,,174,0.024
TN/NIL/58A11/2022/7,gsi_dated_positive,1,Tamil Nadu,11.30989722,76.62255833,2022-08-03,40.4,109.8,0.428,1964.0,15.01,,171,0.208
TN/COIM/58A11/2022/1,gsi_dated_positive,1,Tamil Nadu,10.43226139,76.98764083,2022-08-04,54.1,156.7,0.43,1124.0,26.94,,119,0.399
TN/COIM/58A11/2022/2,gsi_dated_positive,1,Tamil Nadu,10.43735917,76.98563194,2022-08-04,54.1,156.7,0.43,973.0,21.76,,119,0.608
TN/DIN/58F12/2022/2,gsi_dated_positive,1,Tamil Nadu,10.22914722,77.55147528,2022-08-04,24.8,93.8,0.429,933.0,45.97,,103,0.251
TN/DIN/58F12/2022/3,gsi_dated_positive,1,Tamil Nadu,10.22721806,77.55028417,2022-08-04,21.6,117.9,0.428,819.0,23.4,,101,0.251
TN/DIN/58F12/2022/4,gsi_dated_positive,1,Tamil Nadu,10.233872,77.552927,2022-08-04,24.8,93.8,0.429,1092.0,31.9,,108,0.404
TN/NIL/58A07/2022/4,gsi_dated_positive,1,Tamil Nadu,11.48891,76.537294,2022-08-05,41.5,123.0,0.43,1724.0,28.01,,48,0.185
TN/NIL/58A07/2022/1,gsi_dated_positive,1,Tamil Nadu,11.497633,76.497433,2022-08-18,2.6,2.8,0.445,1001.0,5.98,,51,0.663
TN/NIL/58A11/2022/2,gsi_dated_positive,1,Tamil Nadu,11.495153,76.516963,2022-08-18,4.7,6.3,0.381,1228.0,21.24,,51,1.088
TN/NIL/58A11/2022/3,gsi_dated_positive,1,Tamil Nadu,11.492567,76.453354,2022-08-18,2.6,2.8,0.445,843.0,19.99,,62,0.06
SKM/ES/78 A12/2022/Kitgolai,gsi_dated_positive,1,Sikkim,27.21391667,88.60833333,2022-08-25,0.2,5.1,0.365,814.0,24.94,,132,0.034
TN/SAL/58I01/2022/4,gsi_dated_positive,1,Tamil Nadu,11.7501675,78.18769167,2022-09-04,27.1,35.6,0.406,638.0,32.24,,11,0.124
TN/SAL/58I01/2022/5,gsi_dated_positive,1,Tamil Nadu,11.75093778,78.18851,2022-09-04,27.1,35.6,0.406,646.0,22.19,,11,0.124
TN/SAL/58I01/2022/6,gsi_dated_positive,1,Tamil Nadu,11.76150028,78.188325,2022-09-04,9.5,27.8,0.411,764.0,27.95,,11,0.179
TN/SAL/58I01/2022/7,gsi_dated_positive,1,Tamil Nadu,11.76307472,78.18866333,2022-09-04,9.5,27.8,0.411,760.0,38.72,,11,0.087
TN/SAL/58I01/2022/8,gsi_dated_positive,1,Tamil Nadu,11.76376111,78.18828694,2022-09-04,9.5,27.8,0.411,765.0,29.74,,11,0.086
TN/SAL/58I012022/9,gsi_dated_positive,1,Tamil Nadu,11.7645275,78.18838167,2022-09-04,9.5,27.8,0.411,781.0,29.16,,11,0.086
TN/SAL/58I02/2022/1,gsi_dated_positive,1,Tamil Nadu,11.74043917,78.18203667,2022-09-04,12.8,17.3,0.401,543.0,33.43,,8,0.813
TN/SAL/58I02/2022/2,gsi_dated_positive,1,Tamil Nadu,11.74705472,78.185225,2022-09-04,27.1,35.6,0.406,588.0,18.07,,11,0.219
TN/SAL/58I03/2022/3,gsi_dated_positive,1,Tamil Nadu,11.7484725,78.18662694,2022-09-04,27.1,35.6,0.406,620.0,31.36,,11,0.219
TN/SAL/58I05/2022/10,gsi_dated_positive,1,Tamil Nadu,11.77961444,78.27011667,2022-09-04,9.5,27.8,0.411,872.0,21.67,,10,0.445
TN/SAL/58I05/2022/11,gsi_dated_positive,1,Tamil Nadu,11.77561444,78.270105,2022-09-04,9.5,27.8,0.411,802.0,28.74,,10,0.067
TN/SAL/58I05/2022/12,gsi_dated_positive,1,Tamil Nadu,11.77557639,78.26948667,2022-09-04,9.5,27.8,0.411,825.0,28.28,,10,0.067
TN/DD/2022/1,gsi_dated_positive,1,Tamil Nadu,10.27456,77.61869,2022-09-05,2.9,23.9,0.404,1253.0,22.09,,80,4.262
NL/KOH/83K02/2022/002,gsi_dated_positive,1,Nagaland,25.712031,94.089791,2022-09-12,23.7,47.7,0.51,1446.0,23.17,,264,0.117
NL/KOH/83K02/2022/003,gsi_dated_positive,1,Nagaland,25.7491204,94.0804548,2022-09-25,21.8,83.7,0.497,1262.0,25.58,,218,0.0
NL/KOH/83K02/2022/004,gsi_dated_positive,1,Nagaland,25.7179491,94.0917724,2022-09-28,15.9,52.7,0.498,1349.0,26.79,,264,0.0
NL/KOH/83G13/2022/006,gsi_dated_positive,1,Nagaland,25.771451,93.907041,2022-09-30,5.0,39.8,0.499,628.0,23.55,,57,0.068
SKM/ES/78 A12/2022/Basnettgaon,gsi_dated_positive,1,Sikkim,27.24883333,88.60191667,2022-10-10,31.4,95.2,0.428,1149.0,16.17,,113,0.452
NL/KOH/83G13/2022/005,gsi_dated_positive,1,Nagaland,25.770055,93.937873,2022-10-15,2.4,12.0,0.496,798.0,27.24,,65,0.002
TN/DD/2022/10,gsi_dated_positive,1,Tamil Nadu,10.23826,77.50792,2022-11-11,37.2,48.2,0.427,1755.0,19.68,,100,0.076
TN/DD/2022/3,gsi_dated_positive,1,Tamil Nadu,10.2543,77.33308,2022-11-11,34.5,47.8,0.427,1795.0,11.45,,43,0.231
TN/DD/2022/4,gsi_dated_positive,1,Tamil Nadu,10.22302,77.34488,2022-11-11,43.9,62.6,0.429,1988.0,10.65,,46,0.197
TN/DD/2022/5,gsi_dated_positive,1,Tamil Nadu,10.22713,77.33827,2022-11-11,43.9,62.6,0.429,1882.0,12.71,,47,0.843
TN/DD/2022/6,gsi_dated_positive,1,Tamil Nadu,10.22466,77.34555,2022-11-11,43.9,62.6,0.429,2008.0,14.89,,46,0.197
TN/DD/2022/7,gsi_dated_positive,1,Tamil Nadu,10.24369,77.33454,2022-11-11,43.9,62.6,0.429,2028.0,5.48,,47,0.042
TN/DD/2022/9,gsi_dated_positive,1,Tamil Nadu,10.23786,77.50736,2022-11-11,37.2,48.2,0.427,1763.0,28.0,,99,0.076
NL/KOH/83K02/2022/010,gsi_dated_positive,1,Nagaland,25.770064,93.937891,2022-11-12,2.5,2.6,0.391,798.0,27.24,,65,0.002
MIZ/AZL/2022/39,gsi_dated_positive,1,Mizoram,22.91452778,92.89333333,2022-11-14,0.0,0.0,0.236,579.0,23.97,,57,1.801
TN/DD/2022/8,gsi_dated_positive,1,Tamil Nadu,10.23888,77.49593,2022-11-14,7.3,56.3,0.418,2044.0,13.38,,97,0.984
SKM/ Namchi/78 A07/2022/01,gsi_dated_positive,1,Sikkim,27.30140833,88.3916,2022-11-18,0.0,0.0,0.271,1800.0,48.83,,67,0.566
SKM/ Soreng/78 A08/2022/01,gsi_dated_positive,1,Sikkim,27.14871944,88.28128889,2022-11-20,0.0,0.1,0.241,395.0,31.23,,304,0.85
TN/NIL/58A15/2022/01,gsi_dated_positive,1,Tamil Nadu,11.3366,76.8261,2022-12-13,5.7,35.8,0.413,1127.0,21.86,,340,0.037
TN/NIL/58A15/2022/02,gsi_dated_positive,1,Tamil Nadu,11.3355,76.81671,2022-12-13,5.7,35.8,0.413,1315.0,34.23,,344,0.102
TN/NIL/58A15/2022/03,gsi_dated_positive,1,Tamil Nadu,11.3345,76.8158,2022-12-13,5.7,35.8,0.413,1292.0,18.65,,340,0.032
TN/NIL/58A15/2022/04,gsi_dated_positive,1,Tamil Nadu,11.3356,76.8146,2022-12-13,5.7,35.8,0.413,1354.0,34.75,,337,0.015
TN/NIL/58A15/2022/05,gsi_dated_positive,1,Tamil Nadu,11.3355,76.814,2022-12-13,5.7,35.8,0.413,1365.0,32.68,,335,0.022
TN/NIL/58A15/2022/06,gsi_dated_positive,1,Tamil Nadu,11.3353,76.8135,2022-12-13,5.7,35.8,0.413,1346.0,36.07,,330,0.021
TN/NIL/58A15/2022/07,gsi_dated_positive,1,Tamil Nadu,11.335,76.8127,2022-12-13,5.7,35.8,0.413,1362.0,43.23,,329,0.042
TN/NIL/58A15/2022/08,gsi_dated_positive,1,Tamil Nadu,11.3312,76.7994,2022-12-13,4.4,50.0,0.416,1478.0,19.95,,335,0.01
TN/NIL/58A15/2022/09,gsi_dated_positive,1,Tamil Nadu,11.3495,76.786,2022-12-13,4.4,50.0,0.416,1769.0,20.39,,368,0.009
TN/NIL/58A15/2022/10,gsi_dated_positive,1,Tamil Nadu,11.3497,76.7855,2022-12-13,4.4,50.0,0.416,1778.0,22.55,,368,0.013
TN/NIL/58A15/2022/11,gsi_dated_positive,1,Tamil Nadu,11.360667,76.781267,2022-12-13,4.4,50.0,0.416,1793.0,20.77,,378,0.008
TN/NIL/58A15/2022/12,gsi_dated_positive,1,Tamil Nadu,11.3492,76.787,2022-12-13,4.4,50.0,0.416,1778.0,12.76,,369,0.031
TN/NIL/58A15/2022/13,gsi_dated_positive,1,Tamil Nadu,11.342,76.8308,2022-12-13,5.7,35.8,0.413,1125.0,30.83,,346,0.228
TN/NIL/58A15/2022/14,gsi_dated_positive,1,Tamil Nadu,11.3428,76.8287,2022-12-13,5.7,35.8,0.413,1182.0,28.82,,345,0.228
TN/NIL/58A15/2022/15,gsi_dated_positive,1,Tamil Nadu,11.341,76.8277,2022-12-13,5.7,35.8,0.413,1192.0,23.64,,346,0.228
TN/NIL/58A15/2022/16,gsi_dated_positive,1,Tamil Nadu,11.3389,76.8253,2022-12-13,5.7,35.8,0.413,1231.0,30.95,,347,0.164
TN/NIL/58A15/2022/17,gsi_dated_positive,1,Tamil Nadu,11.3387,76.822,2022-12-13,5.7,35.8,0.413,1261.0,19.19,,346,0.161
TN/NIL/58A15/2022/18,gsi_dated_positive,1,Tamil Nadu,11.3408,76.8325,2022-12-13,5.7,35.8,0.413,1131.0,27.17,,344,0.228
TN/NIL/58A15/2022/19,gsi_dated_positive,1,Tamil Nadu,11.3499,76.8478,2022-12-13,2.3,50.0,0.406,951.0,38.65,,343,0.086
TN/NIL/58A15/2022/20,gsi_dated_positive,1,Tamil Nadu,11.3494,76.8484,2022-12-13,2.3,50.0,0.406,951.0,42.78,,343,0.04
TN/NIL/58A15/2022/21,gsi_dated_positive,1,Tamil Nadu,11.3491,76.8486,2022-12-13,2.3,50.0,0.406,930.0,30.95,,343,0.04
TN/NIL/58A15/2022/22,gsi_dated_positive,1,Tamil Nadu,11.3575,76.7837,2022-12-13,4.4,50.0,0.416,1795.0,19.19,,379,0.275
TN/NIL/58A15/2022/23,gsi_dated_positive,1,Tamil Nadu,11.3428,76.8665,2022-12-13,9.0,33.7,0.413,733.0,26.63,,373,0.291
TN/NIL/58A15/2022/24,gsi_dated_positive,1,Tamil Nadu,11.3485,76.8699,2022-12-13,6.9,40.9,0.403,650.0,29.04,,371,0.675
TN/NIL/58A15/2022/25,gsi_dated_positive,1,Tamil Nadu,11.3444,76.861345,2022-12-13,9.0,33.7,0.413,799.0,35.17,,377,0.036
LS1,gsi_dated_positive,1,Uttarakhand,30.71027778,78.46675,2023-03-07,0.0,0.4,0.322,1618.0,39.02,,67,0.097
MEG/EKH/78O15/2023/01,gsi_dated_positive,1,Meghalaya,25.365263,91.878497,2023-04-13,0.0,0.0,0.199,1545.0,20.74,,87,0.255
MIZ/AZL/2023/152,gsi_dated_positive,1,Mizoram,23.49991667,92.70136111,2023-06-02,0.1,4.0,0.292,897.0,33.88,,238,0.027
MZ/AZL/84A/10/2023/01,gsi_dated_positive,1,Mizoram,23.74150833,92.70785833,2023-06-04,0.9,2.1,0.248,888.0,37.35,,329,0.032
MIZ/AZL/2023/142,gsi_dated_positive,1,Mizoram,23.57166667,92.71083333,2023-06-09,20.3,41.8,0.405,871.0,31.58,,274,0.042
MIZ/AZL/2023/145,gsi_dated_positive,1,Mizoram,23.55944444,92.70833333,2023-07-06,4.0,38.2,0.393,763.0,16.73,,250,0.344
KA/DK/48P1/2024/04,gsi_dated_positive,1,Karnataka,12.87813611,75.03807222,2023-07-08,65.5,172.8,0.51,48.0,15.31,,6,3.549
HP/Man-kul/2024/6,gsi_dated_positive,1,Himachal Pradesh,31.99953056,77.1265,2023-07-11,19.2,223.7,0.494,1277.0,37.84,,97,0.801
JK/KAT/43P9/2023/07,gsi_dated_positive,1,Jammu & Kashmir,32.704972,75.809583,2023-07-18,30.4,53.1,0.499,1291.0,29.27,,107,0.263
JK/KAT/43P9/2023/05,gsi_dated_positive,1,Jammu & Kashmir,32.693347,75.783772,2023-07-19,34.3,72.7,0.503,1400.0,46.0,,110,0.048
MH/PUN/47F01/2024/01,gsi_dated_positive,1,Maharashtra,18.93247222,73.23425,2023-07-19,,,,433.0,16.66,,9,8.011
MH/KOL/47L02/2025/01,gsi_dated_positive,1,Maharashtra,16.634207,74.064669,2023-07-23,51.4,117.8,0.515,740.0,13.89,,5,0.152
MIZ/AZL/2024/649,gsi_dated_positive,1,Mizoram,23.77166667,92.84805556,2023-07-23,15.8,45.1,0.412,735.0,28.79,,152,0.258
MIZ/KOL/2023/164,gsi_dated_positive,1,Mizoram,23.00638889,92.67691667,2023-07-23,3.3,33.2,0.385,403.0,31.4,,50,0.205
MIZ/AZL/2023/85,gsi_dated_positive,1,Mizoram,24.27138889,92.96,2023-07-24,27.2,51.5,0.418,777.0,19.13,,60,0.921
MIZ/AZL/2023/144,gsi_dated_positive,1,Mizoram,23.58591667,92.71777778,2023-07-25,22.0,47.6,0.402,960.0,20.97,,306,0.118
MIZ/AZL/2023/149,gsi_dated_positive,1,Mizoram,23.535,92.69694444,2023-07-28,3.7,27.6,0.385,819.0,36.42,,246,0.062
MIZ/AZL/2023/150,gsi_dated_positive,1,Mizoram,23.53333333,92.69722222,2023-08-02,9.4,23.7,0.389,821.0,37.17,,240,0.068
UK/RDP/53N02/2023/01,gsi_dated_positive,1,Uttarakhand,30.652,79.0244,2023-08-02,6.3,30.5,0.413,2014.0,32.68,,95,0.255
MIZ/AZL/2023/151,gsi_dated_positive,1,Mizoram,23.52972222,92.69611111,2023-08-03,5.1,18.3,0.395,803.0,31.72,,239,0.084
MIZ/AZL/2023/146,gsi_dated_positive,1,Mizoram,23.54380556,92.70136111,2023-08-06,27.4,46.9,0.422,777.0,25.59,,246,0.032
MIZ/AZL/2023/147,gsi_dated_positive,1,Mizoram,23.54027778,92.70138889,2023-08-06,27.4,46.9,0.422,883.0,31.8,,240,0.0
MIZ/AZL/2023/148,gsi_dated_positive,1,Mizoram,23.53986111,92.70063889,2023-08-06,27.4,46.9,0.422,843.0,22.27,,240,0.067
MIZ/AZL/2023/143,gsi_dated_positive,1,Mizoram,23.58388889,92.71722222,2023-08-08,2.9,67.3,0.416,976.0,6.32,,303,0.232
UK/RDP/53N02/2023/04,gsi_dated_positive,1,Uttarakhand,30.61,79.01,2023-08-08,25.1,63.8,0.423,1791.0,26.71,,101,0.491
MIZ/AZL/2023/153,gsi_dated_positive,1,Mizoram,23.5,92.70111111,2023-08-09,3.7,58.0,0.412,885.0,26.29,,238,0.027
MEG/WJH/83C03/2023-24/2,gsi_dated_positive,1,Meghalaya,25.41955556,92.16194444,2023-08-10,2.4,33.4,0.496,1393.0,3.84,,18,2.002
MIZ/AZL/2024/472,gsi_dated_positive,1,Mizoram,23.54166667,92.66472222,2023-08-12,1.9,8.0,0.395,701.0,20.13,,239,0.085
MIZ/KOL/2023/158,gsi_dated_positive,1,Mizoram,23.05805556,92.67583333,2023-08-12,11.1,17.5,0.402,706.0,3.25,,90,0.862
HP/SOLAN/53B/13/2025/09,gsi_dated_positive,1,Himachal Pradesh,30.981344,76.977305,2023-08-13,12.6,32.0,0.428,957.0,16.97,,165,0.219
MIZ/AZL/2023/81,gsi_dated_positive,1,Mizoram,23.51980556,92.70066667,2023-08-13,9.6,14.1,0.392,773.0,32.99,,232,0.042
HP/KUL/53E7/2023/14,gsi_dated_positive,1,Himachal Pradesh,31.46975,77.36669444,2023-08-14,67.1,102.2,0.511,1705.0,43.46,,58,0.374
HP/KUL/53E7/2023/15,gsi_dated_positive,1,Himachal Pradesh,31.473,77.36772222,2023-08-14,48.8,65.2,0.505,1740.0,44.72,,60,0.374
HP/SOL/53B13/2023/,gsi_dated_positive,1,Himachal Pradesh,30.970355,76.992139,2023-08-14,17.0,38.1,0.424,1333.0,27.09,,193,0.52
UK/CHAM/53N07/2023/44,gsi_dated_positive,1,Uttarakhand,30.43675,79.42864,2023-08-14,,,,1317.0,37.51,,50,1.298
HP/SOLAN/53B/13/2025/03,gsi_dated_positive,1,Himachal Pradesh,30.90009,76.930137,2023-08-17,2.1,3.8,0.378,1054.0,28.91,,254,0.593
NL/MON/83J15/2014/09,gsi_dated_positive,1,Nagaland,26.39936,94.94553,2023-08-17,2.6,10.7,0.495,645.0,28.19,,39,0.948
UK/CHAM/53N07/2023/38,gsi_dated_positive,1,Uttarakhand,30.35608,78.31892,2023-08-18,14.1,18.0,0.475,2063.0,19.47,,1,4.818
UK/CHAM/53N07/2023/45,gsi_dated_positive,1,Uttarakhand,30.4777,78.4671,2023-08-18,4.3,12.8,0.483,1208.0,32.01,,33,3.555
NL/KOH/83G13/2023/03,gsi_dated_positive,1,Nagaland,25.76618333,93.94043611,2023-09-08,27.6,76.6,0.503,810.0,27.65,,65,0.207
MIZ/KOL/2023/160,gsi_dated_positive,1,Mizoram,23.05222222,92.67027778,2023-09-12,11.2,59.2,0.416,429.0,15.02,,59,0.544
MIZ/KOL/2023/162,gsi_dated_positive,1,Mizoram,23.03016667,92.67336111,2023-09-12,11.2,59.2,0.416,310.0,35.23,,48,0.823
MIZ/KOL/2023/157,gsi_dated_positive,1,Mizoram,23.93027778,92.6525,2023-09-17,19.8,22.3,0.352,194.0,16.8,,64,0.187
MIZ/KOL/2023/163,gsi_dated_positive,1,Mizoram,23.02280556,92.67255556,2023-09-17,27.8,31.3,0.39,350.0,20.29,,49,0.823
MZ/AZL/84A10/2024/044,gsi_dated_positive,1,Mizoram,23.7175,92.71972222,2023-09-19,25.2,69.2,0.421,1082.0,29.41,,356,0.132
JK/RAM/43O3/2023/08,gsi_dated_positive,1,Jammu & Kashmir,33.365063,75.183576,2023-09-21,3.0,7.7,0.405,1465.0,54.29,,71,0.281
MIZ/AZL/2024/345,gsi_dated_positive,1,Mizoram,23.61583333,92.79111111,2023-09-23,0.2,9.2,0.369,329.0,33.8,,186,0.146
MIZ/KOL/2023/169,gsi_dated_positive,1,Mizoram,23.91777778,92.73805556,2023-09-27,3.9,16.0,0.376,908.0,56.68,,65,0.164
MIZ/KOL/2023/170,gsi_dated_positive,1,Mizoram,23.89638889,92.73638889,2023-09-27,5.3,16.3,0.372,1081.0,55.3,,52,0.788
MZ/AZL/84A10/2024/055,gsi_dated_positive,1,Mizoram,23.64638889,92.72638889,2023-10-02,2.7,32.5,0.357,797.0,27.72,,323,0.091
NL/KOH/83K02/2023/19,gsi_dated_positive,1,Nagaland,25.66754722,94.08075278,2023-10-02,12.8,30.4,0.494,1523.0,18.85,,260,0.713
SKM/MAN/78A11/11/2023,gsi_dated_positive,1,Sikkim,27.40251944,88.51868056,2023-10-04,26.4,30.8,0.423,571.0,33.75,,51,0.606
JK/RAM/43O3/2023/10,gsi_dated_positive,1,Jammu & Kashmir,33.388583,75.201361,2023-10-17,10.2,34.7,0.481,1565.0,40.71,,60,0.773
JK/RAM/43O3/2023/13,gsi_dated_positive,1,Jammu & Kashmir,33.332022,75.200139,2023-10-17,10.2,34.7,0.481,1193.0,61.72,,82,0.019
JK/RAM/43O4/2023/12,gsi_dated_positive,1,Jammu & Kashmir,33.23526,75.2456,2023-10-17,11.8,39.3,0.488,735.0,28.29,,62,0.054
MIZ/AZL/2023/155,gsi_dated_positive,1,Mizoram,23.78138889,92.67638889,2023-10-25,12.1,16.2,0.357,441.0,39.8,,226,1.066
TN/Nil/2023/CSF-1,gsi_dated_positive,1,Tamil Nadu,11.33833,76.87086,2023-11-23,13.4,34.1,0.364,442.0,19.13,,348,0.346
TN/Nil/2023/CSF-10,gsi_dated_positive,1,Tamil Nadu,11.34083,76.85725,2023-11-23,12.0,39.2,0.404,666.0,29.95,,367,0.024
TN/Nil/2023/CSF-11,gsi_dated_positive,1,Tamil Nadu,11.34097,76.85692,2023-11-23,12.0,39.2,0.404,657.0,30.83,,368,0.025
TN/Nil/2023/CSF-12,gsi_dated_positive,1,Tamil Nadu,11.33972,76.84953,2023-11-23,12.0,39.2,0.404,726.0,25.97,,335,0.063
TN/Nil/2023/CSF-13,gsi_dated_positive,1,Tamil Nadu,11.34036,76.84983,2023-11-23,12.0,39.2,0.404,742.0,23.28,,335,0.016
TN/Nil/2023/CSF-14,gsi_dated_positive,1,Tamil Nadu,11.34183,76.85008,2023-11-23,12.0,39.2,0.404,762.0,41.69,,339,0.037
TN/Nil/2023/CSF-15,gsi_dated_positive,1,Tamil Nadu,11.34244,76.85006,2023-11-23,12.0,39.2,0.404,767.0,50.46,,340,0.031
TN/Nil/2023/CSF-16,gsi_dated_positive,1,Tamil Nadu,11.34419,76.84842,2023-11-23,20.0,34.1,0.41,784.0,30.65,,340,0.14
TN/Nil/2023/CSF-17,gsi_dated_positive,1,Tamil Nadu,11.34242,76.84642,2023-11-23,20.0,34.1,0.41,807.0,23.64,,333,0.055
TN/Nil/2023/CSF-18,gsi_dated_positive,1,Tamil Nadu,11.3423,76.84593,2023-11-23,20.0,34.1,0.41,814.0,35.4,,333,0.055
TN/Nil/2023/CSF-19,gsi_dated_positive,1,Tamil Nadu,11.33889,76.84272,2023-11-23,20.0,34.1,0.41,845.0,21.23,,327,0.128
TN/Nil/2023/CSF-2,gsi_dated_positive,1,Tamil Nadu,11.34019,76.86667,2023-11-23,12.0,39.2,0.404,598.0,23.64,,369,0.163
TN/Nil/2023/CSF-20,gsi_dated_positive,1,Tamil Nadu,11.33975,76.84194,2023-11-23,20.0,34.1,0.41,865.0,18.87,,329,0.109
TN/Nil/2023/CSF-21,gsi_dated_positive,1,Tamil Nadu,11.33969,76.84094,2023-11-23,5.5,33.1,0.417,867.0,20.53,,330,0.109
TN/Nil/2023/CSF-22,gsi_dated_positive,1,Tamil Nadu,11.33525,76.82756,2023-11-23,,,,1053.0,35.01,,336,0.061
TN/Nil/2023/CSF-23,gsi_dated_positive,1,Tamil Nadu,11.33578,76.82769,2023-11-23,5.5,33.1,0.417,1058.0,29.29,,336,0.036
TN/Nil/2023/CSF-24,gsi_dated_positive,1,Tamil Nadu,11.33675,76.82814,2023-11-23,19.6,51.4,0.425,1057.0,25.02,,339,0.041
TN/Nil/2023/CSF-25,gsi_dated_positive,1,Tamil Nadu,11.33844,76.82786,2023-11-23,5.5,33.1,0.417,1080.0,34.02,,344,0.013
TN/Nil/2023/CSF-26,gsi_dated_positive,1,Tamil Nadu,11.33675,76.82742,2023-11-23,19.6,51.4,0.425,1087.0,25.27,,338,0.04
TN/Nil/2023/CSF-27,gsi_dated_positive,1,Tamil Nadu,11.33589,76.82678,2023-11-23,19.6,51.4,0.425,1089.0,13.42,,336,0.056
TN/Nil/2023/CSF-28,gsi_dated_positive,1,Tamil Nadu,11.33647,76.82564,2023-11-23,19.6,51.4,0.425,1120.0,22.88,,340,0.052
TN/Nil/2023/CSF-29,gsi_dated_positive,1,Tamil Nadu,11.33728,76.82531,2023-11-23,19.6,51.4,0.425,1161.0,26.2,,342,0.03
TN/Nil/2023/CSF-3,gsi_dated_positive,1,Tamil Nadu,11.34039,76.86431,2023-11-23,12.0,39.2,0.404,584.0,12.14,,373,0.058
TN/Nil/2023/CSF-30,gsi_dated_positive,1,Tamil Nadu,11.33736,76.82425,2023-11-23,19.6,51.4,0.425,1163.0,26.2,,344,0.007
TN/Nil/2023/CSF-31,gsi_dated_positive,1,Tamil Nadu,11.33736,76.82419,2023-11-23,19.6,51.4,0.425,1163.0,26.2,,344,0.007
TN/Nil/2023/CSF-32,gsi_dated_positive,1,Tamil Nadu,11.33578,76.81989,2023-11-23,19.6,51.4,0.425,1188.0,23.12,,344,0.122
TN/Nil/2023/CSF-33,gsi_dated_positive,1,Tamil Nadu,11.33475,76.8195,2023-11-23,,,,1197.0,24.1,,343,0.085
TN/Nil/2023/CSF-34,gsi_dated_positive,1,Tamil Nadu,11.33492,76.81864,2023-11-23,19.6,51.4,0.425,1213.0,33.73,,342,0.037
TN/Nil/2023/CSF-35,gsi_dated_positive,1,Tamil Nadu,11.33492,76.82417,2023-11-23,5.5,33.1,0.417,1049.0,27.17,,338,0.216
TN/Nil/2023/CSF-36,gsi_dated_positive,1,Tamil Nadu,11.33439,76.81717,2023-11-23,19.6,51.4,0.425,1257.0,30.0,,341,0.044
TN/Nil/2023/CSF-37,gsi_dated_positive,1,Tamil Nadu,11.33477,76.81732,2023-11-23,19.6,51.4,0.425,1256.0,29.7,,341,0.004
TN/Nil/2023/CSF-38,gsi_dated_positive,1,Tamil Nadu,11.33477,76.81728,2023-11-23,19.6,51.4,0.425,1256.0,29.7,,341,0.004
TN/Nil/2023/CSF-39,gsi_dated_positive,1,Tamil Nadu,11.33428,76.81322,2023-11-23,19.6,51.4,0.425,1306.0,15.84,,329,0.065
TN/Nil/2023/CSF-4,gsi_dated_positive,1,Tamil Nadu,11.34025,76.86203,2023-11-23,12.0,39.2,0.404,603.0,28.7,,373,0.041
TN/Nil/2023/CSF-40,gsi_dated_positive,1,Tamil Nadu,11.33558,76.815,2023-11-23,19.6,51.4,0.425,1343.0,38.76,,339,0.044
TN/Nil/2023/CSF-41,gsi_dated_positive,1,Tamil Nadu,11.33547,76.81456,2023-11-23,19.6,51.4,0.425,1342.0,36.07,,336,0.007
TN/Nil/2023/CSF-42,gsi_dated_positive,1,Tamil Nadu,11.33547,76.8145,2023-11-23,19.6,51.4,0.425,1347.0,32.68,,336,0.007
TN/Nil/2023/CSF-43,gsi_dated_positive,1,Tamil Nadu,11.33528,76.81331,2023-11-23,19.6,51.4,0.425,1351.0,35.98,,330,0.021
TN/Nil/2023/CSF-44,gsi_dated_positive,1,Tamil Nadu,11.33536,76.81286,2023-11-23,19.6,51.4,0.425,1374.0,42.33,,329,0.005
TN/Nil/2023/CSF-45,gsi_dated_positive,1,Tamil Nadu,11.33536,76.81281,2023-11-23,19.6,51.4,0.425,1374.0,42.33,,329,0.005
TN/Nil/2023/CSF-46,gsi_dated_positive,1,Tamil Nadu,11.33433,76.81244,2023-11-23,19.6,51.4,0.425,1359.0,38.65,,329,0.08
TN/Nil/2023/CSF-47,gsi_dated_positive,1,Tamil Nadu,11.33231,76.80869,2023-11-23,19.6,51.4,0.425,1406.0,30.37,,327,0.083
TN/Nil/2023/CSF-48,gsi_dated_positive,1,Tamil Nadu,11.33042,76.80783,2023-11-23,19.6,51.4,0.425,1395.0,37.35,,328,0.036
TN/Nil/2023/CSF-49,gsi_dated_positive,1,Tamil Nadu,11.32925,76.80642,2023-11-23,,,,1410.0,33.02,,329,0.201
TN/Nil/2023/CSF-5,gsi_dated_positive,1,Tamil Nadu,11.33842,76.86083,2023-11-23,12.0,39.2,0.404,627.0,33.71,,371,0.036
TN/Nil/2023/CSF-50,gsi_dated_positive,1,Tamil Nadu,11.33147,76.80142,2023-11-23,19.6,51.4,0.425,1466.0,37.75,,335,0.163
TN/Nil/2023/CSF-51,gsi_dated_positive,1,Tamil Nadu,11.33128,76.79947,2023-11-23,17.8,41.9,0.425,1471.0,15.22,,335,0.003
TN/Nil/2023/CSF-52,gsi_dated_positive,1,Tamil Nadu,11.33128,76.79944,2023-11-23,17.8,41.9,0.425,1471.0,15.22,,335,0.003
TN/Nil/2023/CSF-53,gsi_dated_positive,1,Tamil Nadu,11.33244,76.79422,2023-11-23,17.8,41.9,0.425,1529.0,18.87,,340,0.032
TN/Nil/2023/CSF-54,gsi_dated_positive,1,Tamil Nadu,11.33461,76.79083,2023-11-23,17.8,41.9,0.425,1555.0,21.23,,351,0.145
TN/Nil/2023/CSF-55,gsi_dated_positive,1,Tamil Nadu,11.33372,76.79764,2023-11-23,17.8,41.9,0.425,1628.0,28.56,,338,0.054
TN/Nil/2023/CSF-56,gsi_dated_positive,1,Tamil Nadu,11.33406,76.79825,2023-11-23,17.8,41.9,0.425,1633.0,23.48,,338,0.007
TN/Nil/2023/CSF-57,gsi_dated_positive,1,Tamil Nadu,11.33406,76.79831,2023-11-23,17.8,41.9,0.425,1633.0,23.48,,338,0.007
TN/Nil/2023/CSF-58,gsi_dated_positive,1,Tamil Nadu,11.33597,76.79875,2023-11-23,,,,1656.0,23.16,,338,0.066
TN/Nil/2023/CSF-59,gsi_dated_positive,1,Tamil Nadu,11.33646,76.79841,2023-11-23,17.8,41.9,0.425,1666.0,24.1,,340,0.013
TN/Nil/2023/CSF-6,gsi_dated_positive,1,Tamil Nadu,11.33814,76.86067,2023-11-23,12.0,39.2,0.404,615.0,39.42,,369,0.036
TN/Nil/2023/CSF-60,gsi_dated_positive,1,Tamil Nadu,11.34025,76.79775,2023-11-23,17.8,41.9,0.425,1693.0,23.83,,342,0.004
TN/Nil/2023/CSF-61,gsi_dated_positive,1,Tamil Nadu,11.34058,76.79775,2023-11-23,17.8,41.9,0.425,1697.0,23.16,,342,0.034
TN/Nil/2023/CSF-62,gsi_dated_positive,1,Tamil Nadu,11.341,76.79756,2023-11-23,17.8,41.9,0.425,1701.0,25.79,,342,0.026
TN/Nil/2023/CSF-63,gsi_dated_positive,1,Tamil Nadu,11.34175,76.79606,2023-11-23,,,,1727.0,36.23,,347,0.055
TN/Nil/2023/CSF-64,gsi_dated_positive,1,Tamil Nadu,11.34181,76.79556,2023-11-23,17.8,41.9,0.425,1730.0,38.0,,351,0.039
TN/Nil/2023/CSF-65,gsi_dated_positive,1,Tamil Nadu,11.34208,76.79533,2023-11-23,17.8,41.9,0.425,1707.0,31.37,,352,0.039
TN/Nil/2023/CSF-66,gsi_dated_positive,1,Tamil Nadu,11.34481,76.79025,2023-11-23,,,,1736.0,17.76,,362,0.021
TN/Nil/2023/CSF-67,gsi_dated_positive,1,Tamil Nadu,11.345,76.79022,2023-11-23,17.8,41.9,0.425,1736.0,23.12,,362,0.021
TN/Nil/2023/CSF-68,gsi_dated_positive,1,Tamil Nadu,11.34569,76.78942,2023-11-23,17.8,41.9,0.425,1752.0,30.37,,364,0.041
TN/Nil/2023/CSF-69,gsi_dated_positive,1,Tamil Nadu,11.34597,76.78917,2023-11-23,17.8,41.9,0.425,1741.0,12.93,,365,0.041
TN/Nil/2023/CSF-7,gsi_dated_positive,1,Tamil Nadu,11.33906,76.8575,2023-11-23,12.0,39.2,0.404,643.0,29.29,,367,0.038
TN/Nil/2023/CSF-70,gsi_dated_positive,1,Tamil Nadu,11.34758,76.78822,2023-11-23,17.8,41.9,0.425,1760.0,17.81,,367,0.099
TN/Nil/2023/CSF-71,gsi_dated_positive,1,Tamil Nadu,11.3495,76.78722,2023-11-23,17.8,41.9,0.425,1764.0,22.12,,369,0.011
TN/Nil/2023/CSF-72,gsi_dated_positive,1,Tamil Nadu,11.34973,76.7869,2023-11-23,17.8,41.9,0.425,1758.0,19.6,,369,0.043
TN/Nil/2023/CSF-73,gsi_dated_positive,1,Tamil Nadu,11.34958,76.78603,2023-11-23,17.8,41.9,0.425,1768.0,18.27,,368,0.009
TN/Nil/2023/CSF-74,gsi_dated_positive,1,Tamil Nadu,11.34961,76.78558,2023-11-23,17.8,41.9,0.425,1779.0,21.64,,368,0.013
TN/Nil/2023/CSF-75,gsi_dated_positive,1,Tamil Nadu,11.35036,76.78528,2023-11-23,17.8,41.9,0.425,1777.0,21.64,,369,0.077
TN/Nil/2023/CSF-76,gsi_dated_positive,1,Tamil Nadu,11.35256,76.78483,2023-11-23,17.8,41.9,0.425,1767.0,13.82,,374,0.084
TN/Nil/2023/CSF-77,gsi_dated_positive,1,Tamil Nadu,11.35333,76.785,2023-11-23,17.8,41.9,0.425,1772.0,11.49,,374,0.003
TN/Nil/2023/CSF-78,gsi_dated_positive,1,Tamil Nadu,11.35414,76.78528,2023-11-23,17.8,41.9,0.425,1774.0,4.82,,374,0.095
TN/Nil/2023/CSF-79,gsi_dated_positive,1,Tamil Nadu,11.35983,76.78161,2023-11-23,17.8,41.9,0.425,1793.0,16.61,,378,0.024
TN/Nil/2023/CSF-8,gsi_dated_positive,1,Tamil Nadu,11.33956,76.85731,2023-11-23,12.0,39.2,0.404,650.0,18.87,,367,0.036
TN/Nil/2023/CSF-80,gsi_dated_positive,1,Tamil Nadu,11.36067,76.78136,2023-11-23,17.8,41.9,0.425,1793.0,20.77,,378,0.01
TN/Nil/2023/CSF-81,gsi_dated_positive,1,Tamil Nadu,11.36231,76.7795,2023-11-23,17.8,41.9,0.425,1801.0,12.41,,378,0.108
TN/Nil/2023/CSF-82,gsi_dated_positive,1,Tamil Nadu,11.36292,76.77873,2023-11-23,17.8,41.9,0.425,1810.0,12.41,,377,0.108
TN/Nil/2023/CSF-83,gsi_dated_positive,1,Tamil Nadu,11.36631,76.77342,2023-11-23,17.8,41.9,0.425,1883.0,29.3,,369,0.128
TN/Nil/2023/CSF-84,gsi_dated_positive,1,Tamil Nadu,11.36644,76.77225,2023-11-23,17.8,41.9,0.425,1900.0,31.32,,367,0.067
TN/Nil/2023/CSF-85,gsi_dated_positive,1,Tamil Nadu,11.3665,76.77164,2023-11-23,17.8,41.9,0.425,1894.0,34.72,,366,0.043
TN/Nil/2023/CSF-86,gsi_dated_positive,1,Tamil Nadu,11.3665,76.77125,2023-11-23,17.8,41.9,0.425,1898.0,29.3,,366,0.043
TN/Nil/2023/CSF-87,gsi_dated_positive,1,Tamil Nadu,11.36659,76.77039,2023-11-23,17.8,41.9,0.425,1908.0,26.73,,367,0.094
TN/Nil/2023/CSF-88,gsi_dated_positive,1,Tamil Nadu,11.36706,76.76914,2023-11-23,17.8,41.9,0.425,1921.0,33.39,,362,0.146
TN/Nil/2023/CSF-89,gsi_dated_positive,1,Tamil Nadu,11.36689,76.76739,2023-11-23,17.8,41.9,0.425,1929.0,13.82,,363,0.192
TN/Nil/2023/CSF-9,gsi_dated_positive,1,Tamil Nadu,11.34003,76.85708,2023-11-23,12.0,39.2,0.404,647.0,24.73,,366,0.058
TN/Nil/2023/CSF-90,gsi_dated_positive,1,Tamil Nadu,11.34333,76.79572,2023-11-23,17.8,41.9,0.425,1716.0,24.1,,352,0.145
TN/Nil/58A11/2023/100,gsi_dated_positive,1,Tamil Nadu,11.3837739,76.89157885,2023-11-23,19.6,51.4,0.425,1443.0,14.94,,240,0.118
TN/Nil/58A11/2023/101,gsi_dated_positive,1,Tamil Nadu,11.38272038,76.89171657,2023-11-23,19.6,51.4,0.425,1435.0,17.82,,241,0.026
TN/Nil/58A11/2023/102,gsi_dated_positive,1,Tamil Nadu,11.3825477,76.89280582,2023-11-23,19.6,51.4,0.425,1429.0,28.36,,237,0.097
TN/Nil/58A11/2023/103,gsi_dated_positive,1,Tamil Nadu,11.38051118,76.89818045,2023-11-23,19.6,51.4,0.425,1380.0,40.62,,220,0.227
TN/Nil/58A11/2023/104,gsi_dated_positive,1,Tamil Nadu,11.38437302,76.90040614,2023-11-23,19.6,51.4,0.425,1370.0,24.44,,213,0.493
TN/Nil/58A11/2023/105,gsi_dated_positive,1,Tamil Nadu,11.37317615,76.90097896,2023-11-23,19.6,51.4,0.425,1295.0,28.12,,215,0.425
TN/Nil/58A11/2023/106,gsi_dated_positive,1,Tamil Nadu,11.36943894,76.90015075,2023-11-23,19.6,51.4,0.425,1286.0,25.52,,220,0.389
TN/Nil/58A11/2023/107,gsi_dated_positive,1,Tamil Nadu,11.36671495,76.89784123,2023-11-23,19.6,51.4,0.425,1254.0,5.5,,238,0.024
TN/Nil/58A11/2023/108,gsi_dated_positive,1,Tamil Nadu,11.36658063,76.89767177,2023-11-23,19.6,51.4,0.425,1261.0,29.57,,238,0.024
TN/Nil/58A11/2023/109,gsi_dated_positive,1,Tamil Nadu,11.36596682,76.89974834,2023-11-23,19.6,51.4,0.425,1245.0,28.39,,228,0.224
TN/Nil/58A11/2023/110,gsi_dated_positive,1,Tamil Nadu,11.36495906,76.90157783,2023-11-23,17.3,36.1,0.405,1223.0,17.82,,222,0.229
TN/Nil/58A11/2023/111,gsi_dated_positive,1,Tamil Nadu,11.36400221,76.9098213,2023-11-23,17.3,36.1,0.405,1161.0,11.49,,199,0.336
TN/Nil/58A11/2023/112,gsi_dated_positive,1,Tamil Nadu,11.36353226,76.9128616,2023-11-23,17.3,36.1,0.405,1139.0,14.94,,192,0.184
TN/Nil/58A11/2023/113,gsi_dated_positive,1,Tamil Nadu,11.36272917,76.91433431,2023-11-23,17.3,36.1,0.405,1126.0,16.61,,184,0.184
TN/Nil/58A11/2023/114,gsi_dated_positive,1,Tamil Nadu,11.36182795,76.91594312,2023-11-23,17.3,36.1,0.405,1105.0,19.19,,175,0.197
TN/Nil/58A11/2023/115,gsi_dated_positive,1,Tamil Nadu,11.3607386,76.91736774,2023-11-23,17.3,36.1,0.405,1103.0,12.05,,168,0.197
TN/Nil/58A11/2023/116,gsi_dated_positive,1,Tamil Nadu,11.36128851,76.91924593,2023-11-23,17.3,36.1,0.405,1086.0,21.99,,167,0.209
TN/Nil/58A11/2023/117,gsi_dated_positive,1,Tamil Nadu,11.35951023,76.91986142,2023-11-23,17.3,36.1,0.405,1076.0,14.21,,166,0.062
TN/Nil/58A11/2023/118,gsi_dated_positive,1,Tamil Nadu,11.35895452,76.91988671,2023-11-23,17.3,36.1,0.405,1082.0,26.14,,166,0.062
TN/Nil/58A11/2023/119,gsi_dated_positive,1,Tamil Nadu,11.35891845,76.92087799,2023-11-23,20.0,34.1,0.41,1068.0,25.8,,165,0.063
TN/Nil/58A11/2023/120,gsi_dated_positive,1,Tamil Nadu,11.35896363,76.92145754,2023-11-23,20.0,34.1,0.41,1067.0,29.3,,163,0.063
TN/Nil/58A11/2023/121,gsi_dated_positive,1,Tamil Nadu,11.35744628,76.92692457,2023-11-23,20.0,34.1,0.41,1037.0,11.0,,157,0.569
TN/Nil/58A11/2023/122,gsi_dated_positive,1,Tamil Nadu,11.35687261,76.93210853,2023-11-23,20.0,34.1,0.41,983.0,6.28,,152,0.116
TN/Nil/58A11/2023/123,gsi_dated_positive,1,Tamil Nadu,11.35629482,76.93299509,2023-11-23,20.0,34.1,0.41,969.0,36.56,,151,0.116
TN/Nil/58A11/2023/124,gsi_dated_positive,1,Tamil Nadu,11.35809188,76.93395232,2023-11-23,20.0,34.1,0.41,976.0,33.39,,149,0.197
TN/Nil/58A11/2023/125,gsi_dated_positive,1,Tamil Nadu,11.35886681,76.93557575,2023-11-23,20.0,34.1,0.41,947.0,26.4,,149,0.197
TN/Nil/58A11/2023/126,gsi_dated_positive,1,Tamil Nadu,11.3599745,76.93761436,2023-11-23,20.0,34.1,0.41,930.0,22.12,,145,0.056
TN/Nil/58A11/2023/127,gsi_dated_positive,1,Tamil Nadu,11.36019869,76.93834319,2023-11-23,20.0,34.1,0.41,916.0,23.83,,145,0.066
TN/Nil/58A11/2023/128,gsi_dated_positive,1,Tamil Nadu,11.35951049,76.93782025,2023-11-23,20.0,34.1,0.41,906.0,25.8,,145,0.056
TN/Nil/58A11/2023/129,gsi_dated_positive,1,Tamil Nadu,11.35879872,76.93760927,2023-11-23,20.0,34.1,0.41,903.0,23.95,,146,0.082
TN/Nil/58A11/2023/130,gsi_dated_positive,1,Tamil Nadu,11.3596238,76.93847834,2023-11-23,20.0,34.1,0.41,888.0,27.39,,145,0.066
TN/Nil/58A11/2023/131,gsi_dated_positive,1,Tamil Nadu,11.36079743,76.93940047,2023-11-23,20.0,34.1,0.41,890.0,31.57,,138,0.079
TN/Nil/58A11/2023/132,gsi_dated_positive,1,Tamil Nadu,11.36052844,76.94006873,2023-11-23,20.0,34.1,0.41,868.0,32.84,,134,0.079
TN/Nil/58A11/2023/133,gsi_dated_positive,1,Tamil Nadu,11.36007456,76.94174795,2023-11-23,20.0,34.1,0.41,870.0,31.05,,132,0.052
TN/Nil/58A11/2023/134,gsi_dated_positive,1,Tamil Nadu,11.35988891,76.94218111,2023-11-23,20.0,34.1,0.41,863.0,33.73,,131,0.052
TN/Nil/58A11/2023/135,gsi_dated_positive,1,Tamil Nadu,11.35992556,76.94277581,2023-11-23,20.0,34.1,0.41,852.0,35.98,,131,0.002
TN/Nil/58A11/2023/136,gsi_dated_positive,1,Tamil Nadu,11.3613242,76.94567928,2023-11-23,20.0,34.1,0.41,825.0,27.39,,127,0.057
TN/Nil/58A11/2023/137,gsi_dated_positive,1,Tamil Nadu,11.35991999,76.9427611,2023-11-23,20.0,34.1,0.41,852.0,35.98,,131,0.002
TN/Nil/58A11/2023/138,gsi_dated_positive,1,Tamil Nadu,11.36168682,76.94604898,2023-11-23,20.0,34.1,0.41,825.0,34.29,,127,0.057
TN/Nil/58A11/2023/139,gsi_dated_positive,1,Tamil Nadu,11.36209752,76.94641095,2023-11-23,20.0,34.1,0.41,825.0,32.73,,120,0.06
TN/Nil/58A11/2023/140,gsi_dated_positive,1,Tamil Nadu,11.36256559,76.94760942,2023-11-23,20.0,34.1,0.41,816.0,24.99,,119,0.141
TN/Nil/58A11/2023/141,gsi_dated_positive,1,Tamil Nadu,11.36214007,76.94926543,2023-11-23,20.0,34.1,0.41,799.0,23.28,,116,0.0
TN/Nil/58A11/2023/142,gsi_dated_positive,1,Tamil Nadu,11.36206926,76.9497801,2023-11-23,20.0,34.1,0.41,795.0,24.1,,115,0.055
TN/Nil/58A11/2023/143,gsi_dated_positive,1,Tamil Nadu,11.36176027,76.95017151,2023-11-23,20.0,34.1,0.41,799.0,25.27,,115,0.055
TN/Nil/58A11/2023/144,gsi_dated_positive,1,Tamil Nadu,11.36127232,76.95066827,2023-11-23,20.0,34.1,0.41,801.0,31.83,,114,0.077
TN/Nil/58A11/2023/146,gsi_dated_positive,1,Tamil Nadu,11.36054865,76.94816795,2023-11-23,20.0,34.1,0.41,721.0,18.49,,118,0.199
TN/Nil/58A11/2023/147,gsi_dated_positive,1,Tamil Nadu,11.35960568,76.94661845,2023-11-23,20.0,34.1,0.41,720.0,31.92,,125,0.062
TN/Nil/58A11/2023/148,gsi_dated_positive,1,Tamil Nadu,11.35914057,76.94630165,2023-11-23,20.0,34.1,0.41,711.0,21.51,,126,0.062
TN/Nil/58A11/2023/149,gsi_dated_positive,1,Tamil Nadu,11.35809154,76.94533891,2023-11-23,20.0,34.1,0.41,697.0,25.69,,127,0.09
TN/Nil/58A11/2023/150,gsi_dated_positive,1,Tamil Nadu,11.35649634,76.94579092,2023-11-23,20.0,34.1,0.41,658.0,31.32,,126,0.129
TN/Nil/58A11/2023/151,gsi_dated_positive,1,Tamil Nadu,11.35763256,76.94602336,2023-11-23,20.0,34.1,0.41,656.0,23.95,,127,0.073
TN/Nil/58A11/2023/152,gsi_dated_positive,1,Tamil Nadu,11.35774289,76.94668593,2023-11-23,20.0,34.1,0.41,646.0,20.34,,125,0.073
TN/Nil/58A11/2023/153,gsi_dated_positive,1,Tamil Nadu,11.35811507,76.94959631,2023-11-23,20.0,34.1,0.41,623.0,26.2,,116,0.081
TN/Nil/58A11/2023/154,gsi_dated_positive,1,Tamil Nadu,11.35793098,76.94887613,2023-11-23,20.0,34.1,0.41,616.0,24.99,,117,0.049
TN/Nil/58A11/2023/155,gsi_dated_positive,1,Tamil Nadu,11.35760003,76.94858135,2023-11-23,20.0,34.1,0.41,605.0,22.67,,117,0.049
TN/Nil/58A11/2023/156,gsi_dated_positive,1,Tamil Nadu,11.35746737,76.9480396,2023-11-23,20.0,34.1,0.41,603.0,21.82,,117,0.049
TN/Nil/58A11/2023/157,gsi_dated_positive,1,Tamil Nadu,11.35730415,76.94762268,2023-11-23,20.0,34.1,0.41,598.0,17.87,,117,0.049
TN/Nil/58A11/2023/158,gsi_dated_positive,1,Tamil Nadu,11.35708672,76.9470253,2023-11-23,20.0,34.1,0.41,611.0,23.64,,124,0.032
TN/Nil/58A11/2023/159,gsi_dated_positive,1,Tamil Nadu,11.35680547,76.94697583,2023-11-23,20.0,34.1,0.41,600.0,21.82,,124,0.032
TN/Nil/58A11/2023/160,gsi_dated_positive,1,Tamil Nadu,11.35473266,76.94561356,2023-11-23,20.0,34.1,0.41,576.0,34.72,,126,0.197
TN/Nil/58A11/2023/161,gsi_dated_positive,1,Tamil Nadu,11.35444989,76.94379168,2023-11-23,20.0,34.1,0.41,569.0,32.82,,129,0.092
TN/Nil/58A11/2023/162,gsi_dated_positive,1,Tamil Nadu,11.35488905,76.9430774,2023-11-23,20.0,34.1,0.41,572.0,34.76,,130,0.065
TN/Nil/58A11/2023/163,gsi_dated_positive,1,Tamil Nadu,11.35450826,76.94263034,2023-11-23,20.0,34.1,0.41,550.0,16.1,,131,0.065
TN/Nil/58A11/2023/164,gsi_dated_positive,1,Tamil Nadu,11.35346901,76.94214577,2023-11-23,20.0,34.1,0.41,545.0,24.44,,131,0.127
TN/Nil/58A11/2023/165,gsi_dated_positive,1,Tamil Nadu,11.34981179,76.9411861,2023-11-23,20.0,34.1,0.41,506.0,16.61,,135,0.035
TN/Nil/58A11/2023/166,gsi_dated_positive,1,Tamil Nadu,11.34967677,76.94147878,2023-11-23,20.0,34.1,0.41,503.0,19.19,,134,0.035
TN/Nil/58A11/2023/167,gsi_dated_positive,1,Tamil Nadu,11.34962812,76.94181618,2023-11-23,13.4,34.1,0.364,496.0,20.39,,132,0.037
TN/Nil/58A11/2023/168,gsi_dated_positive,1,Tamil Nadu,11.34893439,76.94316226,2023-11-23,13.4,34.1,0.364,491.0,19.19,,130,0.052
TN/Nil/58A11/2023/169,gsi_dated_positive,1,Tamil Nadu,11.34853389,76.94340348,2023-11-23,13.4,34.1,0.364,492.0,23.28,,130,0.04
TN/Nil/58A11/2023/170,gsi_dated_positive,1,Tamil Nadu,11.34824292,76.94361365,2023-11-23,13.4,34.1,0.364,488.0,31.57,,130,0.026
TN/Nil/58A11/2023/171,gsi_dated_positive,1,Tamil Nadu,11.34809917,76.94380445,2023-11-23,13.4,34.1,0.364,485.0,31.57,,130,0.026
TN/Nil/58A11/2023/172,gsi_dated_positive,1,Tamil Nadu,11.34777823,76.94398539,2023-11-23,13.4,34.1,0.364,481.0,26.4,,129,0.041
TN/Nil/58A11/2023/173,gsi_dated_positive,1,Tamil Nadu,11.34765289,76.94450377,2023-11-23,13.4,34.1,0.364,475.0,26.2,,129,0.058
TN/Nil/58A11/2023/174,gsi_dated_positive,1,Tamil Nadu,11.34700889,76.94478131,2023-11-23,13.4,34.1,0.364,476.0,24.1,,128,0.078
TN/Nil/58A11/2023/175,gsi_dated_positive,1,Tamil Nadu,11.34612638,76.94402605,2023-11-23,13.4,34.1,0.364,462.0,20.91,,130,0.016
TN/Nil/58A11/2023/176,gsi_dated_positive,1,Tamil Nadu,11.34619369,76.94389937,2023-11-23,13.4,34.1,0.364,460.0,23.28,,130,0.016
TN/Nil/58A11/2023/177,gsi_dated_positive,1,Tamil Nadu,11.34641057,76.9435889,2023-11-23,13.4,34.1,0.364,457.0,26.1,,130,0.018
TN/Nil/58A11/2023/178,gsi_dated_positive,1,Tamil Nadu,11.34653207,76.94348491,2023-11-23,13.4,34.1,0.364,464.0,22.88,,130,0.018
TN/Nil/58A11/2023/179,gsi_dated_positive,1,Tamil Nadu,11.34677326,76.94266173,2023-11-23,13.4,34.1,0.364,451.0,18.65,,130,0.094
TN/Nil/58A11/2023/180,gsi_dated_positive,1,Tamil Nadu,11.34687267,76.94157503,2023-11-23,13.4,34.1,0.364,441.0,23.48,,135,0.119
TN/Nil/58A11/2023/181,gsi_dated_positive,1,Tamil Nadu,11.34493399,76.93814992,2023-11-23,13.4,34.1,0.364,414.0,17.29,,145,0.277
TN/Nil/58A11/2023/182,gsi_dated_positive,1,Tamil Nadu,11.34263136,76.93718243,2023-11-23,13.4,34.1,0.364,392.0,20.34,,147,0.245
TN/Nil/58A11/2023/91,gsi_dated_positive,1,Tamil Nadu,11.41479928,76.87340635,2023-11-23,17.8,40.3,0.422,1811.0,17.76,,172,0.588
TN/Nil/58A11/2023/92,gsi_dated_positive,1,Tamil Nadu,11.40396239,76.8755371,2023-11-23,17.8,40.3,0.422,1699.0,15.37,,245,0.786
TN/Nil/58A11/2023/93,gsi_dated_positive,1,Tamil Nadu,11.39869649,76.88035008,2023-11-23,17.8,40.3,0.422,1639.0,29.38,,242,0.247
TN/Nil/58A11/2023/94,gsi_dated_positive,1,Tamil Nadu,11.39647571,76.88035008,2023-11-23,17.8,40.3,0.422,1692.0,16.1,,252,0.247
TN/Nil/58A11/2023/95,gsi_dated_positive,1,Tamil Nadu,11.39428321,76.88478423,2023-11-23,17.8,40.3,0.422,1585.0,30.24,,239,0.376
TN/Nil/58A11/2023/96,gsi_dated_positive,1,Tamil Nadu,11.39101342,76.88567563,2023-11-23,17.8,40.3,0.422,1561.0,9.58,,244,0.376
TN/Nil/58A11/2023/97,gsi_dated_positive,1,Tamil Nadu,11.39004228,76.89137908,2023-11-23,19.6,51.4,0.425,1500.0,20.91,,228,0.374
TN/Nil/58A11/2023/98,gsi_dated_positive,1,Tamil Nadu,11.38678231,76.89223945,2023-11-23,19.6,51.4,0.425,1473.0,29.38,,230,0.323
TN/Nil/58A11/2023/99,gsi_dated_positive,1,Tamil Nadu,11.38445676,76.89046944,2023-11-23,19.6,51.4,0.425,1457.0,19.34,,243,0.143
JK/RAM/43O3/2023/14,gsi_dated_positive,1,Jammu & Kashmir,33.351361,75.177917,2023-12-24,0.0,1.7,0.398,1294.0,42.91,,74,0.542
JK/ BUD/43J16/2024/18,gsi_dated_positive,1,Jammu & Kashmir,34.02194444,74.7625,2024-01-09,0.0,0.0,0.329,1619.0,0.0,,0,21.135
JK/RAM/43O3/2024/20,gsi_dated_positive,1,Jammu & Kashmir,33.36625,75.18625,2024-02-01,,,,1433.0,12.85,,71,0.281
JK/RAM/43O3/2024/22,gsi_dated_positive,1,Jammu & Kashmir,33.362619,75.175742,2024-03-03,27.4,151.1,0.509,1399.0,54.07,,69,0.777
ARA/DIB/82P15/2024/01,gsi_dated_positive,1,Arunachal Pradesh,28.38919722,95.92776111,2024-04-24,66.9,204.7,0.428,607.0,34.77,,17,3.875
JK/RAM/43O04/2024/01,gsi_dated_positive,1,Jammu & Kashmir,33.24235,75.20798889,2024-04-25,0.0,1.0,0.396,902.0,23.65,,78,0.831
JK/REA/43K16/2024/14,gsi_dated_positive,1,Jammu & Kashmir,33.14553,74.97701,2024-05-02,0.0,12.1,0.456,938.0,24.92,,11,2.593
TN/CBE/58B15/2024/01,gsi_dated_positive,1,Tamil Nadu,10.447257,76.984351,2024-05-19,16.2,114.5,0.399,916.0,28.31,,108,0.33
TN/CBE/58B15/2024/02,gsi_dated_positive,1,Tamil Nadu,10.451245,76.981973,2024-05-19,3.0,18.0,0.317,664.0,17.94,,105,0.081
TN/CBE/58B15/2024/03,gsi_dated_positive,1,Tamil Nadu,10.451802,76.981495,2024-05-19,3.0,18.0,0.317,644.0,25.35,,104,0.081
TN/CBE/58B15/2024/04,gsi_dated_positive,1,Tamil Nadu,10.450891,76.976945,2024-05-19,3.0,18.0,0.317,547.0,29.92,,106,0.151
TN/CBE/58B15/2024/05,gsi_dated_positive,1,Tamil Nadu,10.449755,76.976183,2024-05-19,3.0,18.0,0.317,600.0,38.16,,106,0.151
TN/CBE/58B15/2024/06,gsi_dated_positive,1,Tamil Nadu,10.450355,76.979802,2024-05-19,3.0,18.0,0.317,626.0,30.16,,105,0.069
TN/CBE/58B15/2024/07,gsi_dated_positive,1,Tamil Nadu,10.450497,76.97869,2024-05-19,3.0,18.0,0.317,625.0,40.63,,106,0.123
TN/CBE/58B15/2024/08,gsi_dated_positive,1,Tamil Nadu,10.450672,76.98034,2024-05-19,3.0,18.0,0.317,634.0,25.35,,105,0.069
TN/CBE/58B15/2024/09,gsi_dated_positive,1,Tamil Nadu,10.431505,76.98407,2024-05-19,16.2,114.5,0.399,1173.0,26.43,,119,0.399
AS/K(M)/76N16/2024/01,gsi_dated_positive,1,Assam,26.19044,91.77502,2024-05-24,2.5,3.7,0.399,109.0,10.49,,80,0.561
MIZ/AZL/2024/358,gsi_dated_positive,1,Mizoram,23.60111111,92.75888889,2024-05-26,16.4,52.1,0.37,569.0,37.02,,264,0.093
MEG/EKH/78O14/2024/01,gsi_dated_positive,1,Meghalaya,25.6251,91.9118,2024-05-27,61.5,75.1,0.508,1355.0,6.89,,89,2.228
7246,gsi_dated_positive,1,Meghalaya,25.68798889,91.65838889,2024-05-28,72.8,139.1,0.51,1032.0,28.85,,41,0.032
7247,gsi_dated_positive,1,Meghalaya,25.68805,91.66653,2024-05-28,,,,957.0,30.31,,41,0.095
6892,gsi_dated_positive,1,Meghalaya,25.39295833,91.55163333,2024-05-28,128.0,217.3,0.511,1415.0,21.01,,9,2.015
ME/SWK/2025/4,gsi_dated_positive,1,Meghalaya,25.40288611,91.43424167,2024-05-28,106.1,199.5,0.51,1527.0,17.11,,9,2.448
MIZ/AZL/2024/220,gsi_dated_positive,1,Mizoram,23.60861111,92.85055556,2024-05-28,69.5,102.1,0.425,1123.0,25.59,,85,0.034
MIZ/AZL/2024/228,gsi_dated_positive,1,Mizoram,23.73222222,92.75,2024-05-28,68.0,108.3,0.426,944.0,46.45,,340,0.031
MIZ/AZL/2024/229,gsi_dated_positive,1,Mizoram,23.73194444,92.75,2024-05-28,68.0,108.3,0.426,923.0,49.27,,342,0.031
MIZ/AZL/2024/230,gsi_dated_positive,1,Mizoram,23.74083333,92.74111111,2024-05-28,68.0,108.3,0.426,953.0,31.06,,332,0.13
MIZ/AZL/2024/235,gsi_dated_positive,1,Mizoram,23.76972222,92.74472222,2024-05-28,58.6,98.0,0.426,1153.0,36.32,,300,0.388
MIZ/AZL/2024/247,gsi_dated_positive,1,Mizoram,23.74916667,92.69416667,2024-05-28,68.8,125.9,0.427,802.0,39.2,,285,0.073
MIZ/AZL/2024/254,gsi_dated_positive,1,Mizoram,23.69277778,92.72055556,2024-05-28,78.0,120.5,0.426,978.0,41.91,,366,0.062
MIZ/AZL/2024/265,gsi_dated_positive,1,Mizoram,23.70972222,92.72222222,2024-05-28,68.0,108.3,0.426,918.0,32.4,,362,0.077
MIZ/AZL/2024/266,gsi_dated_positive,1,Mizoram,23.69944444,92.71972222,2024-05-28,68.0,108.3,0.426,1070.0,12.5,,360,0.183
MIZ/AZL/2024/278,gsi_dated_positive,1,Mizoram,23.66416667,92.72055556,2024-05-28,78.0,120.5,0.426,1046.0,52.08,,377,0.337
MIZ/AZL/2024/279,gsi_dated_positive,1,Mizoram,23.66055556,92.72527778,2024-05-28,78.0,120.5,0.426,888.0,24.71,,373,0.129
MIZ/AZL/2024/280,gsi_dated_positive,1,Mizoram,23.66,92.72638889,2024-05-28,78.0,120.5,0.426,891.0,21.66,,375,0.064
MIZ/AZL/2024/281,gsi_dated_positive,1,Mizoram,23.65527778,92.72694444,2024-05-28,78.0,120.5,0.426,811.0,22.49,,369,0.154
MIZ/AZL/2024/282,gsi_dated_positive,1,Mizoram,23.65138889,92.72694444,2024-05-28,78.0,120.5,0.426,789.0,10.14,,348,0.377
MIZ/AZL/2024/283,gsi_dated_positive,1,Mizoram,23.64555556,92.72444444,2024-05-28,78.0,120.5,0.426,805.0,32.58,,315,0.126
MIZ/AZL/2024/285,gsi_dated_positive,1,Mizoram,23.64444444,92.72527778,2024-05-28,78.0,120.5,0.426,816.0,24.71,,307,0.084
MIZ/AZL/2024/286,gsi_dated_positive,1,Mizoram,23.64166667,92.72416667,2024-05-28,78.0,120.5,0.426,829.0,21.29,,298,0.109
MIZ/AZL/2024/287,gsi_dated_positive,1,Mizoram,23.64083333,92.72472222,2024-05-28,78.0,120.5,0.426,827.0,23.61,,290,0.109
MIZ/AZL/2024/288,gsi_dated_positive,1,Mizoram,23.6375,92.72277778,2024-05-28,78.0,120.5,0.426,843.0,38.45,,292,0.164
MIZ/AZL/2024/294,gsi_dated_positive,1,Mizoram,23.62611111,92.72638889,2024-05-28,86.1,119.8,0.427,785.0,22.15,,301,0.397
MIZ/AZL/2024/295,gsi_dated_positive,1,Mizoram,23.6325,92.72388889,2024-05-28,78.0,120.5,0.426,807.0,33.73,,305,0.154
MIZ/AZL/2024/297,gsi_dated_positive,1,Mizoram,23.62972222,92.72555556,2024-05-28,78.0,120.5,0.426,771.0,27.93,,307,0.113
MIZ/AZL/2024/302,gsi_dated_positive,1,Mizoram,23.61611111,92.71722222,2024-05-28,86.1,119.8,0.427,887.0,22.29,,309,0.127
MIZ/AZL/2024/305,gsi_dated_positive,1,Mizoram,23.61861111,92.72611111,2024-05-28,86.1,119.8,0.427,793.0,27.74,,307,0.15
MIZ/AZL/2024/306,gsi_dated_positive,1,Mizoram,23.60555556,92.725,2024-05-28,86.1,119.8,0.427,906.0,22.49,,304,0.179
MIZ/AZL/2024/312,gsi_dated_positive,1,Mizoram,23.59194444,92.75055556,2024-05-28,86.1,119.8,0.427,701.0,25.63,,267,1.257
MIZ/AZL/2024/313,gsi_dated_positive,1,Mizoram,23.595,92.81611111,2024-05-28,69.5,102.1,0.425,622.0,24.94,,98,0.157
MIZ/AZL/2024/319,gsi_dated_positive,1,Mizoram,23.60861111,92.80972222,2024-05-28,78.0,120.5,0.426,498.0,27.29,,141,0.012
MIZ/AZL/2024/323,gsi_dated_positive,1,Mizoram,23.60972222,92.80916667,2024-05-28,78.0,120.5,0.426,536.0,23.9,,144,0.117
MIZ/AZL/2024/324,gsi_dated_positive,1,Mizoram,23.61361111,92.80777778,2024-05-28,78.0,120.5,0.426,549.0,26.56,,149,0.254
MIZ/AZL/2024/327,gsi_dated_positive,1,Mizoram,23.61222222,92.80527778,2024-05-28,78.0,120.5,0.426,450.0,22.95,,158,0.219
MIZ/AZL/2024/328,gsi_dated_positive,1,Mizoram,23.61138889,92.80333333,2024-05-28,78.0,120.5,0.426,451.0,30.9,,164,0.219
MIZ/AZL/2024/342,gsi_dated_positive,1,Mizoram,23.61611111,92.79777778,2024-05-28,78.0,120.5,0.426,397.0,24.65,,178,0.17
MIZ/AZL/2024/343,gsi_dated_positive,1,Mizoram,23.61472222,92.79583333,2024-05-28,78.0,120.5,0.426,380.0,36.89,,179,0.251
MIZ/AZL/2024/344,gsi_dated_positive,1,Mizoram,23.615,92.79222222,2024-05-28,78.0,120.5,0.426,331.0,30.89,,181,0.146
MIZ/AZL/2024/346,gsi_dated_positive,1,Mizoram,23.61861111,92.79,2024-05-28,78.0,120.5,0.426,314.0,11.67,,201,0.15
MIZ/AZL/2024/350,gsi_dated_positive,1,Mizoram,23.62333333,92.78888889,2024-05-28,78.0,120.5,0.426,229.0,23.91,,210,0.031
MIZ/AZL/2024/352,gsi_dated_positive,1,Mizoram,23.62527778,92.78638889,2024-05-28,78.0,120.5,0.426,204.0,6.84,,218,0.315
MIZ/AZL/2024/365,gsi_dated_positive,1,Mizoram,23.59527778,92.71722222,2024-05-28,86.1,119.8,0.427,743.0,24.32,,302,0.314
MIZ/AZL/2024/366,gsi_dated_positive,1,Mizoram,23.59055556,92.71611111,2024-05-28,86.1,119.8,0.427,774.0,33.2,,301,0.042
MIZ/AZL/2024/367,gsi_dated_positive,1,Mizoram,23.59027778,92.71583333,2024-05-28,86.1,119.8,0.427,788.0,34.37,,300,0.042
MIZ/AZL/2024/382,gsi_dated_positive,1,Mizoram,23.57138889,92.70972222,2024-05-28,86.1,119.8,0.427,855.0,34.77,,268,0.085
MIZ/AZL/2024/383,gsi_dated_positive,1,Mizoram,23.57055556,92.70888889,2024-05-28,86.1,119.8,0.427,904.0,33.63,,263,0.093
MIZ/AZL/2024/384,gsi_dated_positive,1,Mizoram,23.57027778,92.70722222,2024-05-28,86.1,119.8,0.427,847.0,27.48,,262,0.173
MIZ/AZL/2024/385,gsi_dated_positive,1,Mizoram,23.55388889,92.70472222,2024-05-28,78.3,116.8,0.428,834.0,2.02,,247,0.084
MIZ/AZL/2024/386,gsi_dated_positive,1,Mizoram,23.55444444,92.70527778,2024-05-28,78.3,116.8,0.428,826.0,6.76,,246,0.084
MIZ/AZL/2024/389,gsi_dated_positive,1,Mizoram,23.55,92.70444444,2024-05-28,78.3,116.8,0.428,847.0,30.57,,250,0.031
MIZ/AZL/2024/390,gsi_dated_positive,1,Mizoram,23.53222222,92.735,2024-05-28,78.3,116.8,0.428,1001.0,22.87,,237,0.188
MIZ/AZL/2024/401,gsi_dated_positive,1,Mizoram,23.53555556,92.72333333,2024-05-28,78.3,116.8,0.428,910.0,22.01,,239,0.556
MIZ/AZL/2024/409,gsi_dated_positive,1,Mizoram,23.54833333,92.71083333,2024-05-28,78.3,116.8,0.428,959.0,23.64,,250,0.542
MIZ/AZL/2024/414,gsi_dated_positive,1,Mizoram,23.54888889,92.70555556,2024-05-28,78.3,116.8,0.428,921.0,27.4,,250,0.105
MIZ/AZL/2024/415,gsi_dated_positive,1,Mizoram,23.545,92.70333333,2024-05-28,78.3,116.8,0.428,858.0,35.3,,246,0.085
MIZ/AZL/2024/416,gsi_dated_positive,1,Mizoram,23.54027778,92.70138889,2024-05-28,78.3,116.8,0.428,883.0,31.8,,240,0.0
MIZ/AZL/2024/420,gsi_dated_positive,1,Mizoram,23.53694444,92.6975,2024-05-28,78.3,116.8,0.428,841.0,33.26,,248,0.031
MIZ/AZL/2024/421,gsi_dated_positive,1,Mizoram,23.53611111,92.69777778,2024-05-28,78.3,116.8,0.428,917.0,35.67,,247,0.068
MIZ/AZL/2024/422,gsi_dated_positive,1,Mizoram,23.53555556,92.69694444,2024-05-28,78.3,116.8,0.428,853.0,45.92,,246,0.062
MIZ/AZL/2024/426,gsi_dated_positive,1,Mizoram,23.53027778,92.69666667,2024-05-28,78.3,116.8,0.428,832.0,28.82,,239,0.084
MIZ/AZL/2024/427,gsi_dated_positive,1,Mizoram,23.52861111,92.6975,2024-05-28,78.3,116.8,0.428,825.0,39.32,,239,0.146
MIZ/AZL/2024/428,gsi_dated_positive,1,Mizoram,23.52777778,92.69861111,2024-05-28,78.3,116.8,0.428,809.0,27.31,,238,0.146
MIZ/AZL/2024/431,gsi_dated_positive,1,Mizoram,23.52277778,92.70277778,2024-05-28,78.3,116.8,0.428,787.0,17.87,,236,0.394
MIZ/AZL/2024/435,gsi_dated_positive,1,Mizoram,23.51444444,92.69805556,2024-05-28,78.3,116.8,0.428,821.0,37.39,,231,0.097
MIZ/AZL/2024/437,gsi_dated_positive,1,Mizoram,23.51055556,92.69972222,2024-05-28,78.3,116.8,0.428,824.0,34.32,,231,0.275
MIZ/AZL/2024/438,gsi_dated_positive,1,Mizoram,23.50861111,92.69805556,2024-05-28,78.3,116.8,0.428,834.0,30.51,,232,0.251
MIZ/AZL/2024/439,gsi_dated_positive,1,Mizoram,23.50694444,92.69638889,2024-05-28,78.3,116.8,0.428,822.0,39.34,,232,0.109
MIZ/AZL/2024/441,gsi_dated_positive,1,Mizoram,23.50527778,92.6975,2024-05-28,78.3,116.8,0.428,848.0,33.36,,233,0.109
MIZ/AZL/2024/444,gsi_dated_positive,1,Mizoram,23.55027778,92.70444444,2024-05-28,78.3,116.8,0.428,834.0,32.15,,250,0.031
MIZ/AZL/2024/454,gsi_dated_positive,1,Mizoram,23.54305556,92.70055556,2024-05-28,78.3,116.8,0.428,824.0,38.26,,245,0.117
MIZ/AZL/2024/459,gsi_dated_positive,1,Mizoram,23.53972222,92.69944444,2024-05-28,78.3,116.8,0.428,783.0,35.23,,240,0.123
MIZ/AZL/2024/460,gsi_dated_positive,1,Mizoram,23.53777778,92.69833333,2024-05-28,78.3,116.8,0.428,826.0,30.3,,249,0.117
MIZ/AZL/2024/465,gsi_dated_positive,1,Mizoram,23.54277778,92.67638889,2024-05-28,109.6,156.8,0.428,665.0,16.94,,236,0.042
MIZ/AZL/2024/469,gsi_dated_positive,1,Mizoram,23.54277778,92.67472222,2024-05-28,109.6,156.8,0.428,628.0,36.08,,233,0.17
MIZ/AZL/2024/471,gsi_dated_positive,1,Mizoram,23.54333333,92.66472222,2024-05-28,109.6,156.8,0.428,672.0,28.27,,235,0.173
MIZ/AZL/2024/474,gsi_dated_positive,1,Mizoram,23.53944444,92.66527778,2024-05-28,109.6,156.8,0.428,599.0,20.94,,241,0.09
MIZ/AZL/2024/476,gsi_dated_positive,1,Mizoram,23.53888889,92.6625,2024-05-28,109.6,156.8,0.428,626.0,19.67,,240,0.093
MIZ/AZL/2024/483,gsi_dated_positive,1,Mizoram,23.53944444,92.65888889,2024-05-28,109.6,156.8,0.428,552.0,15.2,,232,0.062
MIZ/AZL/2024/484,gsi_dated_positive,1,Mizoram,23.53611111,92.65527778,2024-05-28,109.6,156.8,0.428,494.0,25.5,,235,0.403
MIZ/AZL/2024/489,gsi_dated_positive,1,Mizoram,23.45083333,92.6825,2024-05-28,86.2,122.7,0.428,905.0,18.89,,161,0.062
MIZ/AZL/2024/498,gsi_dated_positive,1,Mizoram,23.44805556,92.68333333,2024-05-28,86.2,122.7,0.428,874.0,17.69,,153,0.261
MIZ/AZL/2024/500,gsi_dated_positive,1,Mizoram,23.44333333,92.68527778,2024-05-28,86.2,122.7,0.428,836.0,24.91,,143,0.291
MIZ/AZL/2024/503,gsi_dated_positive,1,Mizoram,23.42722222,92.71277778,2024-05-28,86.2,122.7,0.428,942.0,34.44,,145,0.085
MIZ/AZL/2024/505,gsi_dated_positive,1,Mizoram,23.41694444,92.71805556,2024-05-28,86.2,122.7,0.428,1098.0,16.58,,142,0.235
MIZ/AZL/2024/511,gsi_dated_positive,1,Mizoram,23.41,92.74944444,2024-05-28,86.2,122.7,0.428,1228.0,31.92,,137,0.156
MIZ/AZL/2024/526,gsi_dated_positive,1,Mizoram,23.37972222,92.75166667,2024-05-28,95.7,129.7,0.428,1271.0,29.81,,131,0.579
MIZ/AZL/2024/534,gsi_dated_positive,1,Mizoram,23.35694444,92.77027778,2024-05-28,107.3,136.3,0.429,1028.0,25.54,,151,0.062
MIZ/AZL/2024/535,gsi_dated_positive,1,Mizoram,23.35638889,92.77027778,2024-05-28,107.3,136.3,0.429,1017.0,26.12,,150,0.062
MIZ/AZL/2024/539,gsi_dated_positive,1,Mizoram,23.39166667,92.75527778,2024-05-28,95.7,129.7,0.428,1310.0,33.02,,137,0.09
MIZ/AZL/2024/548,gsi_dated_positive,1,Mizoram,23.43194444,92.76083333,2024-05-28,86.2,122.7,0.428,1464.0,26.51,,152,0.097
MIZ/AZL/2024/552,gsi_dated_positive,1,Mizoram,23.44138889,92.77888889,2024-05-28,88.3,117.2,0.428,1332.0,22.97,,176,1.211
MIZ/AZL/2024/559,gsi_dated_positive,1,Mizoram,23.48555556,92.70305556,2024-05-28,86.2,122.7,0.428,980.0,8.73,,228,0.026
MIZ/AZL/2024/561,gsi_dated_positive,1,Mizoram,23.49083333,92.70555556,2024-05-28,86.2,122.7,0.428,1014.0,57.32,,228,0.041
MIZ/AZL/2024/567,gsi_dated_positive,1,Mizoram,23.49861111,92.70388889,2024-05-28,78.3,116.8,0.428,953.0,38.85,,240,0.072
MIZ/AZL/2024/571,gsi_dated_positive,1,Mizoram,23.68277778,92.8575,2024-05-28,76.9,103.3,0.426,946.0,34.87,,162,0.031
MIZ/AZL/2024/572,gsi_dated_positive,1,Mizoram,23.68305556,92.8575,2024-05-28,76.9,103.3,0.426,960.0,26.62,,161,0.031
MIZ/AZL/2024/576,gsi_dated_positive,1,Mizoram,23.68638889,92.85833333,2024-05-28,76.9,103.3,0.426,927.0,22.95,,150,0.191
MIZ/AZL/2024/578,gsi_dated_positive,1,Mizoram,23.69472222,92.85972222,2024-05-28,82.5,112.2,0.427,937.0,23.34,,135,0.057
MIZ/AZL/2024/579,gsi_dated_positive,1,Mizoram,23.71416667,92.85805556,2024-05-28,82.5,112.2,0.427,879.0,28.22,,137,0.057
MIZ/AZL/2024/582,gsi_dated_positive,1,Mizoram,23.72722222,92.85472222,2024-05-28,82.5,112.2,0.427,805.0,34.7,,148,0.204
MIZ/AZL/2024/583,gsi_dated_positive,1,Mizoram,23.72972222,92.85305556,2024-05-28,82.5,112.2,0.427,767.0,34.23,,153,0.068
MIZ/AZL/2024/586,gsi_dated_positive,1,Mizoram,23.73111111,92.84638889,2024-05-28,82.5,112.2,0.427,698.0,25.89,,172,0.258
MIZ/AZL/2024/587,gsi_dated_positive,1,Mizoram,23.73361111,92.84305556,2024-05-28,82.5,112.2,0.427,676.0,37.46,,175,0.439
MIZ/AZL/2024/599,gsi_dated_positive,1,Mizoram,23.73833333,92.81333333,2024-05-28,68.0,108.3,0.426,391.0,31.84,,237,0.124
MIZ/AZL/2024/601,gsi_dated_positive,1,Mizoram,23.73472222,92.81333333,2024-05-28,68.0,108.3,0.426,428.0,32.41,,236,0.137
MIZ/AZL/2024/605,gsi_dated_positive,1,Mizoram,23.73,92.75833333,2024-05-28,68.0,108.3,0.426,910.0,35.21,,355,0.028
MIZ/AZL/2024/608,gsi_dated_positive,1,Mizoram,23.73055556,92.75861111,2024-05-28,68.0,108.3,0.426,893.0,33.74,,356,0.057
MIZ/AZL/2024/621,gsi_dated_positive,1,Mizoram,23.72222222,92.79861111,2024-05-28,68.0,108.3,0.426,215.0,25.63,,330,0.126
MIZ/AZL/2024/638,gsi_dated_positive,1,Mizoram,23.73583333,92.85194444,2024-05-28,82.5,112.2,0.427,711.0,23.48,,158,0.272
MIZ/AZL/2024/645,gsi_dated_positive,1,Mizoram,23.77777778,92.8479,2024-05-28,66.6,88.5,0.427,678.0,39.45,,149,0.054
MIZ/AZL/2024/647,gsi_dated_positive,1,Mizoram,23.7775,92.84833333,2024-05-28,66.6,88.5,0.427,686.0,37.02,,149,0.054
MIZ/AZL/2024/648,gsi_dated_positive,1,Mizoram,23.77833333,92.84666667,2024-05-28,66.6,88.5,0.427,665.0,34.07,,150,0.14
MIZ/AZL/2024/652,gsi_dated_positive,1,Mizoram,23.77361111,92.84944444,2024-05-28,66.6,88.5,0.427,737.0,26.1,,153,0.153
MIZ/AZL/2024/657,gsi_dated_positive,1,Mizoram,23.82638889,92.8325,2024-05-28,66.6,88.5,0.427,395.0,40.74,,105,0.124
MIZ/AZL/2024/661,gsi_dated_positive,1,Mizoram,23.84777778,92.83694444,2024-05-28,78.3,106.3,0.428,376.0,22.27,,96,0.609
MIZ/AZL/2024/754,gsi_dated_positive,1,Mizoram,23.10172778,93.20231944,2024-05-28,46.5,61.1,0.425,1177.0,19.15,,36,0.096
MIZ/AZL/2024/760,gsi_dated_positive,1,Mizoram,23.09561111,93.20786389,2024-05-28,46.5,61.1,0.425,1002.0,25.81,,37,0.38
MIZ/AZL/2024/768,gsi_dated_positive,1,Mizoram,23.110975,93.21260278,2024-05-28,46.5,61.1,0.425,1017.0,33.22,,44,0.318
MIZ/AZL/84A15/2025/016,gsi_dated_positive,1,Mizoram,23.410771,92.753123,2024-05-28,86.2,122.7,0.428,1127.0,34.96,,144,0.104
MZ/AZL/84A09/2024/111,gsi_dated_positive,1,Mizoram,23.77305556,92.74361111,2024-05-28,58.6,98.0,0.426,1002.0,20.42,,303,0.388
MZ/AZL/84A10/2024/001,gsi_dated_positive,1,Mizoram,23.73888889,92.69638889,2024-05-28,68.8,125.9,0.427,1044.0,26.73,,313,0.071
MZ/AZL/84A10/2024/002,gsi_dated_positive,1,Mizoram,23.73947222,92.69666667,2024-05-28,68.8,125.9,0.427,1033.0,25.71,,314,0.071
MZ/AZL/84A10/2024/0028,gsi_dated_positive,1,Mizoram,23.71740833,92.70644167,2024-05-28,68.8,125.9,0.427,896.0,25.68,,347,0.025
MZ/AZL/84A10/2024/003,gsi_dated_positive,1,Mizoram,23.74027778,92.69722222,2024-05-28,68.8,125.9,0.427,1039.0,18.47,,315,0.106
MZ/AZL/84A10/2024/004,gsi_dated_positive,1,Mizoram,23.74066667,92.69336111,2024-05-28,68.8,125.9,0.427,927.0,12.93,,309,0.134
MZ/AZL/84A10/2024/005,gsi_dated_positive,1,Mizoram,23.7385748,92.6941941,2024-05-28,68.8,125.9,0.427,986.0,32.78,,311,0.122
MZ/AZL/84A10/2024/006,gsi_dated_positive,1,Mizoram,23.74472222,92.69277778,2024-05-28,68.8,125.9,0.427,974.0,24.51,,294,0.191
MZ/AZL/84A10/2024/007,gsi_dated_positive,1,Mizoram,23.74116667,92.69455556,2024-05-28,68.8,125.9,0.427,948.0,26.35,,309,0.134
MZ/AZL/84A10/2024/008,gsi_dated_positive,1,Mizoram,23.7375,92.69444444,2024-05-28,68.8,125.9,0.427,979.0,29.81,,311,0.081
MZ/AZL/84A10/2024/009,gsi_dated_positive,1,Mizoram,23.73386111,92.69491667,2024-05-28,68.8,125.9,0.427,899.0,25.66,,312,0.096
MZ/AZL/84A10/2024/010,gsi_dated_positive,1,Mizoram,23.72669444,92.69519444,2024-05-28,68.8,125.9,0.427,897.0,32.33,,320,0.7
MZ/AZL/84A10/2024/011,gsi_dated_positive,1,Mizoram,23.73361111,92.69388889,2024-05-28,68.8,125.9,0.427,900.0,23.64,,311,0.108
MZ/AZL/84A10/2024/012,gsi_dated_positive,1,Mizoram,23.73472222,92.695,2024-05-28,68.8,125.9,0.427,917.0,23.2,,312,0.033
MZ/AZL/84A10/2024/014,gsi_dated_positive,1,Mizoram,23.73305556,92.69944444,2024-05-28,68.8,125.9,0.427,894.0,32.83,,319,0.188
MZ/AZL/84A10/2024/015,gsi_dated_positive,1,Mizoram,23.74972222,92.69833333,2024-05-28,68.8,125.9,0.427,630.0,21.7,,289,0.315
MZ/AZL/84A10/2024/016,gsi_dated_positive,1,Mizoram,23.73111111,92.70222222,2024-05-28,68.8,125.9,0.427,862.0,20.34,,331,0.17
MZ/AZL/84A10/2024/017,gsi_dated_positive,1,Mizoram,23.73111111,92.70388889,2024-05-28,68.8,125.9,0.427,873.0,20.42,,334,0.17
MZ/AZL/84A10/2024/018,gsi_dated_positive,1,Mizoram,23.73333333,92.70527778,2024-05-28,68.8,125.9,0.427,949.0,11.16,,332,0.285
MZ/AZL/84A10/2024/020,gsi_dated_positive,1,Mizoram,23.73583333,92.69777778,2024-05-28,68.8,125.9,0.427,993.0,16.17,,317,0.187
MZ/AZL/84A10/2024/021,gsi_dated_positive,1,Mizoram,23.73132778,92.70821944,2024-05-28,68.8,125.9,0.427,885.0,13.99,,333,0.184
MZ/AZL/84A10/2024/022,gsi_dated_positive,1,Mizoram,23.72428333,92.70737778,2024-05-28,68.8,125.9,0.427,978.0,26.91,,341,0.184
MZ/AZL/84A10/2024/023,gsi_dated_positive,1,Mizoram,23.72276944,92.70665,2024-05-28,68.8,125.9,0.427,961.0,39.07,,342,0.184
MZ/AZL/84A10/2024/024,gsi_dated_positive,1,Mizoram,23.71446389,92.71146389,2024-05-28,68.8,125.9,0.427,988.0,27.37,,349,0.217
MZ/AZL/84A10/2024/025,gsi_dated_positive,1,Mizoram,23.71581111,92.70935,2024-05-28,68.8,125.9,0.427,902.0,23.59,,348,0.059
MZ/AZL/84A10/2024/026,gsi_dated_positive,1,Mizoram,23.71595,92.70879444,2024-05-28,,,,895.0,31.58,,348,0.059
MZ/AZL/84A10/2024/027,gsi_dated_positive,1,Mizoram,23.7175,92.70666667,2024-05-28,68.8,125.9,0.427,900.0,23.18,,347,0.025
MZ/AZL/84A10/2024/029,gsi_dated_positive,1,Mizoram,23.71735556,92.70753333,2024-05-28,68.8,125.9,0.427,900.0,21.69,,347,0.029
MZ/AZL/84A10/2024/030,gsi_dated_positive,1,Mizoram,23.71721667,92.70777778,2024-05-28,68.8,125.9,0.427,906.0,25.54,,347,0.029
MZ/AZL/84A10/2024/031,gsi_dated_positive,1,Mizoram,23.71697222,92.70817222,2024-05-28,68.8,125.9,0.427,909.0,27.07,,348,0.048
MZ/AZL/84A10/2024/032,gsi_dated_positive,1,Mizoram,23.71305556,92.70895833,2024-05-28,68.8,125.9,0.427,981.0,20.94,,349,0.299
MZ/AZL/84A10/2024/033,gsi_dated_positive,1,Mizoram,23.71523056,92.71529167,2024-05-28,68.0,108.3,0.426,1012.0,16.41,,351,0.224
MZ/AZL/84A10/2024/034,gsi_dated_positive,1,Mizoram,23.74,92.715,2024-05-28,68.0,108.3,0.426,1065.0,42.64,,329,0.068
MZ/AZL/84A10/2024/035,gsi_dated_positive,1,Mizoram,23.73944444,92.71472222,2024-05-28,68.0,108.3,0.426,1073.0,53.92,,330,0.062
MZ/AZL/84A10/2024/036,gsi_dated_positive,1,Mizoram,23.71138889,92.72444444,2024-05-28,68.0,108.3,0.426,924.0,27.52,,358,0.237
MZ/AZL/84A10/2024/037,gsi_dated_positive,1,Mizoram,23.71638889,92.72111111,2024-05-28,68.0,108.3,0.426,983.0,29.58,,356,0.062
MZ/AZL/84A10/2024/038,gsi_dated_positive,1,Mizoram,23.71444444,92.72861111,2024-05-28,68.0,108.3,0.426,855.0,15.59,,358,0.029
MZ/AZL/84A10/2024/041,gsi_dated_positive,1,Mizoram,23.71571389,92.72659722,2024-05-28,68.0,108.3,0.426,865.0,24.51,,358,0.128
MZ/AZL/84A10/2024/042,gsi_dated_positive,1,Mizoram,23.7104,92.72237778,2024-05-28,68.0,108.3,0.426,963.0,34.46,,360,0.077
MZ/AZL/84A10/2024/043,gsi_dated_positive,1,Mizoram,23.71865833,92.72335278,2024-05-28,68.0,108.3,0.426,949.0,24.93,,355,0.039
MZ/AZL/84A10/2024/045,gsi_dated_positive,1,Mizoram,23.71,92.71611111,2024-05-28,68.0,108.3,0.426,949.0,16.62,,355,0.217
MZ/AZL/84A10/2024/047,gsi_dated_positive,1,Mizoram,23.70666667,92.71444444,2024-05-28,68.0,108.3,0.426,1029.0,49.74,,357,0.025
MZ/AZL/84A10/2024/048,gsi_dated_positive,1,Mizoram,23.70527778,92.71138889,2024-05-28,68.8,125.9,0.427,1070.0,36.04,,358,0.15
MZ/AZL/84A10/2024/049,gsi_dated_positive,1,Mizoram,23.70416667,92.71222222,2024-05-28,68.8,125.9,0.427,1040.0,35.23,,359,0.15
MZ/AZL/84A10/2024/050,gsi_dated_positive,1,Mizoram,23.70027778,92.71611111,2024-05-28,68.0,108.3,0.426,1031.0,22.35,,358,0.034
MZ/AZL/84A10/2024/051,gsi_dated_positive,1,Mizoram,23.69972222,92.71694444,2024-05-28,68.0,108.3,0.426,1002.0,37.35,,359,0.057
MZ/AZL/84A10/2024/052,gsi_dated_positive,1,Mizoram,23.68027778,92.72472222,2024-05-28,78.0,120.5,0.426,905.0,32.48,,376,0.154
MZ/AZL/84A10/2024/053,gsi_dated_positive,1,Mizoram,23.67805556,92.72,2024-05-28,78.0,120.5,0.426,1020.0,52.96,,368,0.218
MZ/AZL/84A10/2024/054,gsi_dated_positive,1,Mizoram,23.64333333,92.73444444,2024-05-28,78.0,120.5,0.426,724.0,12.12,,308,0.662
MZ/AZL/84A10/2024/056,gsi_dated_positive,1,Mizoram,23.64638889,92.72527778,2024-05-28,78.0,120.5,0.426,836.0,20.42,,323,0.091
MZ/AZL/84A10/2024/057,gsi_dated_positive,1,Mizoram,23.63111111,92.72388889,2024-05-28,78.0,120.5,0.426,867.0,23.34,,305,0.105
MZ/AZL/84A10/2024/058,gsi_dated_positive,1,Mizoram,23.63055556,92.72305556,2024-05-28,78.0,120.5,0.426,860.0,26.01,,307,0.105
MZ/AZL/84A10/2024/059,gsi_dated_positive,1,Mizoram,23.62833333,92.72333333,2024-05-28,86.1,119.8,0.427,797.0,20.78,,304,0.249
MZ/AZL/84A10/2024/060,gsi_dated_positive,1,Mizoram,23.62277778,92.72444444,2024-05-28,86.1,119.8,0.427,816.0,7.08,,299,0.169
MZ/AZL/84A10/2024/061,gsi_dated_positive,1,Mizoram,23.62194444,92.72305556,2024-05-28,86.1,119.8,0.427,814.0,32.25,,301,0.136
MZ/AZL/84A10/2024/062,gsi_dated_positive,1,Mizoram,23.62083333,92.7225,2024-05-28,86.1,119.8,0.427,822.0,18.63,,307,0.136
MZ/AZL/84A10/2024/063,gsi_dated_positive,1,Mizoram,23.61916667,92.7225,2024-05-28,86.1,119.8,0.427,830.0,35.12,,309,0.185
MZ/AZL/84A10/2024/065,gsi_dated_positive,1,Mizoram,23.61972222,92.72527778,2024-05-28,86.1,119.8,0.427,818.0,25.03,,307,0.068
MZ/AZL/84A10/2024/066,gsi_dated_positive,1,Mizoram,23.62027778,92.72555556,2024-05-28,86.1,119.8,0.427,790.0,21.81,,304,0.057
MZ/AZL/84A10/2024/067,gsi_dated_positive,1,Mizoram,23.62027778,92.72611111,2024-05-28,86.1,119.8,0.427,771.0,34.22,,302,0.057
MZ/AZL/84A10/2024/068,gsi_dated_positive,1,Mizoram,23.62111111,92.72444444,2024-05-28,86.1,119.8,0.427,795.0,17.98,,302,0.146
MZ/AZL/84A10/2024/069,gsi_dated_positive,1,Mizoram,23.68743333,92.72129167,2024-05-28,78.0,120.5,0.426,1098.0,20.64,,368,0.125
MZ/AZL/84A10/2024/070,gsi_dated_positive,1,Mizoram,23.67694444,92.71722222,2024-05-28,78.0,120.5,0.426,1096.0,28.44,,369,0.247
MZ/AZL/84A10/2024/071,gsi_dated_positive,1,Mizoram,23.67583333,92.715,2024-05-28,78.0,120.5,0.426,997.0,24.66,,364,0.157
MZ/AZL/84A10/2024/072,gsi_dated_positive,1,Mizoram,23.67472222,92.71722222,2024-05-28,78.0,120.5,0.426,1099.0,18.83,,372,0.247
MZ/AZL/84A10/2024/073,gsi_dated_positive,1,Mizoram,23.67444444,92.71472222,2024-05-28,78.0,120.5,0.426,1000.0,22.12,,365,0.062
MZ/AZL/84A10/2024/074,gsi_dated_positive,1,Mizoram,23.67388889,92.71472222,2024-05-28,78.0,120.5,0.426,997.0,18.73,,365,0.062
MZ/AZL/84A10/2024/075,gsi_dated_positive,1,Mizoram,23.672069,92.7099293,2024-05-28,97.7,148.4,0.427,1000.0,18.38,,361,0.528
MZ/AZL/84A10/2024/076,gsi_dated_positive,1,Mizoram,23.684301,92.715511,2024-05-28,78.0,120.5,0.426,1036.0,19.1,,357,0.233
MZ/AZL/84A10/2024/077,gsi_dated_positive,1,Mizoram,23.70638889,92.72055556,2024-05-28,68.0,108.3,0.426,875.0,34.62,,361,0.253
MZ/AZL/84A10/2024/078,gsi_dated_positive,1,Mizoram,23.70416667,92.72,2024-05-28,68.0,108.3,0.426,880.0,38.69,,361,0.136
MZ/AZL/84A10/2024/079,gsi_dated_positive,1,Mizoram,23.70305556,92.72055556,2024-05-28,68.0,108.3,0.426,879.0,42.75,,361,0.042
MZ/AZL/84A10/2024/080,gsi_dated_positive,1,Mizoram,23.69333333,92.72055556,2024-05-28,78.0,120.5,0.426,990.0,26.89,,367,0.042
MZ/AZL/84A10/2024/082,gsi_dated_positive,1,Mizoram,23.69,92.72361111,2024-05-28,78.0,120.5,0.426,871.0,30.69,,372,0.267
MZ/AZL/84A10/2024/083,gsi_dated_positive,1,Mizoram,23.68361111,92.72277778,2024-05-28,78.0,120.5,0.426,924.0,33.16,,372,0.277
MZ/AZL/84A10/2024/084,gsi_dated_positive,1,Mizoram,23.67611111,92.71972222,2024-05-28,78.0,120.5,0.426,976.0,58.15,,374,0.218
MZ/AZL/84A10/2024/085,gsi_dated_positive,1,Mizoram,23.67138889,92.72361111,2024-05-28,78.0,120.5,0.426,927.0,37.71,,384,0.187
MZ/AZL/84A10/2024/086,gsi_dated_positive,1,Mizoram,23.66694444,92.72194444,2024-05-28,78.0,120.5,0.426,978.0,43.66,,379,0.2
MZ/AZL/84A10/2024/087,gsi_dated_positive,1,Mizoram,23.66666667,92.72388889,2024-05-28,78.0,120.5,0.426,829.0,33.94,,384,0.2
MZ/AZL/84A10/2024/088,gsi_dated_positive,1,Mizoram,23.66027778,92.72694444,2024-05-28,78.0,120.5,0.426,859.0,35.83,,373,0.064
MZ/AZL/84A10/2024/090,gsi_dated_positive,1,Mizoram,23.64388889,92.72583333,2024-05-28,78.0,120.5,0.426,822.0,28.14,,305,0.084
MZ/AZL/84A10/2024/091,gsi_dated_positive,1,Mizoram,23.635,92.72361111,2024-05-28,78.0,120.5,0.426,837.0,36.07,,301,0.127
MZ/AZL/84A10/2024/093,gsi_dated_positive,1,Mizoram,23.46777778,92.74111111,2024-05-28,86.2,122.7,0.428,1341.0,63.77,,201,0.042
MZ/AZL/84A10/2024/099,gsi_dated_positive,1,Mizoram,23.51361111,92.69833333,2024-05-28,78.3,116.8,0.428,780.0,32.29,,231,0.028
MZ/AZL/84A10/2024/100,gsi_dated_positive,1,Mizoram,23.53666667,92.6975,2024-05-28,78.3,116.8,0.428,857.0,38.84,,248,0.031
MZ/AZL/84A10/2024/101,gsi_dated_positive,1,Mizoram,23.54166667,92.70194444,2024-05-28,78.3,116.8,0.428,872.0,22.17,,242,0.164
MZ/AZL/84A10/2024/102,gsi_dated_positive,1,Mizoram,23.54277778,92.70333333,2024-05-28,78.3,116.8,0.428,908.0,35.05,,245,0.188
MZ/AZL/84A10/2024/103,gsi_dated_positive,1,Mizoram,23.52944444,92.72944444,2024-05-28,78.3,116.8,0.428,989.0,18.38,,234,0.192
MZ/AZL/84A10/2024/104,gsi_dated_positive,1,Mizoram,23.53083333,92.73055556,2024-05-28,78.3,116.8,0.428,986.0,26.8,,235,0.192
MZ/AZL/84A10/2024/105,gsi_dated_positive,1,Mizoram,23.53111111,92.73361111,2024-05-28,78.3,116.8,0.428,1043.0,36.59,,235,0.042
MZ/AZL/84A10/2024/106,gsi_dated_positive,1,Mizoram,23.53083333,92.73333333,2024-05-28,78.3,116.8,0.428,1065.0,34.13,,235,0.042
MZ/AZL/84A10/2024/107,gsi_dated_positive,1,Mizoram,23.56388889,92.70805556,2024-05-28,78.3,116.8,0.428,836.0,32.88,,249,0.031
MZ/AZL/84A10/2024/108,gsi_dated_positive,1,Mizoram,23.56416667,92.70805556,2024-05-28,78.3,116.8,0.428,847.0,28.48,,248,0.031
MZ/AZL/84A10/2024/109,gsi_dated_positive,1,Mizoram,23.565,92.70777778,2024-05-28,78.3,116.8,0.428,851.0,35.95,,250,0.068
MZ/AZL/84A10/2024/110,gsi_dated_positive,1,Mizoram,23.56666667,92.70888889,2024-05-28,78.3,116.8,0.428,852.0,12.67,,254,0.188
MZ/AZL/84A10/2024/114,gsi_dated_positive,1,Mizoram,23.74861111,92.73861111,2024-05-28,68.0,108.3,0.426,948.0,34.28,,322,0.127
MZ/AZL/84A10/2024/115,gsi_dated_positive,1,Mizoram,23.61,92.72083333,2024-05-28,86.1,119.8,0.427,912.0,29.59,,308,0.434
MZ/AZL/84A10/2024/116,gsi_dated_positive,1,Mizoram,23.60666667,92.72305556,2024-05-28,86.1,119.8,0.427,925.0,21.91,,306,0.213
MZ/AZL/84A10/2024/117,gsi_dated_positive,1,Mizoram,23.5925,92.71666667,2024-05-28,86.1,119.8,0.427,763.0,20.9,,302,0.224
MZ/AZL/84A10/2024/118,gsi_dated_positive,1,Mizoram,23.58722222,92.71361111,2024-05-28,86.1,119.8,0.427,813.0,35.34,,300,0.097
MZ/AZL/84A10/2024/119,gsi_dated_positive,1,Mizoram,23.57694444,92.71305556,2024-05-28,86.1,119.8,0.427,906.0,13.7,,290,0.09
MZ/AZL/84A10/2024/120,gsi_dated_positive,1,Mizoram,23.57722222,92.71222222,2024-05-28,86.1,119.8,0.427,908.0,4.11,,287,0.09
MZ/AZL/84A10/2024/121,gsi_dated_positive,1,Mizoram,23.58027778,92.715,2024-05-28,86.1,119.8,0.427,918.0,11.03,,296,0.15
MZ/AZL/84A10/2024/122,gsi_dated_positive,1,Mizoram,23.58138889,92.71416667,2024-05-28,86.1,119.8,0.427,911.0,28.14,,293,0.088
MZ/AZL/84A10/2024/123,gsi_dated_positive,1,Mizoram,23.58694444,92.7175,2024-05-28,86.1,119.8,0.427,957.0,14.76,,306,0.118
MZ/AZL/84A10/2024/124,gsi_dated_positive,1,Mizoram,23.58555556,92.71583333,2024-05-28,86.1,119.8,0.427,924.0,29.48,,304,0.064
MZ/AZL/84A10/2024/125,gsi_dated_positive,1,Mizoram,23.58583333,92.71638889,2024-05-28,86.1,119.8,0.427,952.0,20.63,,306,0.064
MZ/AZL/84A10/2024/126,gsi_dated_positive,1,Mizoram,23.58638889,92.71583333,2024-05-28,86.1,119.8,0.427,919.0,23.34,,305,0.084
MZ/AZL/84A10/2024/127,gsi_dated_positive,1,Mizoram,23.65388889,92.72444444,2024-05-28,78.0,120.5,0.426,742.0,23.83,,363,0.298
MZ/AZL/84A10/2024/128,gsi_dated_positive,1,Mizoram,23.65416667,92.71777778,2024-05-28,78.0,120.5,0.426,872.0,30.57,,360,0.352
MZ/AZL/84A10/2024/129,gsi_dated_positive,1,Mizoram,23.655,92.71444444,2024-05-28,78.0,120.5,0.426,859.0,27.24,,357,0.292
MZ/AZL/84A10/2024/130,gsi_dated_positive,1,Mizoram,23.65416667,92.69,2024-05-28,97.7,148.4,0.427,867.0,34.07,,309,0.065
MZ/AZL/84A10/2024/131,gsi_dated_positive,1,Mizoram,23.66055556,92.67277778,2024-05-28,97.7,148.4,0.427,1017.0,15.23,,305,0.031
MZ/AZL/84A10/2024/132,gsi_dated_positive,1,Mizoram,23.66083333,92.67277778,2024-05-28,97.7,148.4,0.427,1025.0,11.5,,304,0.031
MZ/AZL/84A10/2024/133,gsi_dated_positive,1,Mizoram,23.65777778,92.67444444,2024-05-28,97.7,148.4,0.427,954.0,11.16,,303,0.347
MZ/AZL/84A10/2024/134,gsi_dated_positive,1,Mizoram,23.65861111,92.70583333,2024-05-28,97.7,148.4,0.427,872.0,9.66,,354,0.195
MZ/AZL/84A10/2024/135,gsi_dated_positive,1,Mizoram,23.68143611,92.72144167,2024-05-28,78.0,120.5,0.426,1036.0,31.19,,371,0.271
MZ/AZL/84A11/2024/094,gsi_dated_positive,1,Mizoram,23.46805556,92.71638889,2024-05-28,86.2,122.7,0.428,1135.0,28.45,,225,0.293
MZ/AZL/84A11/2024/095,gsi_dated_positive,1,Mizoram,23.4725,92.71444444,2024-05-28,86.2,122.7,0.428,1076.0,14.73,,227,0.268
MZ/AZL/84A11/2024/097,gsi_dated_positive,1,Mizoram,23.49,92.70555556,2024-05-28,86.2,122.7,0.428,1036.0,41.13,,229,0.068
MZ/AZL/84A11/2024/098,gsi_dated_positive,1,Mizoram,23.49722222,92.70333333,2024-05-28,78.3,116.8,0.428,908.0,28.43,,238,0.105
MZ/AZL/84A13/2024/112,gsi_dated_positive,1,Mizoram,23.77472222,92.76194444,2024-05-28,58.6,98.0,0.426,1126.0,11.57,,317,0.15
MZ/AZL/84A13/2024/113,gsi_dated_positive,1,Mizoram,23.77361111,92.76111111,2024-05-28,58.6,98.0,0.426,1118.0,4.14,,323,0.15
MZ/AZL/84A13/2024/150,gsi_dated_positive,1,Mizoram,23.76083333,92.8475,2024-05-28,66.6,88.5,0.427,789.0,30.15,,162,0.042
MZ/AZL/84A13/2024/151,gsi_dated_positive,1,Mizoram,23.86972222,92.87611111,2024-05-28,78.3,106.3,0.428,971.0,25.92,,84,0.136
MZ/AZL/84A13/2024/152,gsi_dated_positive,1,Mizoram,23.80750556,92.83417222,2024-05-28,66.6,88.5,0.427,558.0,34.77,,136,0.052
MZ/AZL/84A14/2024/0147,gsi_dated_positive,1,Mizoram,23.72222222,92.80138889,2024-05-28,68.0,108.3,0.426,203.0,28.71,,316,0.204
MZ/AZL/84A14/2024/136,gsi_dated_positive,1,Mizoram,23.73555556,92.78833333,2024-05-28,68.0,108.3,0.426,529.0,31.56,,367,0.157
MZ/AZL/84A14/2024/137,gsi_dated_positive,1,Mizoram,23.72694444,92.79527778,2024-05-28,68.0,108.3,0.426,256.0,20.94,,337,0.625
MZ/AZL/84A14/2024/138,gsi_dated_positive,1,Mizoram,23.73277778,92.79722222,2024-05-28,68.0,108.3,0.426,256.0,15.59,,326,0.209
MZ/AZL/84A14/2024/139,gsi_dated_positive,1,Mizoram,23.73416667,92.79861111,2024-05-28,68.0,108.3,0.426,296.0,14.83,,321,0.187
MZ/AZL/84A14/2024/140,gsi_dated_positive,1,Mizoram,23.74555556,92.79444444,2024-05-28,68.0,108.3,0.426,360.0,27.3,,330,0.575
MZ/AZL/84A14/2024/141,gsi_dated_positive,1,Mizoram,23.73666667,92.79722222,2024-05-28,68.0,108.3,0.426,335.0,5.13,,325,0.09
MZ/AZL/84A14/2024/142,gsi_dated_positive,1,Mizoram,23.73638889,92.79805556,2024-05-28,68.0,108.3,0.426,346.0,21.6,,324,0.09
MZ/AZL/84A14/2024/143,gsi_dated_positive,1,Mizoram,23.73583333,92.79888889,2024-05-28,68.0,108.3,0.426,355.0,30.3,,324,0.105
MZ/AZL/84A14/2024/144,gsi_dated_positive,1,Mizoram,23.73638889,92.8,2024-05-28,68.0,108.3,0.426,375.0,25.54,,321,0.097
MZ/AZL/84A14/2024/145,gsi_dated_positive,1,Mizoram,23.73555556,92.80027778,2024-05-28,68.0,108.3,0.426,362.0,7.64,,321,0.097
MZ/AZL/84A14/2024/146,gsi_dated_positive,1,Mizoram,23.71972222,92.79777778,2024-05-28,68.0,108.3,0.426,215.0,19.47,,338,0.251
MZ/AZL/84A14/2024/149,gsi_dated_positive,1,Mizoram,23.73305556,92.84777778,2024-05-28,82.5,112.2,0.427,765.0,45.57,,170,0.084
MZ/AZL/84A15/2024/092,gsi_dated_positive,1,Mizoram,23.43277778,92.76111111,2024-05-28,86.2,122.7,0.428,1502.0,16.36,,151,0.097
MIZ/KOL/2024/866,gsi_dated_positive,1,Mizoram,24.4259,93.13580556,2024-05-28,95.5,111.5,0.427,524.0,11.82,,9,0.889
MIZ/KOL/2024/881,gsi_dated_positive,1,Mizoram,24.56925833,93.177275,2024-05-28,95.2,107.4,0.428,184.0,13.71,,30,0.413
MIZ/KOL/2024/884,gsi_dated_positive,1,Mizoram,24.526075,93.05379167,2024-05-28,91.9,110.7,0.428,107.0,25.25,,22,1.697
MZ/SER/84A15/2024/153,gsi_dated_positive,1,Mizoram,23.47694444,92.857846,2024-05-28,88.3,117.2,0.428,1057.0,8.12,,55,0.06
MZ/SER/84A15/2024/154,gsi_dated_positive,1,Mizoram,23.471041,92.85503,2024-05-28,88.3,117.2,0.428,1080.0,28.05,,62,0.618
MZ/SER/84A15/2024/155,gsi_dated_positive,1,Mizoram,23.465558,92.855991,2024-05-28,88.3,117.2,0.428,1074.0,12.85,,64,0.135
MZ/SER/84A15/2024/156,gsi_dated_positive,1,Mizoram,23.463164,92.854672,2024-05-28,88.3,117.2,0.428,1056.0,24.53,,67,0.15
MZ/SER/84A15/2024/157,gsi_dated_positive,1,Mizoram,23.31259,92.856415,2024-05-28,104.8,137.4,0.428,996.0,38.24,,144,0.216
MZ/SER/84A15/2024/158,gsi_dated_positive,1,Mizoram,23.288812,92.864763,2024-05-28,104.8,137.4,0.428,887.0,29.98,,134,0.255
MZ/SER/84A15/2024/159,gsi_dated_positive,1,Mizoram,23.281264,92.869279,2024-05-28,104.8,137.4,0.428,985.0,42.63,,136,0.034
MZ/SER/84A15/2024/160,gsi_dated_positive,1,Mizoram,23.379441,92.844081,2024-05-28,107.3,136.3,0.429,936.0,19.0,,179,0.246
MZ/SER/84A15/2024/161,gsi_dated_positive,1,Mizoram,23.38151,92.844938,2024-05-28,107.3,136.3,0.429,936.0,12.94,,176,0.131
MZ/SER/84A15/2024/162,gsi_dated_positive,1,Mizoram,23.382175,92.843876,2024-05-28,107.3,136.3,0.429,933.0,26.2,,180,0.131
MZ/SER/84A15/2024/163,gsi_dated_positive,1,Mizoram,23.382772,92.845187,2024-05-28,107.3,136.3,0.429,931.0,25.89,,175,0.125
MZ/SER/84A15/2024/164,gsi_dated_positive,1,Mizoram,23.381533,92.854115,2024-05-28,107.3,136.3,0.429,864.0,23.15,,159,0.443
MZ/SER/84A15/2024/165,gsi_dated_positive,1,Mizoram,23.387941,92.842291,2024-05-28,107.3,136.3,0.429,969.0,29.96,,178,0.291
MZ/SER/84A16/2024/166,gsi_dated_positive,1,Mizoram,23.237077,92.910043,2024-05-28,67.2,101.2,0.426,668.0,11.6,,107,0.275
MZ/SER/84E04/2024/167,gsi_dated_positive,1,Mizoram,23.126631,93.064946,2024-05-28,51.0,79.6,0.423,1384.0,26.46,,13,2.558
7250,gsi_dated_positive,1,Meghalaya,25.762051,91.658959,2024-05-29,3.8,113.9,0.494,796.0,6.42,,36,0.231
7251,gsi_dated_positive,1,Meghalaya,25.791616,91.658242,2024-05-29,3.8,113.9,0.494,743.0,9.22,,6,0.576
ME/EWK/2026/58,gsi_dated_positive,1,Meghalaya,25.770935,91.656497,2024-05-29,3.8,113.9,0.494,776.0,11.31,,36,0.846
MIZ/AZL/2024/402,gsi_dated_positive,1,Mizoram,23.53805556,92.71861111,2024-05-29,2.5,102.4,0.405,888.0,16.42,,240,0.084
NL/KOH/83K02/2024/003,gsi_dated_positive,1,Nagaland,25.52036,94.1311201,2024-06-01,2.1,8.1,0.477,1723.0,16.05,,60,0.298
NL/KOH/83K02/2024/004,gsi_dated_positive,1,Nagaland,25.52164,94.13426,2024-06-01,2.1,8.1,0.477,1729.0,21.74,,60,0.076
NL/KOH/83K02/2024/006,gsi_dated_positive,1,Nagaland,25.525094,94.135798,2024-06-01,2.1,8.1,0.477,1716.0,13.67,,61,0.116
NL/KOH/83K02/2024/007,gsi_dated_positive,1,Nagaland,25.538422,94.136039,2024-06-01,2.1,8.1,0.477,1693.0,22.56,,70,0.114
NL/KOH/83K02/2024/008,gsi_dated_positive,1,Nagaland,25.5651,94.1390034,2024-06-01,0.9,5.7,0.463,1669.0,20.88,,107,0.101
NL/KOH/83K02/2024/009,gsi_dated_positive,1,Nagaland,25.6032619,94.1122188,2024-06-01,2.5,8.2,0.478,1620.0,31.01,,212,1.53
NL/KOH/83K02/2024/010,gsi_dated_positive,1,Nagaland,25.62154,94.1122,2024-06-01,2.5,8.2,0.478,1728.0,25.69,,235,0.181
NL/KOH/83K02/2024/011,gsi_dated_positive,1,Nagaland,25.6291966,94.10177,2024-06-01,2.5,8.2,0.478,1495.0,33.71,,244,0.152
NL/KOH/83K02/2024/012,gsi_dated_positive,1,Nagaland,25.6387,94.10979,2024-06-01,2.5,8.2,0.478,1475.0,24.66,,259,0.111
NL/KOH/83K02/2024/013,gsi_dated_positive,1,Nagaland,25.648759,94.10616,2024-06-01,2.5,8.2,0.478,1558.0,18.14,,251,0.112
MIZ/AZL/2024/488,gsi_dated_positive,1,Mizoram,23.52583333,92.63861111,2024-06-02,0.9,10.3,0.369,229.0,25.32,,209,1.501
MIZ/AZL/2024/634,gsi_dated_positive,1,Mizoram,23.73361111,92.84833333,2024-06-07,1.6,1.7,0.34,727.0,23.42,,167,0.084
MIZ/KOL/2024/860,gsi_dated_positive,1,Mizoram,24.15364444,93.02183611,2024-06-07,6.5,10.2,0.38,312.0,34.99,,47,0.591
KA/DK/48L13/2024/02,gsi_dated_positive,1,Karnataka,12.91175,74.848625,2024-06-11,,,,65.0,8.63,,5,6.483
MIZ/KOL/2024/876,gsi_dated_positive,1,Mizoram,24.62604722,93.22583889,2024-06-12,32.3,46.1,0.419,128.0,4.13,,20,2.207
MIZ/KOL/2024/880,gsi_dated_positive,1,Mizoram,24.5716,93.17273056,2024-06-12,30.8,44.1,0.422,208.0,31.36,,29,0.458
MIZ/KOL/2024/883,gsi_dated_positive,1,Mizoram,24.5768,93.106075,2024-06-12,35.3,45.7,0.421,119.0,18.13,,32,2.714
7240,gsi_dated_positive,1,Meghalaya,25.79744444,91.87408611,2024-06-14,0.3,20.2,0.475,642.0,22.98,,12,1.096
6874,gsi_dated_positive,1,Meghalaya,25.37129167,91.48003056,2024-06-15,21.3,78.6,0.509,1567.0,9.58,,15,2.128
ME/SWKH/78O07/2024/4,gsi_dated_positive,1,Meghalaya,25.29967,91.46108,2024-06-15,33.0,130.3,0.512,1047.0,17.95,,17,0.248
ME/SWKH/78O072024/7,gsi_dated_positive,1,Meghalaya,25.29739,91.46201,2024-06-17,34.5,99.2,0.513,1082.0,14.85,,16,0.036
MIZ/AZL/2024/263,gsi_dated_positive,1,Mizoram,23.69972222,92.7175,2024-06-20,2.4,8.8,0.329,998.0,31.58,,359,0.057
TN/NIL/58A7/2024/10,gsi_dated_positive,1,Tamil Nadu,11.4921,76.4997,2024-06-26,39.0,63.4,0.429,1102.0,13.66,,52,0.663
ME/EWK/2025/1,gsi_dated_positive,1,Meghalaya,25.55256111,91.61870278,2024-06-28,8.5,23.5,0.497,1657.0,15.78,,15,0.269
MIZ/AZL/2024/273,gsi_dated_positive,1,Mizoram,23.69361111,92.7225,2024-06-28,5.7,35.5,0.402,869.0,38.49,,369,0.154
MIZ/AZL/2024/628,gsi_dated_positive,1,Mizoram,23.71111111,92.87861111,2024-06-28,9.9,33.3,0.409,592.0,36.68,,132,0.068
MIZ/AZL/2024/646,gsi_dated_positive,1,Mizoram,23.774,92.848,2024-06-28,11.1,39.2,0.41,670.0,32.79,,152,0.153
MIZ/AZL/2024/753,gsi_dated_positive,1,Mizoram,23.10851389,93.20975,2024-06-28,,,,1102.0,26.16,,44,0.157
4700,gsi_dated_positive,1,Meghalaya,25.67546111,91.89726944,2024-06-30,44.7,98.5,0.51,1007.0,20.33,,74,0.108
7236,gsi_dated_positive,1,Meghalaya,25.68591944,91.90256667,2024-06-30,44.7,98.5,0.51,938.0,21.54,,67,0.401
ME/RIB/2025/24,gsi_dated_positive,1,Meghalaya,25.67517222,91.8983,2024-06-30,44.7,98.5,0.51,1015.0,18.69,,74,0.108
ME/RIB/2026/32,gsi_dated_positive,1,Meghalaya,25.68255833,91.90111389,2024-06-30,44.7,98.5,0.51,960.0,9.57,,70,0.401
MIZ/AZL/2024/231,gsi_dated_positive,1,Mizoram,23.74916667,92.7375,2024-06-30,11.9,25.8,0.393,1017.0,35.54,,322,0.129
4699,gsi_dated_positive,1,Meghalaya,25.65341111,91.89819444,2024-07-01,76.6,150.5,0.513,1038.0,17.43,,80,0.039
ME/EKH/2025/20,gsi_dated_positive,1,Meghalaya,25.65308889,91.89803889,2024-07-01,76.6,150.5,0.513,1044.0,18.24,,80,0.039
NL/MOK/83J07/2025/06,gsi_dated_positive,1,Nagaland,26.384347,94.443397,2024-07-01,89.8,148.1,0.513,954.0,20.85,,30,0.275
4694,gsi_dated_positive,1,Meghalaya,25.65057222,91.89351389,2024-07-02,48.5,169.8,0.51,1135.0,22.62,,82,0.352
6889,gsi_dated_positive,1,Meghalaya,25.64887222,91.89692778,2024-07-02,48.5,169.8,0.51,1083.0,18.82,,82,0.043
6890,gsi_dated_positive,1,Meghalaya,25.641242,91.894137,2024-07-02,33.7,119.5,0.509,1210.0,9.83,,86,0.215
6891,gsi_dated_positive,1,Meghalaya,25.531739,91.296177,2024-07-02,21.0,123.7,0.508,1460.0,25.19,,63,0.019
7242,gsi_dated_positive,1,Meghalaya,25.62269444,91.16914444,2024-07-02,22.4,109.7,0.506,1222.0,6.33,,73,0.271
7243,gsi_dated_positive,1,Meghalaya,25.66156667,91.13485278,2024-07-02,23.5,111.4,0.505,1145.0,11.16,,67,0.194
ME/WKH/2025/6,gsi_dated_positive,1,Meghalaya,25.540056,91.314142,2024-07-02,21.0,123.7,0.508,1513.0,13.76,,52,1.289
ME/WKH/2026/39,gsi_dated_positive,1,Meghalaya,25.61276111,91.17375278,2024-07-02,22.4,109.7,0.506,1157.0,13.61,,76,0.007
MIZ/AZL/2024/252,gsi_dated_positive,1,Mizoram,23.74722222,92.71805556,2024-07-02,34.0,95.9,0.426,966.0,38.68,,320,0.188
MIZ/AZL/2024/270,gsi_dated_positive,1,Mizoram,23.70277778,92.72083333,2024-07-02,34.0,95.9,0.426,899.0,38.65,,362,0.042
MIZ/AZL/2024/271,gsi_dated_positive,1,Mizoram,23.7025,92.72138889,2024-07-02,34.0,95.9,0.426,875.0,34.93,,362,0.064
MIZ/AZL/2024/272,gsi_dated_positive,1,Mizoram,23.69805556,92.72277778,2024-07-02,34.0,95.9,0.426,858.0,31.45,,360,0.262
MIZ/AZL/2024/331,gsi_dated_positive,1,Mizoram,23.60972222,92.79972222,2024-07-02,33.2,93.1,0.427,397.0,39.93,,168,0.057
MIZ/AZL/2024/575,gsi_dated_positive,1,Mizoram,23.71388889,92.85722222,2024-07-02,34.3,97.0,0.428,840.0,34.79,,137,0.042
MIZ/AZL/2024/600,gsi_dated_positive,1,Mizoram,23.73694444,92.81361111,2024-07-02,34.0,95.9,0.426,407.0,36.34,,235,0.157
MIZ/AZL/2024/610,gsi_dated_positive,1,Mizoram,23.72916667,92.76583333,2024-07-02,34.0,95.9,0.426,754.0,31.08,,369,0.124
MIZ/AZL/2024/613,gsi_dated_positive,1,Mizoram,23.73222222,92.76555556,2024-07-02,34.0,95.9,0.426,892.0,38.86,,366,0.187
MIZ/AZL/2024/616,gsi_dated_positive,1,Mizoram,23.73794444,92.78613889,2024-07-02,34.0,95.9,0.426,546.0,44.73,,365,0.201
MIZ/AZL/2024/617,gsi_dated_positive,1,Mizoram,23.7375,92.78805556,2024-07-02,34.0,95.9,0.426,569.0,27.13,,365,0.201
MIZ/AZL/2024/620,gsi_dated_positive,1,Mizoram,23.73388889,92.79388889,2024-07-02,34.0,95.9,0.426,320.0,18.92,,340,0.361
MIZ/AZL/2024/622,gsi_dated_positive,1,Mizoram,23.72138889,92.79944444,2024-07-02,34.0,95.9,0.426,209.0,16.73,,330,0.126
MIZ/AZL/2024/623,gsi_dated_positive,1,Mizoram,23.72138889,92.85777778,2024-07-02,34.3,97.0,0.428,792.0,35.5,,139,0.561
MIZ/AZL/2024/624,gsi_dated_positive,1,Mizoram,23.72083333,92.86472222,2024-07-02,34.3,97.0,0.428,826.0,34.27,,129,0.352
MIZ/AZL/2024/627,gsi_dated_positive,1,Mizoram,23.71166667,92.87833333,2024-07-02,34.3,97.0,0.428,612.0,28.78,,132,0.068
MIZ/AZL/2024/636,gsi_dated_positive,1,Mizoram,23.735,92.85666667,2024-07-02,34.3,97.0,0.428,770.0,23.08,,147,0.194
MIZ/AZL/2024/637,gsi_dated_positive,1,Mizoram,23.73666667,92.85611111,2024-07-02,34.3,97.0,0.428,766.0,29.72,,150,0.194
MIZ/AZL/2024/641,gsi_dated_positive,1,Mizoram,23.76111111,92.84777778,2024-07-02,35.1,107.2,0.427,790.0,33.12,,162,0.042
MIZ/AZL/2024/642,gsi_dated_positive,1,Mizoram,23.76166667,92.85083333,2024-07-02,35.1,107.2,0.427,808.0,30.83,,152,0.232
MIZ/AZL/2024/643,gsi_dated_positive,1,Mizoram,23.76527778,92.85,2024-07-02,35.1,107.2,0.427,774.0,34.67,,151,0.397
MIZ/AZL/2024/644,gsi_dated_positive,1,Mizoram,23.76861111,92.85138889,2024-07-02,35.1,107.2,0.427,772.0,32.18,,153,0.397
MIZ/AZL/2024/659,gsi_dated_positive,1,Mizoram,23.83277778,92.8325,2024-07-02,35.7,102.9,0.427,350.0,36.18,,98,0.217
MIZ/AZL/2024/660,gsi_dated_positive,1,Mizoram,23.83888889,92.83194444,2024-07-02,35.7,102.9,0.427,262.0,25.72,,94,0.682
MIZ/AZL/2024/663,gsi_dated_positive,1,Mizoram,23.86222222,92.83666667,2024-07-02,33.8,104.5,0.427,239.0,20.23,,92,0.355
MIZ/AZL/2024/668,gsi_dated_positive,1,Mizoram,23.89138889,92.84888889,2024-07-02,33.8,104.5,0.427,568.0,23.66,,81,0.052
MIZ/AZL/2024/672,gsi_dated_positive,1,Mizoram,23.76972222,92.76,2024-07-02,37.3,101.5,0.426,1166.0,43.11,,327,0.056
MIZ/AZL/2024/712,gsi_dated_positive,1,Mizoram,24.17180556,93.54406667,2024-07-02,24.8,73.7,0.425,663.0,24.86,,43,1.576
MIZ/AZL/2024/713,gsi_dated_positive,1,Mizoram,24.18291667,93.53441944,2024-07-02,24.8,73.7,0.425,783.0,27.34,,43,0.586
MIZ/AZL/2024/714,gsi_dated_positive,1,Mizoram,24.18566111,93.53935278,2024-07-02,24.8,73.7,0.425,675.0,22.17,,39,0.586
MIZ/AZL/2024/715,gsi_dated_positive,1,Mizoram,24.24449722,93.55275833,2024-07-02,28.2,93.2,0.426,1021.0,22.68,,26,0.582
MIZ/AZL/2024/716,gsi_dated_positive,1,Mizoram,24.24755556,93.54809722,2024-07-02,24.4,98.7,0.424,1164.0,27.17,,26,0.582
MIZ/AZL/2024/725,gsi_dated_positive,1,Mizoram,24.32773611,93.57937222,2024-07-02,24.4,98.7,0.424,781.0,26.96,,42,2.237
MIZ/AZL/2024/752,gsi_dated_positive,1,Mizoram,23.09758333,93.21623333,2024-07-02,25.7,83.7,0.428,888.0,25.81,,45,0.546
MIZ/AZL/2024/755,gsi_dated_positive,1,Mizoram,23.101925,93.20426111,2024-07-02,25.7,83.7,0.428,1114.0,24.22,,40,0.2
MIZ/AZL/2024/759,gsi_dated_positive,1,Mizoram,23.09759444,93.21089444,2024-07-02,25.7,83.7,0.428,937.0,38.72,,42,0.38
MIZ/AZL/2024/762,gsi_dated_positive,1,Mizoram,23.10100556,93.19393611,2024-07-02,25.7,83.7,0.428,1045.0,26.46,,26,0.623
MIZ/AZL/2024/763,gsi_dated_positive,1,Mizoram,23.10074722,93.18785278,2024-07-02,25.7,83.7,0.428,981.0,25.01,,24,0.232
MIZ/AZL/2024/764,gsi_dated_positive,1,Mizoram,23.09954722,93.18600278,2024-07-02,25.7,83.7,0.428,909.0,6.69,,24,0.232
MIZ/AZL/2024/767,gsi_dated_positive,1,Mizoram,23.0983,93.17597222,2024-07-02,25.7,83.7,0.428,981.0,13.66,,24,0.85
MIZ/AZL/2024/773,gsi_dated_positive,1,Mizoram,23.27598056,93.14351667,2024-07-02,24.9,71.5,0.427,664.0,9.83,,36,0.077
MIZ/AZL/2024/774,gsi_dated_positive,1,Mizoram,23.27663889,93.14375,2024-07-02,,,,657.0,8.72,,36,0.077
MIZ/AZL/2024/775,gsi_dated_positive,1,Mizoram,23.281075,93.144075,2024-07-02,24.9,71.5,0.427,658.0,22.52,,35,0.494
MIZ/AZL/2024/777,gsi_dated_positive,1,Mizoram,23.33529167,93.11214167,2024-07-02,24.9,71.5,0.427,1138.0,37.19,,41,1.153
MIZ/AZL/2024/856,gsi_dated_positive,1,Mizoram,23.20960722,93.13104722,2024-07-02,21.7,71.8,0.428,912.0,15.03,,24,1.01
MIZ/AZL/2024/857,gsi_dated_positive,1,Mizoram,23.21068583,93.1212325,2024-07-02,22.8,81.3,0.427,1120.0,20.03,,26,1.01
MIZ/AZL/84A11/2025/021,gsi_dated_positive,1,Mizoram,23.4855,92.7033,2024-07-02,23.8,81.5,0.428,980.0,10.83,,228,0.026
MIZ/KOL/2024/741,gsi_dated_positive,1,Mizoram,24.60372222,93.37223056,2024-07-02,30.0,124.6,0.428,815.0,30.46,,12,0.339
MIZ/KOL/2024/742,gsi_dated_positive,1,Mizoram,24.66895556,93.33700556,2024-07-02,30.5,143.0,0.427,832.0,32.92,,18,4.118
MIZ/KOL/2024/746,gsi_dated_positive,1,Mizoram,24.72074444,93.30899167,2024-07-02,37.3,140.8,0.428,372.0,8.34,,19,1.743
MIZ/KOL/2024/780,gsi_dated_positive,1,Mizoram,23.50882222,93.09170278,2024-07-02,30.1,87.5,0.429,686.0,26.49,,51,1.872
MIZ/KOL/2024/815,gsi_dated_positive,1,Mizoram,24.02782222,93.28944444,2024-07-02,36.0,93.2,0.429,810.0,23.66,,22,0.773
MIZ/KOL/2024/816,gsi_dated_positive,1,Mizoram,24.04014167,93.2915,2024-07-02,32.1,102.0,0.428,662.0,20.48,,24,0.0
MIZ/KOL/2024/817,gsi_dated_positive,1,Mizoram,24.03980278,93.29373889,2024-07-02,32.1,102.0,0.428,756.0,27.42,,21,0.23
MIZ/KOL/2024/818,gsi_dated_positive,1,Mizoram,24.05823611,93.28901944,2024-07-02,32.1,102.0,0.428,584.0,30.81,,23,0.937
MIZ/KOL/2024/820,gsi_dated_positive,1,Mizoram,24.12428889,93.318525,2024-07-02,35.3,110.9,0.429,608.0,8.77,,23,1.596
MIZ/KOL/2024/841,gsi_dated_positive,1,Mizoram,24.57151389,93.141725,2024-07-02,28.3,117.4,0.428,378.0,24.38,,34,0.279
MIZ/KOL/2024/842,gsi_dated_positive,1,Mizoram,24.56917222,93.14073611,2024-07-02,28.3,117.4,0.428,355.0,25.24,,34,0.274
TN/NIL/58A7/2025/20,gsi_dated_positive,1,Tamil Nadu,11.42336111,76.46347222,2024-07-03,2.7,13.0,0.464,1115.0,25.36,,62,1.126
KA/Udupi/48K13/2024/5,gsi_dated_positive,1,Karnataka,13.869075,74.81434444,2024-07-04,45.1,105.0,0.512,118.0,11.0,,66,1.302
7042,gsi_dated_positive,1,Karnataka,14.302343,74.481493,2024-07-04,39.8,90.0,0.511,31.0,15.11,,41,0.276
AS/KAM(M)/76N16/2024/2,gsi_dated_positive,1,Assam,26.11464,91.83886,2024-07-05,17.4,63.7,0.502,175.0,17.7,,59,0.0
KA/UK/48J07/2025/17,gsi_dated_positive,1,Karnataka,14.279078,74.45657,2024-07-05,40.2,106.9,0.511,30.0,20.9,,41,1.147
JK/RAM/43O8/2023/02,gsi_dated_positive,1,Jammu & Kashmir,33.15375,75.306858,2024-07-06,2.6,18.1,0.45,1068.0,26.57,,57,0.046
ME/RIB/78O13/2024/10,gsi_dated_positive,1,Meghalaya,25.781246,91.874475,2024-07-06,6.6,31.1,0.502,699.0,10.22,,14,0.674
NA/KOH/83K02/2024/02,gsi_dated_positive,1,Nagaland,25.6125,94.1272,2024-07-06,49.8,152.0,0.51,1424.0,15.03,,220,0.407
MIZ/KOL/2024/843,gsi_dated_positive,1,Mizoram,24.5606,93.13071389,2024-07-07,7.1,37.1,0.421,464.0,30.09,,33,0.542
MIZ/KOL/2024/844,gsi_dated_positive,1,Mizoram,24.55987778,93.12541667,2024-07-07,8.8,34.8,0.419,334.0,24.04,,33,0.542
MIZ/KOL/2024/847,gsi_dated_positive,1,Mizoram,24.10710778,93.11535444,2024-07-07,6.8,21.3,0.414,994.0,38.55,,13,0.82
MIZ/KOL/2024/867,gsi_dated_positive,1,Mizoram,24.44347778,93.15817778,2024-07-07,5.9,64.7,0.418,66.0,3.29,,10,0.43
MIZ/KOL/2024/869,gsi_dated_positive,1,Mizoram,24.44857778,93.15738611,2024-07-07,5.9,64.7,0.418,76.0,20.71,,12,0.573
MIZ/KOL/2024/879,gsi_dated_positive,1,Mizoram,24.56062778,93.18938889,2024-07-07,7.1,37.1,0.421,110.0,14.12,,26,1.556
MIZ/KOL/2024/882,gsi_dated_positive,1,Mizoram,24.57296389,93.17700556,2024-07-07,7.1,37.1,0.421,301.0,27.77,,30,0.413
KA/Udupi/48K9/2024/4,gsi_dated_positive,1,Karnataka,13.8719,74.6052,2024-07-09,41.1,108.0,0.507,38.0,21.1,,10,1.873
MIZ/KOL/2024/798,gsi_dated_positive,1,Mizoram,23.36556111,93.05125278,2024-07-09,4.7,20.0,0.414,698.0,18.39,,31,0.697
MIZ/KOL/2024/799,gsi_dated_positive,1,Mizoram,23.36966389,93.04609444,2024-07-09,4.7,20.0,0.414,570.0,41.16,,31,0.697
MIZ/KOL/2024/804,gsi_dated_positive,1,Mizoram,24.55205833,93.25569167,2024-07-09,24.1,59.0,0.421,235.0,5.05,,16,0.196
MIZ/KOL/2024/836,gsi_dated_positive,1,Mizoram,23.56672222,93.13764444,2024-07-09,12.8,30.4,0.416,1135.0,28.87,,69,1.228
MIZ/KOL/2024/838,gsi_dated_positive,1,Mizoram,24.56771111,93.14291667,2024-07-09,24.9,55.8,0.423,461.0,9.78,,34,0.274
MIZ/KOL/2024/839,gsi_dated_positive,1,Mizoram,24.57467222,93.14389722,2024-07-09,24.9,55.8,0.423,584.0,27.13,,34,0.414
MIZ/KOL/2024/840,gsi_dated_positive,1,Mizoram,24.57470833,93.13897222,2024-07-09,24.9,55.8,0.423,349.0,29.96,,34,0.451
MIZ/KOL/2024/865,gsi_dated_positive,1,Mizoram,24.40520278,93.06672222,2024-07-09,18.7,53.7,0.419,353.0,32.53,,4,6.537
ME/RIB/2026/37,gsi_dated_positive,1,Meghalaya,25.80725833,91.87509444,2024-07-14,6.4,31.1,0.489,612.0,15.48,,10,0.204
KA/CKM/48O03/2024/17,gsi_dated_positive,1,Karnataka,13.40433333,75.23347222,2024-07-15,145.3,220.6,0.513,696.0,12.23,,21,0.068
KA/CKM/48O07/2024/15,gsi_dated_positive,1,Karnataka,13.43838889,75.25802778,2024-07-15,92.6,142.6,0.51,643.0,15.69,,29,0.058
KA/UK/48J06/2024/21,gsi_dated_positive,1,Karnataka,14.539822,74.348515,2024-07-15,94.2,212.3,0.379,11.0,11.03,,43,0.371
KA/CKM/48O03/2024/16,gsi_dated_positive,1,Karnataka,13.42141667,75.24547222,2024-07-16,79.3,202.1,0.51,647.0,13.69,,23,1.019
KA/CKM/48O06/2024/14,gsi_dated_positive,1,Karnataka,13.50327778,75.34969444,2024-07-16,57.5,156.8,0.506,767.0,29.47,,36,2.827
KA/CKM/48O07/2024/06,gsi_dated_positive,1,Karnataka,13.36105556,75.35994444,2024-07-16,55.1,149.2,0.511,710.0,15.95,,26,0.584
KA/CKM/48O07/2024/07,gsi_dated_positive,1,Karnataka,13.331,75.34027778,2024-07-16,55.1,149.2,0.511,748.0,20.82,,28,0.367
KA/CKM/48O07/2024/11,gsi_dated_positive,1,Karnataka,13.31027778,75.38277778,2024-07-16,61.4,177.0,0.509,1099.0,20.82,,28,0.802
KA/CKM/48O07/2024/12,gsi_dated_positive,1,Karnataka,13.332,75.38963889,2024-07-16,61.4,177.0,0.509,941.0,29.0,,24,0.325
3223,gsi_dated_positive,1,Karnataka,12.47756111,75.583875,2024-07-16,58.0,150.3,0.509,180.0,17.41,,14,0.0
KA/UK/48J01/2025/12,gsi_dated_positive,1,Karnataka,14.864471,74.210042,2024-07-16,77.4,214.7,0.509,44.0,20.21,,17,1.449
KA/UK/48J06/2024/22,gsi_dated_positive,1,Karnataka,14.539402,74.312368,2024-07-16,74.1,244.5,0.375,15.0,13.99,,37,0.008
KA/UK/48J06/2024/23,gsi_dated_positive,1,Karnataka,14.553255,74.359167,2024-07-16,69.9,204.1,0.511,13.0,11.03,,44,0.728
KA/UK/48J06/2024/26,gsi_dated_positive,1,Karnataka,14.546835,74.357823,2024-07-16,74.1,244.5,0.375,13.0,9.34,,44,0.728
KA/UK/48J06/2025/19,gsi_dated_positive,1,Karnataka,14.539444,74.312306,2024-07-16,74.1,244.5,0.375,15.0,13.99,,37,0.008
TN/NIL/58A11/2024/13,gsi_dated_positive,1,Tamil Nadu,11.3645,76.705615,2024-07-16,41.1,103.6,0.429,2240.0,31.83,,239,0.291
TN/NIL/58A11/2024/14,gsi_dated_positive,1,Tamil Nadu,11.359923,76.667,2024-07-16,41.1,103.6,0.429,2025.0,17.87,,216,0.211
KA/CKM/48O07/2024/13,gsi_dated_positive,1,Karnataka,13.33191667,75.38663889,2024-07-17,30.0,188.8,0.509,876.0,27.91,,24,0.325
MIZ/AZL/2024/853,gsi_dated_positive,1,Mizoram,23.24231111,93.17726667,2024-07-17,6.6,35.5,0.413,649.0,15.12,,27,0.332
MIZ/KOL/2024/858,gsi_dated_positive,1,Mizoram,23.49216111,93.23695,2024-07-17,17.7,36.0,0.412,1305.0,24.58,,82,1.385
MIZ/KOL/2024/859,gsi_dated_positive,1,Mizoram,23.504575,93.23805,2024-07-17,,,,1426.0,30.02,,80,1.385
MIZ/KOL/2024/873,gsi_dated_positive,1,Mizoram,24.65409167,93.204625,2024-07-17,27.3,83.1,0.42,134.0,23.13,,26,0.482
MIZ/KOL/2024/874,gsi_dated_positive,1,Mizoram,24.65018056,93.20256667,2024-07-17,27.3,83.1,0.42,230.0,19.6,,22,0.482
MIZ/KOL/2024/875,gsi_dated_positive,1,Mizoram,24.6273,93.20404444,2024-07-17,27.3,83.1,0.42,184.0,13.71,,21,2.207
KA/CKM/48O03/2024/18,gsi_dated_positive,1,Karnataka,13.36786111,75.21205556,2024-07-18,99.0,306.8,0.511,653.0,16.22,,18,0.431
KA/UK/48J01/2024/16,gsi_dated_positive,1,Karnataka,14.513155,74.411225,2024-07-18,69.6,199.0,0.374,68.0,10.82,,39,0.039
MIZ/AZL/2024/629,gsi_dated_positive,1,Mizoram,23.70333333,92.87638889,2024-07-18,3.9,38.4,0.409,566.0,1.37,,132,0.129
WB/DAR/2024/78A/4/Point/24,gsi_dated_positive,1,West Bengal,27.09819827,88.12994772,2024-07-18,42.5,138.2,0.428,1532.0,28.46,,319,0.327
KA/UK/48J10/2024/27,gsi_dated_positive,1,Karnataka,14.590067,74.566353,2024-07-19,114.9,313.4,0.512,354.0,24.11,,12,1.684
KA/UK/48J10/2024/28,gsi_dated_positive,1,Karnataka,14.42279,74.56534,2024-07-19,99.1,284.4,0.509,52.0,11.63,,6,9.295
KA/UK/48K09/2025/22,gsi_dated_positive,1,Karnataka,13.971211,74.532893,2024-07-19,78.5,237.2,0.509,20.0,15.09,,2,4.714
MIZ/AZL/2024/300,gsi_dated_positive,1,Mizoram,23.66166667,92.72416667,2024-07-19,14.7,32.9,0.411,859.0,37.8,,373,0.168
MIZ/AZL/2024/388,gsi_dated_positive,1,Mizoram,23.56555556,92.7075,2024-07-19,16.1,32.0,0.414,834.0,40.0,,254,0.068
MIZ/AZL/2024/855,gsi_dated_positive,1,Mizoram,23.24454722,93.17027222,2024-07-19,4.4,12.2,0.397,859.0,32.07,,27,0.574
TN/NIL/58A11/2024/15,gsi_dated_positive,1,Tamil Nadu,11.327553,76.6317,2024-07-19,18.2,72.6,0.427,2053.0,15.36,,180,0.219
TN/NIL/58A11/2024/16,gsi_dated_positive,1,Tamil Nadu,11.34204,76.63419,2024-07-19,18.2,72.6,0.427,2093.0,31.92,,183,0.074
KA/CKM/48O07/2024/19,gsi_dated_positive,1,Karnataka,13.42330556,75.25469444,2024-07-20,37.6,162.6,0.512,663.0,16.74,,27,0.98
MIZ/AZL/2024/250,gsi_dated_positive,1,Mizoram,23.74388889,92.71222222,2024-07-20,2.7,25.1,0.404,824.0,29.27,,323,0.232
SI/MAN/78A11/2025/1,gsi_dated_positive,1,Sikkim,27.4432,88.6087,2024-07-21,34.4,48.4,0.423,1567.0,34.16,,88,0.825
MIZ/AZL/2024/227,gsi_dated_positive,1,Mizoram,23.73305556,92.75,2024-07-22,5.3,14.4,0.402,951.0,40.11,,338,0.093
3227,gsi_dated_positive,1,Karnataka,12.97333889,76.01831111,2024-07-23,4.6,17.0,0.499,944.0,2.17,,0,26.591
KA/Kodagu/48A01/2024/07,gsi_dated_positive,1,Karnataka,11.97333889,76.01831111,2024-07-23,7.5,29.3,0.509,849.0,13.45,,7,6.147
NA/WKH/83J8/2024/02,gsi_dated_positive,1,Nagaland,26.08945,94.264217,2024-07-23,9.8,66.4,0.5,1473.0,16.55,,65,0.109
3220,gsi_dated_positive,1,Karnataka,13.403333,75.735917,2024-07-25,24.9,43.2,0.51,1625.0,43.92,,26,0.0
3221,gsi_dated_positive,1,Karnataka,13.387861,75.727111,2024-07-25,24.9,43.2,0.51,1475.0,22.28,,26,0.0
KA/CKM/48O11/2024/02,gsi_dated_positive,1,Karnataka,13.40333333,75.73591667,2024-07-25,24.9,43.2,0.51,1625.0,43.92,,26,0.0
KA/CKM/48O11/2024/03,gsi_dated_positive,1,Karnataka,13.38786111,75.72711111,2024-07-25,24.9,43.2,0.51,1475.0,22.28,,26,0.0
3208,gsi_dated_positive,1,Karnataka,12.64066667,75.80711111,2024-07-25,45.9,95.9,0.51,1204.0,12.2,,6,0.0
MH/PUN/47F11/2024/02,gsi_dated_positive,1,Maharashtra,18.39768889,73.51674444,2024-07-25,194.4,433.0,0.438,804.0,20.56,,56,0.164
MH/PUN/47F11/2024/04,gsi_dated_positive,1,Maharashtra,18.40897222,73.52738056,2024-07-25,194.4,433.0,0.438,1053.0,11.86,,56,0.299
MH/PUN/47E12/2024/01,gsi_dated_positive,1,Maharashtra,18.70779722,73.48077778,2024-07-26,53.0,327.4,0.434,857.0,11.05,,18,2.265
3338,gsi_dated_positive,1,Uttarakhand,30.37265,78.5851083,2024-07-26,,,,886.0,12.1,,128,0.396
3218,gsi_dated_positive,1,Karnataka,13.406306,75.744861,2024-07-27,5.7,48.9,0.502,1595.0,35.46,,21,0.0
KA/CKM/48O08/2024/23,gsi_dated_positive,1,Karnataka,13.21977778,75.41916667,2024-07-27,12.3,81.9,0.504,1070.0,21.96,,30,0.182
KA/CKM/48O11/2024/01,gsi_dated_positive,1,Karnataka,13.40630556,75.74486111,2024-07-27,5.7,48.9,0.502,1595.0,35.46,,21,0.0
3209,gsi_dated_positive,1,Karnataka,12.51091667,75.81194444,2024-07-28,14.0,54.5,0.508,905.0,15.9,,27,0.0
KA/CKM/48O07/2024/08,gsi_dated_positive,1,Karnataka,13.33183333,75.337,2024-07-29,23.7,44.7,0.51,793.0,16.15,,28,0.367
KA/CKM/48O07/2024/09,gsi_dated_positive,1,Karnataka,13.32616667,75.35194444,2024-07-29,32.8,54.4,0.509,750.0,20.68,,27,0.292
KA/CKM/48O07/2024/10,gsi_dated_positive,1,Karnataka,13.30636111,75.37655556,2024-07-29,32.8,54.4,0.509,1032.0,11.86,,28,0.802
KA/HAS/48P09/2024/02,gsi_dated_positive,1,Karnataka,12.932363,75.725262,2024-07-29,67.9,116.6,0.511,931.0,19.81,,12,1.039
KA/HAS/48P09/2024/03,gsi_dated_positive,1,Karnataka,12.939405,75.73157,2024-07-29,67.9,116.6,0.511,865.0,17.38,,12,0.218
MA/TAM/83H05/2024/01,gsi_dated_positive,1,Manipur,24.979,93.496,2024-07-29,17.3,18.6,0.38,1154.0,9.1,,53,0.408
KA/CKM/48O07/2024/24,gsi_dated_positive,1,Karnataka,13.28061111,75.3315,2024-07-30,34.1,77.2,0.509,932.0,23.8,,26,1.808
KA/CKM/48O07/2024/25,gsi_dated_positive,1,Karnataka,13.28116667,75.34819444,2024-07-30,34.1,77.2,0.509,983.0,24.6,,28,1.808
KA/CKM/48O08/2024/20,gsi_dated_positive,1,Karnataka,13.07641667,75.45569444,2024-07-30,67.0,159.8,0.509,496.0,32.86,,89,0.01
KA/CKM/48O08/2024/21,gsi_dated_positive,1,Karnataka,13.07683333,75.45633333,2024-07-30,67.0,159.8,0.509,507.0,28.98,,89,0.01
KA/CKM/48O08/2024/22,gsi_dated_positive,1,Karnataka,13.07633333,75.47161111,2024-07-30,48.4,113.2,0.513,684.0,27.55,,93,0.023
KA/DK/48O8/2024/11,gsi_dated_positive,1,Karnataka,13.046275,75.27276944,2024-07-30,62.1,164.4,0.508,165.0,15.93,,1,4.566
KA/Udupi/48O4/2024/8,gsi_dated_positive,1,Karnataka,13.22670278,75.13119722,2024-07-30,62.3,176.1,0.51,181.0,10.97,,11,3.009
TN/NIL/58A11/2025/6,gsi_dated_positive,1,Tamil Nadu,11.34302778,76.63919444,2024-07-30,54.7,84.5,0.429,2127.0,13.5,,189,0.286
KA/CKM/48O11/2024/05,gsi_dated_positive,1,Karnataka,13.38330556,75.70797222,2024-07-31,21.5,57.7,0.508,1528.0,27.58,,26,0.644
KA/DK/48L13/2024/01,gsi_dated_positive,1,Karnataka,12.93978611,74.93526667,2024-07-31,59.0,208.8,0.513,79.0,17.02,,5,3.727
KA/DK/48O8/2024/10,gsi_dated_positive,1,Karnataka,13.00683889,75.26101944,2024-07-31,62.4,199.4,0.511,127.0,13.01,,2,4.566
KA/DK/48L13/2024/03,gsi_dated_positive,1,Karnataka,12.87427778,74.97915833,2024-08-02,14.6,117.9,0.508,82.0,19.24,,9,0.484
KA/DK/48P1/2024/08,gsi_dated_positive,1,Karnataka,12.80025833,75.24629167,2024-08-02,11.8,98.5,0.508,77.0,23.59,,25,3.093
KA/DK/48P1/2024/9,gsi_dated_positive,1,Karnataka,12.81395556,75.2177,2024-08-02,11.8,98.5,0.508,94.0,6.5,,24,0.017
7245,gsi_dated_positive,1,Meghalaya,25.69683611,91.64485556,2024-08-06,26.6,100.4,0.51,1257.0,21.29,,42,0.051
ME/EWK/2026/45,gsi_dated_positive,1,Meghalaya,25.69866667,91.64517222,2024-08-06,26.6,100.4,0.51,1228.0,25.87,,42,0.169
7241,gsi_dated_positive,1,Assam,26.156633,91.938576,2024-08-08,17.5,131.6,0.503,109.0,9.9,,25,1.68
MIZ/KOL/2024/736,gsi_dated_positive,1,Mizoram,24.450125,93.35963889,2024-08-08,19.5,46.1,0.425,325.0,8.18,,2,4.357
3335,gsi_dated_positive,1,Uttarakhand,30.4457916,78.8065083,2024-08-11,21.8,45.7,0.504,1897.0,24.81,,63,1.198
3336,gsi_dated_positive,1,Uttarakhand,30.443595,78.7942766,2024-08-11,17.1,49.1,0.504,2049.0,24.48,,64,1.198
MIZ/AZL/2024/717,gsi_dated_positive,1,Mizoram,24.28840278,93.58591389,2024-08-13,8.0,18.9,0.398,802.0,24.15,,33,1.349
MIZ/AZL/2024/718,gsi_dated_positive,1,Mizoram,24.29982222,93.59040833,2024-08-13,8.0,18.9,0.398,788.0,26.93,,44,0.88
MIZ/AZL/2024/719,gsi_dated_positive,1,Mizoram,24.30768611,93.58120556,2024-08-13,8.0,18.9,0.398,733.0,4.64,,39,1.274
MIZ/AZL/2024/720,gsi_dated_positive,1,Mizoram,24.30711944,93.59375833,2024-08-13,8.0,18.9,0.398,899.0,26.13,,45,0.88
MIZ/AZL/2024/721,gsi_dated_positive,1,Mizoram,24.33915833,93.66233611,2024-08-13,2.7,18.3,0.485,1039.0,23.12,,41,0.255
MIZ/AZL/2024/722,gsi_dated_positive,1,Mizoram,24.33331944,93.65702778,2024-08-13,2.7,18.3,0.485,1095.0,16.69,,41,0.352
MIZ/AZL/2024/724,gsi_dated_positive,1,Mizoram,24.3309,93.66054444,2024-08-13,2.7,18.3,0.485,1049.0,7.32,,41,0.114
MIZ/AZL/2024/726,gsi_dated_positive,1,Mizoram,24.39255556,93.65468611,2024-08-13,2.7,18.3,0.485,1558.0,41.51,,27,3.651
MIZ/AZL/2024/728,gsi_dated_positive,1,Mizoram,24.49112222,93.62215556,2024-08-13,3.3,32.0,0.48,1221.0,35.53,,16,3.51
MIZ/AZL/2024/730,gsi_dated_positive,1,Mizoram,24.48458889,93.58781944,2024-08-13,6.0,39.8,0.414,822.0,24.1,,8,0.15
MIZ/AZL/2024/732,gsi_dated_positive,1,Mizoram,24.51785556,93.55086944,2024-08-13,6.0,39.8,0.414,1019.0,13.67,,8,2.132
MIZ/KOL/2024/744,gsi_dated_positive,1,Mizoram,24.76606111,93.30076667,2024-08-13,16.0,29.3,0.419,451.0,22.69,,26,1.057
MIZ/KOL/2024/778,gsi_dated_positive,1,Mizoram,23.41421944,93.10569167,2024-08-13,12.3,18.3,0.406,1023.0,24.69,,41,3.12
MIZ/KOL/2024/830,gsi_dated_positive,1,Mizoram,23.631219,93.118033,2024-08-15,21.4,52.6,0.419,672.0,9.85,,78,1.902
MIZ/KOL/2024/834,gsi_dated_positive,1,Mizoram,23.62418333,93.14208611,2024-08-15,21.4,52.6,0.419,1379.0,28.31,,74,0.989
MIZ/AZL/2024/670,gsi_dated_positive,1,Mizoram,23.88361111,92.85305556,2024-08-17,30.2,76.6,0.427,658.0,31.72,,82,0.354
MIZ/KOL/2024/738,gsi_dated_positive,1,Mizoram,24.54263333,93.39741944,2024-08-18,21.2,56.3,0.427,560.0,44.17,,6,6.711
MIZ/KOL/2024/745,gsi_dated_positive,1,Mizoram,24.73838889,93.30909722,2024-08-18,25.2,70.2,0.428,264.0,27.33,,17,1.352
MIZ/KOL/2024/747,gsi_dated_positive,1,Mizoram,24.716225,93.32551389,2024-08-18,25.2,70.2,0.428,116.0,17.02,,19,1.297
MIZ/KOL/2024/750,gsi_dated_positive,1,Mizoram,24.60853333,93.41668333,2024-08-18,32.0,65.5,0.427,944.0,26.54,,5,4.526
MIZ/KOL/2024/749,gsi_dated_positive,1,Mizoram,24.60719444,93.46784722,2024-08-19,30.4,80.8,0.427,1112.0,23.3,,5,5.175
7305,gsi_dated_positive,1,Maharashtra,18.487,73.42174,2024-08-21,14.9,46.9,0.413,648.0,21.74,,5,4.103
MIZ/AZL/2024/241,gsi_dated_positive,1,Mizoram,23.73888889,92.71472222,2024-08-21,8.1,75.0,0.42,1107.0,25.18,,330,0.062
MIZ/AZL/2024/249,gsi_dated_positive,1,Mizoram,23.74194444,92.71305556,2024-08-21,11.1,57.6,0.423,902.0,24.68,,328,0.176
SI/GAN/78A07/2024/48,gsi_dated_positive,1,Sikkim,27.2525,88.4606,2024-08-21,0.6,22.2,0.397,556.0,34.71,,116,0.175
3325,gsi_dated_positive,1,Uttarakhand,30.0739866,79.5004016,2024-08-21,7.3,58.5,0.493,1221.0,27.36,,124,0.195
3330,gsi_dated_positive,1,Uttarakhand,30.5416983,78.8059866,2024-08-21,2.3,22.0,0.489,1688.0,5.49,,109,0.234
3331,gsi_dated_positive,1,Uttarakhand,30.5416566,78.8084316,2024-08-21,2.3,22.0,0.489,1775.0,26.31,,109,0.234
MIZ/KOL/2024/809,gsi_dated_positive,1,Mizoram,24.599425,93.30004722,2024-08-24,26.2,108.5,0.422,520.0,23.93,,16,1.09
MIZ/AZL/2024/307,gsi_dated_positive,1,Mizoram,23.58694444,92.8175,2024-08-25,6.5,44.5,0.421,633.0,4.21,,84,0.907
MIZ/AZL/2024/387,gsi_dated_positive,1,Mizoram,23.5625,92.70777778,2024-08-25,3.8,37.7,0.416,806.0,20.42,,249,0.157
MIZ/AZL/84A11/2025/023,gsi_dated_positive,1,Mizoram,23.4946,92.7044,2024-08-25,3.8,37.7,0.416,928.0,46.72,,231,0.029
3323,gsi_dated_positive,1,Uttarakhand,30.064215,79.5073433,2024-08-27,4.2,14.2,0.487,1384.0,32.44,,139,0.553
ME/EWK/2026/60,gsi_dated_positive,1,Meghalaya,25.803984,91.659801,2024-08-28,1.9,6.3,0.481,686.0,24.45,,6,0.977
MIZ/AZL/2024/351,gsi_dated_positive,1,Mizoram,23.62361111,92.78888889,2024-08-28,39.1,43.2,0.417,235.0,28.46,,209,0.031
MIZ/AZL/2024/612,gsi_dated_positive,1,Mizoram,23.73027778,92.76861111,2024-08-28,37.6,41.4,0.415,728.0,32.89,,367,0.309
MIZ/AZL/2024/635,gsi_dated_positive,1,Mizoram,23.73361111,92.85305556,2024-08-28,28.7,34.4,0.417,851.0,42.75,,155,0.272
TN/NIL/58A11/2024/11,gsi_dated_positive,1,Tamil Nadu,11.49052,76.527422,2024-08-29,3.9,6.1,0.377,1618.0,41.63,,50,0.009
TN/NIL/58A11/2024/12,gsi_dated_positive,1,Tamil Nadu,11.490697,76.532657,2024-08-29,1.8,2.3,0.359,1674.0,14.21,,49,0.028
JK/REA/43K16/2024/18,gsi_dated_positive,1,Jammu & Kashmir,33.02428,74.93825,2024-09-02,13.9,18.4,0.494,1688.0,32.75,,21,0.67
3211,gsi_dated_positive,1,Nagaland,25.7802266,93.936165,2024-09-03,24.1,71.8,0.504,908.0,20.69,,61,0.618
3212,gsi_dated_positive,1,Nagaland,25.7746019,93.9148756,2024-09-03,24.1,71.8,0.504,666.0,27.24,,57,0.308
NA/CHU/83G13/2024/01,gsi_dated_positive,1,Nagaland,25.7853,93.8014,2024-09-03,8.4,46.1,0.497,236.0,24.41,,39,0.168
MIZ/KOL/2024/781,gsi_dated_positive,1,Mizoram,23.54130278,93.10256944,2024-09-12,1.9,24.0,0.41,633.0,3.27,,50,0.754
MIZ/KOL/2024/782,gsi_dated_positive,1,Mizoram,23.54600556,93.09247222,2024-09-12,3.8,35.4,0.406,797.0,21.68,,53,0.801
MIZ/KOL/2024/783,gsi_dated_positive,1,Mizoram,23.54286944,93.08539722,2024-09-12,3.8,35.4,0.406,912.0,22.85,,53,0.801
MIZ/KOL/2024/785,gsi_dated_positive,1,Mizoram,23.56785,93.10472222,2024-09-12,0.7,22.7,0.409,661.0,18.97,,71,0.467
MIZ/KOL/2024/786,gsi_dated_positive,1,Mizoram,23.56413333,93.11378889,2024-09-12,0.7,22.7,0.409,743.0,17.7,,67,0.559
MIZ/KOL/2024/787,gsi_dated_positive,1,Mizoram,23.56233889,93.11890833,2024-09-12,0.7,22.7,0.409,810.0,38.29,,71,0.199
MIZ/KOL/2024/789,gsi_dated_positive,1,Mizoram,23.56238611,93.12376667,2024-09-12,0.7,22.7,0.409,769.0,23.5,,68,0.274
MIZ/KOL/2024/790,gsi_dated_positive,1,Mizoram,23.56404167,93.10752222,2024-09-12,0.7,22.7,0.409,758.0,4.9,,69,0.218
MIZ/KOL/2024/791,gsi_dated_positive,1,Mizoram,23.56145278,93.10908889,2024-09-12,0.7,22.7,0.409,726.0,21.68,,67,0.294
MIZ/KOL/2024/792,gsi_dated_positive,1,Mizoram,23.55881111,93.10900556,2024-09-12,0.7,22.7,0.409,757.0,4.62,,66,0.294
MIZ/AZL/2024/795,gsi_dated_positive,1,Mizoram,23.34297778,93.057775,2024-09-13,11.6,36.2,0.399,875.0,27.01,,30,1.091
MIZ/KOL/2024/794,gsi_dated_positive,1,Mizoram,23.5356,93.10656944,2024-09-13,1.9,8.5,0.4,686.0,26.23,,50,0.754
3324,gsi_dated_positive,1,Uttarakhand,30.0721066,79.4989966,2024-09-14,0.6,141.5,0.48,1263.0,31.07,,120,0.249
MIZ/KOL/2024/801,gsi_dated_positive,1,Mizoram,23.03821667,93.12529444,2024-09-17,8.2,17.4,0.402,428.0,43.16,,10,1.548
MIZ/AZL/2024/262,gsi_dated_positive,1,Mizoram,23.69777778,92.71944444,2024-09-20,0.4,9.6,0.337,984.0,37.42,,360,0.187
MIZ/AZL/2024/486,gsi_dated_positive,1,Mizoram,23.52694444,92.65444444,2024-09-20,1.4,17.9,0.376,397.0,25.66,,232,0.068
WB/DAR/2025/78A/4/Point/78,gsi_dated_positive,1,West Bengal,27.0708838,88.1661605,2024-09-20,4.3,7.0,0.333,1393.0,19.55,,499,0.018
MIZ/AZL/2024/854,gsi_dated_positive,1,Mizoram,23.24500833,93.17587222,2024-09-24,10.4,11.0,0.36,559.0,12.93,,27,0.332
MIZ/KOL/2024/802,gsi_dated_positive,1,Mizoram,23.54294167,93.23821667,2024-09-24,17.7,17.8,0.348,1541.0,24.02,,62,0.578
MIZ/KOL/2024/810,gsi_dated_positive,1,Mizoram,24.60921944,93.30050278,2024-09-24,2.8,3.5,0.303,720.0,40.48,,17,1.09
MIZ/KOL/2024/812,gsi_dated_positive,1,Mizoram,24.64528611,93.28593611,2024-09-24,1.7,2.0,0.303,570.0,26.25,,19,1.933
MIZ/KOL/2024/813,gsi_dated_positive,1,Mizoram,24.02205833,93.29369167,2024-09-24,11.9,12.6,0.351,1194.0,28.15,,20,0.773
MIZ/KOL/2024/814,gsi_dated_positive,1,Mizoram,23.01689167,93.283175,2024-09-24,17.1,17.2,0.334,888.0,32.57,,12,2.013
MIZ/KOL/2024/819,gsi_dated_positive,1,Mizoram,24.09210556,93.29866667,2024-09-24,17.3,19.1,0.33,923.0,13.67,,26,1.243
MIZ/KOL/2024/825,gsi_dated_positive,1,Mizoram,24.297775,93.34159722,2024-09-24,24.0,24.0,0.338,563.0,24.42,,12,1.845
MIZ/KOL/2024/827,gsi_dated_positive,1,Mizoram,24.35137778,93.34095556,2024-09-24,22.6,22.7,0.309,317.0,15.87,,11,2.104
MIZ/KOL/2024/848,gsi_dated_positive,1,Mizoram,24.10015917,93.10461389,2024-09-24,14.0,14.3,0.323,470.0,33.86,,13,1.036
MIZ/KOL/2024/849,gsi_dated_positive,1,Mizoram,24.11104722,93.10374167,2024-09-24,17.9,18.5,0.331,589.0,31.3,,15,0.944
MIZ/KOL/2024/850,gsi_dated_positive,1,Mizoram,24.10506389,93.09593611,2024-09-24,17.9,18.5,0.331,327.0,23.31,,15,0.271
MIZ/KOL/2024/851,gsi_dated_positive,1,Mizoram,24.10743611,93.09532222,2024-09-24,17.9,18.5,0.331,423.0,40.66,,15,0.271
MIZ/KOL/2024/852,gsi_dated_positive,1,Mizoram,24.10687222,93.08849722,2024-09-24,17.9,18.5,0.331,211.0,34.08,,15,0.696
MIZ/KOL/2024/877,gsi_dated_positive,1,Mizoram,24.58605,93.21056389,2024-09-24,,,,72.0,26.2,,24,2.191
MIZ/KOL/2024/885,gsi_dated_positive,1,Mizoram,24.458325,93.09439167,2024-09-24,14.3,14.3,0.311,443.0,13.89,,26,5.309
WB/DAR/2024/78A/4/Point/15,gsi_dated_positive,1,West Bengal,27.10130325,88.11429524,2024-09-24,2.2,2.3,0.275,1191.0,38.91,,238,0.005
MIZ/AZL/2024/432,gsi_dated_positive,1,Mizoram,23.51944444,92.70055556,2024-09-25,27.4,76.8,0.427,789.0,26.56,,232,0.042
MIZ/AZL/2024/639,gsi_dated_positive,1,Mizoram,23.74416667,92.85555556,2024-09-25,23.4,44.3,0.404,833.0,27.48,,154,0.154
MIZ/AZL/2024/640,gsi_dated_positive,1,Mizoram,23.74361111,92.85416667,2024-09-25,23.4,44.3,0.404,823.0,29.55,,155,0.154
MIZ/AZL/2024/662,gsi_dated_positive,1,Mizoram,23.85194444,92.83305556,2024-09-25,21.9,45.5,0.422,165.0,15.07,,90,0.547
MIZ/AZL/2024/665,gsi_dated_positive,1,Mizoram,23.87777778,92.84083333,2024-09-25,21.9,45.5,0.422,374.0,43.7,,80,0.126
MIZ/AZL/2024/671,gsi_dated_positive,1,Mizoram,23.88527778,92.8575,2024-09-25,21.9,45.5,0.422,702.0,28.22,,82,0.054
MIZ/AZL/2024/237,gsi_dated_positive,1,Mizoram,23.76388889,92.73388889,2024-09-26,4.2,48.3,0.41,1203.0,35.41,,306,0.124
MIZ/AZL/2024/666,gsi_dated_positive,1,Mizoram,23.88583333,92.85055556,2024-09-28,1.3,11.4,0.374,514.0,31.57,,82,0.176
MIZ/AZL/2024/667,gsi_dated_positive,1,Mizoram,23.89277778,92.85083333,2024-09-28,1.3,11.4,0.374,582.0,28.57,,82,0.05
MIZ/AZL/2024/669,gsi_dated_positive,1,Mizoram,23.89305556,92.84722222,2024-09-28,1.3,11.4,0.374,573.0,22.66,,80,0.251
MIZ/AZL/2024/705,gsi_dated_positive,1,Mizoram,24.03503889,93.54139444,2024-09-28,1.5,9.9,0.364,1011.0,25.16,,26,2.523
MIZ/AZL/2024/709,gsi_dated_positive,1,Mizoram,24.10864167,93.54198333,2024-09-28,1.1,7.6,0.338,741.0,4.91,,48,1.226
MIZ/AZL/2024/710,gsi_dated_positive,1,Mizoram,24.12682222,93.54013889,2024-09-28,1.1,7.6,0.338,775.0,16.3,,45,0.673
MIZ/AZL/2024/723,gsi_dated_positive,1,Mizoram,24.33300556,93.65357222,2024-09-28,1.1,16.3,0.466,1161.0,5.91,,41,0.352
MIZ/AZL/2024/731,gsi_dated_positive,1,Mizoram,24.492825,93.58643611,2024-09-28,5.2,31.2,0.405,632.0,14.42,,9,0.926
MIZ/AZL/2024/734,gsi_dated_positive,1,Mizoram,24.52308611,93.57206944,2024-09-28,5.2,31.2,0.405,758.0,16.12,,8,0.679
MIZ/AZL/2024/735,gsi_dated_positive,1,Mizoram,24.48338333,93.58848056,2024-09-28,5.2,31.2,0.405,858.0,21.36,,8,0.035
MIZ/AZL/2024/756,gsi_dated_positive,1,Mizoram,23.10184722,93.20138889,2024-09-28,11.7,35.4,0.39,1201.0,19.62,,32,0.096
MIZ/AZL/2024/772,gsi_dated_positive,1,Mizoram,23.25951944,93.15917222,2024-09-28,3.0,20.6,0.404,1249.0,15.75,,26,0.246
MIZ/AZL/2024/776,gsi_dated_positive,1,Mizoram,23.32829167,93.12184167,2024-09-28,1.8,16.4,0.398,867.0,26.0,,43,1.26
MIZ/AZL/2024/796,gsi_dated_positive,1,Mizoram,23.35406111,93.04156111,2024-09-28,0.9,21.2,0.396,517.0,9.44,,30,0.696
MIZ/AZL/2024/797,gsi_dated_positive,1,Mizoram,23.35958611,93.04477222,2024-09-28,0.9,21.2,0.396,608.0,30.41,,30,0.696
MIZ/KOL/2024/737,gsi_dated_positive,1,Mizoram,24.48857222,93.36792222,2024-09-28,6.3,28.4,0.395,270.0,12.65,,2,4.357
MIZ/KOL/2024/748,gsi_dated_positive,1,Mizoram,24.70553333,93.33064167,2024-09-28,4.4,22.7,0.402,371.0,24.89,,19,1.297
MIZ/KOL/2024/845,gsi_dated_positive,1,Mizoram,24.08927222,93.12408611,2024-09-28,2.3,22.6,0.39,985.0,16.29,,14,1.907
MIZ/KOL/2024/846,gsi_dated_positive,1,Mizoram,24.10641389,93.12339944,2024-09-28,2.3,22.6,0.39,971.0,27.33,,12,0.82
MIZ/KOL/2024/861,gsi_dated_positive,1,Mizoram,24.15817222,93.02488611,2024-09-28,3.1,23.8,0.376,567.0,22.07,,49,0.591
MIZ/KOL/2024/862,gsi_dated_positive,1,Mizoram,24.23419444,93.02469167,2024-09-28,0.7,9.5,0.363,81.0,26.35,,66,2.599
MIZ/KOL/2024/863,gsi_dated_positive,1,Mizoram,24.32836667,93.00923056,2024-09-28,1.3,23.2,0.391,429.0,45.13,,14,2.124
3215,gsi_dated_positive,1,Meghalaya,25.5667327,91.9146185,2024-10-04,19.7,61.1,0.512,1537.0,6.88,,76,0.026
MIZ/AZL/2024/706,gsi_dated_positive,1,Mizoram,24.05808333,93.49808333,2024-10-07,3.5,10.0,0.401,1245.0,8.15,,31,1.54
MIZ/AZL/2024/707,gsi_dated_positive,1,Mizoram,24.04531667,93.49220278,2024-10-07,3.5,10.0,0.401,1341.0,16.06,,28,1.54
MIZ/AZL/2024/708,gsi_dated_positive,1,Mizoram,24.090025,93.54191667,2024-10-07,3.8,11.0,0.381,706.0,17.57,,44,2.07
MIZ/AZL/2024/711,gsi_dated_positive,1,Mizoram,24.12715278,93.53351389,2024-10-07,7.3,12.2,0.379,633.0,21.31,,45,0.673
ME/EWK/2026/44,gsi_dated_positive,1,Meghalaya,25.70087778,91.642902,2024-10-08,13.6,29.0,0.5,1247.0,17.92,,42,0.13
MIZ/KOL/2024/739,gsi_dated_positive,1,Mizoram,24.60002222,93.37166389,2024-10-21,0.0,11.5,0.366,863.0,15.41,,11,0.092
MIZ/KOL/2024/740,gsi_dated_positive,1,Mizoram,24.60067222,93.37223056,2024-10-21,0.0,11.5,0.366,854.0,22.59,,11,0.092
MIZ/KOL/2024/784,gsi_dated_positive,1,Mizoram,23.56332778,93.10553333,2024-10-22,2.4,3.1,0.299,724.0,27.69,,69,0.218
MIZ/KOL/2024/878,gsi_dated_positive,1,Mizoram,24.577475,93.19105,2024-10-22,,,,129.0,12.41,,24,1.506
WB/DAR/2025/78A/4/Point/58,gsi_dated_positive,1,West Bengal,27.10034979,88.23915333,2024-10-24,0.0,0.2,0.315,574.0,28.38,,440,0.042
MIZ/AZL/2024/769,gsi_dated_positive,1,Mizoram,23.25986389,93.16155278,2024-10-28,0.0,0.0,0.299,1220.0,12.24,,25,0.246
WB/DAR/2025/78A/4/Point/66,gsi_dated_positive,1,West Bengal,27.0898283,88.1514477,2024-10-28,8.4,10.3,0.374,1265.0,27.47,,429,0.004
MIZ/AZL/2024/570,gsi_dated_positive,1,Mizoram,23.66194444,92.85416667,2024-11-12,0.1,0.1,0.223,834.0,15.8,,155,0.981
MIZ/AZL/2024/770,gsi_dated_positive,1,Mizoram,23.25828611,93.15288333,2024-11-28,1.8,1.8,0.274,1211.0,35.71,,26,0.399
MIZ/AZL/2024/771,gsi_dated_positive,1,Mizoram,23.26126111,93.15070556,2024-11-28,1.8,1.8,0.274,1098.0,16.34,,26,0.399
MIZ/AZL/84A11/2025/010,gsi_dated_positive,1,Mizoram,23.4688,92.7208,2025-01-02,0.0,0.0,0.282,1138.0,26.81,,222,0.041
3310,gsi_dated_positive,1,Nagaland,25.8816564,94.1902346,2025-01-19,0.0,0.0,0.342,1399.0,27.48,,47,0.001
NL/TSE/83K01/2025/01,gsi_dated_positive,1,Nagaland,25.88165,94.19023,2025-01-19,0.0,0.0,0.342,1399.0,27.48,,47,0.001
HP/Kullu/ I43X8/2025/01,gsi_dated_positive,1,Himachal Pradesh,32.02631389,77.34464722,2025-03-20,0.6,0.6,0.492,1715.0,50.36,,4,0.817
KA/CKM/48O07/2025/14,gsi_dated_positive,1,Karnataka,13.26724722,75.39658444,2025-04-01,0.0,0.1,0.35,885.0,7.66,,34,2.233
3369,gsi_dated_positive,1,Uttarakhand,30.334904,79.320239,2025-04-10,7.0,8.0,0.173,919.0,34.71,,76,0.092
JK/KIS/43O15/2025/13,gsi_dated_positive,1,Jammu & Kashmir,33.33043889,75.96503056,2025-04-18,5.9,8.8,0.423,1634.0,46.57,,32,0.0
JK/KIS/43O15/2025/14,gsi_dated_positive,1,Jammu & Kashmir,33.32900278,75.96589444,2025-04-18,5.9,8.8,0.423,1724.0,26.79,,31,0.179
JK/RAM/43O04/2025/01,gsi_dated_positive,1,Jammu & Kashmir,33.23699444,75.22344444,2025-04-20,24.6,34.7,0.469,796.0,23.05,,67,1.089
JK/RAM/43O04/2025/02,gsi_dated_positive,1,Jammu & Kashmir,33.24198611,75.23667778,2025-04-20,24.6,34.7,0.469,711.0,5.65,,65,0.351
JK/RAM/43O3/2025/04,gsi_dated_positive,1,Jammu & Kashmir,33.25047222,75.21072222,2025-04-20,50.3,85.8,0.501,722.0,17.13,,84,0.351
JK/RAM/43O3/2025/05,gsi_dated_positive,1,Jammu & Kashmir,33.25676111,75.2038,2025-04-20,50.3,85.8,0.501,791.0,19.63,,89,0.687
JK/RAM/43O3/2025/06,gsi_dated_positive,1,Jammu & Kashmir,33.25870278,75.19678889,2025-04-20,50.3,85.8,0.501,857.0,41.54,,99,0.06
JK/RAM/43O4/2025/03,gsi_dated_positive,1,Jammu & Kashmir,33.24266944,75.23298889,2025-04-20,24.6,34.7,0.469,717.0,11.85,,67,0.351
JK/RAM/43O4/2025/07,gsi_dated_positive,1,Jammu & Kashmir,33.24827222,75.21343056,2025-04-20,50.3,85.8,0.501,712.0,26.99,,81,0.3
JK/RAM/43O4/2025/08,gsi_dated_positive,1,Jammu & Kashmir,33.24725556,75.21641389,2025-04-20,50.3,85.8,0.501,728.0,22.19,,81,0.3
JK/RAM/43O4/2025/10,gsi_dated_positive,1,Jammu & Kashmir,33.23600556,75.24382222,2025-04-20,24.6,34.7,0.469,747.0,35.73,,61,0.132
JK/RAM/43O8/2025/09,gsi_dated_positive,1,Jammu & Kashmir,33.22051667,75.26956389,2025-04-20,24.6,34.7,0.469,716.0,18.09,,54,0.322
JK/RAM/43O8/2025/12,gsi_dated_positive,1,Jammu & Kashmir,33.15333889,75.30680556,2025-04-20,28.5,56.0,0.499,1067.0,27.49,,57,0.046
MIZ/AZL/84A10/2025/003,gsi_dated_positive,1,Mizoram,23.7002691,92.7181685,2025-05-13,0.7,5.0,0.23,1038.0,36.09,,359,0.091
MIZ/AZL/84A09/2025/011,gsi_dated_positive,1,Mizoram,23.755925,92.726753,2025-05-24,9.9,18.2,0.28,1006.0,41.19,,312,0.438
MIZ/LUN/84A12/2025/031,gsi_dated_positive,1,Mizoram,23.229731,92.73968,2025-05-24,2.1,13.7,0.345,789.0,19.4,,144,0.058
TN/NIL/58A11/2025/2,gsi_dated_positive,1,Tamil Nadu,11.38372222,76.69333333,2025-05-25,41.3,81.6,0.427,2213.0,17.87,,182,1.12
TN/NIL/58A11/2025/7,gsi_dated_positive,1,Tamil Nadu,11.32233333,76.62216667,2025-05-25,68.6,148.6,0.43,1966.0,16.61,,176,0.03
TN/NIL/58A2/2025/17,gsi_dated_positive,1,Tamil Nadu,11.52344444,76.24775,2025-05-25,,,,852.0,10.16,,44,0.146
TN/NIL/58A11/2025/10,gsi_dated_positive,1,Tamil Nadu,11.28111111,76.64833333,2025-05-26,58.2,145.8,0.43,1651.0,29.7,,170,0.042
TN/NIL/58A11/2025/11,gsi_dated_positive,1,Tamil Nadu,11.28091667,76.648,2025-05-26,58.2,145.8,0.43,1655.0,30.64,,169,0.026
TN/NIL/58A11/2025/12,gsi_dated_positive,1,Tamil Nadu,11.28088889,76.64761111,2025-05-26,58.2,145.8,0.43,1653.0,31.63,,169,0.043
TN/NIL/58A11/2025/13,gsi_dated_positive,1,Tamil Nadu,11.28072222,76.64813889,2025-05-26,83.3,205.8,0.43,1668.0,27.39,,169,0.026
TN/NIL/58A11/2025/14,gsi_dated_positive,1,Tamil Nadu,11.25669444,76.62744444,2025-05-26,83.3,205.8,0.43,1840.0,15.36,,143,0.202
TN/NIL/58A11/2025/16,gsi_dated_positive,1,Tamil Nadu,11.49063889,76.52758333,2025-05-26,44.7,125.8,0.429,1622.0,38.7,,50,0.011
TN/NIL/58A11/2025/3,gsi_dated_positive,1,Tamil Nadu,11.48652778,76.68563889,2025-05-26,30.1,75.3,0.423,1469.0,33.03,,20,0.09
TN/NIL/58A11/2025/4,gsi_dated_positive,1,Tamil Nadu,11.48583333,76.68605556,2025-05-26,30.1,75.3,0.423,1469.0,37.4,,21,0.09
TN/NIL/58A11/2025/5,gsi_dated_positive,1,Tamil Nadu,11.33669444,76.64225,2025-05-26,,,,2041.0,28.09,,189,0.779
TN/NIL/58A11/2025/8,gsi_dated_positive,1,Tamil Nadu,11.31261111,76.62380556,2025-05-26,83.3,205.8,0.43,1949.0,6.81,,173,0.154
TN/NIL/58A11/2025/9,gsi_dated_positive,1,Tamil Nadu,11.29147222,76.64566667,2025-05-26,83.3,205.8,0.43,1835.0,31.9,,186,0.223
TN/NIL/58A12/2025/15,gsi_dated_positive,1,Tamil Nadu,11.21705556,76.60447222,2025-05-26,83.3,205.8,0.43,2084.0,27.01,,64,0.225
TN/NIL/58A2/2025/18,gsi_dated_positive,1,Tamil Nadu,11.52475,76.24763889,2025-05-26,70.1,190.6,0.511,838.0,20.36,,43,0.146
TN/NIL/58A11/2025/1,gsi_dated_positive,1,Tamil Nadu,11.39636111,76.65091667,2025-05-27,13.2,103.3,0.423,2148.0,9.58,,161,1.886
KA/DK/48P05/2025/08,gsi_dated_positive,1,Karnataka,12.773232,75.266805,2025-05-28,64.9,221.3,0.511,85.0,12.21,,15,0.671
ME/EWK/2026/49,gsi_dated_positive,1,Meghalaya,25.68698889,91.64812222,2025-05-28,3.6,42.7,0.483,1171.0,39.03,,42,0.039
ME/EWK/2026/50,gsi_dated_positive,1,Meghalaya,25.68690556,91.64915278,2025-05-28,3.6,42.7,0.483,1124.0,21.23,,42,0.068
7244,gsi_dated_positive,1,Meghalaya,25.69150833,91.64160833,2025-05-29,34.3,65.1,0.505,1338.0,1.38,,42,0.41
MIZ/AIZ/83D15/2025/243,gsi_dated_positive,1,Mizoram,24.354658,92.925511,2025-05-29,26.0,68.0,0.42,689.0,13.88,,37,1.265
MIZ/AZL/84A10/2025/002,gsi_dated_positive,1,Mizoram,23.6868033,92.7251987,2025-05-29,33.7,77.0,0.419,856.0,43.52,,373,0.303
MIZ/LUN/84A16/2025/119,gsi_dated_positive,1,Mizoram,23.141474,92.750577,2025-05-29,31.8,62.9,0.429,846.0,33.0,,197,0.069
MIZ/SER/84A15/2025/130,gsi_dated_positive,1,Mizoram,23.298137,92.857412,2025-05-29,33.9,68.1,0.429,938.0,25.8,,144,0.088
MIZ/SER/84A16/2025/092,gsi_dated_positive,1,Mizoram,23.193401,92.900218,2025-05-29,33.1,76.9,0.428,831.0,22.51,,49,0.239
KA/DK/48P01/2025/018,gsi_dated_positive,1,Karnataka,12.850862,75.196607,2025-05-30,37.5,175.0,0.512,52.0,18.08,,16,1.251
KA/DK/48P01/2025/019,gsi_dated_positive,1,Karnataka,12.848973,75.209944,2025-05-30,37.5,175.0,0.512,52.0,5.53,,18,0.114
KA/DK/48P01/2025/020,gsi_dated_positive,1,Karnataka,12.850756,75.221026,2025-05-30,37.5,175.0,0.512,79.0,7.79,,18,0.993
KA/DK/48P01/2025/021,gsi_dated_positive,1,Karnataka,12.824032,75.199666,2025-05-30,37.5,175.0,0.512,60.0,17.01,,23,0.21
KA/DK/48P05/2025/011,gsi_dated_positive,1,Karnataka,12.758327,75.323195,2025-05-30,38.3,169.4,0.509,88.0,1.54,,7,3.672
KA/DK/48P05/2025/09,gsi_dated_positive,1,Karnataka,12.77705,75.262014,2025-05-30,46.0,180.5,0.513,79.0,3.43,,22,0.671
KER/KOZ/49M14/2025/06,gsi_dated_positive,1,Kerala,11.51527778,76.89536111,2025-05-30,10.5,22.1,0.415,1887.0,12.15,,13,1.566
KER/KOZ/49M14/2025/07,gsi_dated_positive,1,Kerala,11.51652778,75.89355556,2025-05-30,66.3,252.4,0.511,238.0,37.06,,70,0.029
4702,gsi_dated_positive,1,Meghalaya,25.30127778,91.92198889,2025-05-30,425.6,495.6,0.516,1192.0,27.36,,73,0.012
ME/EKH/78O15/2025/02,gsi_dated_positive,1,Meghalaya,25.422278,91.867694,2025-05-30,291.2,349.1,0.514,1713.0,32.8,,58,0.154
ME/EKH/78O15/2025/03,gsi_dated_positive,1,Meghalaya,25.43480556,91.85952778,2025-05-30,291.2,349.1,0.514,1805.0,32.59,,53,0.269
ME/EKH/78O15/2025/04,gsi_dated_positive,1,Meghalaya,25.48716667,91.81936111,2025-05-30,291.2,349.1,0.514,1724.0,7.37,,42,0.522
4695,gsi_dated_positive,1,Meghalaya,25.65443889,91.62390833,2025-05-30,126.2,160.8,0.512,1469.0,11.03,,37,0.957
4696,gsi_dated_positive,1,Meghalaya,25.65443889,91.63345833,2025-05-30,126.2,160.8,0.512,1438.0,8.17,,38,0.601
4697,gsi_dated_positive,1,Meghalaya,25.65977222,91.63440556,2025-05-30,126.2,160.8,0.512,1407.0,5.13,,38,0.092
ME/EWK/2026/42,gsi_dated_positive,1,Meghalaya,25.69517778,91.64123611,2025-05-30,111.4,149.3,0.514,1302.0,14.86,,42,0.197
ME/EWK/2026/47,gsi_dated_positive,1,Meghalaya,25.69523333,91.64426944,2025-05-30,111.4,149.3,0.514,1225.0,26.81,,42,0.142
ME/EWK/2026/48,gsi_dated_positive,1,Meghalaya,25.69463611,91.64577778,2025-05-30,111.4,149.3,0.514,1204.0,23.97,,42,0.165
4701,gsi_dated_positive,1,Meghalaya,25.67032222,91.90487222,2025-05-30,110.5,139.5,0.511,1008.0,14.32,,72,0.851
7237,gsi_dated_positive,1,Meghalaya,25.71165556,91.89512778,2025-05-30,110.5,139.5,0.511,854.0,15.85,,55,0.34
7239,gsi_dated_positive,1,Meghalaya,25.75297778,91.88535278,2025-05-30,92.7,123.0,0.513,821.0,16.02,,19,0.744
ME/RIB/2025/22,gsi_dated_positive,1,Meghalaya,25.66315,91.90180278,2025-05-30,110.5,139.5,0.511,1017.0,8.22,,73,0.76
ME/RIB/2025/28,gsi_dated_positive,1,Meghalaya,25.67761389,91.89865833,2025-05-30,110.5,139.5,0.511,997.0,25.21,,74,0.274
ME/EWK/2026/30,gsi_dated_positive,1,Meghalaya,25.28247222,91.36413333,2025-05-30,188.7,253.2,0.515,973.0,35.85,,22,0.245
ME/SWK/2025/16,gsi_dated_positive,1,Meghalaya,25.619397,91.61704,2025-05-30,126.2,160.8,0.512,1509.0,18.36,,44,0.054
ME/SWK/2026/31,gsi_dated_positive,1,Meghalaya,25.28090556,91.36584722,2025-05-30,200.6,262.3,0.516,993.0,27.85,,22,0.245
MIZ/AZL/84A15/2025/019,gsi_dated_positive,1,Mizoram,23.350187,92.778852,2025-05-30,161.5,215.0,0.43,839.0,28.27,,174,0.143
MIZ/AZL/84A15/2025/020,gsi_dated_positive,1,Mizoram,23.341022,92.776761,2025-05-30,161.5,215.0,0.43,744.0,32.12,,175,0.014
MIZ/AZL/84A15/2025/021,gsi_dated_positive,1,Mizoram,23.339144,92.786128,2025-05-30,161.5,215.0,0.43,683.0,27.02,,186,0.339
MIZ/AZL/84A15/2025/022,gsi_dated_positive,1,Mizoram,23.336229,92.787113,2025-05-30,136.8,189.1,0.43,679.0,44.27,,186,0.329
MIZ/LUN/84A12/2025/105,gsi_dated_positive,1,Mizoram,23.152289,92.746243,2025-05-30,111.5,155.3,0.43,891.0,13.66,,200,0.052
MIZ/LUN/84A12/2025/128,gsi_dated_positive,1,Mizoram,23.134961,92.747843,2025-05-30,111.5,155.3,0.43,858.0,38.05,,196,0.03
MIZ/LUN/84A12/2025/154,gsi_dated_positive,1,Mizoram,23.108018,92.746279,2025-05-30,90.5,135.2,0.429,765.0,17.65,,195,0.241
MIZ/LUN/84A12/2025/155,gsi_dated_positive,1,Mizoram,23.10565,92.745979,2025-05-30,,,,714.0,17.65,,193,0.07
MIZ/LUN/84A16/2025/121,gsi_dated_positive,1,Mizoram,23.139887,92.751646,2025-05-30,111.5,155.3,0.43,860.0,13.66,,196,0.041
MIZ/LUN/84A16/2025/161,gsi_dated_positive,1,Mizoram,23.100785,92.751508,2025-05-30,90.5,135.2,0.429,781.0,12.53,,189,0.148
MIZ/LUN/84A16/2025/178,gsi_dated_positive,1,Mizoram,23.067473,92.767201,2025-05-30,60.7,104.1,0.428,842.0,25.8,,156,0.205
MIZ/LUN/84A16/2025/182,gsi_dated_positive,1,Mizoram,23.061745,92.770105,2025-05-30,60.7,104.1,0.428,930.0,21.15,,147,0.259
MIZ/LUNG/84A12/2025/036,gsi_dated_positive,1,Mizoram,23.194007,92.734654,2025-05-30,111.5,155.3,0.43,779.0,33.61,,170,0.063
MIZ/LUNG/84A12/2025/037,gsi_dated_positive,1,Mizoram,23.193468,92.734849,2025-05-30,111.5,155.3,0.43,787.0,27.27,,172,0.026
MIZ/LUNG/84A12/2025/038,gsi_dated_positive,1,Mizoram,23.183856,92.735346,2025-05-30,111.5,155.3,0.43,832.0,21.58,,183,0.049
MIZ/LUNG/84A12/2025/040,gsi_dated_positive,1,Mizoram,23.181806,92.736868,2025-05-30,111.5,155.3,0.43,805.0,25.82,,184,0.053
MIZ/LUNG/84A16/2025/051,gsi_dated_positive,1,Mizoram,23.015005,92.765065,2025-05-30,60.7,104.1,0.428,956.0,25.0,,93,0.153
MIZ/LUNG/84B09/2025/053,gsi_dated_positive,1,Mizoram,22.973735,92.725975,2025-05-30,79.6,141.6,0.429,542.0,15.01,,77,0.493
MIZ/SER/84A12/2025/026,gsi_dated_positive,1,Mizoram,23.239637,92.748175,2025-05-30,165.9,209.6,0.43,752.0,15.74,,138,0.267
MIZ/SER/84A15/2025/131,gsi_dated_positive,1,Mizoram,23.293453,92.858089,2025-05-30,136.8,189.1,0.43,886.0,18.44,,139,0.056
MIZ/SIA/84B15/2025/058,gsi_dated_positive,1,Mizoram,22.444376,92.947323,2025-05-30,37.5,129.9,0.429,476.0,43.15,,65,0.809
AS/KAM(M)/78N12/2025/04,gsi_dated_positive,1,Assam,26.17027,91.698,2025-05-31,5.1,171.9,0.491,138.0,30.5,,64,1.132
AS/KAM(M)/78N16/2025/006,gsi_dated_positive,1,Assam,26.19113889,91.82961111,2025-05-31,8.4,199.4,0.494,116.0,17.05,,60,1.564
7193,gsi_dated_positive,1,Assam,26.184324,91.855395,2025-05-31,8.4,199.4,0.494,70.0,17.39,,63,0.615
KA/DK/48P01/2025/013,gsi_dated_positive,1,Karnataka,12.858407,75.226056,2025-05-31,4.6,107.6,0.497,77.0,16.7,,17,0.045
KA/DK/48P01/2025/014,gsi_dated_positive,1,Karnataka,12.858072,75.226282,2025-05-31,4.6,107.6,0.497,73.0,16.51,,17,0.045
KA/DK/48P01/2025/015,gsi_dated_positive,1,Karnataka,12.859678,75.226523,2025-05-31,4.6,107.6,0.497,71.0,11.55,,17,0.15
KA/DK/48P01/2025/016,gsi_dated_positive,1,Karnataka,12.860977,75.205525,2025-05-31,4.6,107.6,0.497,116.0,9.15,,16,1.313
KA/DK/48P01/2025/017,gsi_dated_positive,1,Karnataka,12.861881,75.193047,2025-05-31,6.6,109.0,0.498,69.0,8.63,,18,1.285
KA/DK/48P05/2025/06,gsi_dated_positive,1,Karnataka,12.762635,75.289625,2025-05-31,5.3,106.8,0.501,80.0,7.64,,13,1.94
KA/DK/48P05/2025/07,gsi_dated_positive,1,Karnataka,12.75297,75.274733,2025-05-31,5.3,106.8,0.501,79.0,4.85,,13,1.94
6822,gsi_dated_positive,1,Manipur,24.846509,93.573533,2025-05-31,41.4,157.1,0.428,383.0,46.04,,61,0.923
ME/EKH/2025/25,gsi_dated_positive,1,Meghalaya,25.42315556,91.86329167,2025-05-31,15.3,353.9,0.504,1740.0,39.57,,60,0.095
ME/EKH/78O15/2025/08,gsi_dated_positive,1,Meghalaya,25.366201,91.767213,2025-05-31,25.4,454.6,0.509,1608.0,35.24,,24,0.849
ME/EKH/78O15/2025/09,gsi_dated_positive,1,Meghalaya,25.355042,91.767525,2025-05-31,25.4,454.6,0.509,1621.0,39.0,,22,0.043
ME/EKH/78O15/2025/10,gsi_dated_positive,1,Meghalaya,25.340415,91.774142,2025-05-31,35.2,540.7,0.508,1436.0,34.11,,21,0.213
7252,gsi_dated_positive,1,Meghalaya,25.700668,91.596815,2025-05-31,3.7,127.7,0.492,1345.0,16.19,,42,3.662
ME/EWK/2026/62,gsi_dated_positive,1,Meghalaya,25.739454,91.572107,2025-05-31,25.0,142.0,0.501,903.0,23.64,,26,4.973
MIZ/AIZ/84A13/2025/239,gsi_dated_positive,1,Mizoram,23.760466,92.848969,2025-05-31,37.8,167.5,0.425,829.0,14.79,,158,0.086
MIZ/AZL/84A10/2025/004,gsi_dated_positive,1,Mizoram,23.74247,92.705587,2025-05-31,18.2,124.2,0.423,938.0,35.15,,326,0.238
MIZ/AZL/84A15/2025/018,gsi_dated_positive,1,Mizoram,23.353485,92.780193,2025-05-31,44.4,239.3,0.429,868.0,50.82,,172,0.123
MIZ/HNAH/84A16/2025/084,gsi_dated_positive,1,Mizoram,23.077813,92.89844,2025-05-31,30.0,112.6,0.428,709.0,19.61,,31,0.377
MIZ/HNAH/84A16/2025/085,gsi_dated_positive,1,Mizoram,23.081023,92.897247,2025-05-31,30.0,112.6,0.428,749.0,40.73,,33,0.244
MIZ/HNAH/84A16/2025/086,gsi_dated_positive,1,Mizoram,23.084343,92.898597,2025-05-31,30.0,112.6,0.428,766.0,29.45,,34,0.152
MIZ/HNAH/84B13/2025/080,gsi_dated_positive,1,Mizoram,22.902089,92.879909,2025-05-31,37.5,113.8,0.428,426.0,11.57,,63,0.258
MIZ/HNAH/84B13/2025/081,gsi_dated_positive,1,Mizoram,22.967715,92.925677,2025-05-31,38.9,116.8,0.428,778.0,22.9,,48,0.076
MIZ/HNAH/84B13/2025/082,gsi_dated_positive,1,Mizoram,22.971217,92.925544,2025-05-31,38.9,116.8,0.428,732.0,30.68,,48,0.186
MIZ/HNAH/84B13/2025/083,gsi_dated_positive,1,Mizoram,22.969582,92.925917,2025-05-31,38.9,116.8,0.428,757.0,26.84,,47,0.186
MIZ/KHAW/84E04/2025/225,gsi_dated_positive,1,Mizoram,23.229765,93.127521,2025-05-31,27.6,103.5,0.426,1013.0,27.9,,23,2.217
MIZ/KHAW/84E04/2025/227,gsi_dated_positive,1,Mizoram,23.197704,93.163019,2025-05-31,39.4,104.6,0.427,538.0,30.38,,29,0.408
MIZ/LAW/84B14/2025/055,gsi_dated_positive,1,Mizoram,22.519716,92.891037,2025-05-31,25.3,92.6,0.426,890.0,16.12,,72,0.765
MIZ/LAW/84B14/2025/061,gsi_dated_positive,1,Mizoram,22.54735,92.882032,2025-05-31,25.3,92.6,0.426,839.0,36.88,,54,0.583
MIZ/LAW/84B15/2025/056,gsi_dated_positive,1,Mizoram,22.48765,92.886806,2025-05-31,25.3,92.6,0.426,1015.0,49.93,,79,0.515
MIZ/LUN/84A16/2025/177,gsi_dated_positive,1,Mizoram,23.069585,92.765797,2025-05-31,34.5,121.9,0.428,806.0,16.82,,159,0.141
MIZ/LUNG/84A12/2025/032,gsi_dated_positive,1,Mizoram,23.214239,92.740856,2025-05-31,37.6,234.8,0.429,844.0,18.92,,156,0.916
MIZ/LUNG/84A12/2025/033,gsi_dated_positive,1,Mizoram,23.203253,92.735838,2025-05-31,37.6,234.8,0.429,710.0,25.35,,162,0.067
MIZ/LUNG/84A12/2025/041,gsi_dated_positive,1,Mizoram,23.18077,92.735789,2025-05-31,39.3,182.6,0.428,818.0,32.0,,184,0.116
MIZ/LUNG/84A12/2025/042,gsi_dated_positive,1,Mizoram,23.173606,92.739793,2025-05-31,39.3,182.6,0.428,784.0,19.63,,191,0.013
MIZ/LUNG/84A12/2025/043,gsi_dated_positive,1,Mizoram,23.150939,92.748258,2025-05-31,39.3,182.6,0.428,879.0,30.28,,201,0.024
MIZ/LUNG/84A12/2025/045,gsi_dated_positive,1,Mizoram,23.1351,92.748694,2025-05-31,39.3,182.6,0.428,927.0,34.0,,194,0.088
MIZ/LUNG/84A12/2025/046,gsi_dated_positive,1,Mizoram,23.134009,92.746247,2025-05-31,39.3,182.6,0.428,802.0,28.53,,200,0.166
MIZ/LUNG/84A12/2025/047,gsi_dated_positive,1,Mizoram,23.132082,92.746268,2025-05-31,39.3,182.6,0.428,853.0,31.86,,203,0.052
MIZ/LUNG/84A12/2025/049,gsi_dated_positive,1,Mizoram,23.114225,92.746024,2025-05-31,32.8,151.4,0.427,795.0,33.3,,208,0.128
MIZ/LUNG/84A12/2025/050,gsi_dated_positive,1,Mizoram,23.111824,92.745097,2025-05-31,32.8,151.4,0.427,835.0,11.59,,197,0.071
MIZ/LUNG/84A16/2025/044,gsi_dated_positive,1,Mizoram,23.140846,92.751229,2025-05-31,39.3,182.6,0.428,876.0,31.17,,198,0.029
MIZ/LUNG/84A16/2025/052,gsi_dated_positive,1,Mizoram,23.022804,92.755698,2025-05-31,34.5,121.9,0.428,853.0,17.96,,106,0.216
MIZ/LUNG/84B13/2025/070,gsi_dated_positive,1,Mizoram,22.788323,92.833817,2025-05-31,35.5,122.3,0.429,744.0,20.85,,60,0.376
MIZ/LUNG/84B13/2025/071,gsi_dated_positive,1,Mizoram,22.793307,92.819831,2025-05-31,35.5,122.3,0.429,867.0,28.86,,66,0.376
MIZ/LUNG/84B13/2025/079,gsi_dated_positive,1,Mizoram,22.892426,92.822937,2025-05-31,38.1,125.4,0.428,789.0,38.78,,109,0.026
MIZ/LUNG/84B14/2025/062,gsi_dated_positive,1,Mizoram,22.641087,92.867635,2025-05-31,31.3,102.8,0.426,1035.0,31.46,,26,1.845
MIZ/LUNG/84B14/2025/063,gsi_dated_positive,1,Mizoram,22.660692,92.855602,2025-05-31,31.3,102.8,0.426,979.0,23.04,,23,0.098
MIZ/LUNG/84B14/2025/064,gsi_dated_positive,1,Mizoram,22.688472,92.842907,2025-05-31,31.3,102.8,0.426,968.0,35.66,,19,0.107
MIZ/LUNG/84B14/2025/065,gsi_dated_positive,1,Mizoram,22.702165,92.836523,2025-05-31,31.3,102.8,0.426,816.0,27.54,,25,0.644
MIZ/LUNG/84B14/2025/066,gsi_dated_positive,1,Mizoram,22.706999,92.841597,2025-05-31,31.3,102.8,0.426,856.0,23.37,,26,0.226
MIZ/LUNG/84B14/2025/067,gsi_dated_positive,1,Mizoram,22.745387,92.841543,2025-05-31,39.9,118.9,0.428,628.0,12.88,,36,0.764
MIZ/SAI/84A14/2025/237,gsi_dated_positive,1,Mizoram,23.527592,92.984969,2025-05-31,23.5,173.8,0.423,1342.0,26.41,,23,7.594
MIZ/SER/84A11/2025/157,gsi_dated_positive,1,Mizoram,23.307135,92.707624,2025-05-31,43.6,251.0,0.428,448.0,20.97,,100,0.055
MIZ/SER/84A11/2025/158,gsi_dated_positive,1,Mizoram,23.306409,92.706083,2025-05-31,43.6,251.0,0.428,416.0,24.71,,100,0.145
MIZ/SER/84A11/2025/159,gsi_dated_positive,1,Mizoram,23.306012,92.704212,2025-05-31,43.6,251.0,0.428,435.0,28.16,,98,0.196
MIZ/SER/84A12/2025/027,gsi_dated_positive,1,Mizoram,23.239077,92.745631,2025-05-31,37.6,234.8,0.429,750.0,18.92,,140,0.119
MIZ/SER/84A12/2025/029,gsi_dated_positive,1,Mizoram,23.239797,92.744214,2025-05-31,37.6,234.8,0.429,782.0,15.11,,137,0.078
MIZ/SER/84A12/2025/030,gsi_dated_positive,1,Mizoram,23.238785,92.744224,2025-05-31,37.6,234.8,0.429,770.0,16.34,,142,0.046
MIZ/SER/84A15/2025/024,gsi_dated_positive,1,Mizoram,23.315355,92.790619,2025-05-31,49.4,220.1,0.429,612.0,21.18,,184,0.062
MIZ/SER/84A15/2025/025,gsi_dated_positive,1,Mizoram,23.316491,92.788798,2025-05-31,49.4,220.1,0.429,647.0,25.88,,184,0.225
MIZ/SER/84A15/2025/097,gsi_dated_positive,1,Mizoram,23.322039,92.859147,2025-05-31,44.4,239.3,0.429,1011.0,29.58,,147,0.035
MIZ/SER/84A15/2025/098,gsi_dated_positive,1,Mizoram,23.319156,92.857722,2025-05-31,44.4,239.3,0.429,1038.0,19.12,,148,0.102
MIZ/SER/84A15/2025/099,gsi_dated_positive,1,Mizoram,23.317543,92.858683,2025-05-31,44.4,239.3,0.429,1019.0,27.92,,145,0.2
MIZ/SER/84A15/2025/100,gsi_dated_positive,1,Mizoram,23.318568,92.852294,2025-05-31,49.4,220.1,0.429,812.0,16.35,,152,0.086
MIZ/SER/84A15/2025/101,gsi_dated_positive,1,Mizoram,23.323423,92.860926,2025-05-31,44.4,239.3,0.429,988.0,12.94,,146,0.166
MIZ/SER/84A15/2025/102,gsi_dated_positive,1,Mizoram,23.319412,92.855415,2025-05-31,44.4,239.3,0.429,957.0,28.69,,149,0.11
MIZ/SER/84A15/2025/103,gsi_dated_positive,1,Mizoram,23.319184,92.856725,2025-05-31,44.4,239.3,0.429,1026.0,27.18,,149,0.102
MIZ/SER/84A15/2025/104,gsi_dated_positive,1,Mizoram,23.309286,92.850807,2025-05-31,49.4,220.1,0.429,973.0,24.55,,147,0.286
MIZ/SER/84A15/2025/105,gsi_dated_positive,1,Mizoram,23.10112,92.852784,2025-05-31,34.7,133.6,0.428,773.0,19.15,,55,1.433
MIZ/SER/84A15/2025/106,gsi_dated_positive,1,Mizoram,23.309914,92.853522,2025-05-31,49.4,220.1,0.429,981.0,23.99,,147,0.202
MIZ/SER/84A15/2025/107,gsi_dated_positive,1,Mizoram,23.315273,92.856524,2025-05-31,44.4,239.3,0.429,976.0,32.1,,148,0.11
MIZ/SER/84A15/2025/108,gsi_dated_positive,1,Mizoram,23.311529,92.85443,2025-05-31,49.4,220.1,0.429,960.0,35.48,,148,0.202
MIZ/SER/84A15/2025/109,gsi_dated_positive,1,Mizoram,23.31637,92.854172,2025-05-31,44.4,239.3,0.429,894.0,21.79,,151,0.209
MIZ/SER/84A15/2025/110,gsi_dated_positive,1,Mizoram,23.310074,92.858498,2025-05-31,49.4,220.1,0.429,993.0,25.37,,143,0.096
MIZ/SER/84A15/2025/111,gsi_dated_positive,1,Mizoram,23.309295,92.860017,2025-05-31,49.4,220.1,0.429,997.0,18.93,,143,0.074
MIZ/SER/84A15/2025/112,gsi_dated_positive,1,Mizoram,23.308629,92.860039,2025-05-31,49.4,220.1,0.429,992.0,14.38,,143,0.074
MIZ/SER/84A15/2025/113,gsi_dated_positive,1,Mizoram,23.308778,92.858357,2025-05-31,49.4,220.1,0.429,954.0,22.95,,143,0.145
MIZ/SER/84A15/2025/114,gsi_dated_positive,1,Mizoram,23.300837,92.855693,2025-05-31,49.4,220.1,0.429,930.0,38.44,,144,0.135
MIZ/SER/84A15/2025/115,gsi_dated_positive,1,Mizoram,23.300787,92.853572,2025-05-31,49.4,220.1,0.429,1002.0,33.63,,144,0.083
MIZ/SER/84A15/2025/116,gsi_dated_positive,1,Mizoram,23.305323,92.852358,2025-05-31,49.4,220.1,0.429,1061.0,29.24,,144,0.062
MIZ/SER/84A15/2025/119,gsi_dated_positive,1,Mizoram,23.298928,92.857435,2025-05-31,49.4,220.1,0.429,937.0,25.88,,145,0.088
MIZ/SER/84A15/2025/120,gsi_dated_positive,1,Mizoram,23.310846,92.858915,2025-05-31,49.4,220.1,0.429,1053.0,32.63,,143,0.096
MIZ/SER/84A15/2025/121,gsi_dated_positive,1,Mizoram,23.311335,92.858026,2025-05-31,49.4,220.1,0.429,1051.0,27.64,,143,0.106
MIZ/SER/84A15/2025/123,gsi_dated_positive,1,Mizoram,23.3057,92.852802,2025-05-31,49.4,220.1,0.429,1025.0,33.63,,143,0.062
MIZ/SER/84A15/2025/128,gsi_dated_positive,1,Mizoram,23.301381,92.853078,2025-05-31,49.4,220.1,0.429,982.0,28.82,,144,0.083
MIZ/SER/84A15/2025/129,gsi_dated_positive,1,Mizoram,23.299628,92.855609,2025-05-31,49.4,220.1,0.429,944.0,23.18,,144,0.135
MIZ/SER/84A15/2025/133,gsi_dated_positive,1,Mizoram,23.298166,92.858694,2025-05-31,49.4,220.1,0.429,913.0,15.9,,144,0.131
MIZ/SER/84A15/2025/137,gsi_dated_positive,1,Mizoram,23.301587,92.868485,2025-05-31,49.4,220.1,0.429,865.0,23.5,,138,0.74
MIZ/SER/84A15/2025/138,gsi_dated_positive,1,Mizoram,23.313996,92.863984,2025-05-31,44.4,239.3,0.429,916.0,15.12,,142,0.529
MIZ/SER/84A15/2025/140,gsi_dated_positive,1,Mizoram,23.3228,92.862406,2025-05-31,44.4,239.3,0.429,948.0,22.2,,141,0.166
MIZ/SER/84A15/2025/141,gsi_dated_positive,1,Mizoram,23.286141,92.868152,2025-05-31,49.4,220.1,0.429,997.0,31.0,,130,0.456
MIZ/SER/84A15/2025/142,gsi_dated_positive,1,Mizoram,23.281219,92.869608,2025-05-31,49.4,220.1,0.429,1022.0,61.68,,136,0.034
MIZ/SER/84A15/2025/143,gsi_dated_positive,1,Mizoram,23.274148,92.871011,2025-05-31,49.4,220.1,0.429,1078.0,26.49,,137,0.317
MIZ/SER/84A15/2025/144,gsi_dated_positive,1,Mizoram,23.272548,92.874296,2025-05-31,39.4,163.2,0.428,1030.0,38.44,,136,0.108
MIZ/SER/84A15/2025/149,gsi_dated_positive,1,Mizoram,23.286735,92.85703,2025-05-31,49.4,220.1,0.429,877.0,39.56,,132,0.063
MIZ/SER/84A15/2025/150,gsi_dated_positive,1,Mizoram,23.284565,92.857096,2025-05-31,49.4,220.1,0.429,834.0,34.93,,133,0.085
MIZ/SER/84A15/2025/153,gsi_dated_positive,1,Mizoram,23.288276,92.830821,2025-05-31,49.4,220.1,0.429,545.0,24.25,,147,0.564
MIZ/SER/84A16/2025/091,gsi_dated_positive,1,Mizoram,23.188273,92.898879,2025-05-31,32.0,124.8,0.427,829.0,24.01,,49,0.103
MIZ/SER/84A16/2025/093,gsi_dated_positive,1,Mizoram,23.198119,92.899566,2025-05-31,32.0,124.8,0.427,898.0,24.53,,55,0.308
MIZ/SER/84A16/2025/094,gsi_dated_positive,1,Mizoram,23.223594,92.914767,2025-05-31,43.6,143.2,0.427,760.0,23.45,,83,0.295
MIZ/SER/84A16/2025/095,gsi_dated_positive,1,Mizoram,23.225227,92.912496,2025-05-31,43.6,143.2,0.427,746.0,47.27,,86,0.295
MIZ/SER/84A16/2025/148,gsi_dated_positive,1,Mizoram,23.243855,92.905242,2025-05-31,43.6,143.2,0.427,739.0,37.47,,129,0.058
MIZ/SER/84E04/2025/222,gsi_dated_positive,1,Mizoram,23.1915,93.011024,2025-05-31,28.3,116.5,0.427,885.0,42.18,,28,0.769
MIZ/SER/84E04/2025/223,gsi_dated_positive,1,Mizoram,23.183361,93.066742,2025-05-31,29.2,95.7,0.426,1026.0,34.18,,21,1.522
MIZ/SIA/84B15/2025/057,gsi_dated_positive,1,Mizoram,22.404215,92.951647,2025-05-31,37.4,107.5,0.428,202.0,30.98,,47,0.11
MIZ/SIA/84B15/2025/059,gsi_dated_positive,1,Mizoram,22.491822,92.970252,2025-05-31,27.9,91.5,0.425,961.0,28.67,,61,0.105
MIZ/SIA/84B15/2025/060,gsi_dated_positive,1,Mizoram,22.491,92.97076,2025-05-31,27.9,91.5,0.425,972.0,40.36,,61,0.105
MIZ/SIA/84B15/2025/061,gsi_dated_positive,1,Mizoram,22.437107,92.946912,2025-05-31,37.4,107.5,0.428,337.0,28.11,,63,0.252
MIZ/AIZ/83D15/2025/244,gsi_dated_positive,1,Mizoram,24.365715,92.930137,2025-06-01,31.1,127.1,0.421,622.0,48.96,,34,0.023
MIZ/AIZ/84A13/2025/240,gsi_dated_positive,1,Mizoram,23.807952,92.834037,2025-06-01,23.1,153.8,0.424,534.0,40.59,,136,0.052
MIZ/AZL/84A09/2025/009,gsi_dated_positive,1,Mizoram,23.75024,92.736662,2025-06-01,20.8,124.2,0.42,1095.0,20.67,,318,0.12
MIZ/AZL/84A10/2025/012,gsi_dated_positive,1,Mizoram,23.745802,92.717053,2025-06-01,20.8,124.2,0.42,919.0,21.23,,324,0.188
MIZ/AZL/84A11/2025/015,gsi_dated_positive,1,Mizoram,23.469247,92.744068,2025-06-01,36.3,215.2,0.427,1365.0,13.78,,202,0.321
MIZ/AZL/84A15/2025/017,gsi_dated_positive,1,Mizoram,23.367366,92.767304,2025-06-01,45.5,250.7,0.428,1144.0,52.96,,126,0.121
MIZ/AZL/84A15/2025/023,gsi_dated_positive,1,Mizoram,23.313871,92.792739,2025-06-01,47.8,266.1,0.428,597.0,14.72,,185,0.23
MIZ/CHAM/84E04/2025/228,gsi_dated_positive,1,Mizoram,23.198136,93.166988,2025-06-01,23.6,95.6,0.426,673.0,28.14,,29,0.408
MIZ/CHAM/84E04/2025/229,gsi_dated_positive,1,Mizoram,23.177311,93.198157,2025-06-01,26.5,94.6,0.423,1152.0,10.21,,53,0.46
MIZ/HNAH/84A16/2025/087,gsi_dated_positive,1,Mizoram,23.170678,92.899334,2025-06-01,32.9,124.6,0.428,868.0,8.71,,50,0.238
MIZ/KHAW/84E04/2025/226,gsi_dated_positive,1,Mizoram,23.2066,93.148665,2025-06-01,23.9,91.6,0.426,833.0,37.47,,24,1.769
MIZ/KHAW/84E08/2025/231,gsi_dated_positive,1,Mizoram,23.14788,93.323791,2025-06-01,22.5,69.2,0.42,1553.0,20.94,,44,0.269
MIZ/LUN/84A12/2025/070,gsi_dated_positive,1,Mizoram,23.184091,92.738895,2025-06-01,42.1,192.9,0.428,782.0,24.86,,183,0.243
MIZ/LUN/84A12/2025/150,gsi_dated_positive,1,Mizoram,23.11239,92.745417,2025-06-01,39.2,162.5,0.428,842.0,12.92,,200,0.071
MIZ/LUN/84A12/2025/157,gsi_dated_positive,1,Mizoram,23.104623,92.747711,2025-06-01,39.2,162.5,0.428,732.0,27.61,,193,0.012
MIZ/LUN/84A16/2025/175,gsi_dated_positive,1,Mizoram,23.074255,92.76222,2025-06-01,39.2,162.5,0.428,775.0,14.44,,165,0.522
MIZ/LUNG/84A08/2025/208,gsi_dated_positive,1,Mizoram,23.206239,92.491221,2025-06-01,57.9,317.6,0.428,647.0,17.65,,53,0.0
MIZ/LUNG/84A08/2025/209,gsi_dated_positive,1,Mizoram,23.199961,92.488796,2025-06-01,57.9,317.6,0.428,727.0,13.67,,51,0.741
MIZ/LUNG/84A08/2025/210,gsi_dated_positive,1,Mizoram,23.17824,92.491031,2025-06-01,57.9,317.6,0.428,763.0,17.65,,50,0.222
MIZ/LUNG/84A08/2025/211,gsi_dated_positive,1,Mizoram,23.180969,92.488193,2025-06-01,57.9,317.6,0.428,776.0,14.46,,48,0.142
MIZ/LUNG/84A08/2025/212,gsi_dated_positive,1,Mizoram,23.180354,92.486971,2025-06-01,57.9,317.6,0.428,746.0,9.42,,47,0.142
MIZ/LUNG/84A08/2025/213,gsi_dated_positive,1,Mizoram,23.182466,92.487731,2025-06-01,57.9,317.6,0.428,786.0,5.86,,48,0.173
MIZ/LUNG/84A11/2025/163,gsi_dated_positive,1,Mizoram,23.297521,92.689449,2025-06-01,52.4,288.6,0.429,315.0,25.96,,57,0.38
MIZ/LUNG/84A11/2025/164,gsi_dated_positive,1,Mizoram,23.30374,92.672816,2025-06-01,52.4,288.6,0.429,550.0,15.98,,47,0.139
MIZ/LUNG/84A11/2025/165,gsi_dated_positive,1,Mizoram,23.304123,92.671521,2025-06-01,52.4,288.6,0.429,569.0,35.95,,47,0.139
MIZ/LUNG/84A11/2025/166,gsi_dated_positive,1,Mizoram,23.306105,92.671296,2025-06-01,52.4,288.6,0.429,521.0,29.7,,47,0.222
MIZ/LUNG/84A11/2025/167,gsi_dated_positive,1,Mizoram,23.306338,92.666573,2025-06-01,52.4,288.6,0.429,690.0,25.84,,47,0.483
MIZ/LUNG/84A11/2025/168,gsi_dated_positive,1,Mizoram,23.32044,92.643229,2025-06-01,52.4,288.6,0.429,726.0,22.04,,36,2.138
MIZ/LUNG/84A11/2025/169,gsi_dated_positive,1,Mizoram,23.301901,92.649401,2025-06-01,52.4,288.6,0.429,721.0,19.12,,47,0.026
MIZ/LUNG/84A11/2025/215,gsi_dated_positive,1,Mizoram,23.251004,92.63667,2025-06-01,55.6,305.0,0.428,749.0,4.88,,79,0.405
MIZ/LUNG/84A12/2025/034,gsi_dated_positive,1,Mizoram,23.200475,92.735007,2025-06-01,55.2,258.7,0.428,745.0,15.74,,168,0.057
MIZ/LUNG/84A12/2025/035,gsi_dated_positive,1,Mizoram,23.195661,92.73562,2025-06-01,55.2,258.7,0.428,745.0,27.45,,169,0.11
MIZ/LUNG/84A12/2025/048,gsi_dated_positive,1,Mizoram,23.114694,92.743931,2025-06-01,39.2,162.5,0.428,833.0,36.1,,208,0.126
MIZ/LUNG/84A12/2025/170,gsi_dated_positive,1,Mizoram,23.246611,92.655112,2025-06-01,55.6,305.0,0.428,413.0,19.82,,112,1.559
MIZ/LUNG/84A12/2025/171,gsi_dated_positive,1,Mizoram,23.2388,92.636923,2025-06-01,55.6,305.0,0.428,801.0,25.15,,75,0.475
MIZ/LUNG/84A12/2025/172,gsi_dated_positive,1,Mizoram,23.234538,92.637234,2025-06-01,55.6,305.0,0.428,815.0,19.63,,76,0.475
MIZ/LUNG/84A12/2025/173,gsi_dated_positive,1,Mizoram,23.206413,92.632701,2025-06-01,55.6,305.0,0.428,546.0,23.49,,81,1.015
MIZ/LUNG/84A12/2025/174,gsi_dated_positive,1,Mizoram,23.197283,92.632661,2025-06-01,43.5,265.7,0.429,596.0,21.78,,82,1.015
MIZ/LUNG/84A12/2025/175,gsi_dated_positive,1,Mizoram,23.174558,92.612556,2025-06-01,43.5,265.7,0.429,772.0,6.69,,83,0.141
MIZ/LUNG/84A12/2025/176,gsi_dated_positive,1,Mizoram,23.1739,92.611378,2025-06-01,43.5,265.7,0.429,785.0,13.21,,83,0.091
MIZ/LUNG/84A12/2025/177,gsi_dated_positive,1,Mizoram,23.173258,92.611929,2025-06-01,43.5,265.7,0.429,792.0,15.89,,82,0.067
MIZ/LUNG/84A12/2025/178,gsi_dated_positive,1,Mizoram,23.17252,92.611434,2025-06-01,43.5,265.7,0.429,807.0,17.98,,82,0.043
MIZ/LUNG/84A12/2025/179,gsi_dated_positive,1,Mizoram,23.172659,92.611828,2025-06-01,43.5,265.7,0.429,803.0,17.98,,81,0.043
MIZ/LUNG/84A12/2025/180,gsi_dated_positive,1,Mizoram,23.198272,92.589291,2025-06-01,55.6,305.0,0.428,705.0,4.6,,85,0.109
MIZ/LUNG/84A12/2025/181,gsi_dated_positive,1,Mizoram,23.198961,92.590043,2025-06-01,55.6,305.0,0.428,681.0,18.98,,86,0.109
MIZ/LUNG/84A12/2025/182,gsi_dated_positive,1,Mizoram,23.199095,92.586671,2025-06-01,55.6,305.0,0.428,719.0,5.86,,85,0.088
MIZ/LUNG/84A12/2025/183,gsi_dated_positive,1,Mizoram,23.199415,92.585883,2025-06-01,55.6,305.0,0.428,709.0,17.65,,87,0.088
MIZ/LUNG/84A12/2025/184,gsi_dated_positive,1,Mizoram,23.200105,92.584517,2025-06-01,55.6,305.0,0.428,702.0,18.86,,87,0.159
MIZ/LUNG/84A12/2025/185,gsi_dated_positive,1,Mizoram,23.200655,92.5813,2025-06-01,55.6,305.0,0.428,733.0,28.93,,80,0.07
MIZ/LUNG/84A12/2025/186,gsi_dated_positive,1,Mizoram,23.201843,92.579666,2025-06-01,55.6,305.0,0.428,735.0,31.18,,78,0.079
MIZ/LUNG/84A12/2025/187,gsi_dated_positive,1,Mizoram,23.202247,92.57903,2025-06-01,55.6,305.0,0.428,742.0,32.08,,78,0.079
MIZ/LUNG/84A12/2025/188,gsi_dated_positive,1,Mizoram,23.203107,92.577972,2025-06-01,57.9,317.6,0.428,752.0,19.16,,77,0.144
MIZ/LUNG/84A12/2025/189,gsi_dated_positive,1,Mizoram,23.203903,92.576807,2025-06-01,57.9,317.6,0.428,757.0,23.44,,77,0.077
MIZ/LUNG/84A12/2025/190,gsi_dated_positive,1,Mizoram,23.204282,92.576174,2025-06-01,57.9,317.6,0.428,758.0,27.69,,77,0.045
MIZ/LUNG/84A12/2025/191,gsi_dated_positive,1,Mizoram,23.204481,92.575792,2025-06-01,57.9,317.6,0.428,764.0,30.29,,77,0.045
MIZ/LUNG/84A12/2025/192,gsi_dated_positive,1,Mizoram,23.205193,92.574684,2025-06-01,57.9,317.6,0.428,787.0,44.89,,77,0.026
MIZ/LUNG/84A12/2025/193,gsi_dated_positive,1,Mizoram,23.214589,92.572672,2025-06-01,57.9,317.6,0.428,827.0,17.04,,75,1.065
MIZ/LUNG/84A12/2025/194,gsi_dated_positive,1,Mizoram,23.212919,92.558022,2025-06-01,57.9,317.6,0.428,862.0,15.03,,73,0.922
MIZ/LUNG/84A12/2025/195,gsi_dated_positive,1,Mizoram,23.207082,92.509726,2025-06-01,57.9,317.6,0.428,736.0,12.83,,56,0.179
MIZ/LUNG/84A12/2025/196,gsi_dated_positive,1,Mizoram,23.195616,92.546251,2025-06-01,57.9,317.6,0.428,571.0,16.34,,66,0.398
MIZ/LUNG/84A12/2025/197,gsi_dated_positive,1,Mizoram,23.19796,92.543304,2025-06-01,57.9,317.6,0.428,596.0,33.31,,65,0.398
MIZ/LUNG/84A12/2025/198,gsi_dated_positive,1,Mizoram,23.190022,92.554302,2025-06-01,57.9,317.6,0.428,632.0,17.98,,70,0.23
MIZ/LUNG/84A12/2025/199,gsi_dated_positive,1,Mizoram,23.21035,92.539589,2025-06-01,57.9,317.6,0.428,696.0,31.18,,64,0.178
MIZ/LUNG/84A12/2025/200,gsi_dated_positive,1,Mizoram,23.208921,92.541174,2025-06-01,57.9,317.6,0.428,666.0,22.32,,64,0.059
MIZ/LUNG/84A12/2025/201,gsi_dated_positive,1,Mizoram,23.208823,92.53749,2025-06-01,57.9,317.6,0.428,730.0,22.18,,64,0.089
MIZ/LUNG/84A12/2025/203,gsi_dated_positive,1,Mizoram,23.20549,92.543278,2025-06-01,57.9,317.6,0.428,657.0,19.63,,65,0.438
MIZ/LUNG/84A12/2025/204,gsi_dated_positive,1,Mizoram,23.219631,92.563324,2025-06-01,57.9,317.6,0.428,919.0,24.66,,75,0.922
MIZ/LUNG/84A12/2025/205,gsi_dated_positive,1,Mizoram,23.204981,92.534603,2025-06-01,57.9,317.6,0.428,776.0,6.69,,62,0.085
MIZ/LUNG/84A12/2025/206,gsi_dated_positive,1,Mizoram,23.206253,92.533605,2025-06-01,57.9,317.6,0.428,790.0,15.89,,62,0.173
MIZ/LUNG/84A12/2025/207,gsi_dated_positive,1,Mizoram,23.209857,92.500587,2025-06-01,57.9,317.6,0.428,617.0,23.84,,56,0.772
MIZ/LUNG/84A12/2025/214,gsi_dated_positive,1,Mizoram,23.204706,92.533825,2025-06-01,57.9,317.6,0.428,774.0,14.29,,62,0.085
MIZ/LUNG/84B13/2025/072,gsi_dated_positive,1,Mizoram,22.866131,92.772713,2025-06-01,43.9,141.6,0.429,1099.0,23.39,,108,0.101
MIZ/LUNG/84B13/2025/073,gsi_dated_positive,1,Mizoram,22.903567,92.758702,2025-06-01,43.9,141.6,0.429,1205.0,37.31,,110,0.136
MIZ/LUNG/84B13/2025/074,gsi_dated_positive,1,Mizoram,22.903454,92.760096,2025-06-01,43.9,141.6,0.429,1164.0,27.85,,110,0.143
MIZ/LUNG/84B13/2025/075,gsi_dated_positive,1,Mizoram,22.904615,92.75705,2025-06-01,43.9,141.6,0.429,1158.0,25.46,,110,0.097
MIZ/LUNG/84B13/2025/076,gsi_dated_positive,1,Mizoram,22.922528,92.752404,2025-06-01,39.3,139.0,0.428,1119.0,28.89,,95,0.545
MIZ/LUNG/84B13/2025/078,gsi_dated_positive,1,Mizoram,22.88042,92.821692,2025-06-01,43.9,141.6,0.429,861.0,31.46,,114,0.944
MIZ/SER/84A11/2025/154,gsi_dated_positive,1,Mizoram,23.293863,92.741368,2025-06-01,47.8,266.1,0.428,765.0,25.8,,106,0.254
MIZ/SER/84A11/2025/155,gsi_dated_positive,1,Mizoram,23.295774,92.740012,2025-06-01,47.8,266.1,0.428,744.0,23.9,,104,0.186
MIZ/SER/84A11/2025/156,gsi_dated_positive,1,Mizoram,23.30265,92.742945,2025-06-01,47.8,266.1,0.428,694.0,27.64,,100,0.319
MIZ/SER/84A11/2025/160,gsi_dated_positive,1,Mizoram,23.300291,92.69577,2025-06-01,52.4,288.6,0.429,362.0,29.33,,76,0.104
MIZ/SER/84A11/2025/161,gsi_dated_positive,1,Mizoram,23.299806,92.694901,2025-06-01,52.4,288.6,0.429,349.0,28.72,,76,0.104
MIZ/SER/84A11/2025/162,gsi_dated_positive,1,Mizoram,23.299312,92.692614,2025-06-01,52.4,288.6,0.429,411.0,22.95,,66,0.24
MIZ/SER/84A12/2025/028,gsi_dated_positive,1,Mizoram,23.239137,92.744468,2025-06-01,55.2,258.7,0.428,765.0,14.29,,140,0.046
MIZ/SER/84A15/2025/124,gsi_dated_positive,1,Mizoram,23.307093,92.856289,2025-06-01,44.5,230.7,0.429,974.0,20.38,,143,0.15
MIZ/SER/84A15/2025/125,gsi_dated_positive,1,Mizoram,23.307524,92.857678,2025-06-01,44.5,230.7,0.429,961.0,30.43,,143,0.15
MIZ/SER/84A15/2025/126,gsi_dated_positive,1,Mizoram,23.305939,92.857538,2025-06-01,44.5,230.7,0.429,919.0,30.92,,143,0.177
MIZ/SER/84A15/2025/127,gsi_dated_positive,1,Mizoram,23.303906,92.853173,2025-06-01,44.5,230.7,0.429,1033.0,42.16,,144,0.165
MIZ/SER/84A15/2025/134,gsi_dated_positive,1,Mizoram,23.346456,92.851511,2025-06-01,48.6,255.9,0.429,917.0,25.97,,155,0.341
MIZ/SER/84A15/2025/135,gsi_dated_positive,1,Mizoram,23.3466,92.854847,2025-06-01,48.6,255.9,0.429,894.0,12.25,,152,0.341
MIZ/SER/84A15/2025/145,gsi_dated_positive,1,Mizoram,23.271227,92.874544,2025-06-01,40.9,171.3,0.429,958.0,33.63,,136,0.149
MIZ/SER/84A15/2025/146,gsi_dated_positive,1,Mizoram,23.270548,92.877577,2025-06-01,40.9,171.3,0.429,1096.0,23.5,,135,0.319
MIZ/SER/84A15/2025/147,gsi_dated_positive,1,Mizoram,23.67701,92.87895,2025-06-01,27.8,159.1,0.422,407.0,18.92,,119,1.166
MIZ/SER/84A15/2025/151,gsi_dated_positive,1,Mizoram,23.281443,92.840145,2025-06-01,44.5,230.7,0.429,653.0,43.34,,139,0.356
MIZ/SER/84A15/2025/152,gsi_dated_positive,1,Mizoram,23.280947,92.8367,2025-06-01,44.5,230.7,0.429,637.0,36.47,,142,0.356
MIZ/SER/84A16/2025/088,gsi_dated_positive,1,Mizoram,23.180345,92.900082,2025-06-01,32.9,124.6,0.428,784.0,25.82,,45,0.804
MIZ/SER/84A16/2025/089,gsi_dated_positive,1,Mizoram,23.187383,92.89826,2025-06-01,32.9,124.6,0.428,891.0,20.9,,48,0.048
MIZ/SER/84A16/2025/090,gsi_dated_positive,1,Mizoram,23.187762,92.898034,2025-06-01,32.9,124.6,0.428,866.0,33.43,,49,0.048
MIZ/SER/84A16/2025/216,gsi_dated_positive,1,Mizoram,23.234898,92.911307,2025-06-01,33.5,147.6,0.428,672.0,12.23,,105,0.275
MIZ/SER/84A16/2025/217,gsi_dated_positive,1,Mizoram,23.225619,92.924909,2025-06-01,33.5,147.6,0.428,443.0,29.78,,78,0.284
MIZ/SER/84A16/2025/218,gsi_dated_positive,1,Mizoram,23.223807,92.944448,2025-06-01,33.5,147.6,0.428,482.0,18.93,,58,0.143
MIZ/SER/84A16/2025/219,gsi_dated_positive,1,Mizoram,23.21795,92.998007,2025-06-01,29.3,105.3,0.428,1103.0,27.17,,36,0.071
MIZ/SER/84A16/2025/220,gsi_dated_positive,1,Mizoram,23.217324,92.99812,2025-06-01,29.3,105.3,0.428,1083.0,22.18,,36,0.071
MIZ/SER/84E04/2025/221,gsi_dated_positive,1,Mizoram,23.19917,93.000199,2025-06-01,29.7,110.1,0.427,765.0,38.45,,33,0.705
MIZ/SIA/84F03/2025/061,gsi_dated_positive,1,Mizoram,22.469737,93.100868,2025-06-01,33.7,87.7,0.428,1118.0,11.65,,11,2.462
MIZ/LUN/84A12/2025/030,gsi_dated_positive,1,Mizoram,23.230114,92.740067,2025-06-02,28.7,121.5,0.425,777.0,15.66,,144,0.058
MIZ/LUN/84A12/2025/032,gsi_dated_positive,1,Mizoram,23.226843,92.740266,2025-06-02,28.7,121.5,0.425,756.0,15.11,,150,0.166
MIZ/LUN/84A12/2025/044,gsi_dated_positive,1,Mizoram,23.201335,92.734857,2025-06-02,28.7,121.5,0.425,771.0,26.09,,166,0.026
MIZ/LUN/84A12/2025/045,gsi_dated_positive,1,Mizoram,23.201614,92.734453,2025-06-02,28.7,121.5,0.425,762.0,31.18,,165,0.021
MIZ/LUN/84A12/2025/046,gsi_dated_positive,1,Mizoram,23.201759,92.734328,2025-06-02,28.7,121.5,0.425,763.0,20.31,,164,0.021
MIZ/LUN/84A12/2025/048,gsi_dated_positive,1,Mizoram,23.199924,92.73481,2025-06-02,28.7,121.5,0.425,748.0,27.17,,168,0.023
MIZ/LUN/84A12/2025/055,gsi_dated_positive,1,Mizoram,23.193237,92.734819,2025-06-02,23.9,105.3,0.425,787.0,28.44,,172,0.026
MIZ/LUN/84A12/2025/057,gsi_dated_positive,1,Mizoram,23.191747,92.73459,2025-06-02,23.9,105.3,0.425,789.0,21.58,,174,0.019
MIZ/LUN/84A12/2025/064,gsi_dated_positive,1,Mizoram,23.188245,92.734327,2025-06-02,23.9,105.3,0.425,819.0,27.17,,176,0.089
MIZ/LUN/84A12/2025/066,gsi_dated_positive,1,Mizoram,23.18675,92.735178,2025-06-02,,,,854.0,24.86,,180,0.054
MIZ/LUN/84A12/2025/093,gsi_dated_positive,1,Mizoram,23.164812,92.743396,2025-06-02,23.9,105.3,0.425,799.0,25.98,,193,0.072
MIZ/LUN/84A12/2025/152,gsi_dated_positive,1,Mizoram,23.113126,92.74564,2025-06-02,23.2,95.2,0.425,830.0,23.52,,203,0.072
MIZ/LUNG/84B09/2025/077,gsi_dated_positive,1,Mizoram,22.895235,92.747812,2025-06-02,27.0,109.0,0.425,1014.0,25.1,,107,1.368
MIZ/LUN/84A12/2025/037,gsi_dated_positive,1,Mizoram,23.204595,92.73861,2025-06-03,11.1,95.0,0.418,799.0,35.97,,160,0.151
AS/KAM(M)/78N12/2025/01,gsi_dated_positive,1,Assam,26.166185,91.7147,2025-06-04,13.3,15.7,0.494,113.0,19.63,,74,0.046
7196,gsi_dated_positive,1,Assam,25.69814,93.129423,2025-06-05,8.6,16.3,0.478,305.0,15.4,,8,2.976
7197,gsi_dated_positive,1,Assam,25.648512,93.121528,2025-06-05,3.7,18.4,0.461,348.0,19.27,,9,0.087
7195,gsi_dated_positive,1,Assam,26.11956,92.052125,2025-06-05,12.1,18.2,0.487,74.0,11.98,,11,2.31
6831,gsi_dated_positive,1,Manipur,24.863924,93.617853,2025-06-05,1.7,9.0,0.376,382.0,36.69,,61,0.186
AS/KAM(M)/78N16/2025/05,gsi_dated_positive,1,Assam,26.158193,91.755807,2025-06-06,2.5,63.3,0.431,59.0,10.98,,83,1.246
MIZ/LUN/84A12/2025/033,gsi_dated_positive,1,Mizoram,23.225357,92.74039,2025-06-06,1.8,5.0,0.376,756.0,12.54,,152,0.166
MIZ/LUN/84A12/2025/056,gsi_dated_positive,1,Mizoram,23.191775,92.734778,2025-06-06,0.7,5.5,0.386,785.0,23.12,,174,0.019
MIZ/LUN/84A16/2025/115,gsi_dated_positive,1,Mizoram,23.144687,92.750609,2025-06-06,0.7,5.5,0.386,860.0,10.32,,195,0.15
MIZ/LUN/84A16/2025/162,gsi_dated_positive,1,Mizoram,23.099615,92.752199,2025-06-06,1.6,5.4,0.39,778.0,13.66,,188,0.148
MIZ/SER/84A15/2025/118,gsi_dated_positive,1,Mizoram,23.304746,92.862109,2025-06-08,7.1,13.4,0.385,999.0,34.82,,143,0.448
3365,gsi_dated_positive,1,Uttarakhand,30.071759,79.502574,2025-06-10,0.5,1.0,0.342,1204.0,25.33,,125,0.014
7248,gsi_dated_positive,1,Meghalaya,25.69007,91.67085,2025-06-11,,,,888.0,6.31,,41,0.397
7249,gsi_dated_positive,1,Meghalaya,25.733262,91.675754,2025-06-11,3.7,8.5,0.379,742.0,16.13,,39,3.616
ME/EWK/2026/54,gsi_dated_positive,1,Meghalaya,25.68822222,91.66746111,2025-06-11,6.4,12.3,0.44,936.0,24.96,,41,0.095
3363,gsi_dated_positive,1,Karnataka,14.80989612,74.14158063,2025-06-12,81.1,114.1,0.506,42.0,12.31,,33,0.04
MIZ/KHAW/84E03/2025/232,gsi_dated_positive,1,Mizoram,23.486306,93.220639,2025-06-12,0.6,8.3,0.353,819.0,25.92,,85,0.77
MIZ/AIZ/83D15/2025/241,gsi_dated_positive,1,Mizoram,24.285871,92.94599,2025-06-14,4.1,10.3,0.337,901.0,27.36,,36,0.238
MIZ/AIZ/83D15/2025/242,gsi_dated_positive,1,Mizoram,24.288014,92.946017,2025-06-14,4.1,10.3,0.337,914.0,30.15,,37,0.238
MIZ/KHAW/84E02/2025/233,gsi_dated_positive,1,Mizoram,23.544052,93.155591,2025-06-14,7.0,9.7,0.348,1006.0,29.38,,66,0.143
MIZ/KHAW/84E02/2025/234,gsi_dated_positive,1,Mizoram,23.545766,93.147931,2025-06-14,7.0,9.7,0.348,949.0,31.94,,66,0.037
MIZ/KHAW/84E02/2025/235,gsi_dated_positive,1,Mizoram,23.5266,93.192968,2025-06-14,4.5,6.4,0.321,1192.0,30.35,,69,2.64
3367,gsi_dated_positive,1,Karnataka,14.9025033,74.56196438,2025-06-15,41.2,72.4,0.512,521.0,23.46,,6,0.103
MIZ/AIZ/84A14/2025/238,gsi_dated_positive,1,Mizoram,23.700835,92.877449,2025-06-15,14.4,32.2,0.369,527.0,23.81,,133,0.093
MIZ/AIZ/84A14/2025/245,gsi_dated_positive,1,Mizoram,23.747519,92.853155,2025-06-15,14.4,32.2,0.369,808.0,31.7,,162,0.446
MIZ/LUN/84A12/2025/052,gsi_dated_positive,1,Mizoram,23.197825,92.73502,2025-06-15,8.7,25.4,0.414,743.0,13.76,,168,0.097
MIZ/LUN/84A16/2025/181,gsi_dated_positive,1,Mizoram,23.063838,92.769004,2025-06-15,8.2,36.2,0.415,892.0,32.96,,154,0.18
MIZ/SAI/84A14/2025/236,gsi_dated_positive,1,Mizoram,23.667553,92.89259,2025-06-15,10.9,30.1,0.359,372.0,22.18,,99,0.194
KA/CKM/48O12/2025/12,gsi_dated_positive,1,Karnataka,13.04149583,75.56029417,2025-06-16,89.8,286.9,0.512,978.0,3.44,,5,0.267
3385,gsi_dated_positive,1,Uttarakhand,30.9913537,78.4567104,2025-06-23,22.3,70.9,0.421,2977.0,46.46,,85,0.122
KA/HSN/48P13/2025/01,gsi_dated_positive,1,Karnataka,12.92106944,75.75716944,2025-06-24,22.9,47.2,0.512,989.0,6.5,,12,0.574
KA/KOD/48P14/2025/12,gsi_dated_positive,1,Karnataka,12.673322,75.792564,2025-06-25,22.7,70.8,0.511,1002.0,27.25,,7,1.076
KA/KOD/48P11/2025/08,gsi_dated_positive,1,Karnataka,12.305793,75.689515,2025-06-25,14.4,35.8,0.511,918.0,12.45,,1,8.475
ME/EWK/2026/43,gsi_dated_positive,1,Meghalaya,25.69688611,91.64176667,2025-06-25,28.0,111.8,0.504,1285.0,12.19,,42,0.197
ME/EWK/2026/51,gsi_dated_positive,1,Meghalaya,25.688833,91.653639,2025-06-25,28.0,111.8,0.504,1046.0,26.42,,42,0.243
KA/KOD/48P14/2025/13,gsi_dated_positive,1,Karnataka,12.673218,75.754767,2025-06-27,16.2,105.6,0.509,1082.0,20.48,,6,3.188
ME/EWK/2026/29,gsi_dated_positive,1,Meghalaya,25.49551944,91.49585278,2025-07-02,5.6,15.2,0.486,1584.0,18.28,,6,3.762
KA/UK/48J01/2025/24,gsi_dated_positive,1,Karnataka,14.879833,74.412722,2025-07-03,48.6,132.2,0.509,107.0,21.19,,5,5.508
7194,gsi_dated_positive,1,Assam,26.24698,91.964383,2025-07-05,28.4,99.8,0.506,62.0,16.39,,4,1.283
3382,gsi_dated_positive,1,Nagaland,26.4242282,94.3924136,2025-07-05,5.8,38.1,0.494,844.0,44.21,,33,0.552
KER/KOZ/49M14/2025/4,gsi_dated_positive,1,Kerala,11.72566667,75.81052778,2025-07-06,27.3,64.2,0.508,545.0,37.1,,61,0.049
HP/Kangra/53A/05/2025/05,gsi_dated_positive,1,Himachal Pradesh,31.92544444,76.44583611,2025-07-07,0.0,15.1,0.362,689.0,25.15,,24,0.418
3375,gsi_dated_positive,1,Nagaland,25.623067,94.114196,2025-07-07,13.9,48.0,0.5,1593.0,27.75,,235,0.12
3380,gsi_dated_positive,1,Nagaland,26.4231373,94.3822611,2025-07-07,20.8,56.7,0.494,518.0,32.76,,33,0.0
3381,gsi_dated_positive,1,Nagaland,26.4219453,94.3854377,2025-07-07,25.9,58.7,0.497,794.0,48.73,,33,0.025
3383,gsi_dated_positive,1,Nagaland,26.42608,94.398916,2025-07-07,25.9,58.7,0.497,870.0,50.37,,34,0.679
NL/MOK/83J07/2025/02,gsi_dated_positive,1,Nagaland,26.423137,94.382261,2025-07-07,20.8,56.7,0.494,518.0,32.76,,33,0.0
NL/MOK/83J07/2025/03,gsi_dated_positive,1,Nagaland,26.42186,94.3852,2025-07-07,25.9,58.7,0.497,757.0,42.53,,33,0.025
NL/MOK/83J07/2025/04,gsi_dated_positive,1,Nagaland,26.425346,94.387013,2025-07-07,25.9,58.7,0.497,779.0,19.38,,33,0.409
NL/MOK/83J07/2025/08,gsi_dated_positive,1,Nagaland,26.379798,94.450751,2025-07-07,25.9,58.7,0.497,900.0,20.79,,31,0.454
3379,gsi_dated_positive,1,Nagaland,26.4527822,94.375268,2025-07-08,4.9,56.7,0.486,259.0,13.55,,28,0.001
NL/MOK/83J07/2025/01,gsi_dated_positive,1,Nagaland,26.45278,94.37526,2025-07-08,4.9,56.7,0.486,259.0,13.55,,28,0.001
KA/UK/48J12/2025/18,gsi_dated_positive,1,Karnataka,14.241374,74.578467,2025-07-12,74.0,129.0,0.51,24.0,14.29,,34,0.476
KA/UK/48J06/2025/20,gsi_dated_positive,1,Karnataka,14.549817,74.348917,2025-07-12,55.3,103.6,0.512,17.0,12.2,,43,1.014
KA/CKM/48K14/2025/06,gsi_dated_positive,1,Karnataka,13.37401333,75.21429306,2025-07-14,26.6,55.6,0.512,668.0,28.31,,18,0.062
UK/TG/53J8/2025/1A,gsi_dated_positive,1,Uttarakhand,30.12292,78.381461,2025-07-14,0.9,4.1,0.379,465.0,33.81,,13,0.152
7341,gsi_dated_positive,1,Maharashtra,18.482179,73.068593,2025-07-15,50.4,95.9,0.51,19.0,10.05,,8,1.2
KER/KOZ/49M14/2025/02,gsi_dated_positive,1,Kerala,11.520975,75.89981389,2025-07-16,56.8,85.4,0.507,316.0,36.52,,70,0.297
KER/KOZ/49M14/2025/3,gsi_dated_positive,1,Kerala,11.72522222,75.81052778,2025-07-16,124.9,161.4,0.513,528.0,28.74,,62,0.049
7213,gsi_dated_positive,1,Jammu & Kashmir,33.184717,75.31306,2025-07-17,1.7,17.3,0.431,864.0,47.88,,56,0.357
7214,gsi_dated_positive,1,Jammu & Kashmir,33.184433,75.316882,2025-07-17,1.7,17.3,0.431,934.0,35.74,,55,0.357
7314,gsi_dated_positive,1,Maharashtra,18.60092,73.41089,2025-07-17,5.1,59.1,0.5,733.0,9.15,,9,3.414
JK/POO/43K6/2025/026,gsi_dated_positive,1,Jammu & Kashmir,33.63193,74.250613,2025-07-18,3.5,30.3,0.491,1596.0,15.13,,11,2.118
JK/POO/43K6/2025/031,gsi_dated_positive,1,Jammu & Kashmir,33.629118,74.273238,2025-07-18,3.5,30.3,0.491,1395.0,17.53,,13,1.032
JK/UDH/43P1/2025/16,gsi_dated_positive,1,Jammu & Kashmir,32.83436944,75.14602222,2025-07-18,0.0,22.9,0.433,517.0,27.4,,20,3.377
SI/GTK/78A11/2025/02,gsi_dated_positive,1,Sikkim,27.372611,88.541022,2025-07-19,3.1,6.3,0.371,1861.0,39.81,,98,0.255
JK/POO/43K2/2025/035,gsi_dated_positive,1,Jammu & Kashmir,33.737804,74.179732,2025-07-20,6.1,7.9,0.471,1124.0,34.13,,14,1.5
JK/POO/43K2/2025/036,gsi_dated_positive,1,Jammu & Kashmir,33.733629,74.205005,2025-07-20,6.1,7.9,0.471,1204.0,32.19,,15,2.383
JK/POO/43K2/2025/037,gsi_dated_positive,1,Jammu & Kashmir,33.699214,74.233149,2025-07-20,8.4,9.5,0.471,1246.0,36.28,,16,1.736
JK/POO/43K6/2025/027,gsi_dated_positive,1,Jammu & Kashmir,33.621861,74.280183,2025-07-20,7.8,11.9,0.474,1434.0,29.53,,12,1.032
JK/POO/43K6/2025/028,gsi_dated_positive,1,Jammu & Kashmir,33.642519,74.435408,2025-07-20,12.1,30.9,0.499,2156.0,44.13,,19,0.539
JK/POO/43K6/2025/030,gsi_dated_positive,1,Jammu & Kashmir,33.615387,74.343672,2025-07-20,7.8,11.9,0.474,1554.0,25.67,,12,1.682
JK/RAJ/43K7/2025/040,gsi_dated_positive,1,Jammu & Kashmir,33.37646,74.394878,2025-07-20,14.8,15.1,0.465,1196.0,35.78,,9,0.126
JK/RAJ/43K7/2025/041,gsi_dated_positive,1,Jammu & Kashmir,33.37578,74.414689,2025-07-20,40.7,40.9,0.489,1402.0,28.21,,9,0.762
JK/RAJ/43K8/2025/043,gsi_dated_positive,1,Jammu & Kashmir,33.239271,74.374255,2025-07-20,11.0,11.1,0.442,894.0,20.84,,4,0.33
JK/RAJ/43K8/2025/044,gsi_dated_positive,1,Jammu & Kashmir,33.24148,74.376621,2025-07-20,11.0,11.1,0.442,908.0,25.19,,4,0.33
7301,gsi_dated_positive,1,Maharashtra,18.36807,73.77814,2025-07-20,6.7,8.4,0.352,999.0,17.45,,27,0.291
7302,gsi_dated_positive,1,Maharashtra,18.38201,73.7594,2025-07-20,5.3,6.5,0.36,963.0,20.2,,32,1.337
7303,gsi_dated_positive,1,Maharashtra,18.38249,73.77577,2025-07-20,6.7,8.4,0.352,926.0,29.02,,31,0.283
JK/JMU/43P1/2025/18,gsi_dated_positive,1,Jammu & Kashmir,32.87978611,74.95545556,2025-07-21,42.0,54.4,0.321,637.0,17.06,,5,1.236
JK/JMU/43P1/2025/19,gsi_dated_positive,1,Jammu & Kashmir,32.84867222,74.94725278,2025-07-21,42.0,54.4,0.321,560.0,26.67,,5,1.198
JK/POO/43K2/2025/032,gsi_dated_positive,1,Jammu & Kashmir,33.73293,74.12295,2025-07-21,32.1,42.2,0.488,1536.0,10.69,,8,3.644
JK/REA/43L13/2025/017,gsi_dated_positive,1,Jammu & Kashmir,32.99842778,74.94203611,2025-07-21,108.1,118.8,0.503,877.0,29.84,,19,1.055
HP/Mandi/53E02/2025/08,gsi_dated_positive,1,Himachal Pradesh,31.60555556,77.20027778,2025-07-22,9.9,57.2,0.499,1976.0,16.16,,62,1.872
JK/POO/43K1/2025/034,gsi_dated_positive,1,Jammu & Kashmir,33.780956,74.202292,2025-07-25,5.6,9.5,0.481,1571.0,14.24,,9,2.644
7291,gsi_dated_positive,1,Maharashtra,18.39178,73.67608,2025-07-25,11.4,24.2,0.425,597.0,21.54,,55,0.671
7292,gsi_dated_positive,1,Maharashtra,18.38673,73.66317,2025-07-25,24.6,53.3,0.435,609.0,25.15,,56,0.494
KER/KOZ/49M15/2025/01,gsi_dated_positive,1,Kerala,11.47475,75.92625,2025-07-26,57.6,109.7,0.51,278.0,47.45,,74,0.474
7289,gsi_dated_positive,1,Maharashtra,18.40566,73.51608,2025-07-26,72.5,167.5,0.437,879.0,15.42,,57,0.479
7290,gsi_dated_positive,1,Maharashtra,18.40485,73.51162,2025-07-26,72.5,167.5,0.437,854.0,23.56,,56,0.479
7293,gsi_dated_positive,1,Maharashtra,18.38386,73.63431,2025-07-26,28.9,68.8,0.435,586.0,19.45,,62,0.82
JK/POO/43K1/2025/033,gsi_dated_positive,1,Jammu & Kashmir,33.803642,74.193719,2025-07-27,0.0,2.6,0.436,2081.0,24.11,,7,2.644
7331,gsi_dated_positive,1,Maharashtra,19.778579,73.784894,2025-07-27,17.6,37.4,0.514,616.0,4.77,,0,25.102
7332,gsi_dated_positive,1,Maharashtra,19.338169,73.784959,2025-07-27,86.2,204.6,0.436,623.0,17.22,,28,0.005
7333,gsi_dated_positive,1,Maharashtra,19.335403,73.783893,2025-07-27,86.2,204.6,0.436,644.0,6.71,,23,0.119
5747,gsi_dated_positive,1,Maharashtra,19.338163,73.785007,2025-07-27,86.2,204.6,0.436,623.0,17.22,,28,0.005
5749,gsi_dated_positive,1,Maharashtra,19.339084,73.784911,2025-07-27,86.2,204.6,0.436,610.0,30.07,,30,0.054
5750,gsi_dated_positive,1,Maharashtra,19.338596,73.78494,2025-07-27,86.2,204.6,0.436,618.0,21.12,,30,0.048
KA/CKM/48O07/2025/02,gsi_dated_positive,1,Karnataka,13.48781972,75.31866528,2025-07-28,11.5,63.4,0.508,633.0,18.63,,34,2.431
NL/MOK/83J07/2025/05,gsi_dated_positive,1,Nagaland,26.383648,94.440751,2025-07-29,9.3,79.5,0.494,994.0,12.01,,30,0.275
JK/POO/43K6/2025/038,gsi_dated_positive,1,Jammu & Kashmir,33.653046,74.25295,2025-07-30,,,,1390.0,35.9,,12,2.358
JK/REA/43K12/2025/047,gsi_dated_positive,1,Jammu & Kashmir,33.075314,74.728768,2025-07-30,19.1,66.7,0.329,606.0,34.51,,26,0.203
JK/RAJ/43K12/2025/046,gsi_dated_positive,1,Jammu & Kashmir,33.13701,74.608723,2025-07-30,40.2,63.3,0.505,861.0,26.29,,6,4.215
JK/RAJ/43K7/2025/039,gsi_dated_positive,1,Jammu & Kashmir,33.376256,74.39121,2025-07-30,48.4,63.5,0.501,1155.0,22.4,,9,0.341
JK/RAJ/43K7/2025/042,gsi_dated_positive,1,Jammu & Kashmir,33.387824,74.44095,2025-07-30,59.5,67.2,0.417,1623.0,45.09,,8,1.819
JK/REA/43K12/2025/048,gsi_dated_positive,1,Jammu & Kashmir,33.070198,74.744972,2025-07-30,19.1,66.7,0.329,494.0,7.55,,34,0.464
NL/MOK/83J07/2025/07,gsi_dated_positive,1,Nagaland,26.387181,94.444132,2025-08-01,1.0,15.5,0.414,942.0,29.06,,31,0.324
HP/BIL/53A15/2025/07,gsi_dated_positive,1,Himachal Pradesh,31.3593204,76.806473,2025-08-05,13.1,42.4,0.419,688.0,40.13,,112,0.175
HP/BIL/53A15/2025/08,gsi_dated_positive,1,Himachal Pradesh,31.254981,76.774276,2025-08-05,13.8,39.4,0.418,847.0,20.98,,142,0.344
HP/LAH/52L08/2025/10,gsi_dated_positive,1,Himachal Pradesh,32.06916667,78.33222222,2025-08-05,0.5,0.8,0.114,3341.0,15.89,,5,9.721
HP/Mandi/53A14/2025/03,gsi_dated_positive,1,Himachal Pradesh,31.725,76.7725,2025-08-05,37.8,46.6,0.421,914.0,28.25,,86,2.404
HP/BIL/53A15/2025/04,gsi_dated_positive,1,Himachal Pradesh,31.366877,76.7870719,2025-08-07,1.0,40.9,0.389,709.0,10.13,,109,1.289
HP/Solan/53A/16/2025/01,gsi_dated_positive,1,Himachal Pradesh,31.16436666,76.7617555,2025-08-07,0.8,47.4,0.394,1238.0,36.74,,152,0.625
KA/KOD/48P11/2025/06,gsi_dated_positive,1,Karnataka,12.438585,75.653973,2025-08-12,11.3,20.8,0.503,615.0,39.42,,95,0.526
UK/PAU/53J08/2025/01,gsi_dated_positive,1,Uttarakhand,30.11963889,78.36477778,2025-08-12,3.6,29.8,0.412,380.0,39.26,,12,0.594
HP/LAH/52D09/2025/08,gsi_dated_positive,1,Himachal Pradesh,32.82666667,76.74638889,2025-08-13,2.9,8.5,0.55,3094.0,10.58,,1,7.42
JK/RAJ/43K07/2025/061,gsi_dated_positive,1,Jammu & Kashmir,33.396917,74.4873735,2025-08-13,12.3,55.9,0.425,1864.0,5.66,,8,4.427
JK/RAJ/43K07/2025/065,gsi_dated_positive,1,Jammu & Kashmir,33.37626944,74.39621944,2025-08-14,40.2,83.4,0.506,1186.0,30.23,,9,0.126
JK/KIS/52C07/2025/054,gsi_dated_positive,1,Jammu & Kashmir,33.37896389,76.27893056,2025-08-14,13.2,19.9,0.304,2402.0,14.18,,0,15.532
JK/RAJ/43K07/2025/064,gsi_dated_positive,1,Jammu & Kashmir,33.37226667,74.40379444,2025-08-14,40.2,83.4,0.506,1264.0,12.73,,9,0.384
JK/POO/43K02/2025/78,gsi_dated_positive,1,Jammu & Kashmir,33.63745556,74.19265556,2025-08-15,7.3,131.9,0.498,1535.0,16.16,,10,4.496
KA/CKM/48O07/2025/08,gsi_dated_positive,1,Karnataka,13.38036639,75.27595111,2025-08-16,32.6,80.3,0.513,659.0,11.08,,26,1.006
KA/CKM/48O07/2025/09,gsi_dated_positive,1,Karnataka,13.38881556,75.31348722,2025-08-16,32.6,80.3,0.513,791.0,18.79,,27,0.603
HP/SHIMLA/53E/04/2025/02,gsi_dated_positive,1,Himachal Pradesh,31.966644,77.116205,2025-08-17,13.1,25.7,0.499,1210.0,31.99,,74,0.002
3436,gsi_dated_positive,1,Jammu & Kashmir,32.442188,75.531513,2025-08-17,21.8,52.8,0.33,546.0,21.23,,8,0.001
JK/KAT/43P10/2025/066,gsi_dated_positive,1,Jammu & Kashmir,32.53151944,75.69415556,2025-08-17,12.5,42.0,0.308,595.0,22.49,,37,2.153
JK/KAT/43P11/2025/049,gsi_dated_positive,1,Jammu & Kashmir,32.44218,75.53151,2025-08-17,21.8,52.8,0.33,546.0,21.23,,8,0.001
JK/KAT/43P11/2025/050,gsi_dated_positive,1,Jammu & Kashmir,32.44311,75.532,2025-08-17,21.8,52.8,0.33,545.0,17.7,,8,0.112
JK/KAT/43P11/2025/051,gsi_dated_positive,1,Jammu & Kashmir,32.44476,75.533,2025-08-17,21.8,52.8,0.33,551.0,18.54,,8,0.206
JK/KAT/43P11/2025/052,gsi_dated_positive,1,Jammu & Kashmir,32.44726,75.5187,2025-08-17,21.8,52.8,0.33,480.0,20.47,,8,0.001
JK/KAT/43P11/2025/053,gsi_dated_positive,1,Jammu & Kashmir,32.44514,75.51906,2025-08-17,21.8,52.8,0.33,490.0,21.41,,8,0.001
KA/HSN/48P09/2025/04,gsi_dated_positive,1,Karnataka,12.83177222,75.71678889,2025-08-17,64.7,152.5,0.511,853.0,12.21,,21,1.912
HP/Kangra/52D/08/2025/08,gsi_dated_positive,1,Himachal Pradesh,32.22934444,76.32632222,2025-08-19,5.5,45.8,0.493,1605.0,28.96,,109,0.407
7275,gsi_dated_positive,1,Maharashtra,18.3355,73.67758,2025-08-19,74.3,148.4,0.437,855.0,26.88,,34,0.029
7280,gsi_dated_positive,1,Maharashtra,18.33571,73.67774,2025-08-19,74.3,148.4,0.437,861.0,26.14,,34,0.029
7282,gsi_dated_positive,1,Maharashtra,18.33617,73.67298,2025-08-19,74.3,148.4,0.437,963.0,14.58,,36,0.491
7287,gsi_dated_positive,1,Maharashtra,18.27354,73.602259,2025-08-19,140.9,278.9,0.438,816.0,9.51,,38,0.46
7318,gsi_dated_positive,1,Maharashtra,18.3961,73.85762,2025-08-19,37.5,66.0,0.434,887.0,21.3,,17,1.491
7319,gsi_dated_positive,1,Maharashtra,18.4095,73.85817,2025-08-19,37.5,66.0,0.434,837.0,30.19,,15,1.041
7334,gsi_dated_positive,1,Maharashtra,18.51905,72.961793,2025-08-19,,,,26.0,23.99,,2,3.236
7342,gsi_dated_positive,1,Maharashtra,18.51037,73.125529,2025-08-19,107.6,211.4,0.513,118.0,27.8,,9,0.103
3442,gsi_dated_positive,1,Meghalaya,25.566518,91.914509,2025-08-19,2.3,7.7,0.453,1540.0,5.82,,76,0.026
7263,gsi_dated_positive,1,Maharashtra,19.09576,73.74714,2025-08-20,50.9,158.1,0.436,735.0,30.2,,25,1.864
7274,gsi_dated_positive,1,Maharashtra,19.0797,73.72756,2025-08-20,50.9,158.1,0.436,858.0,24.42,,22,0.037
7281,gsi_dated_positive,1,Maharashtra,18.33455,73.67761,2025-08-20,76.3,202.3,0.436,865.0,39.23,,34,0.106
7283,gsi_dated_positive,1,Maharashtra,18.26614,73.59632,2025-08-20,115.8,350.2,0.437,925.0,19.05,,37,0.384
7284,gsi_dated_positive,1,Maharashtra,18.26855,73.59893,2025-08-20,115.8,350.2,0.437,930.0,22.28,,36,0.177
7285,gsi_dated_positive,1,Maharashtra,18.26927,73.60043,2025-08-20,115.8,350.2,0.437,924.0,21.53,,38,0.014
7286,gsi_dated_positive,1,Maharashtra,18.26931,73.60056,2025-08-20,115.8,350.2,0.437,927.0,11.24,,38,0.014
7310,gsi_dated_positive,1,Maharashtra,18.71584,73.4609,2025-08-20,89.7,335.9,0.438,769.0,27.43,,15,0.052
7311,gsi_dated_positive,1,Maharashtra,18.71578,73.46041,2025-08-20,89.7,335.9,0.438,759.0,27.66,,15,0.052
7312,gsi_dated_positive,1,Maharashtra,18.71404,73.45972,2025-08-20,89.7,335.9,0.438,736.0,12.56,,15,0.102
7313,gsi_dated_positive,1,Maharashtra,18.71317,73.46003,2025-08-20,89.7,335.9,0.438,717.0,16.57,,15,0.102
7315,gsi_dated_positive,1,Maharashtra,18.63083,73.41822,2025-08-20,83.3,309.5,0.436,810.0,16.56,,12,0.009
7320,gsi_dated_positive,1,Maharashtra,18.41885,73.85771,2025-08-20,21.5,81.6,0.411,753.0,12.81,,14,1.041
7307,gsi_dated_positive,1,Maharashtra,18.38809,73.38825,2025-08-20,103.5,354.2,0.509,256.0,28.12,,8,0.209
7308,gsi_dated_positive,1,Maharashtra,18.38631,73.38888,2025-08-20,103.5,354.2,0.509,256.0,36.26,,8,0.209
7309,gsi_dated_positive,1,Maharashtra,18.39955,73.3856,2025-08-20,103.5,354.2,0.509,423.0,17.1,,6,0.625
7255,gsi_dated_positive,1,Maharashtra,19.09314,73.79751,2025-08-21,5.7,109.7,0.416,699.0,2.24,,17,2.483
7288,gsi_dated_positive,1,Maharashtra,18.46299,73.63227,2025-08-21,16.8,125.3,0.43,743.0,15.71,,36,0.41
7295,gsi_dated_positive,1,Maharashtra,18.41068,73.50163,2025-08-21,44.5,348.7,0.511,733.0,28.88,,54,0.886
7304,gsi_dated_positive,1,Maharashtra,18.47662,73.45907,2025-08-21,44.3,334.5,0.435,615.0,20.68,,22,4.103
7316,gsi_dated_positive,1,Maharashtra,18.63087,73.41815,2025-08-21,,,,806.0,19.47,,12,0.009
7306,gsi_dated_positive,1,Maharashtra,18.39979,73.37968,2025-08-21,33.2,291.7,0.506,172.0,17.1,,6,0.625
HP/SOLAN/53A/12/2025/04,gsi_dated_positive,1,Himachal Pradesh,31.21918611,76.72500833,2025-08-22,1.4,25.1,0.37,1051.0,21.75,,161,0.21
UK/CHA/53N12/2025/06,gsi_dated_positive,1,Uttarakhand,30.07344444,79.50233333,2025-08-23,9.1,17.2,0.497,1252.0,42.97,,125,0.189
HP/UNA/53A6/2025/15,gsi_dated_positive,1,Himachal Pradesh,31.609099,76.294201,2025-08-25,25.6,53.5,0.431,721.0,20.37,,16,6.695
3490,gsi_dated_positive,1,Jammu & Kashmir,33.371921,74.407908,2025-08-26,74.2,102.2,0.505,1286.0,24.16,,9,0.384
JK/RAJ/43K07/2025/81,gsi_dated_positive,1,Jammu & Kashmir,33.04161389,74.59126944,2025-08-26,191.0,202.3,0.375,744.0,18.05,,8,0.107
JK/RAJ/43K12/2025/023,gsi_dated_positive,1,Jammu & Kashmir,33.047327,74.644605,2025-08-26,191.0,202.3,0.375,839.0,15.78,,16,2.59
JK/RAJ/43K8/2025/024,gsi_dated_positive,1,Jammu & Kashmir,33.159591,74.271341,2025-08-26,100.8,128.1,0.506,641.0,10.03,,3,0.105
JK/REA/43L13/2025/82,gsi_dated_positive,1,Jammu & Kashmir,32.98837778,74.92054722,2025-08-26,232.9,260.2,0.513,822.0,13.69,,18,0.032
JK/REA/43L13/2025/83,gsi_dated_positive,1,Jammu & Kashmir,32.98865,74.92065556,2025-08-26,232.9,260.2,0.513,822.0,8.87,,18,0.032
JK/REA/43L13/2025/84,gsi_dated_positive,1,Jammu & Kashmir,32.99444722,74.92806667,2025-08-26,232.9,260.2,0.513,827.0,22.72,,18,0.945
KER/KHZ/49M15/2025/01,gsi_dated_positive,1,Kerala,11.51339444,76.01924444,2025-08-26,9.0,9.4,0.414,790.0,25.98,,133,0.478
JK/POO/43K8/2025/025,gsi_dated_positive,1,Jammu & Kashmir,33.160347,74.272017,2025-08-27,21.5,124.3,0.504,637.0,12.7,,3,0.105
JK/SAM/43P02/2025/085,gsi_dated_positive,1,Jammu & Kashmir,32.67499167,75.16107778,2025-08-27,1.1,229.2,0.289,616.0,26.49,,39,0.076
JK/SAM/43P02/2025/086,gsi_dated_positive,1,Jammu & Kashmir,32.67428333,75.16099167,2025-08-27,1.1,229.2,0.289,624.0,15.99,,39,0.028
JK/SAM/43P02/2025/087,gsi_dated_positive,1,Jammu & Kashmir,32.67509167,75.15949167,2025-08-27,1.1,229.2,0.289,606.0,21.28,,39,0.149
JK/UDH/43O04/2025/20,gsi_dated_positive,1,Jammu & Kashmir,33.010825,75.22598056,2025-08-27,3.4,253.8,0.491,901.0,25.27,,56,0.229
JK/UDH/43O04/2025/21,gsi_dated_positive,1,Jammu & Kashmir,33.01029444,75.22261667,2025-08-27,3.4,253.8,0.491,899.0,25.13,,56,0.013
JK/UDH/43P1/2025/22,gsi_dated_positive,1,Jammu & Kashmir,32.97508056,75.17986944,2025-08-27,3.4,253.8,0.491,818.0,26.02,,55,0.298
7299,gsi_dated_positive,1,Maharashtra,18.38016,73.77685,2025-08-27,8.6,23.3,0.393,957.0,26.95,,31,0.283
7300,gsi_dated_positive,1,Maharashtra,18.3619,73.77245,2025-08-27,8.6,23.3,0.393,1089.0,26.04,,26,0.334
JK/RAJ/43K08/2025/79,gsi_dated_positive,1,Jammu & Kashmir,33.20960833,74.27855556,2025-08-28,1.2,86.8,0.477,722.0,15.81,,6,1.847
JK/RAJ/43K12/2025/80,gsi_dated_positive,1,Jammu & Kashmir,33.03997778,74.58563056,2025-08-28,1.0,204.1,0.247,754.0,13.7,,8,0.556
7219,gsi_dated_positive,1,Jammu & Kashmir,33.195183,75.359804,2025-08-30,4.7,10.8,0.485,1507.0,24.78,,54,0.057
7220,gsi_dated_positive,1,Jammu & Kashmir,33.196652,75.352971,2025-08-30,6.0,11.8,0.487,1551.0,45.03,,53,0.656
7221,gsi_dated_positive,1,Jammu & Kashmir,33.194759,75.360139,2025-08-30,6.0,11.8,0.487,1504.0,33.62,,55,0.057
7222,gsi_dated_positive,1,Jammu & Kashmir,33.201932,75.363243,2025-08-30,6.0,11.8,0.487,1450.0,31.03,,51,0.816
HP/HMPR/53A9/2025/14,gsi_dated_positive,1,Himachal Pradesh,31.7691009,76.490383,2025-08-31,44.5,78.3,0.429,793.0,12.28,,22,4.022
HP/SOLAN/53A/16/2025/02,gsi_dated_positive,1,Himachal Pradesh,31.16997222,76.76130555,2025-08-31,17.4,48.0,0.427,1068.0,16.18,,152,0.537
JK/JAM/43K12/2025/063,gsi_dated_positive,1,Jammu & Kashmir,33.046805,74.701774,2025-08-31,19.6,59.2,0.305,704.0,9.54,,14,3.942
3488,gsi_dated_positive,1,Jammu & Kashmir,33.37561,74.427921,2025-08-31,50.3,67.2,0.498,1471.0,41.04,,8,1.229
JK/RAJ/43K/07/2025/063,gsi_dated_positive,1,Jammu & Kashmir,33.340406,74.325202,2025-08-31,11.6,13.1,0.475,864.0,14.17,,6,7.313
HP/UNA/53A6/2025/16,gsi_dated_positive,1,Himachal Pradesh,31.437986,76.42395,2025-09-01,49.5,92.7,0.434,628.0,30.64,,31,0.879
HP/UNA/53A7/2025/19,gsi_dated_positive,1,Himachal Pradesh,31.484232,76.388595,2025-09-01,56.4,106.7,0.434,855.0,23.08,,31,1.391
7216,gsi_dated_positive,1,Jammu & Kashmir,33.193303,75.339613,2025-09-01,25.4,48.1,0.484,1363.0,40.19,,53,0.29
7217,gsi_dated_positive,1,Jammu & Kashmir,33.195603,75.337746,2025-09-01,25.4,48.1,0.484,1360.0,44.98,,54,0.309
7218,gsi_dated_positive,1,Jammu & Kashmir,33.205743,75.347395,2025-09-01,25.4,48.1,0.484,1365.0,21.4,,46,0.102
7223,gsi_dated_positive,1,Jammu & Kashmir,33.204841,75.347603,2025-09-01,25.4,48.1,0.484,1356.0,29.52,,46,0.102
JK/REA/43K16/2025/069,gsi_dated_positive,1,Jammu & Kashmir,33.16242778,74.82162778,2025-09-01,9.1,32.6,0.48,936.0,9.55,,39,1.826
JK/REA/43K16/2025/070,gsi_dated_positive,1,Jammu & Kashmir,33.11659722,74.80328056,2025-09-02,28.2,59.9,0.33,671.0,12.7,,45,0.077
JK/UDH/43O1/2025/075,gsi_dated_positive,1,Jammu & Kashmir,32.95504722,75.15861111,2025-09-02,60.4,96.5,0.499,836.0,29.83,,49,0.101
HP/KULLU/53E/01/2025/01,gsi_dated_positive,1,Himachal Pradesh,31.96693889,77.11688056,2025-09-03,12.3,89.8,0.505,1207.0,20.63,,76,0.072
HP/SIR/53F5/2025/3,gsi_dated_positive,1,Himachal Pradesh,30.71638889,77.22888889,2025-09-03,29.1,96.4,0.426,1252.0,23.9,,75,3.175
3485,gsi_dated_positive,1,Himachal Pradesh,30.904346,77.089736,2025-09-03,24.4,69.4,0.423,1493.0,10.92,,306,0.237
HP/UNA/53A7/2025/21,gsi_dated_positive,1,Himachal Pradesh,31.421993,76.416965,2025-09-03,26.2,87.7,0.325,473.0,14.68,,31,1.089
JK/RAM/43O03/2025/067,gsi_dated_positive,1,Jammu & Kashmir,33.279,75.004,2025-09-03,48.2,82.6,0.505,1876.0,17.7,,73,0.0
JK/REA/43K15/2025/073,gsi_dated_positive,1,Jammu & Kashmir,33.30953889,74.94223056,2025-09-04,1.5,78.8,0.485,1981.0,36.66,,136,0.047
HP/BIL/53A15/2025/06,gsi_dated_positive,1,Himachal Pradesh,31.3626538,76.7744273,2025-09-07,5.0,10.1,0.379,709.0,30.52,,97,0.953
JK/POO/43K02/2025/76,gsi_dated_positive,1,Jammu & Kashmir,33.67733056,74.18461389,2025-09-07,6.3,9.6,0.497,1723.0,4.02,,15,1.057
JK/POO/43K02/2025/77,gsi_dated_positive,1,Jammu & Kashmir,33.681475,74.17433333,2025-09-07,4.9,5.0,0.437,1411.0,15.8,,14,1.057
7215,gsi_dated_positive,1,Jammu & Kashmir,33.097678,75.325725,2025-09-09,4.4,5.4,0.473,1973.0,25.15,,48,0.962
SI/GYA/78A03/2025/01,gsi_dated_positive,1,Sikkim,27.327977,88.152281,2025-09-11,19.1,69.3,0.426,1575.0,18.56,,73,1.407
HP/CHAMBA/43P/15/2025/10,gsi_dated_positive,1,Himachal Pradesh,32.468125,75.91993611,2025-09-13,2.1,8.7,0.257,1233.0,26.79,,98,0.209
MIZ/AZL/84A11/2025/020,gsi_dated_positive,1,Mizoram,23.4807,92.7025,2025-09-13,14.3,48.2,0.409,1001.0,24.27,,229,0.294
MIZ/LUN/84A12/2025/067,gsi_dated_positive,1,Mizoram,23.186501,92.735632,2025-09-13,4.0,28.9,0.417,827.0,29.28,,180,0.023
MIZ/LUN/84A12/2025/068,gsi_dated_positive,1,Mizoram,23.186296,92.7356,2025-09-13,4.0,28.9,0.417,832.0,31.63,,181,0.02
MIZ/LUN/84A12/2025/069,gsi_dated_positive,1,Mizoram,23.186133,92.735682,2025-09-13,4.0,28.9,0.417,839.0,32.99,,181,0.02
MIZ/LUN/84A12/2025/084,gsi_dated_positive,1,Mizoram,23.174341,92.740855,2025-09-13,4.0,28.9,0.417,785.0,25.82,,192,0.132
MIZ/LUN/84A12/2025/114,gsi_dated_positive,1,Mizoram,23.147798,92.749742,2025-09-13,4.0,28.9,0.417,906.0,22.79,,196,0.068
MIZ/LUN/84A12/2025/133,gsi_dated_positive,1,Mizoram,23.131999,92.744413,2025-09-13,4.0,28.9,0.417,799.0,31.11,,203,0.035
MIZ/LUN/84A16/2025/164,gsi_dated_positive,1,Mizoram,23.09459,92.753733,2025-09-13,9.0,39.4,0.421,757.0,6.69,,179,0.315
MIZ/LUN/84A16/2025/165,gsi_dated_positive,1,Mizoram,23.092076,92.752286,2025-09-13,9.0,39.4,0.421,754.0,22.16,,175,0.051
UK/DEH/53J03/2025/01,gsi_dated_positive,1,Uttarakhand,30.40491111,78.13888333,2025-09-16,16.4,35.8,0.424,981.0,17.87,,80,0.192
UK/DEH/53J03/2025/10,gsi_dated_positive,1,Uttarakhand,30.50230556,78.01522222,2025-09-16,8.9,23.7,0.496,1206.0,46.61,,112,1.574
UK/DEH/53J03/2025/12,gsi_dated_positive,1,Uttarakhand,30.46161111,78.05969444,2025-09-16,15.3,33.8,0.506,2027.0,34.41,,102,0.334
UK/DEH/53J03/2025/13,gsi_dated_positive,1,Uttarakhand,30.42502778,78.07377778,2025-09-16,16.4,35.8,0.424,1373.0,35.31,,93,0.183
UK/DEH/53J03/2025/14,gsi_dated_positive,1,Uttarakhand,30.41069444,78.0865,2025-09-16,16.4,35.8,0.424,1068.0,23.63,,100,0.199
UK/CH/TNK/PDLS/2025/01,gsi_dated_positive,1,Uttarakhand,29.79944444,80.25019444,2025-09-16,27.8,60.7,0.499,1616.0,32.83,,24,1.519
HP/Kangra/52D/08/2025/07,gsi_dated_positive,1,Himachal Pradesh,32.22763611,76.32045,2025-09-19,5.1,20.3,0.491,1539.0,24.89,,108,0.467
6894,gsi_dated_positive,1,West Bengal,27.008623,88.201081,2025-10-04,15.0,24.9,0.413,2299.0,27.9,,290,0.167
6896,gsi_dated_positive,1,West Bengal,26.874957,88.191543,2025-10-04,26.1,31.0,0.383,1447.0,22.38,,160,0.105
6893,gsi_dated_positive,1,West Bengal,26.901067,88.16592,2025-10-05,126.9,146.2,0.424,1571.0,7.09,,118,0.075
6895,gsi_dated_positive,1,West Bengal,26.881874,88.184536,2025-10-05,126.9,146.2,0.424,1651.0,5.03,,155,0.002
KER/KOL/58D13/2025/01,gsi_dated_positive,1,Kerala,8.97316667,76.89913889,2025-10-12,29.4,40.1,0.359,141.0,24.83,,0,11.859
TN/NIL/58A11/2025/41,gsi_dated_positive,1,Tamil Nadu,11.3206,76.6903,2025-10-14,8.2,14.7,0.399,1987.0,17.87,,214,0.267
TN/NIL/58A15/2025/2,gsi_dated_positive,1,Tamil Nadu,11.3494,76.7872,2025-10-14,4.1,12.9,0.39,1771.0,19.19,,369,0.011
TN/NIL/58A11/2025/35,gsi_dated_positive,1,Tamil Nadu,11.2653,76.7448,2025-10-16,2.1,21.2,0.404,1500.0,21.82,,115,4.169
TN/NIL/58A15/2025/20,gsi_dated_positive,1,Tamil Nadu,11.4588,76.8427,2025-10-16,7.1,18.3,0.39,1798.0,16.93,,62,1.515
TN/NIL/58A15/2025/22,gsi_dated_positive,1,Tamil Nadu,11.4508,76.89,2025-10-16,7.1,18.3,0.39,1847.0,12.42,,54,1.208
TN/NIL/58A15/2025/30,gsi_dated_positive,1,Tamil Nadu,11.3556,76.771,2025-10-16,4.5,13.5,0.401,1872.0,19.34,,375,0.719
TN/NIL/58A15/2025/32,gsi_dated_positive,1,Tamil Nadu,11.3608,76.834,2025-10-16,4.5,13.5,0.401,1806.0,14.8,,348,0.19
TN/NIL/58A15/2025/34,gsi_dated_positive,1,Tamil Nadu,11.3203,76.7985,2025-10-16,4.5,13.5,0.401,1798.0,22.21,,311,0.677
TN/NIL/58A15/2025/1,gsi_dated_positive,1,Tamil Nadu,11.3426,76.7901,2025-10-17,9.2,18.6,0.408,1748.0,11.49,,362,0.246
TN/NIL/58A15/2025/11,gsi_dated_positive,1,Tamil Nadu,11.3752,76.8165,2025-10-17,7.7,15.8,0.385,2002.0,20.68,,361,0.193
TN/NIL/58A15/2025/6,gsi_dated_positive,1,Tamil Nadu,11.3445,76.7924,2025-10-17,9.2,18.6,0.408,1721.0,9.7,,358,0.012
TN/NIL/58A11/2025/27,gsi_dated_positive,1,Tamil Nadu,11.3157,76.7068,2025-10-18,2.8,16.5,0.397,1831.0,17.81,,279,0.675
TN/NIL/58A11/2025/37,gsi_dated_positive,1,Tamil Nadu,11.2617,76.6327,2025-10-18,1.6,7.1,0.378,1849.0,21.63,,150,0.608
TN/NIL/58A15/2025/10,gsi_dated_positive,1,Tamil Nadu,11.3665,76.8167,2025-10-18,2.8,16.5,0.397,1950.0,28.24,,362,0.201
TN/NIL/58A15/2025/13,gsi_dated_positive,1,Tamil Nadu,11.3339,76.7981,2025-10-18,2.8,16.5,0.397,1631.0,26.1,,338,0.024
TN/NIL/58A15/2025/18,gsi_dated_positive,1,Tamil Nadu,11.4146,76.8133,2025-10-18,2.1,14.3,0.382,2053.0,13.43,,341,0.102
TN/NIL/58A15/2025/23,gsi_dated_positive,1,Tamil Nadu,11.4317,76.8667,2025-10-18,3.3,22.2,0.389,1968.0,11.78,,99,1.444
TN/NIL/58A15/2025/38,gsi_dated_positive,1,Tamil Nadu,11.2659,76.6572,2025-10-18,1.6,7.1,0.378,1746.0,16.42,,156,0.215
TN/NIL/58A11/2025/25,gsi_dated_positive,1,Tamil Nadu,11.3785,76.7444,2025-10-19,4.1,14.1,0.4,2102.0,4.32,,335,0.167
TN/NIL/58A11/2025/39,gsi_dated_positive,1,Tamil Nadu,11.2643,76.6583,2025-10-19,1.2,5.1,0.365,1737.0,29.89,,155,0.215
TN/NIL/58A11/2025/40,gsi_dated_positive,1,Tamil Nadu,11.2818,76.65,2025-10-19,1.2,5.1,0.365,1659.0,13.58,,171,0.17
TN/NIL/58A15/2025/15,gsi_dated_positive,1,Tamil Nadu,11.3307,76.808,2025-10-19,2.2,14.1,0.386,1397.0,29.81,,327,0.036
TN/NIL/58A15/2025/17,gsi_dated_positive,1,Tamil Nadu,11.4139,76.8139,2025-10-19,1.5,11.3,0.381,2005.0,27.91,,341,0.102
TN/NIL/58A15/2025/19,gsi_dated_positive,1,Tamil Nadu,11.4159,76.8172,2025-10-19,1.5,11.3,0.381,2002.0,26.14,,338,0.008
TN/NIL/58A15/2025/21,gsi_dated_positive,1,Tamil Nadu,11.4939,76.8939,2025-10-19,1.3,16.4,0.374,1871.0,25.42,,17,0.97
TN/NIL/58A15/2025/3,gsi_dated_positive,1,Tamil Nadu,11.3494,76.7959,2025-10-19,1.6,13.6,0.391,1772.0,16.8,,358,0.367
TN/NIL/58A15/2025/42,gsi_dated_positive,1,Tamil Nadu,11.4723,76.8408,2025-10-19,1.3,16.4,0.374,1730.0,28.22,,51,1.515
TN/NIL/58A15/2025/9,gsi_dated_positive,1,Tamil Nadu,11.3571,76.8083,2025-10-19,1.6,13.6,0.391,1888.0,18.27,,359,0.268
TN/NIL/58A15/2025/33,gsi_dated_positive,1,Tamil Nadu,11.3935,76.9317,2025-10-20,2.2,6.3,0.34,1248.0,36.5,,127,3.559
TN/NIL/58A15/2025/7,gsi_dated_positive,1,Tamil Nadu,11.3509,76.7929,2025-10-20,2.8,7.2,0.395,1754.0,15.23,,365,0.279
TN/NIL/58A15/2025/14,gsi_dated_positive,1,Tamil Nadu,11.337,76.7982,2025-10-21,11.4,15.8,0.406,1673.0,16.36,,341,0.044
TN/NIL/58A15/2025/4,gsi_dated_positive,1,Tamil Nadu,11.3533,76.785,2025-10-21,11.4,15.8,0.406,1770.0,12.93,,374,0.003
TN/NIL/58A11/2025/26,gsi_dated_positive,1,Tamil Nadu,11.3359,76.7345,2025-10-22,22.6,39.9,0.425,1910.0,40.72,,326,0.244
TN/NIL/58A11/2025/36,gsi_dated_positive,1,Tamil Nadu,11.2774,76.6898,2025-10-22,6.5,16.0,0.415,1616.0,22.2,,167,0.97
TN/NIL/58A15/2025/12,gsi_dated_positive,1,Tamil Nadu,11.3669,76.7992,2025-10-22,13.9,28.1,0.422,1875.0,10.15,,370,1.139
TN/NIL/58A15/2025/24,gsi_dated_positive,1,Tamil Nadu,11.4174,76.8781,2025-10-22,17.7,31.9,0.417,1854.0,23.64,,174,0.588
TN/NIL/58A15/2025/28,gsi_dated_positive,1,Tamil Nadu,11.3696,76.7517,2025-10-22,13.9,28.1,0.422,1938.0,24.44,,353,0.307
TN/NIL/58A15/2025/29,gsi_dated_positive,1,Tamil Nadu,11.3718,76.7561,2025-10-22,25.4,40.9,0.419,1950.0,5.5,,352,0.381
TN/NIL/58A15/2025/31,gsi_dated_positive,1,Tamil Nadu,11.3375,76.7769,2025-10-22,13.9,28.1,0.422,1745.0,13.82,,374,0.568
TN/NIL/58A15/2025/43,gsi_dated_positive,1,Tamil Nadu,11.3599,76.7814,2025-10-22,13.9,28.1,0.422,1798.0,16.61,,378,0.024
TN/NIL/58A15/2025/44,gsi_dated_positive,1,Tamil Nadu,11.3606,76.7813,2025-10-22,13.9,28.1,0.422,1793.0,20.77,,378,0.008
TN/NIL/58A15/2025/5,gsi_dated_positive,1,Tamil Nadu,11.359,76.7817,2025-10-22,13.9,28.1,0.422,1808.0,24.1,,378,0.05
7077,gsi_dated_positive,1,Assam,26.238016,91.945953,2025-11-02,6.0,38.2,0.46,85.0,2.26,,9,2.091
H.P./Shimla/53E/4/2025/5,gsi_dated_positive,1,Himachal Pradesh,31.09277778,77.20638889,2025-11-22,0.0,0.0,0.439,2121.0,12.54,,121,0.132
7013,gsi_dated_positive,1,West Bengal,27.068621,88.479162,2025-12-15,0.0,0.0,0.213,1039.0,12.61,,460,0.345
7015,gsi_dated_positive,1,West Bengal,27.074239,88.473046,2025-12-15,0.0,0.0,0.213,1245.0,18.98,,461,0.007
7152,gsi_dated_positive,1,Tamil Nadu,11.347369,76.789377,2026-01-01,4.5,7.0,0.278,1745.0,21.51,,366,0.0
7154,gsi_dated_positive,1,Tamil Nadu,11.349663,76.788382,2026-01-01,4.5,7.0,0.278,1763.0,25.27,,368,0.0
TN/NILGIRIS/58A15/2026/01,gsi_dated_positive,1,Tamil Nadu,11.344605,76.792407,2026-01-01,4.5,7.0,0.278,1723.0,8.84,,359,0.0
TN/NILGIRIS/58A15/2026/02,gsi_dated_positive,1,Tamil Nadu,11.346337,76.798923,2026-01-01,4.5,7.0,0.278,1766.0,27.14,,342,0.008
TN/NILGIRIS/58A15/2026/05,gsi_dated_positive,1,Tamil Nadu,11.352862,76.786387,2026-01-01,4.5,7.0,0.278,1800.0,11.49,,373,0.027
7386,gsi_dated_positive,1,Arunachal Pradesh,27.099285,93.614766,2026-03-16,13.4,83.0,0.506,376.0,15.16,,40,0.335
7406,gsi_dated_positive,1,Jammu & Kashmir,33.214947,75.272822,2026-03-26,1.2,1.2,0.408,709.0,14.46,,54,0.384
7454,gsi_dated_positive,1,Tripura,23.802772,91.272189,2026-05-30,0.0,4.9,0.411,19.0,6.12,,1,9.243
7583,gsi_dated_positive,1,Arunachal Pradesh,27.715081,94.692035,2026-06-28,48.8,113.5,0.433,268.0,21.02,,20,2.043
7598,gsi_dated_positive,1,Meghalaya,25.567423,89.979711,2026-07-13,61.9,142.7,0.427,45.0,13.16,,5,0.288
NEG_000001,pseudo_negative,0,Arunachal Pradesh,27.000628,91.991005,2014-08-27,,,,1279.0,22.96,,0,17.735
NEG_000002,pseudo_negative,0,Arunachal Pradesh,26.812378,92.947831,2021-09-23,,,,82.0,3.75,,0,21.02
NEG_000003,pseudo_negative,0,Arunachal Pradesh,26.821776,93.243434,2016-11-12,,,,91.0,3.75,,0,14.055
NEG_000004,pseudo_negative,0,Arunachal Pradesh,26.964602,94.09792,2016-05-14,,,,85.0,3.36,,0,31.195
NEG_000005,pseudo_negative,0,Arunachal Pradesh,26.939878,94.248009,2023-08-26,,,,85.0,1.68,,0,38.881
NEG_000006,pseudo_negative,0,Arunachal Pradesh,26.996234,95.051646,2006-11-30,,,,114.0,3.36,,0,16.891
NEG_000007,pseudo_negative,0,Arunachal Pradesh,27.001854,95.574727,2013-05-15,,,,1533.0,26.21,,13,2.697
NEG_000008,pseudo_negative,0,Arunachal Pradesh,26.829025,96.50146,2025-11-23,,,,603.0,45.25,,0,59.646
NEG_000009,pseudo_negative,0,Arunachal Pradesh,27.153456,91.948405,2006-05-15,,,,1889.0,33.01,,0,33.516
NEG_000010,pseudo_negative,0,Arunachal Pradesh,27.099205,92.636566,2012-08-08,,,,766.0,33.13,,27,1.016
NEG_000011,pseudo_negative,0,Arunachal Pradesh,27.184286,93.481462,2018-06-22,,,,1413.0,6.05,,7,7.086
NEG_000012,pseudo_negative,0,Arunachal Pradesh,27.293702,94.086714,2023-06-12,,,,105.0,3.77,,0,26.358
NEG_000013,pseudo_negative,0,Arunachal Pradesh,27.252228,94.295289,2023-01-07,,,,93.0,4.76,,0,47.443
NEG_000014,pseudo_negative,0,Arunachal Pradesh,27.281147,95.244864,2015-09-22,,,,116.0,2.38,,0,19.099
NEG_000015,pseudo_negative,0,Arunachal Pradesh,27.190313,95.807656,2005-05-05,,,,463.0,17.58,,16,5.159
NEG_000016,pseudo_negative,0,Arunachal Pradesh,27.248325,96.369491,2023-08-18,,,,697.0,5.32,,0,15.648
NEG_000017,pseudo_negative,0,Arunachal Pradesh,27.515925,92.062421,2006-06-17,,,,4341.0,13.67,,7,4.657
NEG_000018,pseudo_negative,0,Arunachal Pradesh,27.348688,92.612291,2026-06-07,,,,971.0,16.72,,0,15.581
NEG_000019,pseudo_negative,0,Arunachal Pradesh,27.576485,93.108668,2023-05-02,,,,1224.0,21.05,,0,10.757
NEG_000020,pseudo_negative,0,Arunachal Pradesh,27.421458,93.997772,2007-09-17,,,,1249.0,46.89,,0,19.792
NEG_000021,pseudo_negative,0,Arunachal Pradesh,27.524121,94.461304,2014-05-26,,,,120.0,8.39,,0,27.758
NEG_000022,pseudo_negative,0,Arunachal Pradesh,27.346444,94.886973,2021-07-23,,,,112.0,3.37,,0,36.445
NEG_000023,pseudo_negative,0,Arunachal Pradesh,27.384815,95.765506,2025-08-05,,,,145.0,3.77,,0,22.023
NEG_000024,pseudo_negative,0,Arunachal Pradesh,27.463707,96.313407,2010-08-10,,,,637.0,6.07,,8,9.046
NEG_000025,pseudo_negative,0,Arunachal Pradesh,27.717278,91.772318,2012-11-04,,,,3833.0,31.23,,0,14.421
NEG_000026,pseudo_negative,0,Arunachal Pradesh,27.868693,92.776037,2015-11-08,,,,3012.0,35.48,,0,37.986
NEG_000027,pseudo_negative,0,Arunachal Pradesh,27.83274,93.409368,2022-05-14,,,,1866.0,19.67,,16,6.33
NEG_000028,pseudo_negative,0,Arunachal Pradesh,27.643775,94.147631,2007-05-15,,,,1578.0,51.47,,0,15.445
NEG_000029,pseudo_negative,0,Arunachal Pradesh,27.70181,94.568915,2017-10-06,,,,680.0,16.31,,0,10.224
NEG_000030,pseudo_negative,0,Arunachal Pradesh,27.827137,95.278867,2019-08-14,,,,125.0,1.69,,0,20.524
NEG_000031,pseudo_negative,0,Arunachal Pradesh,27.778835,95.858154,2018-07-03,,,,136.0,5.34,,0,43.697
NEG_000032,pseudo_negative,0,Arunachal Pradesh,27.628606,96.383746,2009-05-11,,,,1695.0,46.93,,0,16.733
NEG_000033,pseudo_negative,0,Arunachal Pradesh,27.922645,92.083631,2022-11-06,,,,4999.0,26.03,,0,38.404
NEG_000034,pseudo_negative,0,Arunachal Pradesh,28.054922,92.556349,2018-04-18,,,,5455.0,7.55,,0,67.185
NEG_000035,pseudo_negative,0,Arunachal Pradesh,28.159462,93.263307,2015-05-25,,,,1751.0,35.01,,0,30.351
NEG_000036,pseudo_negative,0,Arunachal Pradesh,28.028779,93.891172,2014-07-30,,,,2025.0,37.7,,0,22.003
NEG_000037,pseudo_negative,0,Arunachal Pradesh,28.025132,94.374502,2025-07-11,,,,1197.0,37.7,,0,10.319
NEG_000038,pseudo_negative,0,Arunachal Pradesh,28.015557,94.844363,2013-11-25,,,,1043.0,29.65,,0,13.143
NEG_000039,pseudo_negative,0,Arunachal Pradesh,27.932849,95.7985,2011-08-04,,,,144.0,3.39,,0,26.719
NEG_000040,pseudo_negative,0,Arunachal Pradesh,27.971891,96.486749,2021-08-23,,,,2802.0,37.54,,18,6.654
NEG_000041,pseudo_negative,0,Arunachal Pradesh,28.200774,92.288083,2026-05-08,,,,4330.0,15.65,,0,74.494
NEG_000042,pseudo_negative,0,Arunachal Pradesh,28.324592,92.571325,2011-09-25,,,,4935.0,17.82,,0,91.295
NEG_000043,pseudo_negative,0,Arunachal Pradesh,28.258762,93.556315,2018-07-10,,,,4032.0,35.58,,0,42.573
NEG_000044,pseudo_negative,0,Arunachal Pradesh,28.241821,94.168453,2008-05-06,,,,775.0,22.89,,2,5.134
NEG_000045,pseudo_negative,0,Arunachal Pradesh,28.291428,94.826159,2008-08-28,,,,1090.0,19.69,,5,3.75
NEG_000046,pseudo_negative,0,Arunachal Pradesh,28.417623,95.387195,2007-06-16,,,,1307.0,40.26,,0,13.651
NEG_000047,pseudo_negative,0,Arunachal Pradesh,28.384729,95.865511,2014-05-12,,,,1176.0,19.77,,20,5.608
NEG_000048,pseudo_negative,0,Arunachal Pradesh,28.377744,96.239588,2005-05-30,,,,2654.0,7.57,,0,26.12
NEG_000049,pseudo_negative,0,Arunachal Pradesh,28.481861,92.235222,2024-05-05,,,,4867.0,20.63,,0,102.301
NEG_000050,pseudo_negative,0,Arunachal Pradesh,28.613851,92.884908,2005-06-06,,,,4838.0,13.41,,0,92.204
NEG_000051,pseudo_negative,0,Arunachal Pradesh,28.663151,93.5681,2015-05-16,,,,3783.0,50.0,,0,73.923
NEG_000052,pseudo_negative,0,Arunachal Pradesh,28.451725,93.728633,2011-08-05,,,,2025.0,35.63,,0,53.499
NEG_000053,pseudo_negative,0,Arunachal Pradesh,28.481604,94.523532,2025-07-22,,,,2642.0,44.1,,1,9.354
NEG_000054,pseudo_negative,0,Arunachal Pradesh,28.503189,95.33158,2005-08-23,,,,1980.0,47.81,,0,10.28
NEG_000055,pseudo_negative,0,Arunachal Pradesh,28.484159,95.530592,2017-06-28,,,,2581.0,27.77,,0,24.131
NEG_000056,pseudo_negative,0,Arunachal Pradesh,28.531207,96.380379,2016-11-20,,,,4677.0,23.09,,0,33.111
NEG_000057,pseudo_negative,0,Arunachal Pradesh,28.804118,92.29356,2015-07-01,,,,4694.0,21.27,,0,138.455
NEG_000058,pseudo_negative,0,Arunachal Pradesh,28.900359,92.406312,2020-07-05,,,,5171.0,12.16,,0,145.535
NEG_000059,pseudo_negative,0,Arunachal Pradesh,28.99237,93.334125,2008-09-28,,,,3359.0,28.77,,0,108.192
NEG_000060,pseudo_negative,0,Arunachal Pradesh,28.854224,94.074261,2023-05-01,,,,4067.0,26.44,,0,42.925
NEG_000061,pseudo_negative,0,Arunachal Pradesh,28.954485,94.704398,2015-07-08,,,,1950.0,21.86,,0,17.472
NEG_000062,pseudo_negative,0,Arunachal Pradesh,28.892616,95.371189,2021-06-19,,,,3484.0,28.02,,0,41.107
NEG_000063,pseudo_negative,0,Arunachal Pradesh,28.828415,95.718707,2007-10-21,,,,3081.0,16.63,,0,13.683
NEG_000064,pseudo_negative,0,Arunachal Pradesh,28.85049,96.230484,2010-08-08,,,,3556.0,50.44,,0,24.142
NEG_000065,pseudo_negative,0,Arunachal Pradesh,27.012429,91.783294,2024-08-03,,,,2425.0,37.81,,0,36.075
NEG_000066,pseudo_negative,0,Arunachal Pradesh,26.826778,92.85384,2012-05-10,,,,78.0,2.37,,0,12.963
NEG_000067,pseudo_negative,0,Arunachal Pradesh,27.041341,93.066075,2008-05-09,,,,589.0,47.14,,0,15.087
NEG_000068,pseudo_negative,0,Arunachal Pradesh,26.818281,93.598809,2020-05-02,,,,76.0,1.68,,0,20.573
NEG_000069,pseudo_negative,0,Arunachal Pradesh,26.801081,94.576339,2016-06-21,,,,101.0,3.75,,0,11.853
NEG_000070,pseudo_negative,0,Arunachal Pradesh,26.874359,95.145041,2021-10-28,,,,502.0,18.16,,37,7.195
NEG_000071,pseudo_negative,0,Arunachal Pradesh,26.798338,95.566546,2024-05-08,,,,1889.0,36.24,,1,9.746
NEG_000072,pseudo_negative,0,Arunachal Pradesh,26.944488,96.33535,2011-06-02,,,,535.0,18.9,,0,41.609
NEG_000073,pseudo_negative,0,Arunachal Pradesh,27.208268,91.781049,2007-05-26,,,,2827.0,52.74,,0,34.328
NEG_000074,pseudo_negative,0,Arunachal Pradesh,27.319341,92.402088,2023-11-26,,,,1326.0,28.5,,9,2.31
NEG_000075,pseudo_negative,0,Arunachal Pradesh,27.334496,93.462377,2017-08-25,,,,1583.0,19.53,,1,4.617
NEG_000076,pseudo_negative,0,Arunachal Pradesh,27.278952,93.669418,2023-07-17,,,,1066.0,28.49,,17,6.267
NEG_000077,pseudo_negative,0,Arunachal Pradesh,27.300712,94.496428,2022-08-12,,,,97.0,1.69,,0,44.943
NEG_000078,pseudo_negative,0,Arunachal Pradesh,27.137017,94.917931,2014-07-15,,,,104.0,3.76,,0,36.017
NEG_000079,pseudo_negative,0,Arunachal Pradesh,27.16469,96.280081,2014-08-12,,,,1240.0,22.22,,0,16.586
NEG_000080,pseudo_negative,0,Arunachal Pradesh,27.422367,92.308534,2019-07-29,,,,1627.0,1.69,,8,8.932
NEG_000081,pseudo_negative,0,Arunachal Pradesh,27.431086,92.673756,2026-08-27,,,,2051.0,30.68,,0,16.229
NEG_000082,pseudo_negative,0,Arunachal Pradesh,27.562912,93.2947,2021-06-19,,,,2576.0,66.49,,0,24.709
NEG_000083,pseudo_negative,0,Arunachal Pradesh,27.543666,93.711665,2018-10-22,,,,1672.0,18.26,,1,8.618
NEG_000084,pseudo_negative,0,Arunachal Pradesh,27.376737,94.590807,2018-08-03,,,,97.0,3.37,,0,33.604
NEG_000085,pseudo_negative,0,Arunachal Pradesh,27.363552,95.413653,2020-11-05,,,,132.0,2.39,,0,19.895
NEG_000086,pseudo_negative,0,Arunachal Pradesh,27.561941,95.823185,2014-09-24,,,,151.0,2.39,,0,33.342
NEG_000087,pseudo_negative,0,Arunachal Pradesh,27.602135,96.233936,2020-05-19,,,,565.0,6.08,,0,21.595
NEG_000088,pseudo_negative,0,Arunachal Pradesh,27.787715,91.824396,2007-07-18,,,,4828.0,21.91,,0,21.506
NEG_000089,pseudo_negative,0,Arunachal Pradesh,27.746126,92.665785,2021-09-23,,,,1892.0,31.36,,0,35.039
NEG_000090,pseudo_negative,0,Arunachal Pradesh,27.753373,93.336336,2008-05-29,,,,1869.0,40.41,,2,8.03
NEG_000091,pseudo_negative,0,Arunachal Pradesh,27.799263,94.468913,2025-08-25,,,,677.0,19.67,,0,22.571
NEG_000092,pseudo_negative,0,Arunachal Pradesh,27.709475,95.390259,2022-05-24,,,,124.0,1.69,,0,31.827
NEG_000093,pseudo_negative,0,Arunachal Pradesh,27.717937,95.649319,2011-05-05,,,,132.0,2.39,,0,50.043
NEG_000094,pseudo_negative,0,Arunachal Pradesh,27.876322,96.348824,2021-08-12,,,,310.0,5.35,,19,1.1
NEG_000095,pseudo_negative,0,Arunachal Pradesh,28.047149,92.300616,2012-07-25,,,,4838.0,28.66,,0,60.046
NEG_000096,pseudo_negative,0,Arunachal Pradesh,27.998234,92.954686,2005-11-22,,,,2416.0,62.09,,0,42.169
NEG_000097,pseudo_negative,0,Arunachal Pradesh,27.92682,93.492579,2024-05-20,,,,2214.0,32.65,,9,6.874
NEG_000098,pseudo_negative,0,Arunachal Pradesh,28.056915,94.012828,2016-07-01,,,,1047.0,33.06,,0,19.366
NEG_000099,pseudo_negative,0,Arunachal Pradesh,28.122586,94.392174,2026-07-15,,,,2103.0,16.52,,0,17.964
NEG_000100,pseudo_negative,0,Arunachal Pradesh,27.977622,95.402758,2021-05-25,,,,134.0,0.0,,0,13.977
NEG_000101,pseudo_negative,0,Arunachal Pradesh,28.170116,96.000957,2020-09-09,,,,2223.0,28.15,,0,10.901
NEG_000102,pseudo_negative,0,Arunachal Pradesh,27.92348,96.698246,2005-08-21,,,,1712.0,15.27,,0,23.033
NEG_000103,pseudo_negative,0,Arunachal Pradesh,28.195983,92.276267,2023-05-01,,,,4265.0,13.05,,0,73.532
NEG_000104,pseudo_negative,0,Arunachal Pradesh,28.210544,92.824018,2022-11-06,,,,4973.0,15.73,,0,63.566
NEG_000105,pseudo_negative,0,Arunachal Pradesh,28.352677,92.985526,2005-05-01,,,,3140.0,44.97,,0,62.61
NEG_000106,pseudo_negative,0,Arunachal Pradesh,28.338735,94.08467,2026-10-08,,,,1246.0,28.19,,0,17.105
NEG_000107,pseudo_negative,0,Arunachal Pradesh,28.42787,95.311646,2023-09-21,,,,1936.0,38.15,,11,6.473
NEG_000108,pseudo_negative,0,Arunachal Pradesh,28.182057,95.579175,2007-07-04,,,,284.0,1.7,,48,6.317
NEG_000109,pseudo_negative,0,Arunachal Pradesh,28.377301,96.468437,2006-05-27,,,,2718.0,58.13,,0,14.724
NEG_000110,pseudo_negative,0,Arunachal Pradesh,28.651303,91.837939,2005-08-09,,,,5227.0,12.25,,0,116.981
NEG_000111,pseudo_negative,0,Arunachal Pradesh,28.719312,92.721144,2016-08-02,,,,4538.0,50.26,,0,110.772
NEG_000112,pseudo_negative,0,Arunachal Pradesh,28.459594,93.513507,2015-05-22,,,,3357.0,21.15,,0,63.201
NEG_000113,pseudo_negative,0,Arunachal Pradesh,28.473266,93.699916,2013-07-31,,,,1431.0,34.01,,0,57.075
NEG_000114,pseudo_negative,0,Arunachal Pradesh,28.664999,94.604523,2024-05-18,,,,1113.0,50.74,,0,13.848
NEG_000115,pseudo_negative,0,Arunachal Pradesh,28.709846,95.018532,2014-08-18,,,,1274.0,48.9,,13,2.333
NEG_000116,pseudo_negative,0,Arunachal Pradesh,28.627656,96.039183,2008-07-05,,,,2473.0,45.43,,0,17.248
NEG_000117,pseudo_negative,0,Arunachal Pradesh,28.559754,96.371404,2007-05-04,,,,4014.0,27.83,,0,36.039
NEG_000118,pseudo_negative,0,Arunachal Pradesh,28.8018,91.907464,2018-08-14,,,,5325.0,12.15,,0,133.691
NEG_000119,pseudo_negative,0,Arunachal Pradesh,28.90054,92.596784,2008-05-13,,,,4547.0,24.89,,0,134.234
NEG_000120,pseudo_negative,0,Arunachal Pradesh,28.887712,93.160409,2025-07-02,,,,5545.0,37.03,,0,111.362
NEG_000121,pseudo_negative,0,Arunachal Pradesh,28.856094,93.726103,2007-07-18,,,,4823.0,43.84,,0,67.595
NEG_000122,pseudo_negative,0,Arunachal Pradesh,28.919197,94.611708,2017-06-20,,,,2379.0,21.29,,0,20.822
NEG_000123,pseudo_negative,0,Arunachal Pradesh,28.942855,95.172822,2009-08-14,,,,2667.0,26.33,,0,31.577
NEG_000124,pseudo_negative,0,Arunachal Pradesh,28.824669,95.772787,2022-11-23,,,,2870.0,21.84,,8,9.148
NEG_000125,pseudo_negative,0,Arunachal Pradesh,28.97986,96.389749,2021-09-16,,,,4065.0,36.79,,0,41.371
NEG_000126,pseudo_negative,0,Arunachal Pradesh,26.873378,92.239126,2013-05-16,,,,164.0,1.68,,0,11.693
NEG_000127,pseudo_negative,0,Arunachal Pradesh,26.806253,92.864629,2023-05-02,,,,77.0,2.37,,0,15.422
NEG_000128,pseudo_negative,0,Arunachal Pradesh,26.878828,93.070721,2021-08-10,,,,105.0,4.74,,0,20.036
NEG_000129,pseudo_negative,0,Arunachal Pradesh,26.790364,94.100667,2020-06-26,,,,82.0,3.35,,0,31.833
NEG_000130,pseudo_negative,0,Arunachal Pradesh,26.828838,94.582377,2019-06-04,,,,104.0,2.37,,0,14.306
NEG_000131,pseudo_negative,0,Arunachal Pradesh,27.051714,95.450715,2014-06-24,,,,481.0,10.53,,4,6.741
NEG_000132,pseudo_negative,0,Arunachal Pradesh,26.976732,95.892748,2021-08-13,,,,931.0,46.9,,0,17.332
NEG_000133,pseudo_negative,0,Arunachal Pradesh,26.789269,96.206337,2021-05-17,,,,1063.0,16.34,,0,54.599
NEG_000134,pseudo_negative,0,Arunachal Pradesh,27.10917,92.238455,2025-07-31,,,,2248.0,16.84,,0,24.001
NEG_000135,pseudo_negative,0,Arunachal Pradesh,27.295588,92.956983,2019-07-05,,,,523.0,23.21,,36,7.975
NEG_000136,pseudo_negative,0,Arunachal Pradesh,27.17194,93.012851,2023-07-24,,,,1351.0,52.42,,7,7.205
NEG_000137,pseudo_negative,0,Arunachal Pradesh,27.193196,93.679456,2011-11-06,,,,806.0,14.92,,41,2.865
NEG_000138,pseudo_negative,0,Arunachal Pradesh,27.075591,94.353256,2009-07-10,,,,89.0,6.05,,0,47.064
NEG_000139,pseudo_negative,0,Arunachal Pradesh,27.225629,95.138045,2005-05-03,,,,111.0,1.69,,0,27.161
NEG_000140,pseudo_negative,0,Arunachal Pradesh,27.296839,95.850522,2017-08-21,,,,276.0,25.98,,2,9.481
NEG_000141,pseudo_negative,0,Arunachal Pradesh,27.274495,96.112351,2020-07-12,,,,384.0,23.49,,10,1.351
NEG_000142,pseudo_negative,0,Arunachal Pradesh,27.433882,92.243545,2012-08-15,,,,2764.0,20.97,,9,7.291
NEG_000143,pseudo_negative,0,Arunachal Pradesh,27.576101,92.654677,2014-08-29,,,,2093.0,35.71,,0,27.574
NEG_000144,pseudo_negative,0,Arunachal Pradesh,27.575619,93.175072,2017-07-16,,,,2293.0,46.22,,0,17.3
NEG_000145,pseudo_negative,0,Arunachal Pradesh,27.369226,93.833794,2026-08-29,,,,797.0,16.41,,15,3.787
NEG_000146,pseudo_negative,0,Arunachal Pradesh,27.38931,94.419257,2011-04-06,,,,95.0,2.39,,0,40.899
NEG_000147,pseudo_negative,0,Arunachal Pradesh,27.596994,95.109975,2014-08-10,,,,110.0,9.48,,0,19.585
NEG_000148,pseudo_negative,0,Arunachal Pradesh,27.342179,95.626644,2008-08-22,,,,151.0,3.77,,0,18.699
NEG_000149,pseudo_negative,0,Arunachal Pradesh,27.612043,96.462426,2024-08-15,,,,1934.0,26.33,,0,15.881
NEG_000150,pseudo_negative,0,Arunachal Pradesh,27.867239,92.166473,2011-09-29,,,,5000.0,31.89,,0,36.097
NEG_000151,pseudo_negative,0,Arunachal Pradesh,27.857123,92.411422,2016-07-23,,,,5610.0,3.79,,0,50.14
NEG_000152,pseudo_negative,0,Arunachal Pradesh,27.770252,93.370275,2014-11-30,,,,1838.0,28.92,,3,4.925
NEG_000153,pseudo_negative,0,Arunachal Pradesh,27.6969,94.0425,2026-06-23,,,,1748.0,21.9,,14,6.398
NEG_000154,pseudo_negative,0,Arunachal Pradesh,27.651385,94.233769,2016-07-25,,,,244.0,30.7,,0,20.544
NEG_000155,pseudo_negative,0,Arunachal Pradesh,27.890005,95.120414,2012-06-30,,,,331.0,10.73,,2,6.054
NEG_000156,pseudo_negative,0,Arunachal Pradesh,27.836875,95.50635,2009-09-17,,,,128.0,0.0,,0,31.212
NEG_000157,pseudo_negative,0,Arunachal Pradesh,27.873158,96.588338,2010-06-02,,,,2298.0,35.85,,0,20.438
NEG_000158,pseudo_negative,0,Arunachal Pradesh,27.907496,91.785787,2025-08-21,,,,3546.0,35.23,,0,35.349
NEG_000159,pseudo_negative,0,Arunachal Pradesh,28.108275,92.879238,2021-09-23,,,,4558.0,26.88,,0,53.327
NEG_000160,pseudo_negative,0,Arunachal Pradesh,27.907569,93.109039,2007-10-20,,,,2108.0,19.69,,0,25.683
NEG_000161,pseudo_negative,0,Arunachal Pradesh,27.895256,93.906067,2010-04-21,,,,691.0,31.4,,11,7.232
NEG_000162,pseudo_negative,0,Arunachal Pradesh,28.005156,94.765925,2018-05-21,,,,1095.0,13.44,,6,9.462
NEG_000163,pseudo_negative,0,Arunachal Pradesh,28.130169,95.047602,2022-06-26,,,,1148.0,31.69,,7,5.431
NEG_000164,pseudo_negative,0,Arunachal Pradesh,28.057486,95.700687,2007-11-09,,,,168.0,3.39,,0,18.124
NEG_000165,pseudo_negative,0,Arunachal Pradesh,27.94596,96.128978,2019-08-11,,,,231.0,0.0,,0,20.08
NEG_000166,pseudo_negative,0,Arunachal Pradesh,28.394538,92.339595,2019-06-09,,,,4206.0,20.85,,0,96.281
NEG_000167,pseudo_negative,0,Arunachal Pradesh,28.208827,92.698311,2009-08-31,,,,5400.0,38.62,,0,74.179
NEG_000168,pseudo_negative,0,Arunachal Pradesh,28.335769,93.207311,2015-07-29,,,,4192.0,29.42,,0,50.668
NEG_000169,pseudo_negative,0,Arunachal Pradesh,28.208148,93.813138,2006-05-03,,,,2222.0,25.63,,0,40.127
NEG_000170,pseudo_negative,0,Arunachal Pradesh,28.175831,94.490501,2026-06-20,,,,1948.0,32.71,,0,12.785
NEG_000171,pseudo_negative,0,Arunachal Pradesh,28.287353,95.428141,2026-07-24,,,,976.0,31.99,,0,11.758
NEG_000172,pseudo_negative,0,Arunachal Pradesh,28.249735,96.012038,2013-06-08,,,,2799.0,37.26,,23,7.222
NEG_000173,pseudo_negative,0,Arunachal Pradesh,28.422683,96.405881,2026-08-24,,,,4434.0,53.32,,0,22.509
NEG_000174,pseudo_negative,0,Arunachal Pradesh,28.628821,91.90415,2023-06-08,,,,4651.0,13.51,,0,114.454
NEG_000175,pseudo_negative,0,Arunachal Pradesh,28.490912,92.884754,2005-07-09,,,,4564.0,38.25,,0,80.825
NEG_000176,pseudo_negative,0,Arunachal Pradesh,28.667185,93.451044,2018-07-14,,,,5500.0,20.9,,0,85.223
NEG_000177,pseudo_negative,0,Arunachal Pradesh,28.723326,94.005668,2010-11-25,,,,3865.0,27.17,,0,36.757
NEG_000178,pseudo_negative,0,Arunachal Pradesh,28.665971,94.323573,2008-05-18,,,,1877.0,10.68,,0,15.41
NEG_000179,pseudo_negative,0,Arunachal Pradesh,28.628678,95.425738,2022-07-16,,,,2413.0,28.55,,0,25.765
NEG_000180,pseudo_negative,0,Arunachal Pradesh,28.457791,96.051126,2021-05-04,,,,2288.0,48.21,,0,14.273
NEG_000181,pseudo_negative,0,Arunachal Pradesh,28.516008,96.116973,2026-07-15,,,,3976.0,50.55,,0,23.26
NEG_000182,pseudo_negative,0,Arunachal Pradesh,28.811353,91.749474,2023-06-04,,,,4918.0,18.46,,0,135.288
NEG_000183,pseudo_negative,0,Arunachal Pradesh,28.741555,92.775093,2014-06-07,,,,5125.0,24.54,,0,109.914
NEG_000184,pseudo_negative,0,Arunachal Pradesh,28.833938,93.222404,2008-05-01,,,,4879.0,32.33,,0,104.48
NEG_000185,pseudo_negative,0,Arunachal Pradesh,28.963717,93.58641,2007-07-16,,,,4882.0,33.37,,0,85.538
NEG_000186,pseudo_negative,0,Arunachal Pradesh,28.817036,94.476832,2017-09-24,,,,3793.0,45.21,,0,30.084
NEG_000187,pseudo_negative,0,Arunachal Pradesh,28.796891,95.0317,2018-07-08,,,,2109.0,40.36,,0,10.345
NEG_000188,pseudo_negative,0,Arunachal Pradesh,28.914007,95.595657,2021-11-10,,,,3093.0,16.72,,0,21.456
NEG_000189,pseudo_negative,0,Arunachal Pradesh,28.738244,96.363061,2024-05-23,,,,4214.0,21.26,,0,39.709
NEG_000190,pseudo_negative,0,Arunachal Pradesh,26.799417,91.803796,2005-01-29,,,,166.0,2.37,,0,33.038
NEG_000191,pseudo_negative,0,Arunachal Pradesh,26.83845,92.359855,2008-08-04,,,,132.0,2.37,,0,24.209
NEG_000192,pseudo_negative,0,Arunachal Pradesh,26.853215,93.317419,2010-10-19,,,,92.0,0.0,,0,12.055
NEG_000193,pseudo_negative,0,Arunachal Pradesh,26.787611,94.116977,2016-05-20,,,,83.0,5.3,,0,30.432
NEG_000194,pseudo_negative,0,Arunachal Pradesh,27.000346,94.740931,2011-11-08,,,,95.0,2.38,,0,29.153
NEG_000195,pseudo_negative,0,Arunachal Pradesh,26.91215,95.206618,2025-06-30,,,,567.0,30.69,,0,12.979
NEG_000196,pseudo_negative,0,Arunachal Pradesh,27.011485,95.651784,2017-08-25,,,,1431.0,39.45,,18,6.723
NEG_000197,pseudo_negative,0,Arunachal Pradesh,26.846213,96.333957,2018-05-10,,,,509.0,18.88,,0,52.204
NEG_000198,pseudo_negative,0,Arunachal Pradesh,27.071488,91.933474,2013-05-01,,,,1677.0,39.3,,0,27.351
NEG_000199,pseudo_negative,0,Arunachal Pradesh,27.26405,92.781258,2011-06-23,,,,2008.0,17.37,,4,2.953
NEG_000200,pseudo_negative,0,Arunachal Pradesh,27.309697,93.332748,2010-05-04,,,,1865.0,18.56,,0,16.361
NEG_000201,pseudo_negative,0,Arunachal Pradesh,27.255163,93.693322,2022-12-16,,,,1111.0,19.7,,24,2.744
NEG_000202,pseudo_negative,0,Arunachal Pradesh,27.064336,94.218597,2017-08-31,,,,80.0,6.05,,0,39.192
NEG_000203,pseudo_negative,0,Arunachal Pradesh,27.098371,95.389596,2007-07-28,,,,196.0,11.63,,0,13.927
NEG_000204,pseudo_negative,0,Arunachal Pradesh,27.235418,95.623634,2020-08-02,,,,239.0,11.64,,1,9.469
NEG_000205,pseudo_negative,0,Arunachal Pradesh,27.144852,96.489363,2026-04-26,,,,849.0,9.0,,0,31.675
NEG_000206,pseudo_negative,0,Arunachal Pradesh,27.582158,92.498317,2018-07-19,,,,2362.0,39.08,,0,31.097
NEG_000207,pseudo_negative,0,Arunachal Pradesh,27.449863,93.384918,2016-07-23,,,,2822.0,12.0,,0,19.349
NEG_000208,pseudo_negative,0,Arunachal Pradesh,27.550182,94.197949,2008-07-13,,,,628.0,29.01,,0,26.9
NEG_000209,pseudo_negative,0,Arunachal Pradesh,27.343607,94.703907,2012-06-16,,,,96.0,0.0,,0,35.426
NEG_000210,pseudo_negative,0,Arunachal Pradesh,27.366205,95.384835,2019-08-13,,,,131.0,1.69,,0,17.321
NEG_000211,pseudo_negative,0,Arunachal Pradesh,27.38152,96.052231,2010-05-06,,,,479.0,16.42,,3,9.197
NEG_000212,pseudo_negative,0,Arunachal Pradesh,27.57803,96.644375,2010-07-07,,,,1308.0,35.41,,0,24.072
NEG_000213,pseudo_negative,0,Arunachal Pradesh,27.820207,92.264644,2019-07-12,,,,5269.0,18.3,,0,38.019
NEG_000214,pseudo_negative,0,Arunachal Pradesh,27.822484,92.795606,2016-07-25,,,,2498.0,37.15,,0,32.577
NEG_000215,pseudo_negative,0,Arunachal Pradesh,27.646053,93.525852,2020-09-26,,,,2566.0,21.51,,0,10.5
NEG_000216,pseudo_negative,0,Arunachal Pradesh,27.644737,93.712906,2014-04-23,,,,1293.0,16.46,,5,7.448
NEG_000217,pseudo_negative,0,Arunachal Pradesh,27.888256,94.443097,2022-11-22,,,,359.0,5.35,,0,14.473
NEG_000218,pseudo_negative,0,Arunachal Pradesh,27.726366,95.029609,2012-07-19,,,,112.0,0.0,,0,10.014
NEG_000219,pseudo_negative,0,Arunachal Pradesh,27.730384,95.828223,2017-07-29,,,,130.0,1.69,,0,49.018
NEG_000220,pseudo_negative,0,Arunachal Pradesh,27.671565,96.311032,2012-05-13,,,,396.0,8.4,,0,23.092
NEG_000221,pseudo_negative,0,Arunachal Pradesh,27.939113,92.143975,2006-11-11,,,,5195.0,33.25,,0,42.16
NEG_000222,pseudo_negative,0,Arunachal Pradesh,27.961468,92.401971,2015-10-24,,,,4875.0,41.6,,0,58.695
NEG_000223,pseudo_negative,0,Arunachal Pradesh,27.971027,93.088836,2026-07-06,,,,2286.0,40.73,,0,28.66
NEG_000224,pseudo_negative,0,Arunachal Pradesh,28.023727,93.747177,2007-07-02,,,,1189.0,31.93,,0,26.968
NEG_000225,pseudo_negative,0,Arunachal Pradesh,28.159676,94.614554,2019-05-16,,,,1007.0,21.77,,3,2.618
NEG_000226,pseudo_negative,0,Arunachal Pradesh,27.963916,95.014442,2011-10-24,,,,545.0,16.58,,1,6.021
NEG_000227,pseudo_negative,0,Arunachal Pradesh,28.1437,96.066563,2018-11-30,,,,1850.0,20.16,,0,17.644
NEG_000228,pseudo_negative,0,Arunachal Pradesh,27.913899,96.161966,2025-07-10,,,,206.0,3.39,,0,16.626
NEG_000229,pseudo_negative,0,Arunachal Pradesh,28.197794,92.244365,2021-07-20,,,,4568.0,28.63,,0,72.505
NEG_000230,pseudo_negative,0,Arunachal Pradesh,28.216717,92.498062,2014-10-05,,,,3939.0,24.74,,0,85.231
NEG_000231,pseudo_negative,0,Arunachal Pradesh,28.332727,93.420725,2021-06-09,,,,3558.0,36.29,,0,47.978
NEG_000232,pseudo_negative,0,Arunachal Pradesh,28.283053,94.058852,2005-05-24,,,,1487.0,29.17,,0,16.499
NEG_000233,pseudo_negative,0,Arunachal Pradesh,28.431676,94.283398,2010-05-28,,,,3381.0,22.82,,0,11.003
NEG_000234,pseudo_negative,0,Arunachal Pradesh,28.244196,95.357951,2018-07-06,,,,1286.0,12.75,,0,11.142
NEG_000235,pseudo_negative,0,Arunachal Pradesh,28.295516,95.606245,2024-10-23,,,,859.0,44.35,,50,2.887
NEG_000236,pseudo_negative,0,Arunachal Pradesh,28.413132,96.287444,2016-05-17,,,,3516.0,41.83,,0,30.387
NEG_000237,pseudo_negative,0,Arunachal Pradesh,28.515657,91.818147,2005-11-29,,,,4898.0,17.27,,0,101.997
NEG_000238,pseudo_negative,0,Arunachal Pradesh,28.663138,92.66269,2011-07-16,,,,5154.0,14.93,,0,109.264
NEG_000239,pseudo_negative,0,Arunachal Pradesh,28.596456,93.233583,2012-05-05,,,,5115.0,10.27,,0,78.221
NEG_000240,pseudo_negative,0,Arunachal Pradesh,28.71157,93.88577,2023-05-30,,,,3503.0,38.68,,0,46.12
NEG_000241,pseudo_negative,0,Arunachal Pradesh,28.601399,94.337606,2008-04-08,,,,2394.0,21.79,,1,8.618
NEG_000242,pseudo_negative,0,Arunachal Pradesh,28.480807,95.401766,2005-08-10,,,,2396.0,28.22,,0,16.186
NEG_000243,pseudo_negative,0,Arunachal Pradesh,28.576641,95.702873,2016-05-17,,,,2216.0,33.41,,0,14.941
NEG_000244,pseudo_negative,0,Arunachal Pradesh,28.721638,96.585676,2022-07-23,,,,3725.0,31.83,,0,45.132
NEG_000245,pseudo_negative,0,Arunachal Pradesh,28.767129,92.290981,2020-05-11,,,,4789.0,10.15,,0,134.395
NEG_000246,pseudo_negative,0,Arunachal Pradesh,28.819615,92.835032,2019-08-20,,,,3914.0,12.27,,0,114.556
NEG_000247,pseudo_negative,0,Arunachal Pradesh,28.944573,93.094979,2009-07-29,,,,4487.0,24.16,,0,118.865
NEG_000248,pseudo_negative,0,Arunachal Pradesh,28.901754,93.587079,2017-05-31,,,,5039.0,18.68,,0,81.794
NEG_000249,pseudo_negative,0,Arunachal Pradesh,28.74198,94.493603,2022-05-04,,,,3679.0,44.77,,0,25.084
NEG_000250,pseudo_negative,0,Arunachal Pradesh,28.89989,95.075556,2008-06-28,,,,1298.0,20.53,,0,21.041
NEG_000251,pseudo_negative,0,Arunachal Pradesh,28.925893,95.740634,2011-08-21,,,,2183.0,18.82,,4,7.856
NEG_000252,pseudo_negative,0,Arunachal Pradesh,28.85572,96.66771,2016-05-11,,,,3305.0,38.79,,0,60.17
NEG_000253,pseudo_negative,0,Arunachal Pradesh,26.974081,92.244496,2017-07-02,,,,834.0,17.33,,0,15.295
NEG_000254,pseudo_negative,0,Arunachal Pradesh,27.033453,92.807114,2011-07-31,,,,187.0,15.57,,1,9.08
NEG_000255,pseudo_negative,0,Arunachal Pradesh,26.969069,93.151343,2012-06-29,,,,261.0,11.95,,0,10.792
NEG_000256,pseudo_negative,0,Arunachal Pradesh,26.990812,93.83665,2024-08-18,,,,86.0,3.36,,0,12.774
NEG_000257,pseudo_negative,0,Arunachal Pradesh,26.927236,94.773055,2012-08-13,,,,93.0,4.75,,0,20.457
NEG_000258,pseudo_negative,0,Arunachal Pradesh,26.881108,95.085038,2015-05-14,,,,160.0,4.74,,39,3.953
NEG_000259,pseudo_negative,0,Arunachal Pradesh,26.811699,95.86914,2007-08-21,,,,757.0,40.64,,0,28.751
NEG_000260,pseudo_negative,0,Arunachal Pradesh,26.791772,96.27949,2022-09-06,,,,478.0,32.76,,0,56.792
NEG_000261,pseudo_negative,0,Arunachal Pradesh,27.301559,91.871336,2025-05-21,,,,3476.0,19.52,,0,23.228
NEG_000262,pseudo_negative,0,Arunachal Pradesh,27.139423,92.426708,2011-08-09,,,,2850.0,22.98,,0,11.338
NEG_000263,pseudo_negative,0,Arunachal Pradesh,27.315321,93.089106,2026-08-17,,,,1261.0,29.06,,61,1.601
NEG_000264,pseudo_negative,0,Arunachal Pradesh,27.327117,93.965485,2021-08-08,,,,290.0,29.53,,0,14.137
NEG_000265,pseudo_negative,0,Arunachal Pradesh,27.151979,94.816043,2016-08-13,,,,95.0,2.38,,0,42.772
NEG_000266,pseudo_negative,0,Arunachal Pradesh,27.069658,95.079998,2020-08-28,,,,102.0,3.36,,0,24.855
NEG_000267,pseudo_negative,0,Arunachal Pradesh,27.186166,96.036284,2023-06-26,,,,1930.0,24.72,,2,9.186
NEG_000268,pseudo_negative,0,Arunachal Pradesh,27.214027,96.381152,2014-06-19,,,,1121.0,0.0,,0,18.501
NEG_000269,pseudo_negative,0,Arunachal Pradesh,27.407781,92.286004,2025-10-29,,,,1573.0,3.37,,8,6.203
NEG_000270,pseudo_negative,0,Arunachal Pradesh,27.611046,92.804233,2026-08-24,,,,1926.0,32.03,,0,15.01
NEG_000271,pseudo_negative,0,Arunachal Pradesh,27.473248,93.247211,2020-08-08,,,,1888.0,37.5,,0,21.834
NEG_000272,pseudo_negative,0,Arunachal Pradesh,27.420275,93.746162,2015-06-18,,,,821.0,27.99,,0,10.591
NEG_000273,pseudo_negative,0,Arunachal Pradesh,27.400761,94.716377,2011-05-27,,,,101.0,4.77,,0,29.101
NEG_000274,pseudo_negative,0,Arunachal Pradesh,27.342233,95.040192,2014-09-24,,,,119.0,3.37,,0,23.103
NEG_000275,pseudo_negative,0,Arunachal Pradesh,27.378461,95.935665,2018-06-04,,,,171.0,0.0,,0,10.12
NEG_000276,pseudo_negative,0,Arunachal Pradesh,27.616697,96.196085,2025-07-05,,,,550.0,34.68,,0,25.531
NEG_000277,pseudo_negative,0,Arunachal Pradesh,27.788685,92.298599,2011-05-31,,,,5128.0,32.61,,0,37.62
NEG_000278,pseudo_negative,0,Arunachal Pradesh,27.655297,92.832716,2010-11-09,,,,1766.0,21.06,,0,16.092
NEG_000279,pseudo_negative,0,Arunachal Pradesh,27.800811,93.032648,2020-05-26,,,,1922.0,35.46,,0,25.396
NEG_000280,pseudo_negative,0,Arunachal Pradesh,27.73436,93.92945,2010-08-16,,,,1142.0,21.08,,20,2.493
NEG_000281,pseudo_negative,0,Arunachal Pradesh,27.797829,94.825952,2005-07-31,,,,724.0,42.53,,17,6.591
NEG_000282,pseudo_negative,0,Arunachal Pradesh,27.643445,95.284085,2007-06-30,,,,118.0,1.69,,0,21.086
NEG_000283,pseudo_negative,0,Arunachal Pradesh,27.744803,95.718019,2009-08-02,,,,133.0,0.0,,0,48.742
NEG_000284,pseudo_negative,0,Arunachal Pradesh,27.714931,96.566472,2019-09-25,,,,1789.0,24.83,,0,26.797
NEG_000285,pseudo_negative,0,Arunachal Pradesh,28.009396,91.91795,2010-09-23,,,,4513.0,3.39,,0,45.73
NEG_000286,pseudo_negative,0,Arunachal Pradesh,28.030053,92.896407,2010-10-05,,,,3300.0,34.06,,0,48.631
NEG_000287,pseudo_negative,0,Arunachal Pradesh,27.920621,93.058599,2011-05-17,,,,2253.0,63.91,,0,30.693
NEG_000288,pseudo_negative,0,Arunachal Pradesh,27.908633,93.585965,2006-09-14,,,,2065.0,30.28,,0,11.625
NEG_000289,pseudo_negative,0,Arunachal Pradesh,27.903657,94.614391,2021-05-26,,,,1014.0,39.17,,7,8.916
NEG_000290,pseudo_negative,0,Arunachal Pradesh,27.93468,95.366869,2010-07-26,,,,140.0,1.7,,0,13.803
NEG_000291,pseudo_negative,0,Arunachal Pradesh,28.120869,95.511292,2014-08-13,,,,220.0,2.4,,16,6.88
NEG_000292,pseudo_negative,0,Arunachal Pradesh,27.965305,96.544596,2009-08-16,,,,2469.0,29.34,,0,11.58
NEG_000293,pseudo_negative,0,Arunachal Pradesh,28.29962,91.946814,2014-05-07,,,,4748.0,0.0,,0,78.125
NEG_000294,pseudo_negative,0,Arunachal Pradesh,28.379046,92.414415,2021-05-03,,,,4112.0,17.83,,0,97.715
NEG_000295,pseudo_negative,0,Arunachal Pradesh,28.219496,93.475503,2006-12-13,,,,2476.0,50.05,,0,36.261
NEG_000296,pseudo_negative,0,Arunachal Pradesh,28.208935,93.992557,2008-06-14,,,,1438.0,38.09,,0,22.675
NEG_000297,pseudo_negative,0,Arunachal Pradesh,28.413273,94.815712,2026-05-28,,,,1465.0,53.25,,0,11.78
NEG_000298,pseudo_negative,0,Arunachal Pradesh,28.232083,95.239399,2025-08-09,,,,739.0,36.68,,22,2.223
NEG_000299,pseudo_negative,0,Arunachal Pradesh,28.400385,96.518572,2015-05-01,,,,4286.0,75.91,,0,13.267
NEG_000300,pseudo_negative,0,Arunachal Pradesh,28.614454,92.020464,2018-07-09,,,,4797.0,8.48,,0,113.709
NEG_000301,pseudo_negative,0,Arunachal Pradesh,28.657752,92.855052,2012-06-17,,,,4996.0,19.24,,0,97.889
NEG_000302,pseudo_negative,0,Arunachal Pradesh,28.522829,93.287973,2008-07-10,,,,4327.0,30.78,,0,69.35
NEG_000303,pseudo_negative,0,Arunachal Pradesh,28.635249,93.626785,2012-05-01,,,,3778.0,27.81,,0,67.717
NEG_000304,pseudo_negative,0,Arunachal Pradesh,28.695581,94.610676,2022-11-06,,,,2242.0,18.44,,0,17.099
NEG_000305,pseudo_negative,0,Arunachal Pradesh,28.578009,95.127337,2023-05-30,,,,1201.0,20.65,,23,1.892
NEG_000306,pseudo_negative,0,Arunachal Pradesh,28.507454,95.818259,2015-08-07,,,,472.0,36.72,,29,1.334
NEG_000307,pseudo_negative,0,Arunachal Pradesh,28.507154,96.13791,2014-07-07,,,,4024.0,26.81,,0,24.376
NEG_000308,pseudo_negative,0,Arunachal Pradesh,28.773571,91.801608,2019-06-26,,,,5227.0,17.61,,0,130.721
NEG_000309,pseudo_negative,0,Arunachal Pradesh,28.824698,92.37479,2016-05-12,,,,4697.0,17.83,,0,141.364
NEG_000310,pseudo_negative,0,Arunachal Pradesh,28.893854,93.090892,2022-11-27,,,,4774.0,27.56,,0,113.476
NEG_000311,pseudo_negative,0,Arunachal Pradesh,28.752439,93.652514,2006-08-04,,,,4143.0,19.83,,0,68.798
NEG_000312,pseudo_negative,0,Arunachal Pradesh,28.75857,94.738995,2026-09-23,,,,1397.0,29.39,,7,7.308
NEG_000313,pseudo_negative,0,Arunachal Pradesh,28.870474,95.45147,2014-06-02,,,,2693.0,34.32,,0,36.284
NEG_000314,pseudo_negative,0,Arunachal Pradesh,28.814501,96.044196,2006-09-18,,,,3765.0,32.21,,3,8.191
NEG_000315,pseudo_negative,0,Arunachal Pradesh,28.771966,96.685501,2012-07-16,,,,3113.0,56.68,,0,51.102
NEG_000316,pseudo_negative,0,Arunachal Pradesh,27.055163,91.954801,2022-08-13,,,,1448.0,43.45,,0,24.586
NEG_000317,pseudo_negative,0,Arunachal Pradesh,26.821759,92.540295,2009-05-06,,,,95.0,1.68,,0,18.855
NEG_000318,pseudo_negative,0,Arunachal Pradesh,27.026158,93.329946,2017-06-11,,,,493.0,24.15,,0,11.309
NEG_000319,pseudo_negative,0,Arunachal Pradesh,26.905798,93.979861,2013-11-28,,,,84.0,0.0,,0,26.945
NEG_000320,pseudo_negative,0,Arunachal Pradesh,26.894713,94.413284,2010-07-14,,,,90.0,2.38,,0,26.414
NEG_000321,pseudo_negative,0,Arunachal Pradesh,26.914188,95.241068,2012-06-17,,,,583.0,24.54,,1,9.801
NEG_000322,pseudo_negative,0,Arunachal Pradesh,26.882041,95.689263,2016-05-03,,,,1828.0,27.69,,0,12.628
NEG_000323,pseudo_negative,0,Arunachal Pradesh,26.986549,96.318435,2023-07-07,,,,588.0,35.63,,0,36.658
NEG_000324,pseudo_negative,0,Arunachal Pradesh,27.272456,91.878024,2016-11-25,,,,3125.0,37.69,,0,26.506
NEG_000325,pseudo_negative,0,Arunachal Pradesh,27.228661,92.756886,2026-11-02,,,,1385.0,48.26,,3,2.925
NEG_000326,pseudo_negative,0,Arunachal Pradesh,27.171916,93.53826,2025-01-18,,,,1652.0,34.57,,13,6.734
NEG_000327,pseudo_negative,0,Arunachal Pradesh,27.073899,94.009293,2025-04-17,,,,85.0,3.76,,0,18.536
NEG_000328,pseudo_negative,0,Arunachal Pradesh,27.269111,94.738847,2010-07-16,,,,96.0,0.0,,0,43.854
NEG_000329,pseudo_negative,0,Arunachal Pradesh,27.064742,95.3207,2025-10-11,,,,218.0,14.0,,0,14.095
NEG_000330,pseudo_negative,0,Arunachal Pradesh,27.166537,95.805375,2006-05-09,,,,424.0,29.6,,19,3.087
NEG_000331,pseudo_negative,0,Arunachal Pradesh,27.27782,96.385365,2009-11-17,,,,1273.0,13.35,,0,16.16
NEG_000332,pseudo_negative,0,Arunachal Pradesh,27.606996,92.250495,2023-08-06,,,,4220.0,35.37,,0,18.859
NEG_000333,pseudo_negative,0,Arunachal Pradesh,27.583337,92.57353,2007-09-04,,,,2808.0,32.92,,0,34.815
NEG_000334,pseudo_negative,0,Arunachal Pradesh,27.473568,93.314419,2019-08-31,,,,2864.0,31.8,,0,25.861
NEG_000335,pseudo_negative,0,Arunachal Pradesh,27.457843,93.816006,2007-05-13,,,,1191.0,38.43,,0,13.166
NEG_000336,pseudo_negative,0,Arunachal Pradesh,27.560243,94.729864,2006-06-09,,,,111.0,3.38,,0,11.649
NEG_000337,pseudo_negative,0,Arunachal Pradesh,27.582281,94.845831,2025-07-17,,,,107.0,2.39,,0,16.67
NEG_000338,pseudo_negative,0,Arunachal Pradesh,27.531269,95.555272,2018-06-21,,,,133.0,4.77,,0,32.393
NEG_000339,pseudo_negative,0,Arunachal Pradesh,27.511493,96.101136,2017-07-15,,,,197.0,4.77,,0,23.097
NEG_000340,pseudo_negative,0,Arunachal Pradesh,27.676435,91.804679,2017-06-06,,,,3684.0,18.62,,1,9.735
NEG_000341,pseudo_negative,0,Arunachal Pradesh,27.643891,92.930209,2009-09-13,,,,2131.0,23.9,,5,8.81
NEG_000342,pseudo_negative,0,Arunachal Pradesh,27.886925,93.013278,2017-10-21,,,,2367.0,34.62,,0,34.788
NEG_000343,pseudo_negative,0,Arunachal Pradesh,27.792719,93.852767,2007-05-14,,,,946.0,20.51,,4,7.037
NEG_000344,pseudo_negative,0,Arunachal Pradesh,27.765128,94.826886,2015-05-30,,,,332.0,11.22,,4,9.552
NEG_000345,pseudo_negative,0,Arunachal Pradesh,27.812537,95.018795,2016-05-28,,,,278.0,34.46,,2,6.232
NEG_000346,pseudo_negative,0,Arunachal Pradesh,27.876251,95.974978,2025-05-04,,,,171.0,4.79,,0,35.316
NEG_000347,pseudo_negative,0,Arunachal Pradesh,27.848236,96.173151,2020-11-17,,,,198.0,7.54,,0,17.324
NEG_000348,pseudo_negative,0,Arunachal Pradesh,28.051152,91.965075,2022-05-14,,,,4664.0,20.67,,0,50.944
NEG_000349,pseudo_negative,0,Arunachal Pradesh,28.162284,92.5338,2022-05-06,,,,4680.0,26.78,,0,78.246
NEG_000350,pseudo_negative,0,Arunachal Pradesh,28.161072,93.021715,2019-08-27,,,,4278.0,10.23,,0,44.632
NEG_000351,pseudo_negative,0,Arunachal Pradesh,28.123865,94.193267,2018-11-26,,,,939.0,18.35,,0,11.858
NEG_000352,pseudo_negative,0,Arunachal Pradesh,28.045123,95.169304,2026-11-27,,,,1043.0,12.07,,2,6.618
NEG_000353,pseudo_negative,0,Arunachal Pradesh,28.089199,95.754232,2015-06-14,,,,191.0,3.39,,0,11.959
NEG_000354,pseudo_negative,0,Arunachal Pradesh,27.994147,96.319936,2007-05-03,,,,1245.0,30.68,,19,8.219
NEG_000355,pseudo_negative,0,Arunachal Pradesh,28.386905,91.995484,2009-08-29,,,,4794.0,18.6,,0,88.303
NEG_000356,pseudo_negative,0,Arunachal Pradesh,28.180679,92.438456,2023-11-07,,,,4166.0,36.4,,0,79.908
NEG_000357,pseudo_negative,0,Arunachal Pradesh,28.231503,93.284136,2019-11-29,,,,3100.0,26.95,,0,37.453
NEG_000358,pseudo_negative,0,Arunachal Pradesh,28.236392,93.616224,2012-05-05,,,,1842.0,19.68,,0,42.717
NEG_000359,pseudo_negative,0,Arunachal Pradesh,28.224973,94.562284,2013-07-29,,,,953.0,35.84,,0,11.23
NEG_000360,pseudo_negative,0,Arunachal Pradesh,28.392642,95.838194,2019-11-26,,,,1578.0,26.0,,26,5.273
NEG_000361,pseudo_negative,0,Arunachal Pradesh,28.267281,96.132569,2015-07-08,,,,2087.0,30.62,,0,15.29
NEG_000362,pseudo_negative,0,Arunachal Pradesh,28.709754,91.953293,2012-07-24,,,,5012.0,9.58,,0,123.652
NEG_000363,pseudo_negative,0,Arunachal Pradesh,28.49849,92.540077,2009-08-21,,,,4846.0,19.21,,0,104.875
NEG_000364,pseudo_negative,0,Arunachal Pradesh,28.568263,93.105372,2021-05-23,,,,3585.0,42.24,,0,78.356
NEG_000365,pseudo_negative,0,Arunachal Pradesh,28.707255,93.702637,2023-07-04,,,,4703.0,34.23,,0,62.497
NEG_000366,pseudo_negative,0,Arunachal Pradesh,28.591743,94.524692,2025-12-14,,,,2546.0,46.62,,1,9.439
NEG_000367,pseudo_negative,0,Arunachal Pradesh,28.58253,95.128492,2025-05-14,,,,1082.0,23.1,,23,2.129
NEG_000368,pseudo_negative,0,Arunachal Pradesh,28.612072,95.595479,2020-05-20,,,,2935.0,31.8,,0,25.15
NEG_000369,pseudo_negative,0,Arunachal Pradesh,28.719639,96.368189,2015-07-28,,,,4439.0,25.03,,0,40.967
NEG_000370,pseudo_negative,0,Arunachal Pradesh,28.741501,92.229682,2020-09-20,,,,5032.0,13.82,,0,130.334
NEG_000371,pseudo_negative,0,Arunachal Pradesh,28.843366,92.737577,2009-08-27,,,,4198.0,43.5,,0,121.479
NEG_000372,pseudo_negative,0,Arunachal Pradesh,28.821074,93.375522,2022-11-21,,,,4301.0,37.52,,0,96.766
NEG_000373,pseudo_negative,0,Arunachal Pradesh,28.827509,93.850311,2018-07-26,,,,4175.0,31.62,,0,55.819
NEG_000374,pseudo_negative,0,Arunachal Pradesh,28.928771,94.494504,2016-08-07,,,,2112.0,18.48,,0,31.257
NEG_000375,pseudo_negative,0,Arunachal Pradesh,28.761114,94.954551,2013-08-20,,,,1404.0,31.12,,15,4.249
NEG_000376,pseudo_negative,0,Arunachal Pradesh,28.972557,95.62326,2017-11-04,,,,3579.0,20.54,,0,18.058
NEG_000377,pseudo_negative,0,Arunachal Pradesh,28.767557,96.199245,2013-07-10,,,,3088.0,17.82,,0,23.813
NEG_000378,pseudo_negative,0,Arunachal Pradesh,27.030777,92.191285,2008-05-22,,,,1406.0,15.15,,0,17.072
NEG_000379,pseudo_negative,0,Arunachal Pradesh,26.88535,92.638248,2022-05-05,,,,103.0,1.68,,11,8.577
NEG_000380,pseudo_negative,0,Arunachal Pradesh,26.871684,93.042256,2020-08-18,,,,94.0,0.0,,0,22.951
NEG_000381,pseudo_negative,0,Arunachal Pradesh,26.805664,93.885205,2010-08-25,,,,83.0,0.0,,0,33.836
NEG_000382,pseudo_negative,0,Arunachal Pradesh,27.012015,94.487363,2014-05-26,,,,90.0,2.38,,0,36.405
NEG_000383,pseudo_negative,0,Arunachal Pradesh,26.886217,94.940711,2010-06-15,,,,132.0,4.74,,0,11.073
NEG_000384,pseudo_negative,0,Arunachal Pradesh,26.853018,95.921622,2008-05-10,,,,1399.0,33.77,,0,27.966
NEG_000385,pseudo_negative,0,Arunachal Pradesh,26.822545,96.349396,2020-06-10,,,,352.0,6.89,,0,55.103
NEG_000386,pseudo_negative,0,Arunachal Pradesh,27.12858,92.19291,2006-07-29,,,,2652.0,8.36,,0,24.927
NEG_000387,pseudo_negative,0,Arunachal Pradesh,27.24129,92.880307,2018-08-31,,,,672.0,38.08,,0,12.15
NEG_000388,pseudo_negative,0,Arunachal Pradesh,27.309631,93.528738,2016-07-25,,,,1656.0,28.39,,7,3.011
NEG_000389,pseudo_negative,0,Arunachal Pradesh,27.195376,94.51605,2015-07-13,,,,96.0,2.38,,0,54.789
NEG_000390,pseudo_negative,0,Arunachal Pradesh,27.216135,95.351809,2026-05-04,,,,122.0,2.38,,0,27.434
NEG_000391,pseudo_negative,0,Arunachal Pradesh,27.338721,96.619675,2007-06-27,,,,1548.0,12.64,,0,21.255
NEG_000392,pseudo_negative,0,Arunachal Pradesh,27.451385,91.884663,2023-11-19,,,,3372.0,40.2,,2,6.83
NEG_000393,pseudo_negative,0,Arunachal Pradesh,27.435595,92.687184,2018-05-10,,,,2118.0,36.06,,0,15.827
NEG_000394,pseudo_negative,0,Arunachal Pradesh,27.394206,92.999088,2018-06-29,,,,897.0,23.03,,28,1.293
NEG_000395,pseudo_negative,0,Arunachal Pradesh,27.571145,94.00986,2019-05-06,,,,2523.0,20.3,,0,15.628
NEG_000396,pseudo_negative,0,Arunachal Pradesh,27.565016,94.373092,2025-05-29,,,,401.0,26.69,,0,33.072
NEG_000397,pseudo_negative,0,Arunachal Pradesh,27.52783,95.338024,2014-05-08,,,,120.0,0.0,,0,12.818
NEG_000398,pseudo_negative,0,Arunachal Pradesh,27.607256,95.618286,2005-07-14,,,,139.0,1.69,,0,41.153
NEG_000399,pseudo_negative,0,Arunachal Pradesh,27.410226,96.559204,2018-06-24,,,,1486.0,8.38,,0,12.149
NEG_000400,pseudo_negative,0,Arunachal Pradesh,27.848351,91.850412,2019-07-01,,,,4452.0,17.75,,0,27.753
NEG_000401,pseudo_negative,0,Arunachal Pradesh,27.89237,92.364438,2009-07-07,,,,4859.0,34.87,,0,50.641
NEG_000402,pseudo_negative,0,Arunachal Pradesh,27.841377,93.01845,2008-08-13,,,,2316.0,25.08,,0,29.755
NEG_000403,pseudo_negative,0,Arunachal Pradesh,27.719973,93.703217,2008-06-06,,,,1103.0,19.84,,3,7.708
NEG_000404,pseudo_negative,0,Arunachal Pradesh,27.749846,94.744868,2016-08-20,,,,615.0,42.56,,28,2.711
NEG_000405,pseudo_negative,0,Arunachal Pradesh,27.889298,95.087334,2019-11-13,,,,286.0,26.39,,2,6.809
NEG_000406,pseudo_negative,0,Arunachal Pradesh,27.685172,95.907945,2006-05-24,,,,152.0,1.69,,0,43.537
NEG_000407,pseudo_negative,0,Arunachal Pradesh,27.746748,96.201048,2008-07-06,,,,240.0,1.69,,0,21.127
NEG_000408,pseudo_negative,0,Arunachal Pradesh,27.974161,92.213398,2009-09-28,,,,5371.0,33.66,,0,48.685
NEG_000409,pseudo_negative,0,Arunachal Pradesh,27.967681,92.511062,2007-05-08,,,,4673.0,29.91,,0,62.802
NEG_000410,pseudo_negative,0,Arunachal Pradesh,28.155374,93.213337,2025-10-07,,,,1443.0,34.14,,0,31.979
NEG_000411,pseudo_negative,0,Arunachal Pradesh,28.004558,93.607507,2006-08-06,,,,1189.0,45.41,,0,20.466
NEG_000412,pseudo_negative,0,Arunachal Pradesh,28.110818,94.339609,2013-10-29,,,,861.0,26.28,,0,16.742
NEG_000413,pseudo_negative,0,Arunachal Pradesh,28.12895,94.972656,2016-10-02,,,,1470.0,32.04,,3,7.162
NEG_000414,pseudo_negative,0,Arunachal Pradesh,27.978694,95.838896,2016-05-24,,,,159.0,7.55,,0,21.412
NEG_000415,pseudo_negative,0,Arunachal Pradesh,28.110246,96.660519,2007-07-23,,,,2295.0,36.27,,0,10.964
NEG_000416,pseudo_negative,0,Arunachal Pradesh,28.413714,92.046157,2026-09-23,,,,4459.0,24.05,,0,91.716
NEG_000417,pseudo_negative,0,Arunachal Pradesh,28.378454,92.519605,2014-05-04,,,,4285.0,16.64,,0,98.736
NEG_000418,pseudo_negative,0,Arunachal Pradesh,28.310198,93.277611,2016-06-18,,,,3668.0,31.5,,0,46.141
NEG_000419,pseudo_negative,0,Arunachal Pradesh,28.38885,94.154201,2022-08-08,,,,3496.0,31.52,,0,17.544
NEG_000420,pseudo_negative,0,Arunachal Pradesh,28.358687,94.533967,2022-09-06,,,,2101.0,24.04,,0,14.249
NEG_000421,pseudo_negative,0,Arunachal Pradesh,28.436962,95.280345,2022-11-28,,,,1088.0,25.5,,16,4.065
NEG_000422,pseudo_negative,0,Arunachal Pradesh,28.26843,95.850918,2019-12-15,,,,2154.0,38.75,,81,3.402
NEG_000423,pseudo_negative,0,Arunachal Pradesh,28.196916,96.332929,2018-05-28,,,,1868.0,20.7,,0,15.07
NEG_000424,pseudo_negative,0,Arunachal Pradesh,28.666027,91.956078,2018-11-30,,,,4663.0,10.68,,0,118.818
NEG_000425,pseudo_negative,0,Arunachal Pradesh,28.53131,92.819924,2009-08-11,,,,4078.0,43.57,,0,88.225
NEG_000426,pseudo_negative,0,Arunachal Pradesh,28.630217,93.479542,2025-05-01,,,,4538.0,21.41,,0,81.503
NEG_000427,pseudo_negative,0,Arunachal Pradesh,28.645015,93.93651,2018-05-16,,,,2995.0,37.86,,0,38.67
NEG_000428,pseudo_negative,0,Arunachal Pradesh,28.544313,94.746914,2021-06-01,,,,2479.0,35.79,,0,11.031
NEG_000429,pseudo_negative,0,Arunachal Pradesh,28.709603,94.862587,2012-05-24,,,,1669.0,35.65,,14,3.475
NEG_000430,pseudo_negative,0,Arunachal Pradesh,28.687854,95.918065,2021-05-28,,,,2368.0,33.7,,12,8.161
NEG_000431,pseudo_negative,0,Arunachal Pradesh,28.594995,96.56137,2022-05-08,,,,3158.0,9.12,,0,31.401
NEG_000432,pseudo_negative,0,Arunachal Pradesh,28.732321,92.314547,2014-08-23,,,,5053.0,6.14,,0,131.205
NEG_000433,pseudo_negative,0,Arunachal Pradesh,28.930826,92.671377,2007-07-15,,,,4609.0,15.75,,0,133.134
NEG_000434,pseudo_negative,0,Arunachal Pradesh,28.902149,93.088492,2005-09-27,,,,4574.0,31.36,,0,114.428
NEG_000435,pseudo_negative,0,Arunachal Pradesh,28.821597,93.945903,2007-11-05,,,,4450.0,26.92,,0,48.208
NEG_000436,pseudo_negative,0,Arunachal Pradesh,28.97483,94.782277,2023-05-11,,,,1417.0,32.25,,0,17.573
NEG_000437,pseudo_negative,0,Arunachal Pradesh,28.783439,94.886944,2009-05-04,,,,391.0,29.29,,17,2.729
NEG_000438,pseudo_negative,0,Arunachal Pradesh,28.998903,95.49965,2005-09-04,,,,3025.0,36.86,,0,30.304
NEG_000439,pseudo_negative,0,Arunachal Pradesh,28.885478,96.558348,2005-11-19,,,,4507.0,10.83,,0,56.016
NEG_000440,pseudo_negative,0,Arunachal Pradesh,26.963108,92.042837,2025-07-23,,,,811.0,43.39,,0,11.149
NEG_000441,pseudo_negative,0,Arunachal Pradesh,26.882133,92.631553,2006-09-06,,,,102.0,4.74,,10,9.313
NEG_000442,pseudo_negative,0,Arunachal Pradesh,26.858494,93.058603,2021-09-08,,,,90.0,1.68,,0,22.071
NEG_000443,pseudo_negative,0,Arunachal Pradesh,26.87774,94.012799,2019-05-27,,,,79.0,3.75,,0,31.381
NEG_000444,pseudo_negative,0,Arunachal Pradesh,26.998155,94.399837,2021-08-07,,,,84.0,2.38,,0,37.328
NEG_000445,pseudo_negative,0,Arunachal Pradesh,27.038246,95.014595,2026-06-18,,,,104.0,3.76,,0,22.263
NEG_000446,pseudo_negative,0,Arunachal Pradesh,26.939795,95.84073,2014-08-19,,,,1032.0,17.33,,0,15.436
NEG_000447,pseudo_negative,0,Arunachal Pradesh,26.823705,96.507992,2018-08-21,,,,486.0,6.03,,0,60.469
NEG_000448,pseudo_negative,0,Arunachal Pradesh,27.083738,91.995961,2006-05-13,,,,1604.0,51.76,,0,24.764
NEG_000449,pseudo_negative,0,Arunachal Pradesh,27.124806,92.614935,2023-05-24,,,,690.0,32.83,,32,1.857
NEG_000450,pseudo_negative,0,Arunachal Pradesh,27.293007,93.302841,2005-07-24,,,,2112.0,41.91,,0,19.222
NEG_000451,pseudo_negative,0,Arunachal Pradesh,27.201467,93.971499,2020-07-29,,,,101.0,0.0,,0,16.705
NEG_000452,pseudo_negative,0,Arunachal Pradesh,27.209626,94.583097,2026-05-23,,,,91.0,0.0,,0,51.688
NEG_000453,pseudo_negative,0,Arunachal Pradesh,27.206034,95.130761,2016-07-29,,,,112.0,0.0,,0,29.452
NEG_000454,pseudo_negative,0,Arunachal Pradesh,27.192917,96.052636,2016-05-14,,,,1612.0,6.05,,2,8.506
NEG_000455,pseudo_negative,0,Arunachal Pradesh,27.123296,96.135438,2017-07-01,,,,713.0,14.91,,0,17.798
NEG_000456,pseudo_negative,0,Arunachal Pradesh,27.553179,92.174425,2020-07-01,,,,4174.0,40.42,,2,9.275
NEG_000457,pseudo_negative,0,Arunachal Pradesh,27.382879,92.926322,2026-08-06,,,,1860.0,31.28,,14,8.501
NEG_000458,pseudo_negative,0,Arunachal Pradesh,27.430498,93.362466,2011-08-13,,,,3076.0,2.39,,0,19.122
NEG_000459,pseudo_negative,0,Arunachal Pradesh,27.404035,94.149617,2025-08-16,,,,122.0,2.39,,0,33.265
NEG_000460,pseudo_negative,0,Arunachal Pradesh,27.575468,94.830177,2022-05-07,,,,104.0,0.0,,0,15.837
NEG_000461,pseudo_negative,0,Arunachal Pradesh,27.409506,94.994579,2019-12-19,,,,106.0,0.0,,0,24.23
NEG_000462,pseudo_negative,0,Arunachal Pradesh,27.61439,95.781525,2012-10-20,,,,149.0,2.39,,0,40.441
NEG_000463,pseudo_negative,0,Arunachal Pradesh,27.598509,96.203101,2013-09-16,,,,665.0,2.39,,0,23.798
NEG_000464,pseudo_negative,0,Arunachal Pradesh,27.701047,91.991584,2010-11-30,,,,4446.0,30.71,,0,12.326
NEG_000465,pseudo_negative,0,Arunachal Pradesh,27.868008,92.837517,2026-06-09,,,,4139.0,25.51,,0,35.337
NEG_000466,pseudo_negative,0,Arunachal Pradesh,27.76864,93.312168,2008-08-16,,,,1504.0,9.5,,0,10.487
NEG_000467,pseudo_negative,0,Arunachal Pradesh,27.730158,94.052102,2022-06-11,,,,1168.0,28.48,,14,3.284
NEG_000468,pseudo_negative,0,Arunachal Pradesh,27.652314,94.325773,2016-07-27,,,,823.0,36.0,,0,25.826
NEG_000469,pseudo_negative,0,Arunachal Pradesh,27.680185,95.303697,2026-04-17,,,,119.0,2.39,,0,25.528
NEG_000470,pseudo_negative,0,Arunachal Pradesh,27.704691,95.563746,2010-05-21,,,,126.0,3.38,,0,42.472
NEG_000471,pseudo_negative,0,Arunachal Pradesh,27.635067,96.110376,2025-04-18,,,,473.0,12.99,,0,33.693
NEG_000472,pseudo_negative,0,Arunachal Pradesh,28.129064,91.8145,2016-07-19,,,,4715.0,20.15,,0,59.162
NEG_000473,pseudo_negative,0,Arunachal Pradesh,28.016648,92.38508,2014-11-25,,,,4838.0,27.37,,0,62.258
NEG_000474,pseudo_negative,0,Arunachal Pradesh,27.897061,93.074214,2018-07-29,,,,1583.0,47.52,,0,29.111
NEG_000475,pseudo_negative,0,Arunachal Pradesh,27.93556,93.711906,2022-08-21,,,,1669.0,24.33,,0,19.304
NEG_000476,pseudo_negative,0,Arunachal Pradesh,28.060008,94.801735,2024-06-15,,,,617.0,17.49,,2,8.313
NEG_000477,pseudo_negative,0,Arunachal Pradesh,28.026169,95.054846,2021-05-07,,,,1899.0,50.45,,1,8.535
NEG_000478,pseudo_negative,0,Arunachal Pradesh,27.991547,95.896485,2012-07-01,,,,183.0,6.1,,0,20.919
NEG_000479,pseudo_negative,0,Arunachal Pradesh,28.072354,96.456229,2018-09-24,,,,1575.0,59.82,,40,1.332
NEG_000480,pseudo_negative,0,Arunachal Pradesh,28.368029,91.78175,2024-08-15,,,,4696.0,7.19,,0,85.924
NEG_000481,pseudo_negative,0,Arunachal Pradesh,28.238942,92.366871,2024-07-07,,,,4346.0,22.0,,0,81.739
NEG_000482,pseudo_negative,0,Arunachal Pradesh,28.285566,93.073008,2008-11-25,,,,4089.0,39.34,,0,51.543
NEG_000483,pseudo_negative,0,Arunachal Pradesh,28.226697,94.164424,2016-11-01,,,,376.0,31.47,,2,5.798
NEG_000484,pseudo_negative,0,Arunachal Pradesh,28.434553,94.215778,2024-11-23,,,,3858.0,13.78,,0,13.844
NEG_000485,pseudo_negative,0,Arunachal Pradesh,28.421807,95.435302,2009-05-18,,,,2181.0,33.12,,0,18.372
NEG_000486,pseudo_negative,0,Arunachal Pradesh,28.406268,95.835728,2025-07-20,,,,959.0,36.72,,30,3.891
NEG_000487,pseudo_negative,0,Arunachal Pradesh,28.329297,96.171795,2019-05-23,,,,2947.0,35.7,,0,18.501
NEG_000488,pseudo_negative,0,Arunachal Pradesh,28.649962,92.246346,2016-07-15,,,,5236.0,14.29,,0,120.717
NEG_000489,pseudo_negative,0,Arunachal Pradesh,28.534326,92.943993,2007-06-22,,,,3997.0,34.81,,0,81.653
NEG_000490,pseudo_negative,0,Arunachal Pradesh,28.496275,93.099727,2021-11-14,,,,4327.0,39.98,,0,71.061
NEG_000491,pseudo_negative,0,Arunachal Pradesh,28.651171,93.71966,2025-06-26,,,,3955.0,36.37,,0,59.192
NEG_000492,pseudo_negative,0,Arunachal Pradesh,28.683731,94.358764,2017-11-19,,,,2701.0,14.94,,0,17.979
NEG_000493,pseudo_negative,0,Arunachal Pradesh,28.519284,95.262345,2019-05-31,,,,2413.0,33.26,,16,5.946
NEG_000494,pseudo_negative,0,Arunachal Pradesh,28.472347,95.873315,2023-05-11,,,,1159.0,18.61,,29,1.407
NEG_000495,pseudo_negative,0,Arunachal Pradesh,28.579491,96.545493,2008-06-09,,,,3671.0,57.48,,0,30.016
NEG_000496,pseudo_negative,0,Arunachal Pradesh,28.958991,92.041558,2011-07-27,,,,4904.0,14.33,,0,152.0
NEG_000497,pseudo_negative,0,Arunachal Pradesh,28.988699,92.745583,2009-11-04,,,,4404.0,21.31,,0,135.259
NEG_000498,pseudo_negative,0,Arunachal Pradesh,28.860285,93.051198,2010-08-05,,,,3822.0,36.84,,0,110.889
NEG_000499,pseudo_negative,0,Arunachal Pradesh,28.737912,93.764084,2015-07-05,,,,3908.0,4.82,,0,58.121
NEG_000500,pseudo_negative,0,Arunachal Pradesh,28.83954,94.533211,2010-04-09,,,,3095.0,19.97,,0,24.795
NEG_000501,pseudo_negative,0,Arunachal Pradesh,28.894934,95.063595,2012-05-21,,,,1388.0,22.6,,0,19.756
NEG_000502,pseudo_negative,0,Arunachal Pradesh,28.728609,95.608135,2012-06-14,,,,1796.0,35.98,,0,25.362
NEG_000503,pseudo_negative,0,Arunachal Pradesh,28.949189,96.311425,2023-08-17,,,,3817.0,45.15,,0,33.119
NEG_000504,pseudo_negative,0,Arunachal Pradesh,26.792344,92.038483,2021-07-11,,,,125.0,3.75,,0,13.646
NEG_000505,pseudo_negative,0,Arunachal Pradesh,26.81407,92.827787,2023-04-29,,,,77.0,1.68,,0,12.769
NEG_000506,pseudo_negative,0,Arunachal Pradesh,26.865169,94.075999,2016-11-19,,,,86.0,1.68,,0,36.459
NEG_000507,pseudo_negative,0,Arunachal Pradesh,27.057966,94.23464,2013-07-14,,,,83.0,3.76,,0,40.856
NEG_000508,pseudo_negative,0,Arunachal Pradesh,26.826935,95.040289,2007-04-30,,,,235.0,3.36,,69,3.293
NEG_000509,pseudo_negative,0,Arunachal Pradesh,26.91161,95.978203,2016-07-11,,,,1702.0,14.88,,0,28.193
NEG_000510,pseudo_negative,0,Arunachal Pradesh,27.057146,96.371845,2005-05-05,,,,657.0,30.44,,0,31.213
NEG_000511,pseudo_negative,0,Arunachal Pradesh,27.325038,91.883246,2022-05-16,,,,3655.0,13.36,,0,20.751
NEG_000512,pseudo_negative,0,Arunachal Pradesh,27.180548,92.919491,2021-11-16,,,,1090.0,10.14,,0,14.945
NEG_000513,pseudo_negative,0,Arunachal Pradesh,27.134905,93.277156,2020-07-27,,,,1014.0,13.33,,0,13.57
NEG_000514,pseudo_negative,0,Arunachal Pradesh,27.140624,94.118288,2023-07-13,,,,87.0,1.68,,0,29.252
NEG_000515,pseudo_negative,0,Arunachal Pradesh,27.333654,94.324385,2020-04-10,,,,92.0,1.69,,0,49.597
NEG_000516,pseudo_negative,0,Arunachal Pradesh,27.171737,94.955547,2020-05-22,,,,102.0,3.37,,0,38.179
NEG_000517,pseudo_negative,0,Arunachal Pradesh,27.2501,95.617587,2016-06-11,,,,179.0,1.69,,0,10.915
NEG_000518,pseudo_negative,0,Arunachal Pradesh,27.261715,96.366635,2019-10-12,,,,853.0,11.64,,0,14.836
NEG_000519,pseudo_negative,0,Arunachal Pradesh,27.498543,91.850883,2005-06-28,,,,3786.0,30.66,,7,1.327
NEG_000520,pseudo_negative,0,Arunachal Pradesh,27.350948,92.648331,2017-05-04,,,,2219.0,50.45,,0,13.355
NEG_000521,pseudo_negative,0,Arunachal Pradesh,27.54705,93.04442,2011-11-25,,,,2081.0,35.77,,31,5.3
NEG_000522,pseudo_negative,0,Arunachal Pradesh,27.50812,94.027934,2014-12-23,,,,1256.0,29.3,,0,21.283
NEG_000523,pseudo_negative,0,Arunachal Pradesh,27.434735,94.309674,2007-07-17,,,,105.0,1.69,,0,43.65
NEG_000524,pseudo_negative,0,Arunachal Pradesh,27.389423,95.212648,2012-11-01,,,,116.0,0.0,,2,7.515
NEG_000525,pseudo_negative,0,Arunachal Pradesh,27.413422,95.47817,2025-05-04,,,,130.0,3.77,,0,24.007
NEG_000526,pseudo_negative,0,Arunachal Pradesh,27.416006,96.0966,2012-05-09,,,,354.0,3.77,,0,13.376
NEG_000527,pseudo_negative,0,Arunachal Pradesh,27.721933,91.957563,2026-06-11,,,,4538.0,27.75,,0,14.593
NEG_000528,pseudo_negative,0,Arunachal Pradesh,27.641931,92.356071,2009-08-07,,,,4466.0,32.07,,0,29.546
NEG_000529,pseudo_negative,0,Arunachal Pradesh,27.891465,93.54114,2005-07-16,,,,1355.0,24.82,,10,6.897
NEG_000530,pseudo_negative,0,Arunachal Pradesh,27.704198,94.067522,2006-10-24,,,,1813.0,24.1,,11,6.128
NEG_000531,pseudo_negative,0,Arunachal Pradesh,27.865072,94.478714,2007-09-24,,,,604.0,27.79,,0,15.268
NEG_000532,pseudo_negative,0,Arunachal Pradesh,27.702503,95.409483,2015-12-03,,,,121.0,1.69,,0,32.132
NEG_000533,pseudo_negative,0,Arunachal Pradesh,27.830341,95.511612,2011-04-20,,,,129.0,1.69,,0,32.085
NEG_000534,pseudo_negative,0,Arunachal Pradesh,27.830368,96.573793,2022-10-19,,,,2200.0,25.07,,0,21.098
NEG_000535,pseudo_negative,0,Arunachal Pradesh,27.921116,91.889544,2026-05-13,,,,4385.0,9.8,,0,35.753
NEG_000536,pseudo_negative,0,Arunachal Pradesh,28.018133,92.505508,2026-07-13,,,,5488.0,39.71,,0,67.22
NEG_000537,pseudo_negative,0,Arunachal Pradesh,28.137543,93.131333,2023-07-28,,,,2542.0,25.13,,0,35.049
NEG_000538,pseudo_negative,0,Arunachal Pradesh,27.984789,93.898522,2006-05-13,,,,1930.0,39.46,,0,17.065
NEG_000539,pseudo_negative,0,Arunachal Pradesh,28.033216,94.302791,2021-07-11,,,,785.0,28.08,,2,7.548
NEG_000540,pseudo_negative,0,Arunachal Pradesh,28.008494,95.343901,2026-11-08,,,,142.0,1.7,,1,7.388
NEG_000541,pseudo_negative,0,Arunachal Pradesh,28.111321,96.055994,2017-05-26,,,,1111.0,60.89,,0,19.369
NEG_000542,pseudo_negative,0,Arunachal Pradesh,28.039801,96.182005,2009-08-26,,,,959.0,33.03,,0,19.87
NEG_000543,pseudo_negative,0,Arunachal Pradesh,28.243894,92.296543,2025-07-04,,,,4123.0,23.04,,0,79.208
NEG_000544,pseudo_negative,0,Arunachal Pradesh,28.370614,92.377018,2012-09-18,,,,4329.0,16.4,,0,95.29
NEG_000545,pseudo_negative,0,Arunachal Pradesh,28.189638,93.281949,2011-08-09,,,,1829.0,33.06,,0,32.991
NEG_000546,pseudo_negative,0,Arunachal Pradesh,28.203803,94.16908,2010-05-28,,,,444.0,16.3,,2,6.054
NEG_000547,pseudo_negative,0,Arunachal Pradesh,28.260459,94.574155,2012-07-23,,,,838.0,21.34,,0,11.396
NEG_000548,pseudo_negative,0,Arunachal Pradesh,28.214219,94.895755,2020-07-31,,,,350.0,16.85,,14,1.39
NEG_000549,pseudo_negative,0,Arunachal Pradesh,28.412566,95.753882,2021-05-29,,,,1968.0,32.11,,5,8.689
NEG_000550,pseudo_negative,0,Arunachal Pradesh,28.202513,96.65499,2019-06-29,,,,2194.0,43.49,,1,9.733
NEG_000551,pseudo_negative,0,Arunachal Pradesh,28.546221,91.999455,2021-05-13,,,,4446.0,4.82,,0,105.93
NEG_000552,pseudo_negative,0,Arunachal Pradesh,28.696651,92.498095,2015-05-22,,,,5072.0,24.29,,0,122.773
NEG_000553,pseudo_negative,0,Arunachal Pradesh,28.458597,93.370043,2007-08-11,,,,3044.0,27.5,,0,61.734
NEG_000554,pseudo_negative,0,Arunachal Pradesh,28.473903,94.17705,2024-10-24,,,,2842.0,32.04,,0,14.265
NEG_000555,pseudo_negative,0,Arunachal Pradesh,28.485658,94.407617,2025-07-12,,,,1380.0,32.5,,0,10.683
NEG_000556,pseudo_negative,0,Arunachal Pradesh,28.530077,94.868657,2015-05-12,,,,1698.0,17.78,,1,2.683
NEG_000557,pseudo_negative,0,Arunachal Pradesh,28.554738,95.576172,2020-08-09,,,,1213.0,36.77,,0,25.241
NEG_000558,pseudo_negative,0,Arunachal Pradesh,28.555356,96.291218,2020-09-17,,,,3330.0,54.97,,0,39.951
NEG_000559,pseudo_negative,0,Arunachal Pradesh,28.829713,92.083553,2010-07-30,,,,4489.0,13.13,,0,138.117
NEG_000560,pseudo_negative,0,Arunachal Pradesh,28.976742,92.834543,2012-07-02,,,,4100.0,30.15,,0,130.343
NEG_000561,pseudo_negative,0,Arunachal Pradesh,28.918177,93.577368,2022-05-15,,,,5028.0,23.17,,0,83.54
NEG_000562,pseudo_negative,0,Assam,24.523291,91.136097,2020-07-24,,,,8.0,1.65,,0,65.211
NEG_000563,pseudo_negative,0,Assam,24.57896,91.882916,2018-08-20,,,,14.0,1.65,,0,30.718
NEG_000564,pseudo_negative,0,Assam,24.589699,92.299903,2016-05-27,,,,25.0,3.29,,0,12.992
NEG_000565,pseudo_negative,0,Assam,24.521285,92.460089,2008-08-27,,,,35.0,2.33,,5,5.499
NEG_000566,pseudo_negative,0,Assam,24.474395,92.876537,2024-08-11,,,,115.0,11.49,,4,4.616
NEG_000567,pseudo_negative,0,Assam,24.399952,93.26455,2015-08-28,,,,359.0,18.59,,9,3.362
NEG_000568,pseudo_negative,0,Assam,24.398377,93.778226,2009-08-31,,,,956.0,32.22,,10,6.688
NEG_000569,pseudo_negative,0,Assam,24.540022,94.213307,2018-05-10,,,,1054.0,25.89,,19,4.794
NEG_000570,pseudo_negative,0,Assam,24.925564,91.100364,2024-08-01,,,,9.0,1.65,,0,30.165
NEG_000571,pseudo_negative,0,Assam,25.001569,91.834554,2009-07-15,,,,12.0,4.19,,0,22.032
NEG_000572,pseudo_negative,0,Assam,24.824745,92.078012,2022-07-17,,,,16.0,1.65,,0,25.135
NEG_000573,pseudo_negative,0,Assam,24.880623,92.752274,2018-05-31,,,,18.0,3.69,,8,7.747
NEG_000574,pseudo_negative,0,Assam,24.807001,92.873367,2021-05-11,,,,29.0,3.69,,1,9.947
NEG_000575,pseudo_negative,0,Assam,24.734529,93.551868,2023-11-15,,,,907.0,29.71,,38,3.945
NEG_000576,pseudo_negative,0,Assam,24.685578,93.681667,2005-05-13,,,,859.0,8.11,,59,1.281
NEG_000577,pseudo_negative,0,Assam,24.764943,94.504014,2012-05-07,,,,1069.0,17.24,,14,4.615
NEG_000578,pseudo_negative,0,Assam,25.217027,91.295263,2023-06-18,,,,216.0,29.62,,11,6.416
NEG_000579,pseudo_negative,0,Assam,25.166937,92.234472,2009-06-27,,,,333.0,18.55,,35,1.175
NEG_000580,pseudo_negative,0,Assam,25.214994,92.397042,2012-05-06,,,,779.0,11.56,,32,3.216
NEG_000581,pseudo_negative,0,Assam,25.270219,92.91937,2005-05-23,,,,661.0,17.38,,3,8.67
NEG_000582,pseudo_negative,0,Assam,25.31666,93.582487,2006-04-03,,,,874.0,3.7,,9,3.375
NEG_000583,pseudo_negative,0,Assam,25.038612,94.018761,2021-07-08,,,,810.0,2.25,,5,1.176
NEG_000584,pseudo_negative,0,Assam,25.166196,94.422379,2024-07-16,,,,1537.0,14.99,,31,4.03
NEG_000585,pseudo_negative,0,Assam,25.705163,91.146196,2017-05-26,,,,1071.0,30.65,,51,3.016
NEG_000586,pseudo_negative,0,Assam,25.59347,92.232523,2021-07-09,,,,1189.0,4.21,,5,2.103
NEG_000587,pseudo_negative,0,Assam,25.490482,92.590861,2010-06-14,,,,765.0,6.82,,2,8.054
NEG_000588,pseudo_negative,0,Assam,25.469411,92.903426,2024-05-12,,,,529.0,14.0,,7,3.101
NEG_000589,pseudo_negative,0,Assam,25.664818,93.482467,2017-08-05,,,,230.0,3.71,,0,18.75
NEG_000590,pseudo_negative,0,Assam,25.656391,93.754754,2014-01-05,,,,435.0,12.47,,14,6.142
NEG_000591,pseudo_negative,0,Assam,25.380357,94.408121,2008-05-31,,,,1411.0,9.19,,5,4.606
NEG_000592,pseudo_negative,0,Assam,25.966906,91.112657,2023-08-19,,,,48.0,4.21,,0,14.208
NEG_000593,pseudo_negative,0,Assam,25.832801,91.515065,2011-12-19,,,,472.0,24.22,,1,4.581
NEG_000594,pseudo_negative,0,Assam,25.797767,92.020097,2016-07-04,,,,1091.0,13.68,,3,2.977
NEG_000595,pseudo_negative,0,Assam,25.914616,92.706916,2020-11-23,,,,118.0,20.2,,11,4.956
NEG_000596,pseudo_negative,0,Assam,25.986805,92.901889,2016-06-17,,,,71.0,1.67,,1,4.258
NEG_000597,pseudo_negative,0,Assam,25.822655,93.623803,2016-11-21,,,,180.0,3.72,,10,4.005
NEG_000598,pseudo_negative,0,Assam,25.852702,93.883267,2025-05-16,,,,178.0,2.35,,26,7.923
NEG_000599,pseudo_negative,0,Assam,25.790554,94.307584,2008-11-03,,,,898.0,23.53,,32,4.046
NEG_000600,pseudo_negative,0,Assam,26.096496,91.166701,2021-05-24,,,,42.0,2.06,,0,11.992
NEG_000601,pseudo_negative,0,Assam,26.364259,91.821355,2007-08-03,,,,54.0,4.62,,1,2.674
NEG_000602,pseudo_negative,0,Assam,26.271612,92.263434,2006-08-26,,,,55.0,2.36,,0,23.465
NEG_000603,pseudo_negative,0,Assam,26.255937,92.505595,2025-11-21,,,,60.0,2.36,,0,16.532
NEG_000604,pseudo_negative,0,Assam,26.256401,93.080614,2014-08-14,,,,88.0,3.73,,2,7.52
NEG_000605,pseudo_negative,0,Assam,26.397845,93.293178,2005-07-07,,,,479.0,20.28,,5,5.63
NEG_000606,pseudo_negative,0,Assam,26.219795,93.897893,2006-06-02,,,,127.0,6.86,,0,15.711
NEG_000607,pseudo_negative,0,Assam,26.254834,94.332247,2012-08-21,,,,730.0,19.84,,17,4.723
NEG_000608,pseudo_negative,0,Assam,26.619895,91.420495,2022-07-20,,,,68.0,1.68,,0,49.759
NEG_000609,pseudo_negative,0,Assam,26.607703,91.553743,2007-07-09,,,,68.0,1.68,,0,38.933
NEG_000610,pseudo_negative,0,Assam,26.699709,92.229882,2012-08-03,,,,88.0,2.37,,0,23.654
NEG_000611,pseudo_negative,0,Assam,26.475118,92.681953,2024-08-26,,,,65.0,5.28,,0,34.555
NEG_000612,pseudo_negative,0,Assam,26.602588,92.941023,2020-10-14,,,,83.0,3.74,,0,11.709
NEG_000613,pseudo_negative,0,Assam,26.648095,93.447172,2010-05-12,,,,80.0,3.35,,3,5.984
NEG_000614,pseudo_negative,0,Assam,26.447967,93.73568,2008-11-12,,,,129.0,2.37,,0,11.093
NEG_000615,pseudo_negative,0,Assam,26.572857,94.182116,2025-06-04,,,,97.0,1.68,,0,15.987
NEG_000616,pseudo_negative,0,Assam,27.024826,91.246131,2023-09-24,,,,857.0,21.4,,0,80.807
NEG_000617,pseudo_negative,0,Assam,26.781729,91.771201,2024-06-29,,,,146.0,0.0,,0,36.733
NEG_000618,pseudo_negative,0,Assam,26.76108,92.334548,2025-07-28,,,,96.0,3.75,,0,25.428
NEG_000619,pseudo_negative,0,Assam,26.933963,92.458149,2021-07-26,,,,205.0,8.98,,0,17.847
NEG_000620,pseudo_negative,0,Assam,26.755195,93.088615,2021-09-29,,,,82.0,1.68,,0,19.826
NEG_000621,pseudo_negative,0,Assam,26.839107,93.247299,2018-11-29,,,,91.0,1.68,,0,12.101
NEG_000622,pseudo_negative,0,Assam,26.927121,93.92821,2024-07-15,,,,80.0,0.0,,0,22.272
NEG_000623,pseudo_negative,0,Assam,26.784705,94.122943,2020-09-07,,,,83.0,1.68,,0,29.779
NEG_000624,pseudo_negative,0,Assam,24.379768,91.179007,2025-05-18,,,,6.0,2.33,,0,49.345
NEG_000625,pseudo_negative,0,Assam,24.38576,91.75177,2022-08-12,,,,13.0,1.65,,0,23.961
NEG_000626,pseudo_negative,0,Assam,24.644061,92.0036,2026-11-28,,,,12.0,3.3,,0,24.055
NEG_000627,pseudo_negative,0,Assam,24.615397,92.637931,2016-08-20,,,,29.0,3.68,,7,6.917
NEG_000628,pseudo_negative,0,Assam,24.567602,92.802994,2005-08-30,,,,116.0,22.53,,14,5.612
NEG_000629,pseudo_negative,0,Assam,24.598974,93.38612,2012-07-01,,,,395.0,37.96,,12,1.417
NEG_000630,pseudo_negative,0,Assam,24.504386,93.840223,2016-05-11,,,,771.0,3.06,,5,2.735
NEG_000631,pseudo_negative,0,Assam,24.511406,94.242296,2006-05-31,,,,749.0,36.94,,26,4.876
NEG_000632,pseudo_negative,0,Assam,24.784579,91.20783,2017-07-17,,,,7.0,1.65,,0,46.379
NEG_000633,pseudo_negative,0,Assam,24.89634,91.917472,2012-08-09,,,,23.0,0.0,,0,33.901
NEG_000634,pseudo_negative,0,Assam,24.682973,92.051335,2010-04-14,,,,8.0,3.68,,0,24.246
NEG_000635,pseudo_negative,0,Assam,24.887349,92.658082,2007-07-24,,,,20.0,1.65,,5,8.081
NEG_000636,pseudo_negative,0,Assam,24.882616,92.965652,2015-05-02,,,,48.0,13.09,,3,8.726
NEG_000637,pseudo_negative,0,Assam,24.900221,93.651061,2013-07-01,,,,527.0,25.79,,40,1.618
NEG_000638,pseudo_negative,0,Assam,24.862359,94.347127,2010-10-22,,,,1046.0,26.68,,67,1.926
NEG_000639,pseudo_negative,0,Assam,25.061373,91.478747,2013-09-01,,,,18.0,1.38,,0,11.065
NEG_000640,pseudo_negative,0,Assam,25.045665,91.593781,2012-07-01,,,,8.0,0.93,,0,14.267
NEG_000641,pseudo_negative,0,Assam,25.134508,92.010028,2009-06-14,,,,10.0,2.25,,6,5.883
NEG_000642,pseudo_negative,0,Assam,25.283937,92.750136,2022-05-21,,,,1117.0,23.28,,12,4.978
NEG_000643,pseudo_negative,0,Assam,25.121069,93.187304,2015-06-03,,,,510.0,8.22,,17,3.973
NEG_000644,pseudo_negative,0,Assam,25.344234,93.631825,2014-08-13,,,,1221.0,32.42,,6,5.123
NEG_000645,pseudo_negative,0,Assam,25.176714,93.975836,2015-05-01,,,,1146.0,21.88,,7,4.787
NEG_000646,pseudo_negative,0,Assam,25.231014,94.181135,2022-06-20,,,,1703.0,21.2,,11,5.766
NEG_000647,pseudo_negative,0,Assam,25.669833,91.432929,2016-09-15,,,,1000.0,1.38,,0,11.309
NEG_000648,pseudo_negative,0,Assam,25.457568,91.722178,2011-10-07,,,,1786.0,12.79,,30,2.227
NEG_000649,pseudo_negative,0,Assam,25.647907,92.325483,2012-11-27,,,,947.0,8.04,,3,9.398
NEG_000650,pseudo_negative,0,Assam,25.442807,92.766717,2024-07-18,,,,555.0,13.9,,3,3.196
NEG_000651,pseudo_negative,0,Assam,25.557314,92.942742,2006-05-09,,,,168.0,16.17,,0,13.33
NEG_000652,pseudo_negative,0,Assam,25.392489,93.437235,2023-08-28,,,,653.0,19.94,,47,2.7
NEG_000653,pseudo_negative,0,Assam,25.543727,93.836625,2010-05-15,,,,1190.0,19.19,,39,2.879
NEG_000654,pseudo_negative,0,Assam,25.647862,94.166493,2020-08-23,,,,1256.0,12.07,,238,1.073
NEG_000655,pseudo_negative,0,Assam,25.907175,91.451641,2010-11-09,,,,73.0,1.38,,2,5.175
NEG_000656,pseudo_negative,0,Assam,25.938113,92.301569,2006-07-31,,,,539.0,1.38,,8,1.018
NEG_000657,pseudo_negative,0,Assam,25.989613,92.686479,2006-11-14,,,,67.0,5.26,,6,5.463
NEG_000658,pseudo_negative,0,Assam,25.844947,93.038243,2016-05-04,,,,117.0,1.67,,1,7.696
NEG_000659,pseudo_negative,0,Assam,25.998849,93.394378,2025-05-13,,,,140.0,3.72,,4,6.479
NEG_000660,pseudo_negative,0,Assam,25.878462,93.998272,2013-05-28,,,,258.0,8.43,,64,2.213
NEG_000661,pseudo_negative,0,Assam,25.907159,94.281717,2011-07-20,,,,924.0,37.14,,27,1.83
NEG_000662,pseudo_negative,0,Assam,26.191264,91.284071,2011-07-19,,,,48.0,2.96,,0,13.905
NEG_000663,pseudo_negative,0,Assam,26.216612,91.860836,2020-06-23,,,,50.0,2.26,,40,1.317
NEG_000664,pseudo_negative,0,Assam,26.329876,92.304701,2011-07-05,,,,56.0,2.36,,0,27.013
NEG_000665,pseudo_negative,0,Assam,26.15218,92.684162,2012-08-08,,,,67.0,7.43,,1,8.178
NEG_000666,pseudo_negative,0,Assam,26.14177,93.014965,2008-06-29,,,,86.0,8.92,,0,21.553
NEG_000667,pseudo_negative,0,Assam,26.355796,93.647371,2015-05-28,,,,656.0,8.94,,3,8.85
NEG_000668,pseudo_negative,0,Assam,26.336456,93.666742,2025-10-13,,,,538.0,26.67,,3,6.954
NEG_000669,pseudo_negative,0,Assam,26.291312,94.309771,2005-09-12,,,,415.0,16.57,,10,5.236
NEG_000670,pseudo_negative,0,Assam,26.643349,91.282582,2016-05-28,,,,60.0,5.29,,0,50.879
NEG_000671,pseudo_negative,0,Assam,26.457411,91.785832,2022-05-31,,,,58.0,2.12,,0,10.969
NEG_000672,pseudo_negative,0,Assam,26.484751,91.998674,2005-05-27,,,,62.0,2.78,,0,19.556
NEG_000673,pseudo_negative,0,Assam,26.572176,92.79202,2013-07-01,,,,70.0,2.37,,0,25.612
NEG_000674,pseudo_negative,0,Assam,26.575318,93.141936,2010-06-11,,,,73.0,1.68,,8,2.882
NEG_000675,pseudo_negative,0,Assam,26.456565,93.5419,2023-05-25,,,,637.0,13.26,,1,9.885
NEG_000676,pseudo_negative,0,Assam,26.534338,94.035591,2024-06-01,,,,104.0,7.45,,0,27.09
NEG_000677,pseudo_negative,0,Assam,26.590062,94.224648,2017-07-09,,,,108.0,1.68,,0,11.523
NEG_000678,pseudo_negative,0,Assam,26.806112,91.308816,2010-07-22,,,,968.0,48.45,,0,69.051
NEG_000679,pseudo_negative,0,Assam,26.775621,91.872223,2016-08-06,,,,146.0,3.35,,0,27.778
NEG_000680,pseudo_negative,0,Assam,26.867857,92.274324,2008-05-07,,,,156.0,3.75,,0,15.237
NEG_000681,pseudo_negative,0,Assam,26.914917,92.381528,2025-08-07,,,,226.0,8.35,,0,25.731
NEG_000682,pseudo_negative,0,Assam,27.032293,92.830549,2017-09-27,,,,257.0,1.68,,0,10.554
NEG_000683,pseudo_negative,0,Assam,27.043433,93.523737,2016-07-21,,,,361.0,28.37,,21,1.818
NEG_000684,pseudo_negative,0,Assam,26.968633,94.04682,2018-06-04,,,,80.0,2.38,,0,26.678
NEG_000685,pseudo_negative,0,Assam,26.768498,94.486348,2016-08-14,,,,105.0,2.37,,0,10.658
NEG_000686,pseudo_negative,0,Assam,24.619546,91.506523,2011-09-05,,,,11.0,2.33,,0,56.448
NEG_000687,pseudo_negative,0,Assam,24.635514,91.531324,2009-06-23,,,,16.0,4.94,,0,56.925
NEG_000688,pseudo_negative,0,Assam,24.553152,92.159175,2007-05-09,,,,15.0,4.93,,3,7.14
NEG_000689,pseudo_negative,0,Assam,24.369806,92.41169,2007-06-20,,,,52.0,3.68,,0,11.396
NEG_000690,pseudo_negative,0,Assam,24.404184,93.092416,2010-07-22,,,,883.0,13.79,,9,2.604
NEG_000691,pseudo_negative,0,Assam,24.651907,93.389605,2016-05-26,,,,568.0,29.01,,9,5.545
NEG_000692,pseudo_negative,0,Assam,24.584616,94.076532,2022-07-27,,,,796.0,1.85,,1,3.721
NEG_000693,pseudo_negative,0,Assam,24.545624,94.232873,2016-09-21,,,,961.0,29.43,,16,6.313
NEG_000694,pseudo_negative,0,Assam,25.018589,91.292891,2018-08-02,,,,11.0,0.93,,0,21.132
NEG_000695,pseudo_negative,0,Assam,24.715385,91.615266,2019-08-11,,,,6.0,2.33,,0,50.117
NEG_000696,pseudo_negative,0,Assam,24.737726,92.009925,2005-10-02,,,,17.0,1.65,,0,28.502
NEG_000697,pseudo_negative,0,Assam,24.913502,92.384532,2014-07-01,,,,16.0,1.65,,0,10.655
NEG_000698,pseudo_negative,0,Assam,24.771773,93.051639,2010-11-14,,,,119.0,14.02,,5,2.754
NEG_000699,pseudo_negative,0,Assam,24.773592,93.515474,2018-11-02,,,,722.0,18.57,,91,4.805
NEG_000700,pseudo_negative,0,Assam,25.012564,93.969672,2006-05-15,,,,1539.0,26.49,,6,4.946
NEG_000701,pseudo_negative,0,Assam,24.954544,94.397023,2007-07-07,,,,794.0,15.49,,35,3.188
NEG_000702,pseudo_negative,0,Assam,25.178802,91.435994,2021-08-22,,,,58.0,10.03,,17,2.17
NEG_000703,pseudo_negative,0,Assam,25.243301,91.626281,2016-05-12,,,,236.0,16.6,,63,2.651
NEG_000704,pseudo_negative,0,Assam,25.290586,92.124444,2016-05-14,,,,1036.0,2.76,,21,1.338
NEG_000705,pseudo_negative,0,Assam,25.091424,92.619306,2024-05-08,,,,788.0,14.66,,0,11.444
NEG_000706,pseudo_negative,0,Assam,25.283885,92.957255,2018-07-12,,,,607.0,8.23,,19,6.089
NEG_000707,pseudo_negative,0,Assam,25.300278,93.361933,2016-11-23,,,,1244.0,32.05,,11,4.177
NEG_000708,pseudo_negative,0,Assam,25.247109,93.837948,2009-07-24,,,,1341.0,34.52,,1,1.475
NEG_000709,pseudo_negative,0,Assam,25.162121,94.306576,2009-05-10,,,,1269.0,9.32,,26,1.267
NEG_000710,pseudo_negative,0,Assam,25.507129,91.134937,2023-07-13,,,,1105.0,12.29,,22,2.124
NEG_000711,pseudo_negative,0,Assam,25.68503,91.525902,2021-07-20,,,,1245.0,13.67,,3,7.315
NEG_000712,pseudo_negative,0,Assam,25.37105,92.045833,2025-05-04,,,,1343.0,5.81,,24,3.537
NEG_000713,pseudo_negative,0,Assam,25.458751,92.539381,2012-01-17,,,,848.0,5.97,,1,4.019
NEG_000714,pseudo_negative,0,Assam,25.419885,92.836026,2011-06-17,,,,820.0,5.23,,8,1.499
NEG_000715,pseudo_negative,0,Assam,25.553184,93.319504,2014-11-01,,,,416.0,17.97,,0,12.012
NEG_000716,pseudo_negative,0,Assam,25.401414,93.707327,2009-11-05,,,,1168.0,42.83,,8,6.751
NEG_000717,pseudo_negative,0,Assam,26.0492,91.11976,2013-05-31,,,,44.0,3.6,,0,17.248
NEG_000718,pseudo_negative,0,Assam,25.923798,91.690393,2007-11-12,,,,282.0,10.14,,4,2.698
NEG_000719,pseudo_negative,0,Assam,25.760388,92.366158,2015-08-12,,,,804.0,8.22,,0,12.17
NEG_000720,pseudo_negative,0,Assam,26.042719,92.392097,2013-07-29,,,,519.0,1.67,,36,4.059
NEG_000721,pseudo_negative,0,Assam,25.951845,92.859859,2016-08-17,,,,90.0,6.84,,1,5.768
NEG_000722,pseudo_negative,0,Assam,25.866267,93.290862,2023-10-08,,,,193.0,8.43,,0,14.112
NEG_000723,pseudo_negative,0,Assam,25.720812,93.956725,2022-01-31,,,,1319.0,26.28,,88,1.249
NEG_000724,pseudo_negative,0,Assam,26.074475,91.334598,2010-08-22,,,,45.0,2.77,,0,14.878
NEG_000725,pseudo_negative,0,Assam,26.179725,91.809177,2016-05-19,,,,60.0,4.74,,76,1.188
NEG_000726,pseudo_negative,0,Assam,26.247991,92.316809,2025-07-21,,,,61.0,1.67,,0,18.853
NEG_000727,pseudo_negative,0,Assam,26.164689,92.404218,2025-03-08,,,,59.0,1.67,,18,6.171
NEG_000728,pseudo_negative,0,Assam,26.394037,92.891269,2007-05-26,,,,70.0,3.34,,0,21.608
NEG_000729,pseudo_negative,0,Assam,26.15159,93.403687,2007-09-10,,,,489.0,14.79,,0,10.304
NEG_000730,pseudo_negative,0,Assam,26.384059,94.028044,2025-09-05,,,,104.0,1.67,,0,12.412
NEG_000731,pseudo_negative,0,Assam,26.104808,94.472882,2022-06-16,,,,758.0,31.72,,36,2.378
NEG_000732,pseudo_negative,0,Assam,26.452801,91.086923,2012-11-08,,,,41.0,2.96,,0,28.421
NEG_000733,pseudo_negative,0,Assam,26.673595,91.925953,2025-08-04,,,,82.0,3.75,,0,30.93
NEG_000734,pseudo_negative,0,Assam,26.487331,92.171557,2012-05-10,,,,59.0,0.0,,0,32.732
NEG_000735,pseudo_negative,0,Assam,26.596547,92.445969,2010-08-15,,,,62.0,1.68,,0,45.457
NEG_000736,pseudo_negative,0,Assam,26.442854,93.194707,2025-09-16,,,,731.0,6.87,,1,4.689
NEG_000737,pseudo_negative,0,Assam,26.624156,93.528696,2009-10-23,,,,94.0,6.68,,5,3.817
NEG_000738,pseudo_negative,0,Assam,26.610258,93.772186,2021-08-04,,,,87.0,1.68,,0,11.566
NEG_000739,pseudo_negative,0,Assam,26.421532,94.184881,2015-07-02,,,,197.0,28.31,,0,13.766
NEG_000740,pseudo_negative,0,Assam,26.798806,91.343432,2018-09-24,,,,757.0,38.53,,0,68.694
NEG_000741,pseudo_negative,0,Assam,26.850261,91.745616,2024-07-18,,,,352.0,17.53,,0,37.474
NEG_000742,pseudo_negative,0,Assam,26.969435,92.028923,2023-05-31,,,,1168.0,26.56,,0,12.622
NEG_000743,pseudo_negative,0,Assam,27.029478,92.621994,2015-08-08,,,,147.0,1.68,,18,1.304
NEG_000744,pseudo_negative,0,Assam,26.772646,93.127783,2019-05-19,,,,81.0,1.68,,0,21.907
NEG_000745,pseudo_negative,0,Assam,26.77093,93.546195,2010-11-09,,,,77.0,0.0,,0,19.656
NEG_000746,pseudo_negative,0,Assam,27.006322,93.952152,2016-08-09,,,,84.0,2.38,,0,16.69
NEG_000747,pseudo_negative,0,Assam,27.070492,94.120718,2017-05-11,,,,81.0,1.68,,0,29.49
NEG_000748,pseudo_negative,0,Assam,24.465093,91.399965,2018-07-15,,,,11.0,2.33,,0,49.542
NEG_000749,pseudo_negative,0,Assam,24.437816,91.570925,2013-10-09,,,,17.0,2.33,,0,35.732
NEG_000750,pseudo_negative,0,Assam,24.537227,92.100871,2015-05-25,,,,41.0,10.31,,1,8.788
NEG_000751,pseudo_negative,0,Assam,24.417033,92.466017,2008-08-31,,,,62.0,13.33,,5,4.285
NEG_000752,pseudo_negative,0,Assam,24.542527,92.798067,2011-08-06,,,,67.0,8.34,,16,3.637
NEG_000753,pseudo_negative,0,Assam,24.460427,93.620518,2019-07-24,,,,1065.0,8.18,,11,2.299
NEG_000754,pseudo_negative,0,Assam,24.587955,94.070943,2008-08-15,,,,794.0,1.85,,1,4.302
NEG_000755,pseudo_negative,0,Assam,24.646288,94.188044,2009-05-28,,,,1223.0,27.97,,37,1.863
NEG_000756,pseudo_negative,0,Assam,24.897963,91.417322,2018-07-20,,,,10.0,5.21,,0,30.075
NEG_000757,pseudo_negative,0,Assam,24.887238,91.57537,2023-05-07,,,,9.0,3.3,,0,30.599
NEG_000758,pseudo_negative,0,Assam,24.880489,92.128259,2008-11-08,,,,16.0,2.34,,0,25.34
NEG_000759,pseudo_negative,0,Assam,24.815628,92.873897,2008-07-23,,,,30.0,13.08,,0,10.849
NEG_000760,pseudo_negative,0,Assam,24.679944,93.637545,2006-08-26,,,,666.0,16.67,,60,2.139
NEG_000761,pseudo_negative,0,Assam,24.974055,94.041548,2019-08-11,,,,968.0,16.45,,7,3.21
NEG_000762,pseudo_negative,0,Assam,24.884293,94.196025,2010-05-07,,,,1573.0,21.71,,40,4.091
NEG_000763,pseudo_negative,0,Assam,25.246573,91.4165,2023-06-23,,,,423.0,19.7,,25,1.893
NEG_000764,pseudo_negative,0,Assam,25.089987,91.704761,2021-11-17,,,,10.0,5.43,,1,8.928
NEG_000765,pseudo_negative,0,Assam,25.320894,92.331444,2008-11-26,,,,1117.0,14.28,,11,4.411
NEG_000766,pseudo_negative,0,Assam,25.179734,92.387757,2010-06-03,,,,430.0,8.28,,39,1.615
NEG_000767,pseudo_negative,0,Assam,25.347924,93.308189,2006-08-30,,,,395.0,7.0,,17,3.189
NEG_000768,pseudo_negative,0,Assam,25.240238,93.942651,2017-08-11,,,,2208.0,22.5,,6,6.695
NEG_000769,pseudo_negative,0,Assam,25.083583,94.483306,2011-05-10,,,,1433.0,21.95,,68,1.911
NEG_000770,pseudo_negative,0,Assam,25.609316,91.363162,2005-08-14,,,,1524.0,16.35,,8,5.382
NEG_000771,pseudo_negative,0,Assam,25.419066,91.798912,2022-05-09,,,,1908.0,8.34,,66,2.36
NEG_000772,pseudo_negative,0,Assam,25.419992,92.081326,2022-07-11,,,,1403.0,15.65,,14,3.687
NEG_000773,pseudo_negative,0,Assam,25.429731,92.450121,2011-05-17,,,,1099.0,17.57,,2,6.332
NEG_000774,pseudo_negative,0,Assam,25.601637,93.200429,2007-11-13,,,,328.0,19.5,,3,9.473
NEG_000775,pseudo_negative,0,Assam,25.397968,93.242856,2011-08-23,,,,584.0,24.6,,10,1.667
NEG_000776,pseudo_negative,0,Assam,25.654801,93.677313,2006-06-24,,,,317.0,3.71,,7,5.0
NEG_000777,pseudo_negative,0,Assam,26.052413,91.109143,2010-08-26,,,,47.0,1.03,,0,17.086
NEG_000778,pseudo_negative,0,Assam,25.962426,91.815363,2008-05-27,,,,502.0,8.95,,27,3.609
NEG_000779,pseudo_negative,0,Assam,25.709209,92.195377,2011-05-11,,,,814.0,6.74,,8,5.265
NEG_000780,pseudo_negative,0,Assam,25.773117,92.509574,2006-05-03,,,,768.0,22.74,,12,2.012
NEG_000781,pseudo_negative,0,Assam,26.024828,92.929673,2022-11-30,,,,72.0,3.72,,1,7.01
NEG_000782,pseudo_negative,0,Assam,25.758092,93.530806,2006-08-19,,,,216.0,11.61,,1,8.037
NEG_000783,pseudo_negative,0,Assam,25.742097,93.733767,2016-08-03,,,,288.0,43.62,,45,1.07
NEG_000784,pseudo_negative,0,Assam,26.049163,94.36944,2008-11-22,,,,399.0,18.04,,35,4.54
NEG_000785,pseudo_negative,0,Assam,26.287607,91.099081,2007-06-27,,,,41.0,2.12,,0,10.515
NEG_000786,pseudo_negative,0,Assam,26.055292,91.727738,2018-05-30,,,,312.0,24.38,,14,1.915
NEG_000787,pseudo_negative,0,Assam,26.223291,92.013363,2005-05-02,,,,51.0,2.36,,6,4.735
NEG_000788,pseudo_negative,0,Assam,26.304506,92.737685,2008-06-05,,,,64.0,1.67,,0,14.845
NEG_000789,pseudo_negative,0,Assam,26.121045,92.807439,2010-08-18,,,,69.0,2.36,,1,7.29
NEG_000790,pseudo_negative,0,Assam,26.277215,93.390736,2010-05-18,,,,965.0,17.45,,0,11.965
NEG_000791,pseudo_negative,0,Assam,26.107,94.052256,2016-11-23,,,,550.0,19.33,,19,3.088
NEG_000792,pseudo_negative,0,Assam,26.369915,94.359759,2016-07-29,,,,543.0,3.34,,33,4.572
NEG_000793,pseudo_negative,0,Assam,26.399896,91.108675,2009-05-04,,,,44.0,0.93,,0,22.239
NEG_000794,pseudo_negative,0,Assam,26.519938,91.810886,2026-08-25,,,,68.0,2.37,,0,16.531
NEG_000795,pseudo_negative,0,Assam,26.449149,92.259386,2010-03-11,,,,51.0,1.67,,0,35.807
NEG_000796,pseudo_negative,0,Assam,26.495414,92.509082,2023-09-09,,,,67.0,1.67,,0,42.373
NEG_000797,pseudo_negative,0,Assam,26.660719,93.093987,2009-09-05,,,,59.0,0.0,,6,9.308
NEG_000798,pseudo_negative,0,Assam,26.632182,93.30794,2011-07-21,,,,75.0,1.68,,0,12.364
NEG_000799,pseudo_negative,0,Assam,26.550164,93.701012,2007-05-17,,,,218.0,6.67,,2,4.65
NEG_000800,pseudo_negative,0,Assam,26.455294,94.138281,2014-05-30,,,,98.0,3.74,,0,17.496
NEG_000801,pseudo_negative,0,Assam,26.866008,91.21988,2019-07-28,,,,868.0,28.41,,0,74.139
NEG_000802,pseudo_negative,0,Assam,27.060495,91.638903,2007-07-04,,,,2405.0,17.05,,0,51.339
NEG_000803,pseudo_negative,0,Assam,26.862674,92.282528,2018-07-28,,,,146.0,2.38,,0,16.138
NEG_000804,pseudo_negative,0,Assam,27.078496,92.60439,2014-07-09,,,,736.0,24.12,,26,1.579
NEG_000805,pseudo_negative,0,Assam,26.756378,93.14046,2006-06-04,,,,83.0,3.35,,0,20.325
NEG_000806,pseudo_negative,0,Assam,26.938468,93.242864,2005-08-03,,,,117.0,3.75,,1,1.769
NEG_000807,pseudo_negative,0,Assam,26.768265,93.857404,2023-05-11,,,,73.0,3.75,,0,28.941
NEG_000808,pseudo_negative,0,Assam,26.808614,94.408618,2012-05-30,,,,96.0,3.75,,0,19.005
NEG_000809,pseudo_negative,0,Assam,24.660434,91.336728,2008-08-20,,,,12.0,1.65,,0,57.691
NEG_000810,pseudo_negative,0,Assam,24.5723,91.861683,2008-07-15,,,,11.0,6.77,,0,32.542
NEG_000811,pseudo_negative,0,Assam,24.441151,91.984002,2018-04-20,,,,22.0,6.95,,0,15.708
NEG_000812,pseudo_negative,0,Assam,24.424532,92.407793,2008-08-06,,,,38.0,3.68,,1,9.492
NEG_000813,pseudo_negative,0,Assam,24.546214,92.97636,2005-07-03,,,,164.0,11.5,,6,3.984
NEG_000814,pseudo_negative,0,Assam,24.451124,93.533178,2021-07-18,,,,693.0,9.24,,10,6.641
NEG_000815,pseudo_negative,0,Assam,24.497417,94.06704,2013-07-24,,,,998.0,13.26,,8,6.74
NEG_000816,pseudo_negative,0,Assam,24.494742,94.09283,2007-06-29,,,,961.0,18.23,,15,4.968
NEG_000817,pseudo_negative,0,Assam,24.762602,91.510126,2006-05-23,,,,13.0,3.69,,0,44.064
NEG_000818,pseudo_negative,0,Assam,24.69568,91.521307,2015-05-19,,,,14.0,1.65,,0,51.481
NEG_000819,pseudo_negative,0,Assam,24.996228,92.340377,2016-08-17,,,,21.0,1.65,,36,8.505
NEG_000820,pseudo_negative,0,Assam,24.775001,92.394827,2009-05-23,,,,19.0,1.65,,2,5.972
NEG_000821,pseudo_negative,0,Assam,24.703844,92.929296,2012-07-01,,,,23.0,5.93,,2,3.266
NEG_000822,pseudo_negative,0,Assam,24.91839,93.56784,2017-10-19,,,,705.0,41.67,,62,5.959
NEG_000823,pseudo_negative,0,Assam,24.814525,94.016679,2024-05-16,,,,853.0,12.87,,2,6.865
NEG_000824,pseudo_negative,0,Assam,25.028236,91.185852,2014-06-12,,,,5.0,1.38,,0,19.431
NEG_000825,pseudo_negative,0,Assam,25.200138,91.888815,2022-07-10,,,,489.0,8.34,,16,3.016
NEG_000826,pseudo_negative,0,Assam,25.136501,92.291041,2013-05-05,,,,313.0,27.37,,63,5.078
NEG_000827,pseudo_negative,0,Assam,25.192664,92.655329,2023-08-25,,,,1325.0,16.13,,0,13.648
NEG_000828,pseudo_negative,0,Assam,25.286072,92.964214,2024-05-02,,,,558.0,5.23,,21,5.385
NEG_000829,pseudo_negative,0,Assam,25.032554,93.365406,2009-06-15,,,,206.0,13.86,,5,7.725
NEG_000830,pseudo_negative,0,Assam,25.21253,93.858915,2017-08-22,,,,1037.0,13.41,,1,4.072
NEG_000831,pseudo_negative,0,Assam,25.128889,94.229842,2011-08-19,,,,1333.0,19.68,,15,5.639
NEG_000832,pseudo_negative,0,Assam,25.472591,91.223409,2017-08-22,,,,1160.0,26.2,,47,3.675
NEG_000833,pseudo_negative,0,Assam,25.410636,91.699374,2005-05-28,,,,1733.0,13.36,,21,2.121
NEG_000834,pseudo_negative,0,Assam,25.658976,92.008821,2013-07-16,,,,919.0,6.42,,9,3.308
NEG_000835,pseudo_negative,0,Assam,25.367556,92.759677,2016-11-14,,,,985.0,7.0,,13,5.731
NEG_000836,pseudo_negative,0,Assam,25.46295,93.167145,2015-07-29,,,,263.0,7.38,,10,6.351
NEG_000837,pseudo_negative,0,Assam,25.433958,93.518089,2026-11-17,,,,777.0,7.01,,14,4.972
NEG_000838,pseudo_negative,0,Assam,25.515551,93.768028,2024-08-05,,,,930.0,33.92,,50,1.18
NEG_000839,pseudo_negative,0,Assam,25.964276,91.479068,2023-05-03,,,,53.0,4.73,,12,6.841
NEG_000840,pseudo_negative,0,Assam,25.947555,91.788043,2023-09-03,,,,293.0,17.24,,22,6.381
NEG_000841,pseudo_negative,0,Assam,25.889434,92.327647,2006-09-27,,,,552.0,4.21,,4,6.737
NEG_000842,pseudo_negative,0,Assam,25.886839,92.475276,2024-05-16,,,,657.0,22.49,,22,3.678
NEG_000843,pseudo_negative,0,Assam,25.936136,92.853343,2016-05-16,,,,74.0,1.67,,1,7.573
NEG_000844,pseudo_negative,0,Assam,25.812215,93.323899,2014-09-19,,,,208.0,9.62,,0,10.153
NEG_000845,pseudo_negative,0,Assam,26.005771,94.228151,2011-06-20,,,,875.0,11.05,,41,2.612
NEG_000846,pseudo_negative,0,Assam,26.106962,91.308403,2019-10-03,,,,48.0,4.22,,0,17.683
NEG_000847,pseudo_negative,0,Assam,26.37254,91.862455,2020-07-18,,,,57.0,2.26,,1,1.693
NEG_000848,pseudo_negative,0,Assam,26.393341,92.045127,2021-07-03,,,,55.0,1.67,,0,17.303
NEG_000849,pseudo_negative,0,Assam,26.167173,92.505542,2014-08-01,,,,74.0,13.23,,16,8.428
NEG_000850,pseudo_negative,0,Assam,26.144842,92.876432,2006-06-02,,,,185.0,20.81,,0,11.765
NEG_000851,pseudo_negative,0,Assam,26.35691,93.368718,2005-08-22,,,,406.0,9.94,,1,7.105
NEG_000852,pseudo_negative,0,Assam,26.166936,94.005053,2005-07-22,,,,128.0,5.0,,3,4.372
NEG_000853,pseudo_negative,0,Assam,26.054129,94.09652,2008-09-30,,,,269.0,11.06,,30,3.433
NEG_000854,pseudo_negative,0,Assam,26.72198,91.468515,2005-09-01,,,,92.0,4.74,,0,53.846
NEG_000855,pseudo_negative,0,Assam,26.554232,91.848719,2012-06-01,,,,66.0,4.73,,0,19.981
NEG_000856,pseudo_negative,0,Assam,26.657752,92.27872,2006-06-19,,,,81.0,2.37,,0,30.086
NEG_000857,pseudo_negative,0,Assam,26.505681,92.781689,2022-07-14,,,,70.0,3.74,,0,27.322
NEG_000858,pseudo_negative,0,Assam,26.589128,92.97141,2013-07-18,,,,75.0,3.74,,2,8.344
NEG_000859,pseudo_negative,0,Assam,26.683752,93.613992,2008-07-29,,,,69.0,2.37,,0,11.122
NEG_000860,pseudo_negative,0,Assam,26.551129,93.955173,2006-07-26,,,,106.0,0.0,,0,27.855
NEG_000861,pseudo_negative,0,Assam,26.640046,94.402755,2009-08-21,,,,151.0,12.88,,15,6.88
NEG_000862,pseudo_negative,0,Assam,26.815465,91.295425,2011-01-19,,,,826.0,31.12,,0,69.765
NEG_000863,pseudo_negative,0,Assam,27.038701,91.771786,2013-09-04,,,,2630.0,18.18,,0,38.292
NEG_000864,pseudo_negative,0,Assam,26.990797,92.263841,2012-10-13,,,,1101.0,27.6,,0,17.951
NEG_000865,pseudo_negative,0,Assam,26.886294,92.611887,2013-08-01,,,,111.0,2.38,,4,9.487
NEG_000866,pseudo_negative,0,Assam,26.991183,93.038947,2021-09-15,,,,255.0,28.33,,0,21.276
NEG_000867,pseudo_negative,0,Assam,26.978491,93.343608,2016-08-30,,,,370.0,26.68,,1,9.199
NEG_000868,pseudo_negative,0,Assam,27.084214,94.069168,2014-08-29,,,,84.0,3.76,,0,24.244
NEG_000869,pseudo_negative,0,Assam,26.953681,94.155261,2006-08-17,,,,84.0,3.76,,0,36.764
NEG_000870,pseudo_negative,0,Assam,24.5091,91.453918,2023-06-04,,,,11.0,1.65,,0,49.21
NEG_000871,pseudo_negative,0,Assam,24.503964,91.695638,2019-05-04,,,,12.0,6.56,,0,37.753
NEG_000872,pseudo_negative,0,Assam,24.618338,92.146464,2015-04-02,,,,23.0,0.0,,0,14.5
NEG_000873,pseudo_negative,0,Assam,24.49276,92.437853,2018-09-22,,,,27.0,2.33,,4,5.464
NEG_000874,pseudo_negative,0,Assam,24.408207,93.049689,2022-06-05,,,,173.0,21.91,,6,1.757
NEG_000875,pseudo_negative,0,Assam,24.635988,93.457604,2016-05-28,,,,755.0,21.85,,7,3.365
NEG_000876,pseudo_negative,0,Assam,24.443289,93.854777,2014-12-15,,,,773.0,0.0,,4,1.555
NEG_000877,pseudo_negative,0,Assam,24.368944,94.446564,2015-07-27,,,,179.0,5.15,,0,19.155
NEG_000878,pseudo_negative,0,Assam,24.792983,91.30436,2011-09-09,,,,6.0,2.33,,0,44.76
NEG_000879,pseudo_negative,0,Assam,24.846176,91.907119,2016-07-20,,,,12.0,3.3,,0,39.563
NEG_000880,pseudo_negative,0,Assam,24.919559,92.154841,2006-05-29,,,,22.0,1.65,,0,24.242
NEG_000881,pseudo_negative,0,Assam,25.010009,92.715452,2022-07-27,,,,92.0,9.56,,38,1.466
NEG_000882,pseudo_negative,0,Assam,24.937105,93.284634,2010-07-10,,,,261.0,35.65,,0,10.149
NEG_000883,pseudo_negative,0,Assam,24.785494,93.818809,2008-05-26,,,,789.0,3.19,,41,3.713
NEG_000884,pseudo_negative,0,Assam,24.931357,94.11307,2005-09-23,,,,865.0,21.31,,27,3.661
NEG_000885,pseudo_negative,0,Assam,25.157731,91.391457,2013-09-28,,,,18.0,1.38,,11,3.268
NEG_000886,pseudo_negative,0,Assam,25.15385,91.717873,2021-06-24,,,,17.0,1.85,,69,3.28
NEG_000887,pseudo_negative,0,Assam,25.296429,92.079481,2010-05-25,,,,1045.0,35.24,,24,3.627
NEG_000888,pseudo_negative,0,Assam,25.034511,92.794935,2017-11-27,,,,430.0,22.61,,36,1.398
NEG_000889,pseudo_negative,0,Assam,25.347261,92.983757,2019-05-09,,,,561.0,5.23,,8,4.123
NEG_000890,pseudo_negative,0,Assam,25.192048,93.318743,2014-01-30,,,,1311.0,15.97,,33,1.754
NEG_000891,pseudo_negative,0,Assam,25.068583,93.758585,2018-05-07,,,,1846.0,33.39,,1,5.73
NEG_000892,pseudo_negative,0,Assam,25.245446,94.221827,2016-11-19,,,,1090.0,31.74,,1,9.768
NEG_000893,pseudo_negative,0,Assam,25.571861,91.379482,2014-05-12,,,,1578.0,12.04,,13,4.549
NEG_000894,pseudo_negative,0,Assam,25.47462,91.923591,2016-05-20,,,,1883.0,21.0,,22,5.899
NEG_000895,pseudo_negative,0,Assam,25.519566,92.296929,2013-07-21,,,,1356.0,10.88,,7,4.999
NEG_000896,pseudo_negative,0,Assam,25.669322,92.655566,2025-05-20,,,,744.0,16.86,,0,12.322
NEG_000897,pseudo_negative,0,Assam,25.400752,93.209511,2016-07-19,,,,495.0,29.12,,16,3.611
NEG_000898,pseudo_negative,0,Assam,25.567193,93.250936,2017-05-26,,,,339.0,5.24,,0,15.816
NEG_000899,pseudo_negative,0,Assam,25.64152,93.881956,2019-04-09,,,,1262.0,9.88,,31,3.04
NEG_000900,pseudo_negative,0,Assam,25.72679,91.405769,2011-06-11,,,,866.0,20.3,,0,13.771
NEG_000901,pseudo_negative,0,Assam,25.811462,92.028968,2025-05-10,,,,951.0,21.73,,3,4.026
NEG_000902,pseudo_negative,0,Assam,25.818472,92.402954,2016-07-05,,,,851.0,15.41,,1,7.265
NEG_000903,pseudo_negative,0,Assam,26.01222,92.820481,2009-11-07,,,,77.0,2.36,,1,4.415
NEG_000904,pseudo_negative,0,Assam,26.015857,93.515605,2013-07-08,,,,365.0,6.85,,2,7.485
NEG_000905,pseudo_negative,0,Assam,25.781767,93.708068,2026-07-12,,,,173.0,1.66,,38,4.264
NEG_000906,pseudo_negative,0,Assam,25.833052,94.343232,2021-06-09,,,,766.0,23.73,,37,1.974
NEG_000907,pseudo_negative,0,Assam,26.32646,91.458235,2013-07-10,,,,47.0,0.93,,0,25.808
NEG_000908,pseudo_negative,0,Assam,26.149715,91.533234,2006-05-23,,,,44.0,0.0,,0,10.183
NEG_000909,pseudo_negative,0,Assam,26.200599,92.147604,2006-05-06,,,,55.0,4.72,,0,11.347
NEG_000910,pseudo_negative,0,Assam,26.173803,92.775485,2018-06-19,,,,347.0,21.41,,1,1.272
NEG_000911,pseudo_negative,0,Assam,26.067206,93.053159,2018-07-03,,,,84.0,1.67,,0,20.215
NEG_000912,pseudo_negative,0,Assam,26.313106,93.405962,2011-05-10,,,,833.0,15.06,,0,11.397
NEG_000913,pseudo_negative,0,Assam,26.062332,93.837239,2021-05-28,,,,135.0,3.33,,2,9.137
NEG_000914,pseudo_negative,0,Assam,26.251757,94.37472,2016-05-02,,,,936.0,10.06,,14,3.974
NEG_000915,pseudo_negative,0,Assam,26.512894,91.369009,2022-08-14,,,,53.0,0.0,,0,41.077
NEG_000916,pseudo_negative,0,Assam,26.697851,91.835355,2026-08-31,,,,96.0,3.35,,0,35.526
NEG_000917,pseudo_negative,0,Assam,26.692534,92.29558,2013-09-22,,,,86.0,1.68,,0,27.843
NEG_000918,pseudo_negative,0,Assam,26.720986,92.571049,2008-07-20,,,,80.0,3.35,,0,27.25
NEG_000919,pseudo_negative,0,Assam,26.69214,92.980776,2020-09-25,,,,73.0,1.68,,0,16.081
NEG_000920,pseudo_negative,0,Assam,26.730367,93.331115,2017-08-22,,,,72.0,4.74,,0,20.508
NEG_000921,pseudo_negative,0,Assam,26.721536,94.041589,2014-07-18,,,,84.0,3.75,,0,32.588
NEG_000922,pseudo_negative,0,Assam,26.456342,94.499271,2009-08-08,,,,356.0,10.47,,19,4.765
NEG_000923,pseudo_negative,0,Assam,27.017951,91.270931,2019-05-07,,,,878.0,20.9,,0,79.524
NEG_000924,pseudo_negative,0,Assam,27.038884,91.729248,2005-08-03,,,,2337.0,30.09,,0,42.146
NEG_000925,pseudo_negative,0,Assam,26.829786,92.314447,2021-05-10,,,,121.0,1.68,,0,20.157
NEG_000926,pseudo_negative,0,Assam,26.772776,92.586614,2021-08-14,,,,91.0,0.0,,0,21.529
NEG_000927,pseudo_negative,0,Assam,26.903735,92.943262,2015-05-09,,,,103.0,0.0,,0,17.086
NEG_000928,pseudo_negative,0,Assam,27.063491,93.295187,2008-06-30,,,,1081.0,25.86,,0,13.421
NEG_000929,pseudo_negative,0,Assam,26.773994,93.759534,2022-09-02,,,,79.0,13.2,,0,24.093
NEG_000930,pseudo_negative,0,Assam,26.920272,94.225887,2009-08-21,,,,91.0,17.54,,0,37.371
NEG_000931,pseudo_negative,0,Assam,24.653602,91.493779,2013-09-21,,,,6.0,2.33,,0,56.248
NEG_000932,pseudo_negative,0,Assam,24.602753,91.720912,2015-05-22,,,,11.0,3.68,,0,47.16
NEG_000933,pseudo_negative,0,Assam,24.590889,92.351059,2019-09-03,,,,55.0,8.19,,0,14.23
NEG_000934,pseudo_negative,0,Assam,24.651225,92.46434,2012-11-16,,,,15.0,0.0,,2,3.458
NEG_000935,pseudo_negative,0,Assam,24.660621,92.850731,2025-08-11,,,,25.0,2.33,,3,4.645
NEG_000936,pseudo_negative,0,Assam,24.405883,93.363618,2005-05-01,,,,292.0,16.03,,7,4.495
NEG_000937,pseudo_negative,0,Assam,24.523402,93.932826,2016-09-20,,,,778.0,3.06,,0,11.733
NEG_000938,pseudo_negative,0,Assam,24.472691,94.198678,2007-05-01,,,,1234.0,19.73,,39,2.022
NEG_000939,pseudo_negative,0,Assam,24.782069,91.158227,2011-05-01,,,,6.0,1.65,,0,46.275
NEG_000940,pseudo_negative,0,Assam,24.904051,91.780168,2018-09-29,,,,20.0,5.21,,0,30.846
NEG_000941,pseudo_negative,0,Assam,24.870136,91.997842,2024-05-18,,,,16.0,8.2,,0,33.671
NEG_000942,pseudo_negative,0,Assam,24.822934,92.534647,2026-05-14,,,,22.0,6.78,,3,3.738
NEG_000943,pseudo_negative,0,Assam,24.910855,93.15629,2018-08-24,,,,79.0,4.13,,3,8.468
NEG_000944,pseudo_negative,0,Assam,24.859993,93.237769,2017-07-23,,,,210.0,13.71,,12,1.039
NEG_000945,pseudo_negative,0,Assam,24.767706,93.793452,2022-08-30,,,,806.0,6.86,,39,1.543
NEG_000946,pseudo_negative,0,Assam,25.161884,91.283344,2011-07-09,,,,14.0,3.7,,4,6.601
NEG_000947,pseudo_negative,0,Assam,25.255635,91.527495,2021-05-25,,,,1043.0,12.52,,32,3.758
NEG_000948,pseudo_negative,0,Assam,25.254589,92.214316,2016-08-21,,,,884.0,9.54,,18,1.42
NEG_000949,pseudo_negative,0,Assam,25.271749,93.098228,2016-05-08,,,,429.0,31.31,,46,4.732
NEG_000950,pseudo_negative,0,Assam,25.165428,93.343447,2025-06-12,,,,546.0,25.21,,31,1.742
NEG_000951,pseudo_negative,0,Assam,25.22745,93.747192,2013-07-25,,,,1874.0,28.38,,49,6.525
NEG_000952,pseudo_negative,0,Assam,25.262757,94.116382,2005-04-15,,,,1188.0,17.23,,40,1.183
NEG_000953,pseudo_negative,0,Assam,25.597158,91.229148,2009-06-29,,,,1312.0,13.41,,90,1.751
NEG_000954,pseudo_negative,0,Assam,25.577916,92.139033,2008-05-12,,,,1061.0,20.68,,18,4.969
NEG_000955,pseudo_negative,0,Assam,25.402522,92.418784,2017-06-30,,,,1213.0,12.11,,1,3.267
NEG_000956,pseudo_negative,0,Assam,25.364728,93.204278,2008-07-01,,,,588.0,4.97,,17,1.289
NEG_000957,pseudo_negative,0,Assam,25.611493,93.61637,2015-07-23,,,,354.0,3.32,,1,9.085
NEG_000958,pseudo_negative,0,Assam,25.700111,93.669815,2017-10-31,,,,299.0,24.39,,7,1.297
NEG_000959,pseudo_negative,0,Assam,25.684415,94.190657,2016-08-05,,,,913.0,11.74,,197,1.435
NEG_000960,pseudo_negative,0,Assam,25.886825,91.306049,2023-08-29,,,,204.0,26.34,,4,6.815
NEG_000961,pseudo_negative,0,Assam,25.816199,91.681815,2024-05-05,,,,656.0,18.68,,7,2.589
NEG_000962,pseudo_negative,0,Assam,25.758361,92.286121,2021-07-22,,,,858.0,17.97,,0,14.906
NEG_000963,pseudo_negative,0,Assam,25.83803,92.653875,2007-10-26,,,,508.0,1.67,,19,3.175
NEG_000964,pseudo_negative,0,Assam,25.89757,93.147266,2008-07-16,,,,158.0,4.7,,1,9.691
NEG_000965,pseudo_negative,0,Assam,26.007379,93.390016,2017-06-12,,,,137.0,3.72,,4,5.661
NEG_000966,pseudo_negative,0,Assam,25.887805,93.886443,2013-07-21,,,,159.0,0.0,,0,10.765
NEG_000967,pseudo_negative,0,Assam,26.17311,91.47736,2006-07-07,,,,142.0,30.01,,0,16.329
NEG_000968,pseudo_negative,0,Assam,26.238845,91.865469,2007-11-05,,,,45.0,0.0,,22,3.724
NEG_000969,pseudo_negative,0,Assam,26.237056,92.190055,2010-05-16,,,,55.0,2.36,,0,16.764
NEG_000970,pseudo_negative,0,Assam,26.225215,92.48035,2014-08-11,,,,67.0,5.0,,0,12.435
NEG_000971,pseudo_negative,0,Assam,26.225424,92.835877,2012-05-03,,,,613.0,14.09,,1,9.342
NEG_000972,pseudo_negative,0,Assam,26.119616,93.485116,2023-11-06,,,,1039.0,13.98,,0,10.314
NEG_000973,pseudo_negative,0,Assam,26.126125,93.692017,2024-06-27,,,,222.0,10.57,,0,19.387
NEG_000974,pseudo_negative,0,Assam,26.724326,91.388217,2007-08-03,,,,101.0,1.68,,0,59.854
NEG_000975,pseudo_negative,0,Assam,26.739745,91.91615,2019-06-04,,,,114.0,2.37,,0,26.341
NEG_000976,pseudo_negative,0,Assam,26.507466,91.994488,2007-05-22,,,,64.0,2.37,,0,20.931
NEG_000977,pseudo_negative,0,Assam,26.51758,92.406134,2014-05-16,,,,61.0,1.67,,0,44.402
NEG_000978,pseudo_negative,0,Assam,26.547661,92.857356,2018-05-30,,,,79.0,1.68,,0,19.145
NEG_000979,pseudo_negative,0,Assam,26.578628,93.308858,2017-05-03,,,,93.0,7.45,,1,6.7
NEG_000980,pseudo_negative,0,Assam,26.417539,93.7127,2020-08-16,,,,197.0,19.44,,4,8.211
NEG_000981,pseudo_negative,0,Assam,26.428769,94.270467,2006-05-19,,,,229.0,5.28,,0,10.129
NEG_000982,pseudo_negative,0,Assam,26.871827,91.112645,2014-07-07,,,,367.0,43.86,,0,74.484
NEG_000983,pseudo_negative,0,Assam,27.085077,91.937296,2024-07-31,,,,1995.0,39.91,,0,28.234
NEG_000984,pseudo_negative,0,Assam,26.771335,92.077554,2005-03-08,,,,123.0,3.75,,0,13.901
NEG_000985,pseudo_negative,0,Assam,26.776354,92.561615,2020-05-11,,,,87.0,3.75,,0,22.624
NEG_000986,pseudo_negative,0,Assam,26.990467,92.948961,2025-05-27,,,,197.0,4.75,,0,19.363
NEG_000987,pseudo_negative,0,Assam,26.929183,93.303355,2006-05-16,,,,144.0,2.38,,1,4.981
NEG_000988,pseudo_negative,0,Assam,26.799234,93.915314,2011-05-09,,,,81.0,5.3,,0,35.176
NEG_000989,pseudo_negative,0,Assam,27.064153,94.09991,2014-07-18,,,,85.0,3.76,,0,27.558
NEG_000990,pseudo_negative,0,Assam,24.415901,91.275883,2026-08-03,,,,10.0,2.33,,0,48.293
NEG_000991,pseudo_negative,0,Assam,24.405931,91.593249,2014-11-10,,,,42.0,6.76,,0,31.529
NEG_000992,pseudo_negative,0,Assam,24.604147,92.344656,2014-08-21,,,,30.0,3.68,,0,12.621
NEG_000993,pseudo_negative,0,Assam,24.49502,92.755302,2013-06-16,,,,108.0,8.18,,17,1.587
NEG_000994,pseudo_negative,0,Assam,24.550317,93.029961,2022-06-04,,,,311.0,31.4,,21,3.616
NEG_000995,pseudo_negative,0,Assam,24.43753,93.587331,2016-09-12,,,,802.0,21.35,,12,2.007
NEG_000996,pseudo_negative,0,Assam,24.482039,93.975854,2020-11-05,,,,828.0,5.92,,0,12.398
NEG_000997,pseudo_negative,0,Assam,24.757619,91.195453,2012-08-12,,,,4.0,3.3,,0,49.278
NEG_000998,pseudo_negative,0,Assam,25.00182,91.797074,2008-07-17,,,,9.0,0.93,,0,21.046
NEG_000999,pseudo_negative,0,Assam,24.959951,92.30299,2009-11-09,,,,15.0,2.34,,0,13.554
NEG_001000,pseudo_negative,0,Assam,24.810598,92.710261,2015-08-30,,,,59.0,5.93,,1,2.454
NEG_001001,pseudo_negative,0,Assam,24.730051,93.047101,2009-09-04,,,,34.0,3.84,,10,7.323
NEG_001002,pseudo_negative,0,Assam,24.771353,93.52236,2022-05-29,,,,785.0,17.5,,89,4.992
NEG_001003,pseudo_negative,0,Assam,24.80982,93.930267,2018-05-14,,,,783.0,0.93,,6,3.79
NEG_001004,pseudo_negative,0,Assam,25.243088,91.327825,2006-07-05,,,,740.0,19.67,,14,4.427
NEG_001005,pseudo_negative,0,Assam,25.146617,91.62788,2011-06-22,,,,18.0,2.78,,22,4.05
NEG_001006,pseudo_negative,0,Assam,25.205475,92.334514,2011-08-17,,,,712.0,7.19,,29,4.519
NEG_001007,pseudo_negative,0,Assam,25.054014,93.123667,2017-05-26,,,,676.0,16.19,,4,6.978
NEG_001008,pseudo_negative,0,Assam,25.094819,93.362948,2009-08-19,,,,1000.0,44.61,,13,1.831
NEG_001009,pseudo_negative,0,Assam,25.55709,91.212919,2011-05-29,,,,1338.0,14.18,,87,1.216
NEG_001010,pseudo_negative,0,Assam,25.609605,91.822286,2017-07-29,,,,1526.0,6.42,,81,2.052
NEG_001011,pseudo_negative,0,Assam,25.474978,92.293598,2024-07-24,,,,1354.0,6.87,,4,4.165
NEG_001012,pseudo_negative,0,Assam,25.628867,92.482203,2024-10-19,,,,939.0,11.75,,2,3.487
NEG_001013,pseudo_negative,0,Assam,25.473723,93.003141,2020-09-29,,,,170.0,33.71,,8,3.658
NEG_001014,pseudo_negative,0,Assam,25.669969,93.389533,2014-05-31,,,,292.0,5.98,,0,17.611
NEG_001015,pseudo_negative,0,Assam,25.542967,93.858342,2017-11-24,,,,1649.0,43.98,,43,1.944
NEG_001016,pseudo_negative,0,Assam,25.856329,91.300546,2008-04-16,,,,117.0,7.16,,3,5.271
NEG_001017,pseudo_negative,0,Assam,25.882406,91.877178,2021-09-22,,,,661.0,27.3,,16,1.862
NEG_001018,pseudo_negative,0,Assam,25.843588,92.165571,2022-06-02,,,,735.0,11.31,,2,2.754
NEG_001019,pseudo_negative,0,Assam,25.872533,92.476775,2006-08-01,,,,582.0,5.45,,22,4.96
NEG_001020,pseudo_negative,0,Assam,25.85897,92.974056,2026-07-08,,,,94.0,3.33,,0,14.255
NEG_001021,pseudo_negative,0,Assam,25.859984,93.427559,2020-01-19,,,,199.0,5.25,,6,3.103
NEG_001022,pseudo_negative,0,Assam,26.021955,93.683428,2019-05-14,,,,205.0,6.84,,1,8.766
NEG_001023,pseudo_negative,0,Assam,26.350371,91.251709,2008-05-20,,,,48.0,3.84,,0,19.559
NEG_001024,pseudo_negative,0,Assam,26.060479,91.683567,2013-07-17,,,,285.0,23.96,,6,5.189
NEG_001025,pseudo_negative,0,Assam,26.385549,92.24179,2011-06-30,,,,61.0,1.67,,0,30.4
NEG_001026,pseudo_negative,0,Assam,26.325902,92.60548,2012-11-19,,,,63.0,2.36,,0,23.14
NEG_001027,pseudo_negative,0,Assam,26.279322,93.18109,2009-05-23,,,,113.0,5.27,,8,3.629
NEG_001028,pseudo_negative,0,Assam,26.294992,93.431986,2015-09-28,,,,787.0,17.87,,0,14.553
NEG_001029,pseudo_negative,0,Assam,26.089699,93.710351,2008-07-03,,,,176.0,1.67,,0,15.09
NEG_001030,pseudo_negative,0,Assam,26.589137,91.440054,2024-07-09,,,,63.0,2.37,,0,45.849
NEG_001031,pseudo_negative,0,Assam,26.439163,91.88945,2019-05-06,,,,61.0,0.93,,1,8.406
NEG_001032,pseudo_negative,0,Assam,26.469363,92.284381,2023-08-04,,,,56.0,1.67,,0,39.153
NEG_001033,pseudo_negative,0,Assam,26.655979,92.689265,2010-05-06,,,,66.0,0.0,,0,30.197
NEG_001034,pseudo_negative,0,Assam,26.553426,92.8827,2021-06-21,,,,70.0,5.28,,0,16.588
NEG_001035,pseudo_negative,0,Assam,26.553614,93.273079,2017-05-18,,,,175.0,11.1,,1,3.456
NEG_001036,pseudo_negative,0,Assam,26.632806,93.683463,2009-08-31,,,,100.0,6.02,,2,6.68
NEG_001037,pseudo_negative,0,Assam,26.461321,94.087523,2021-05-11,,,,97.0,0.0,,0,18.077
NEG_001038,pseudo_negative,0,Assam,26.818833,91.455851,2020-05-19,,,,291.0,33.38,,0,62.787
NEG_001039,pseudo_negative,0,Assam,26.935482,91.619986,2021-04-30,,,,753.0,32.88,,0,49.893
NEG_001040,pseudo_negative,0,Assam,26.99606,92.270139,2020-05-03,,,,1230.0,49.94,,0,18.805
NEG_001041,pseudo_negative,0,Assam,26.876044,92.739433,2015-08-17,,,,86.0,1.68,,14,5.307
NEG_001042,pseudo_negative,0,Assam,27.013543,93.150796,2007-07-15,,,,422.0,24.91,,0,12.872
NEG_001043,pseudo_negative,0,Assam,26.991124,93.337295,2015-04-26,,,,912.0,40.95,,1,9.272
NEG_001044,pseudo_negative,0,Assam,26.811026,93.995865,2011-05-11,,,,83.0,1.68,,0,36.822
NEG_001045,pseudo_negative,0,Assam,26.807916,94.308921,2005-05-27,,,,98.0,5.3,,0,23.324
NEG_001046,pseudo_negative,0,Assam,24.339987,91.281195,2016-05-30,,,,8.0,1.64,,0,40.337
NEG_001047,pseudo_negative,0,Assam,24.660257,91.890766,2014-09-09,,,,13.0,1.65,,0,34.038
NEG_001048,pseudo_negative,0,Assam,24.566005,92.158222,2012-09-13,,,,28.0,1.65,,1,8.567
NEG_001049,pseudo_negative,0,Assam,24.602979,92.691774,2016-07-31,,,,41.0,4.93,,9,2.204
NEG_001050,pseudo_negative,0,Assam,24.607753,93.165518,2007-05-07,,,,635.0,35.46,,23,1.435
NEG_001051,pseudo_negative,0,Assam,24.469058,93.591575,2024-08-09,,,,761.0,18.15,,9,1.588
NEG_001052,pseudo_negative,0,Assam,24.33201,93.805245,2007-05-20,,,,1055.0,15.24,,10,2.042
NEG_001053,pseudo_negative,0,Assam,24.638682,94.148449,2024-05-29,,,,1264.0,27.76,,16,2.436
NEG_001054,pseudo_negative,0,Assam,25.017227,91.341008,2009-05-03,,,,8.0,2.05,,0,19.662
NEG_001055,pseudo_negative,0,Assam,24.700176,91.763159,2016-06-25,,,,12.0,3.3,,0,47.351
NEG_001056,pseudo_negative,0,Assam,24.827745,92.191417,2026-08-17,,,,16.0,2.33,,0,16.784
NEG_001057,pseudo_negative,0,Assam,24.837039,92.673316,2009-06-30,,,,22.0,4.94,,1,7.102
NEG_001058,pseudo_negative,0,Assam,24.678551,92.849764,2013-06-17,,,,26.0,0.0,,3,6.585
NEG_001059,pseudo_negative,0,Assam,24.853789,93.994939,2010-09-08,,,,784.0,2.75,,7,7.147
NEG_001060,pseudo_negative,0,Assam,24.675394,94.347025,2014-09-29,,,,854.0,26.67,,32,4.551
NEG_001061,pseudo_negative,0,Assam,25.313586,91.251964,2017-07-26,,,,918.0,25.74,,5,3.944
NEG_001062,pseudo_negative,0,Assam,25.232511,91.535626,2022-07-07,,,,811.0,4.23,,31,4.867
NEG_001063,pseudo_negative,0,Assam,25.039478,92.25662,2013-11-26,,,,19.0,0.93,,2,9.319
NEG_001064,pseudo_negative,0,Assam,25.054296,92.7701,2012-07-03,,,,490.0,21.23,,35,1.969
NEG_001065,pseudo_negative,0,Assam,25.308971,92.826061,2010-04-01,,,,946.0,20.11,,7,1.487
NEG_001066,pseudo_negative,0,Assam,25.195518,93.572232,2024-05-04,,,,904.0,25.0,,4,5.356
NEG_001067,pseudo_negative,0,Assam,25.215271,93.753365,2016-11-22,,,,1952.0,10.98,,54,5.272
NEG_001068,pseudo_negative,0,Assam,25.283376,94.457368,2021-09-16,,,,1356.0,16.23,,43,5.923
NEG_001069,pseudo_negative,0,Assam,25.427139,91.111151,2020-05-21,,,,864.0,6.77,,9,4.05
NEG_001070,pseudo_negative,0,Assam,25.671846,91.806722,2023-06-29,,,,903.0,15.37,,64,5.337
NEG_001071,pseudo_negative,0,Assam,25.53172,92.256724,2020-07-08,,,,1285.0,0.93,,9,4.366
NEG_001072,pseudo_negative,0,Assam,25.591488,92.78685,2026-05-24,,,,339.0,3.32,,3,6.019
NEG_001073,pseudo_negative,0,Assam,25.527987,93.04823,2014-07-05,,,,164.0,20.88,,1,6.203
NEG_001074,pseudo_negative,0,Assam,25.462005,93.275368,2013-05-16,,,,632.0,14.96,,17,5.186
NEG_001075,pseudo_negative,0,Assam,25.613603,94.165147,2020-04-27,,,,1297.0,17.32,,218,2.018
NEG_001076,pseudo_negative,0,Assam,25.888942,91.219033,2011-07-07,,,,64.0,4.21,,3,1.922
NEG_001077,pseudo_negative,0,Assam,25.999305,91.902592,2016-05-10,,,,216.0,9.02,,33,1.126
NEG_001078,pseudo_negative,0,Assam,25.957274,92.188293,2016-08-07,,,,658.0,10.8,,2,9.724
NEG_001079,pseudo_negative,0,Assam,25.887884,92.647405,2006-07-12,,,,351.0,10.42,,19,2.117
NEG_001080,pseudo_negative,0,Assam,25.771118,93.120111,2012-09-05,,,,139.0,5.25,,4,5.171
NEG_001081,pseudo_negative,0,Assam,25.984127,93.54438,2016-05-01,,,,178.0,3.33,,2,7.841
NEG_001082,pseudo_negative,0,Assam,25.870437,93.908167,2017-06-28,,,,180.0,15.01,,6,7.945
NEG_001083,pseudo_negative,0,Assam,26.010687,94.151515,2015-05-12,,,,543.0,35.61,,12,2.058
NEG_001084,pseudo_negative,0,Assam,26.309843,91.14642,2018-09-08,,,,41.0,1.03,,0,11.924
NEG_001085,pseudo_negative,0,Assam,26.23819,91.516367,2011-07-01,,,,51.0,1.39,,0,17.007
NEG_001086,pseudo_negative,0,Assam,26.158955,92.016163,2016-05-20,,,,122.0,11.06,,15,1.981
NEG_001087,pseudo_negative,0,Assam,26.258017,92.529936,2016-05-06,,,,64.0,2.36,,0,17.835
NEG_001088,pseudo_negative,0,Assam,26.135471,92.808715,2026-11-10,,,,77.0,1.67,,1,6.193
NEG_001089,pseudo_negative,0,Assam,26.340492,93.383858,2021-07-18,,,,749.0,26.51,,1,8.57
NEG_001090,pseudo_negative,0,Assam,26.339587,93.75422,2011-06-09,,,,246.0,4.72,,7,1.546
NEG_001091,pseudo_negative,0,Assam,26.701408,91.472665,2017-07-04,,,,85.0,3.75,,0,51.936
NEG_001092,pseudo_negative,0,Assam,26.530162,91.720078,2011-04-17,,,,63.0,1.68,,0,21.343
NEG_001093,pseudo_negative,0,Assam,26.689107,92.356129,2018-08-21,,,,87.0,1.68,,0,32.164
NEG_001094,pseudo_negative,0,Assam,26.580729,92.510656,2019-08-05,,,,59.0,2.37,,0,43.841
NEG_001095,pseudo_negative,0,Assam,26.414148,93.149245,2021-07-14,,,,658.0,6.01,,2,8.323
NEG_001096,pseudo_negative,0,Assam,26.511478,93.639833,2019-05-06,,,,414.0,13.27,,2,7.373
NEG_001097,pseudo_negative,0,Assam,26.455735,93.935156,2026-05-31,,,,96.0,1.67,,0,19.054
NEG_001098,pseudo_negative,0,Assam,26.710962,94.200875,2005-05-21,,,,104.0,1.68,,0,18.531
NEG_001099,pseudo_negative,0,Assam,26.914444,91.362357,2013-05-17,,,,962.0,39.71,,0,75.242
NEG_001100,pseudo_negative,0,Assam,27.029229,91.9261,2014-08-15,,,,2752.0,17.91,,0,24.679
NEG_001101,pseudo_negative,0,Assam,27.016095,92.042379,2013-05-27,,,,1607.0,19.54,,0,15.954
NEG_001102,pseudo_negative,0,Assam,27.011066,92.41545,2021-07-09,,,,686.0,11.15,,0,16.376
NEG_001103,pseudo_negative,0,Assam,26.924537,93.160356,2009-05-31,,,,190.0,13.61,,1,9.966
NEG_001104,pseudo_negative,0,Assam,26.837103,93.377685,2026-07-15,,,,87.0,0.0,,0,14.33
NEG_001105,pseudo_negative,0,Assam,27.038781,93.983164,2014-07-01,,,,86.0,2.38,,0,17.281
NEG_001106,pseudo_negative,0,Assam,26.956662,94.27877,2005-06-04,,,,98.0,4.75,,0,39.878
NEG_001107,pseudo_negative,0,Assam,24.47144,91.162302,2013-06-23,,,,8.0,1.65,,0,58.889
NEG_001108,pseudo_negative,0,Assam,24.532595,91.731379,2023-05-28,,,,16.0,4.65,,0,40.4
NEG_001109,pseudo_negative,0,Assam,24.368881,92.067589,2019-06-13,,,,112.0,17.6,,1,6.162
NEG_001110,pseudo_negative,0,Assam,24.59267,92.472515,2021-07-03,,,,26.0,5.92,,2,7.832
NEG_001111,pseudo_negative,0,Assam,24.596185,93.160412,2014-07-23,,,,373.0,5.49,,24,2.82
NEG_001112,pseudo_negative,0,Assam,24.579222,93.516436,2023-07-08,,,,891.0,31.2,,5,5.815
NEG_001113,pseudo_negative,0,Assam,24.59523,93.788857,2018-07-21,,,,770.0,2.78,,18,6.426
NEG_001114,pseudo_negative,0,Assam,24.502996,94.120073,2005-10-21,,,,1287.0,31.05,,22,2.312
NEG_001115,pseudo_negative,0,Assam,24.723112,91.238745,2025-04-02,,,,5.0,1.65,,0,53.141
NEG_001116,pseudo_negative,0,Assam,25.015634,91.721841,2008-05-12,,,,13.0,0.93,,0,17.369
NEG_001117,pseudo_negative,0,Assam,25.012307,92.046991,2007-05-23,,,,11.0,3.07,,0,17.427
NEG_001118,pseudo_negative,0,Assam,24.698647,92.66021,2010-08-01,,,,28.0,1.65,,3,1.35
NEG_001119,pseudo_negative,0,Assam,24.760683,93.11565,2023-08-24,,,,31.0,4.07,,25,2.341
NEG_001120,pseudo_negative,0,Assam,25.015802,93.756935,2005-09-09,,,,1330.0,17.69,,3,6.197
NEG_001121,pseudo_negative,0,Assam,24.729653,94.364554,2026-05-24,,,,1062.0,22.49,,15,1.743
NEG_001122,pseudo_negative,0,Assam,25.210172,91.328636,2016-10-10,,,,115.0,17.1,,15,5.044
NEG_001123,pseudo_negative,0,Manipur,23.867493,93.023048,2014-05-27,,,,695.0,27.28,,49,2.318
NEG_001124,pseudo_negative,0,Manipur,23.942706,93.413244,2019-09-21,,,,744.0,5.17,,3,6.912
NEG_001125,pseudo_negative,0,Manipur,24.025786,93.847859,2019-08-21,,,,1100.0,14.79,,6,3.873
NEG_001126,pseudo_negative,0,Manipur,23.978306,94.281644,2023-07-08,,,,151.0,3.28,,0,18.248
NEG_001127,pseudo_negative,0,Manipur,23.998132,94.354425,2013-11-07,,,,192.0,29.37,,0,23.136
NEG_001128,pseudo_negative,0,Manipur,23.930123,94.577691,2025-06-10,,,,176.0,9.48,,0,45.598
NEG_001129,pseudo_negative,0,Manipur,24.203918,93.150478,2019-08-31,,,,401.0,12.32,,22,4.947
NEG_001130,pseudo_negative,0,Manipur,24.22162,93.241421,2025-05-27,,,,1177.0,33.2,,22,3.24
NEG_001131,pseudo_negative,0,Manipur,24.084882,93.618,2008-06-26,,,,1141.0,7.3,,24,4.762
NEG_001132,pseudo_negative,0,Manipur,24.215917,93.730595,2022-05-11,,,,1349.0,20.51,,4,8.099
NEG_001133,pseudo_negative,0,Manipur,24.091712,93.977395,2017-07-14,,,,1602.0,20.49,,66,1.992
NEG_001134,pseudo_negative,0,Manipur,24.109988,94.294199,2021-11-20,,,,168.0,0.0,,0,12.715
NEG_001135,pseudo_negative,0,Manipur,24.085548,94.450228,2011-06-26,,,,280.0,20.96,,0,24.414
NEG_001136,pseudo_negative,0,Manipur,24.105331,94.596665,2013-07-09,,,,114.0,2.32,,0,35.689
NEG_001137,pseudo_negative,0,Manipur,24.365844,93.001859,2020-05-21,,,,471.0,3.67,,11,3.879
NEG_001138,pseudo_negative,0,Manipur,24.369161,93.325319,2008-05-06,,,,251.0,10.42,,13,1.763
NEG_001139,pseudo_negative,0,Manipur,24.336979,93.396277,2005-05-15,,,,1035.0,54.86,,8,4.132
NEG_001140,pseudo_negative,0,Manipur,24.353629,93.850947,2020-05-29,,,,767.0,3.29,,8,6.066
NEG_001141,pseudo_negative,0,Manipur,24.362167,93.957872,2009-09-26,,,,1280.0,28.92,,6,1.825
NEG_001142,pseudo_negative,0,Manipur,24.319833,94.108543,2019-10-13,,,,1219.0,30.37,,48,2.864
NEG_001143,pseudo_negative,0,Manipur,24.49396,94.332681,2026-05-18,,,,762.0,17.95,,0,10.222
NEG_001144,pseudo_negative,0,Manipur,24.448817,94.745208,2013-05-15,,,,192.0,11.49,,0,39.283
NEG_001145,pseudo_negative,0,Manipur,24.654571,93.033155,2019-06-25,,,,328.0,19.13,,4,2.988
NEG_001146,pseudo_negative,0,Manipur,24.722679,93.230446,2020-06-05,,,,310.0,21.68,,41,2.711
NEG_001147,pseudo_negative,0,Manipur,24.529169,93.460199,2005-05-21,,,,350.0,14.82,,4,6.525
NEG_001148,pseudo_negative,0,Manipur,24.546781,93.654287,2020-10-03,,,,754.0,14.19,,31,1.382
NEG_001149,pseudo_negative,0,Manipur,24.738626,93.862749,2012-08-24,,,,774.0,1.38,,8,6.578
NEG_001150,pseudo_negative,0,Manipur,24.750788,94.159491,2005-07-09,,,,1064.0,26.12,,22,4.791
NEG_001151,pseudo_negative,0,Manipur,24.718459,94.474341,2005-05-15,,,,591.0,32.4,,1,8.393
NEG_001152,pseudo_negative,0,Manipur,24.688611,94.731091,2014-08-13,,,,155.0,3.69,,0,16.327
NEG_001153,pseudo_negative,0,Manipur,24.843699,93.049112,2010-09-16,,,,37.0,0.93,,3,4.121
NEG_001154,pseudo_negative,0,Manipur,24.976693,93.269363,2021-06-11,,,,190.0,14.44,,0,10.582
NEG_001155,pseudo_negative,0,Manipur,24.771415,93.721673,2014-06-06,,,,1270.0,29.92,,72,2.166
NEG_001156,pseudo_negative,0,Manipur,24.93432,93.908212,2010-11-19,,,,808.0,7.99,,1,9.434
NEG_001157,pseudo_negative,0,Manipur,24.882106,94.124356,2023-08-11,,,,873.0,16.93,,22,5.92
NEG_001158,pseudo_negative,0,Manipur,24.868211,94.342088,2014-07-14,,,,762.0,30.35,,64,2.739
NEG_001159,pseudo_negative,0,Manipur,24.813087,94.675889,2022-06-03,,,,1179.0,15.85,,4,8.427
NEG_001160,pseudo_negative,0,Manipur,25.121293,93.261533,2008-11-10,,,,655.0,23.85,,20,1.29
NEG_001161,pseudo_negative,0,Manipur,25.060954,93.450036,2024-08-29,,,,396.0,8.22,,27,2.255
NEG_001162,pseudo_negative,0,Manipur,25.138945,93.635395,2012-08-05,,,,1644.0,27.52,,112,2.582
NEG_001163,pseudo_negative,0,Manipur,25.030123,93.903585,2015-05-25,,,,1117.0,9.28,,0,10.704
NEG_001164,pseudo_negative,0,Manipur,24.998367,94.088473,2016-08-14,,,,1183.0,10.46,,25,6.759
NEG_001165,pseudo_negative,0,Manipur,25.027184,94.657043,2005-07-12,,,,1031.0,22.8,,24,4.39
NEG_001166,pseudo_negative,0,Manipur,25.425145,93.064253,2015-12-13,,,,261.0,23.86,,16,5.159
NEG_001167,pseudo_negative,0,Manipur,25.227274,93.380586,2012-07-16,,,,627.0,27.13,,22,3.181
NEG_001168,pseudo_negative,0,Manipur,25.424648,93.511753,2008-05-14,,,,836.0,26.26,,14,3.908
NEG_001169,pseudo_negative,0,Manipur,25.364025,93.753997,2021-08-07,,,,871.0,25.24,,0,10.325
NEG_001170,pseudo_negative,0,Manipur,25.360632,93.942737,2019-07-01,,,,1343.0,23.85,,2,9.277
NEG_001171,pseudo_negative,0,Manipur,25.213646,94.097267,2015-05-14,,,,1048.0,25.98,,25,1.148
NEG_001172,pseudo_negative,0,Manipur,25.275756,94.457672,2017-12-10,,,,1442.0,25.43,,43,6.447
NEG_001173,pseudo_negative,0,Manipur,25.423343,94.669701,2013-10-30,,,,2378.0,5.24,,29,5.08
NEG_001174,pseudo_negative,0,Manipur,25.516091,93.110933,2012-08-05,,,,213.0,5.24,,1,1.186
NEG_001175,pseudo_negative,0,Manipur,25.555758,93.17187,2021-11-09,,,,326.0,8.88,,1,8.62
NEG_001176,pseudo_negative,0,Manipur,25.515385,93.437444,2026-07-06,,,,525.0,11.01,,28,6.446
NEG_001177,pseudo_negative,0,Manipur,25.63675,93.796948,2017-05-14,,,,672.0,19.98,,23,4.73
NEG_001178,pseudo_negative,0,Manipur,25.453237,93.957627,2015-08-26,,,,1219.0,14.62,,30,3.192
NEG_001179,pseudo_negative,0,Manipur,25.536756,94.215777,2015-07-14,,,,1445.0,18.17,,90,2.031
NEG_001180,pseudo_negative,0,Manipur,25.561845,94.463481,2024-11-16,,,,864.0,41.71,,12,5.773
NEG_001181,pseudo_negative,0,Manipur,25.541232,94.53986,2009-07-08,,,,1194.0,35.08,,36,4.819
NEG_001182,pseudo_negative,0,Manipur,23.954534,93.065962,2012-05-23,,,,407.0,22.44,,43,2.538
NEG_001183,pseudo_negative,0,Manipur,23.983177,93.328576,2026-06-13,,,,513.0,36.68,,18,2.36
NEG_001184,pseudo_negative,0,Manipur,23.87122,93.490469,2023-11-24,,,,1015.0,23.23,,0,12.219
NEG_001185,pseudo_negative,0,Manipur,23.966754,93.692365,2005-08-22,,,,2002.0,11.78,,0,13.484
NEG_001186,pseudo_negative,0,Manipur,23.906534,94.040612,2024-03-03,,,,448.0,20.13,,15,5.219
NEG_001187,pseudo_negative,0,Manipur,23.858329,94.11574,2005-07-28,,,,344.0,17.13,,0,11.204
NEG_001188,pseudo_negative,0,Manipur,23.893337,94.406041,2010-06-12,,,,422.0,11.33,,0,33.982
NEG_001189,pseudo_negative,0,Manipur,23.861769,94.685801,2014-09-05,,,,258.0,9.19,,0,58.791
NEG_001190,pseudo_negative,0,Manipur,24.080359,93.6126,2016-08-15,,,,1143.0,14.55,,24,4.67
NEG_001191,pseudo_negative,0,Manipur,24.065734,93.687654,2022-11-16,,,,1385.0,15.21,,0,11.963
NEG_001192,pseudo_negative,0,Manipur,24.127961,94.362439,2009-08-14,,,,154.0,2.23,,0,14.585
NEG_001193,pseudo_negative,0,Manipur,24.160224,94.591993,2016-08-22,,,,108.0,0.0,,0,32.767
NEG_001194,pseudo_negative,0,Manipur,24.38002,93.478949,2018-08-05,,,,801.0,44.98,,11,2.406
NEG_001195,pseudo_negative,0,Manipur,24.429589,93.701699,2020-10-27,,,,874.0,8.34,,11,6.294
NEG_001196,pseudo_negative,0,Manipur,24.38148,94.308133,2012-05-07,,,,363.0,13.17,,10,5.872
NEG_001197,pseudo_negative,0,Manipur,24.3926,94.369474,2019-07-22,,,,224.0,4.12,,0,11.973
NEG_001198,pseudo_negative,0,Manipur,24.341635,94.651701,2018-09-27,,,,204.0,1.64,,0,38.089
NEG_001199,pseudo_negative,0,Manipur,24.636043,93.005786,2024-10-06,,,,628.0,31.75,,2,1.043
NEG_001200,pseudo_negative,0,Manipur,24.68473,93.298505,2012-05-28,,,,282.0,27.4,,21,3.986
NEG_001201,pseudo_negative,0,Manipur,24.678353,93.445484,2022-07-04,,,,482.0,21.69,,35,6.829
NEG_001202,pseudo_negative,0,Manipur,24.610371,93.838718,2024-09-10,,,,772.0,1.38,,1,9.854
NEG_001203,pseudo_negative,0,Manipur,24.693636,94.004441,2017-06-28,,,,797.0,10.02,,1,8.84
NEG_001204,pseudo_negative,0,Manipur,24.610895,94.116866,2021-10-09,,,,1024.0,16.48,,11,6.343
NEG_001205,pseudo_negative,0,Manipur,24.630411,94.386038,2023-07-07,,,,666.0,29.81,,10,1.736
NEG_001206,pseudo_negative,0,Manipur,24.686227,94.601606,2016-08-24,,,,311.0,11.84,,0,10.062
NEG_001207,pseudo_negative,0,Manipur,24.932935,92.997216,2015-05-20,,,,124.0,4.95,,9,3.474
NEG_001208,pseudo_negative,0,Manipur,24.83531,93.333211,2026-05-20,,,,687.0,40.92,,16,7.311
NEG_001209,pseudo_negative,0,Manipur,24.949241,93.408232,2010-11-18,,,,180.0,2.11,,27,4.221
NEG_001210,pseudo_negative,0,Manipur,24.873945,93.806679,2006-09-18,,,,873.0,5.5,,13,2.778
NEG_001211,pseudo_negative,0,Manipur,24.902532,94.009733,2017-08-08,,,,794.0,2.75,,3,1.971
NEG_001212,pseudo_negative,0,Manipur,24.806308,94.303783,2018-05-08,,,,839.0,19.13,,57,1.878
NEG_001213,pseudo_negative,0,Manipur,24.949317,94.363607,2006-08-12,,,,1030.0,22.24,,26,3.786
NEG_001214,pseudo_negative,0,Manipur,24.788072,94.572505,2006-05-16,,,,508.0,36.31,,21,2.869
NEG_001215,pseudo_negative,0,Manipur,25.036165,92.942107,2005-06-12,,,,369.0,42.92,,23,4.899
NEG_001216,pseudo_negative,0,Manipur,24.989053,93.309695,2017-05-20,,,,289.0,22.09,,1,9.217
NEG_001217,pseudo_negative,0,Manipur,25.115992,93.718043,2006-05-15,,,,1509.0,41.68,,107,4.053
NEG_001218,pseudo_negative,0,Manipur,25.168912,94.060555,2007-05-29,,,,975.0,28.48,,12,7.227
NEG_001219,pseudo_negative,0,Manipur,25.053462,94.116792,2010-06-10,,,,907.0,22.24,,8,2.975
NEG_001220,pseudo_negative,0,Manipur,25.127727,94.351444,2009-05-29,,,,1564.0,21.16,,38,1.243
NEG_001221,pseudo_negative,0,Manipur,24.98346,94.731187,2010-06-22,,,,1424.0,14.9,,0,11.504
NEG_001222,pseudo_negative,0,Manipur,25.349438,92.990975,2025-07-06,,,,561.0,3.31,,8,3.999
NEG_001223,pseudo_negative,0,Manipur,25.293616,93.308326,2012-08-07,,,,661.0,21.49,,25,1.328
NEG_001224,pseudo_negative,0,Manipur,25.388916,93.434065,2025-07-02,,,,622.0,9.58,,47,2.445
NEG_001225,pseudo_negative,0,Manipur,25.390566,93.772498,2023-06-22,,,,833.0,29.73,,3,8.048
NEG_001226,pseudo_negative,0,Manipur,25.266376,93.973395,2006-08-07,,,,1652.0,13.03,,18,4.716
NEG_001227,pseudo_negative,0,Manipur,25.257626,94.146583,2023-07-16,,,,1453.0,22.94,,28,2.139
NEG_001228,pseudo_negative,0,Manipur,25.350671,94.40795,2018-09-28,,,,973.0,28.38,,4,6.564
NEG_001229,pseudo_negative,0,Manipur,25.414776,94.679781,2012-08-20,,,,2016.0,44.94,,15,5.456
NEG_001230,pseudo_negative,0,Manipur,25.542811,93.013451,2021-04-18,,,,190.0,5.97,,0,10.059
NEG_001231,pseudo_negative,0,Manipur,25.45332,93.515737,2011-05-20,,,,654.0,0.0,,13,4.372
NEG_001232,pseudo_negative,0,Manipur,25.648979,93.667447,2017-08-28,,,,340.0,1.66,,7,5.823
NEG_001233,pseudo_negative,0,Manipur,25.498086,93.886507,2008-06-10,,,,1200.0,51.54,,20,3.001
NEG_001234,pseudo_negative,0,Manipur,25.499248,94.307945,2018-09-07,,,,1852.0,19.35,,27,5.954
NEG_001235,pseudo_negative,0,Manipur,25.49458,94.63239,2015-05-18,,,,1583.0,10.52,,36,2.487
NEG_001236,pseudo_negative,0,Manipur,24.018175,93.002637,2006-07-18,,,,494.0,20.42,,44,2.72
NEG_001237,pseudo_negative,0,Manipur,23.968833,93.180686,2017-05-06,,,,359.0,6.73,,26,4.233
NEG_001238,pseudo_negative,0,Manipur,23.899585,93.429111,2009-07-29,,,,1066.0,25.99,,9,7.76
NEG_001239,pseudo_negative,0,Manipur,23.973656,93.705618,2013-07-09,,,,1679.0,22.92,,0,11.984
NEG_001240,pseudo_negative,0,Manipur,23.897805,93.930495,2010-07-15,,,,1207.0,31.12,,1,8.269
NEG_001241,pseudo_negative,0,Manipur,24.056761,94.13109,2013-05-16,,,,484.0,15.3,,25,4.165
NEG_001242,pseudo_negative,0,Manipur,23.910631,94.471768,2023-07-06,,,,310.0,22.91,,0,38.29
NEG_001243,pseudo_negative,0,Manipur,23.925997,94.547993,2023-07-29,,,,137.0,3.28,,0,43.859
NEG_001244,pseudo_negative,0,Manipur,24.240972,93.034933,2021-06-29,,,,295.0,8.78,,47,1.283
NEG_001245,pseudo_negative,0,Manipur,24.155343,93.341079,2023-06-11,,,,722.0,13.77,,25,1.706
NEG_001246,pseudo_negative,0,Manipur,24.289557,93.522764,2005-08-22,,,,1207.0,23.11,,19,4.556
NEG_001247,pseudo_negative,0,Manipur,24.251108,93.820624,2010-06-17,,,,817.0,8.32,,6,3.224
NEG_001248,pseudo_negative,0,Manipur,24.065628,93.992236,2021-07-26,,,,839.0,34.89,,73,2.888
NEG_001249,pseudo_negative,0,Manipur,24.098319,94.145857,2017-09-16,,,,681.0,19.57,,30,1.016
NEG_001250,pseudo_negative,0,Manipur,24.099943,94.447788,2021-11-23,,,,277.0,8.86,,0,23.264
NEG_001251,pseudo_negative,0,Manipur,24.087261,94.747479,2008-08-19,,,,182.0,15.13,,0,50.406
NEG_001252,pseudo_negative,0,Manipur,24.303138,93.055418,2020-06-19,,,,193.0,25.22,,27,5.152
NEG_001253,pseudo_negative,0,Manipur,24.390191,93.294431,2022-05-18,,,,360.0,12.65,,11,4.147
NEG_001254,pseudo_negative,0,Manipur,24.391996,93.444824,2022-11-28,,,,1316.0,17.61,,5,6.1
NEG_001255,pseudo_negative,0,Manipur,24.359781,93.664047,2019-07-07,,,,1191.0,15.24,,37,1.162
NEG_001256,pseudo_negative,0,Manipur,24.492214,93.966157,2016-05-02,,,,773.0,3.68,,0,13.641
NEG_001257,pseudo_negative,0,Manipur,24.343135,94.272345,2020-07-20,,,,588.0,19.17,,17,1.942
NEG_001258,pseudo_negative,0,Manipur,24.364233,94.520138,2010-09-10,,,,340.0,6.75,,0,25.86
NEG_001259,pseudo_negative,0,Manipur,24.497144,94.646447,2017-05-28,,,,311.0,12.35,,0,31.231
NEG_001260,pseudo_negative,0,Manipur,24.672812,92.960059,2026-05-15,,,,26.0,1.65,,3,4.168
NEG_001261,pseudo_negative,0,Manipur,24.535584,93.168883,2014-08-11,,,,200.0,49.17,,36,3.472
NEG_001262,pseudo_negative,0,Manipur,24.625999,93.464879,2026-11-30,,,,572.0,23.21,,7,2.112
NEG_001263,pseudo_negative,0,Manipur,24.670603,94.019392,2016-08-12,,,,785.0,3.19,,0,11.488
NEG_001264,pseudo_negative,0,Manipur,24.549726,94.155829,2019-08-23,,,,1323.0,27.86,,17,2.331
NEG_001265,pseudo_negative,0,Manipur,24.713997,94.318883,2021-05-06,,,,831.0,25.67,,29,4.241
NEG_001266,pseudo_negative,0,Manipur,24.565383,94.537208,2005-07-16,,,,208.0,3.68,,0,17.829
NEG_001267,pseudo_negative,0,Manipur,24.903062,93.027773,2017-08-01,,,,77.0,2.11,,5,4.982
NEG_001268,pseudo_negative,0,Manipur,24.764007,93.365548,2012-07-01,,,,472.0,42.69,,54,2.211
NEG_001269,pseudo_negative,0,Manipur,24.957667,93.526612,2021-08-19,,,,653.0,11.72,,57,2.335
NEG_001270,pseudo_negative,0,Manipur,24.954312,94.074286,2019-06-14,,,,940.0,23.66,,22,6.748
NEG_001271,pseudo_negative,0,Manipur,24.925044,94.203958,2026-05-08,,,,1244.0,26.05,,47,1.706
NEG_001272,pseudo_negative,0,Manipur,24.790692,94.540727,2026-11-02,,,,560.0,27.27,,17,2.825
NEG_001273,pseudo_negative,0,Manipur,24.998683,92.956688,2024-05-14,,,,659.0,11.87,,10,2.104
NEG_001274,pseudo_negative,0,Manipur,25.203656,93.375768,2012-07-13,,,,930.0,28.82,,25,3.166
NEG_001275,pseudo_negative,0,Manipur,25.068292,93.404701,2012-05-10,,,,359.0,14.91,,5,2.555
NEG_001276,pseudo_negative,0,Manipur,25.005459,93.751994,2024-05-04,,,,1200.0,41.29,,6,4.944
NEG_001277,pseudo_negative,0,Manipur,25.092573,93.952987,2025-01-05,,,,968.0,34.83,,6,4.498
NEG_001278,pseudo_negative,0,Manipur,25.026331,94.133956,2026-11-25,,,,1040.0,21.88,,22,2.302
NEG_001279,pseudo_negative,0,Manipur,25.075394,94.400557,2021-08-23,,,,1732.0,18.84,,34,2.145
NEG_001280,pseudo_negative,0,Manipur,25.024296,94.560788,2020-07-14,,,,1583.0,31.49,,82,2.918
NEG_001281,pseudo_negative,0,Manipur,25.282732,93.227618,2026-08-15,,,,793.0,9.98,,28,1.418
NEG_001282,pseudo_negative,0,Manipur,25.329601,93.442005,2017-09-04,,,,1598.0,19.47,,13,3.675
NEG_001283,pseudo_negative,0,Manipur,25.32267,93.638269,2013-09-08,,,,1387.0,21.22,,6,2.792
NEG_001284,pseudo_negative,0,Manipur,25.385429,94.051847,2026-07-19,,,,1471.0,22.56,,51,3.774
NEG_001285,pseudo_negative,0,Manipur,25.310536,94.124403,2026-08-21,,,,1365.0,7.19,,44,3.374
NEG_001286,pseudo_negative,0,Manipur,25.247927,94.510158,2023-05-12,,,,1332.0,23.87,,63,3.639
NEG_001287,pseudo_negative,0,Manipur,25.287786,94.734587,2007-07-29,,,,1676.0,19.21,,0,15.879
NEG_001288,pseudo_negative,0,Manipur,25.662942,93.139584,2018-10-26,,,,192.0,8.26,,10,2.214
NEG_001289,pseudo_negative,0,Manipur,25.5306,93.340533,2025-08-18,,,,287.0,2.35,,7,8.768
NEG_001290,pseudo_negative,0,Manipur,25.483582,93.562848,2021-06-29,,,,848.0,19.49,,3,6.969
NEG_001291,pseudo_negative,0,Manipur,25.669812,93.710381,2025-05-07,,,,331.0,2.35,,11,4.309
NEG_001292,pseudo_negative,0,Manipur,25.623461,93.97865,2023-08-10,,,,1981.0,30.41,,53,2.206
NEG_001293,pseudo_negative,0,Manipur,25.641361,94.460562,2025-08-24,,,,1256.0,13.58,,44,1.919
NEG_001294,pseudo_negative,0,Manipur,25.671018,94.59128,2011-05-09,,,,673.0,11.74,,16,2.448
NEG_001295,pseudo_negative,0,Manipur,23.957632,93.079866,2021-06-22,,,,210.0,26.9,,43,3.943
NEG_001296,pseudo_negative,0,Manipur,24.060074,93.463233,2026-05-06,,,,1052.0,25.01,,17,3.368
NEG_001297,pseudo_negative,0,Manipur,23.928005,93.681315,2026-08-11,,,,1138.0,22.28,,0,14.543
NEG_001298,pseudo_negative,0,Manipur,23.909486,93.942446,2016-11-02,,,,1722.0,7.29,,4,6.773
NEG_001299,pseudo_negative,0,Manipur,23.923736,94.154992,2015-08-03,,,,306.0,17.75,,2,9.118
NEG_001300,pseudo_negative,0,Manipur,24.029004,94.317582,2012-05-05,,,,154.0,2.23,,0,18.317
NEG_001301,pseudo_negative,0,Manipur,23.968749,94.746302,2021-06-14,,,,252.0,8.77,,0,56.62
NEG_001302,pseudo_negative,0,Manipur,24.236806,93.10933,2011-05-08,,,,992.0,20.46,,27,1.01
NEG_001303,pseudo_negative,0,Manipur,24.142805,93.344896,2012-08-22,,,,768.0,38.55,,25,3.152
NEG_001304,pseudo_negative,0,Manipur,24.251455,93.459261,2024-05-11,,,,700.0,26.04,,5,3.741
NEG_001305,pseudo_negative,0,Manipur,24.260512,93.756912,2023-05-10,,,,1194.0,19.06,,15,6.622
NEG_001306,pseudo_negative,0,Manipur,24.22703,94.022869,2007-05-21,,,,1376.0,27.31,,44,4.128
NEG_001307,pseudo_negative,0,Manipur,24.270757,94.25191,2016-08-21,,,,393.0,11.49,,18,3.262
NEG_001308,pseudo_negative,0,Manipur,24.268716,94.519883,2018-07-19,,,,380.0,1.64,,0,23.615
NEG_001309,pseudo_negative,0,Manipur,24.14417,94.723008,2014-05-20,,,,116.0,5.9,,0,45.977
NEG_001310,pseudo_negative,0,Manipur,24.494516,93.385082,2010-09-13,,,,264.0,7.33,,3,1.858
NEG_001311,pseudo_negative,0,Manipur,24.481552,93.468055,2018-12-05,,,,555.0,39.97,,2,9.301
NEG_001312,pseudo_negative,0,Manipur,24.297712,93.760311,2006-08-21,,,,940.0,24.16,,15,2.479
NEG_001313,pseudo_negative,0,Manipur,24.34964,94.016676,2008-09-07,,,,1018.0,28.9,,15,3.796
NEG_001314,pseudo_negative,0,Manipur,24.341229,94.239037,2024-05-25,,,,493.0,21.68,,24,1.485
NEG_001315,pseudo_negative,0,Manipur,24.345576,94.485859,2019-05-03,,,,258.0,13.52,,0,21.899
NEG_001316,pseudo_negative,0,Manipur,24.395693,94.748343,2009-06-17,,,,142.0,6.56,,0,44.933
NEG_001317,pseudo_negative,0,Manipur,24.746517,93.045741,2007-06-14,,,,144.0,4.18,,10,5.49
NEG_001318,pseudo_negative,0,Manipur,24.593043,93.242302,2013-05-22,,,,158.0,4.13,,22,2.976
NEG_001319,pseudo_negative,0,Manipur,24.678199,93.441947,2018-05-12,,,,558.0,42.4,,34,7.08
NEG_001320,pseudo_negative,0,Manipur,24.648465,93.790415,2016-05-11,,,,773.0,7.64,,12,7.168
NEG_001321,pseudo_negative,0,Manipur,24.573306,94.038689,2024-09-09,,,,779.0,1.38,,1,5.728
NEG_001322,pseudo_negative,0,Manipur,24.597425,94.123202,2020-07-23,,,,1372.0,31.66,,5,5.822
NEG_001323,pseudo_negative,0,Manipur,24.52833,94.527096,2015-06-05,,,,194.0,2.33,,0,18.786
NEG_001324,pseudo_negative,0,Manipur,24.609772,94.647837,2021-01-25,,,,295.0,11.51,,0,19.192
NEG_001325,pseudo_negative,0,Manipur,24.966318,93.087307,2025-09-29,,,,101.0,15.31,,8,5.243
NEG_001326,pseudo_negative,0,Manipur,24.965251,93.305081,2005-07-12,,,,197.0,21.42,,0,11.746
NEG_001327,pseudo_negative,0,Manipur,24.920059,93.645043,2016-05-26,,,,614.0,25.94,,36,1.24
NEG_001328,pseudo_negative,0,Manipur,24.968962,93.887602,2006-09-04,,,,863.0,2.11,,0,10.092
NEG_001329,pseudo_negative,0,Manipur,24.940108,94.248626,2011-05-30,,,,1608.0,5.09,,56,2.214
NEG_001330,pseudo_negative,0,Manipur,24.941939,94.388475,2021-07-17,,,,736.0,30.48,,29,3.096
NEG_001331,pseudo_negative,0,Manipur,24.752848,94.667227,2016-05-24,,,,805.0,41.78,,3,7.101
NEG_001332,pseudo_negative,0,Manipur,25.022938,93.31533,2014-05-06,,,,575.0,16.11,,4,5.822
NEG_001333,pseudo_negative,0,Manipur,25.139754,93.421308,2005-08-04,,,,511.0,23.76,,6,5.289
NEG_001334,pseudo_negative,0,Manipur,24.994592,93.808753,2008-05-25,,,,1689.0,12.41,,3,7.271
NEG_001335,pseudo_negative,0,Manipur,25.101297,93.874166,2013-05-20,,,,2088.0,22.33,,5,3.905
NEG_001336,pseudo_negative,0,Manipur,25.030161,94.639062,2016-12-18,,,,1186.0,14.65,,36,3.886
NEG_001337,pseudo_negative,0,Manipur,25.218223,92.940072,2013-06-11,,,,708.0,22.49,,73,4.245
NEG_001338,pseudo_negative,0,Manipur,25.415101,93.428715,2018-08-13,,,,690.0,18.28,,46,2.554
NEG_001339,pseudo_negative,0,Manipur,25.284268,93.775339,2024-06-08,,,,1713.0,31.99,,1,8.71
NEG_001340,pseudo_negative,0,Manipur,25.410471,93.909256,2025-06-29,,,,1828.0,22.87,,1,9.803
NEG_001341,pseudo_negative,0,Manipur,25.21767,94.138291,2023-07-06,,,,1258.0,26.09,,15,1.908
NEG_001342,pseudo_negative,0,Manipur,25.238217,94.450958,2012-06-27,,,,1679.0,25.43,,37,8.224
NEG_001343,pseudo_negative,0,Manipur,25.251067,94.62745,2024-08-25,,,,1614.0,21.11,,11,7.652
NEG_001344,pseudo_negative,0,Manipur,25.465926,93.062496,2006-06-15,,,,232.0,11.58,,13,6.25
NEG_001345,pseudo_negative,0,Manipur,25.483181,93.440018,2014-07-05,,,,428.0,22.54,,42,4.48
NEG_001346,pseudo_negative,0,Manipur,25.544835,93.681006,2009-08-14,,,,624.0,15.38,,43,3.71
NEG_001347,pseudo_negative,0,Manipur,25.507522,94.060838,2025-05-10,,,,2084.0,22.0,,53,6.078
NEG_001348,pseudo_negative,0,Manipur,25.521675,94.500072,2022-06-16,,,,1233.0,14.88,,25,5.194
NEG_001349,pseudo_negative,0,Manipur,25.636051,94.707749,2014-08-10,,,,1289.0,23.42,,46,2.383
NEG_001350,pseudo_negative,0,Manipur,23.915098,92.94024,2007-07-30,,,,515.0,32.87,,75,1.743
NEG_001351,pseudo_negative,0,Manipur,23.967864,93.304828,2005-06-17,,,,1218.0,4.91,,23,2.302
NEG_001352,pseudo_negative,0,Manipur,24.053827,93.537827,2021-07-21,,,,1016.0,14.8,,31,2.12
NEG_001353,pseudo_negative,0,Manipur,23.896316,93.638773,2012-05-11,,,,1608.0,9.2,,0,12.961
NEG_001354,pseudo_negative,0,Manipur,23.982529,94.052574,2024-06-10,,,,956.0,34.24,,42,1.524
NEG_001355,pseudo_negative,0,Manipur,23.984435,94.114204,2010-06-28,,,,546.0,10.39,,18,5.902
NEG_001356,pseudo_negative,0,Manipur,23.853314,94.348032,2025-05-29,,,,264.0,6.53,,0,30.24
NEG_001357,pseudo_negative,0,Manipur,23.98257,94.571842,2021-10-07,,,,108.0,4.63,,0,41.218
NEG_001358,pseudo_negative,0,Manipur,24.094478,92.944276,2020-10-16,,,,461.0,40.77,,42,2.619
NEG_001359,pseudo_negative,0,Manipur,24.135475,93.197258,2007-08-31,,,,977.0,28.08,,13,7.537
NEG_001360,pseudo_negative,0,Manipur,24.256353,93.567578,2015-06-21,,,,670.0,0.0,,28,1.999
NEG_001361,pseudo_negative,0,Manipur,24.135095,93.787589,2021-11-22,,,,917.0,24.69,,0,11.905
NEG_001362,pseudo_negative,0,Manipur,24.19138,93.919315,2017-08-16,,,,836.0,21.31,,19,2.332
NEG_001363,pseudo_negative,0,Manipur,24.158683,94.260569,2011-01-19,,,,238.0,4.73,,7,6.818
NEG_001364,pseudo_negative,0,Manipur,24.191652,94.45268,2019-07-29,,,,560.0,29.83,,0,18.331
NEG_001365,pseudo_negative,0,Manipur,24.192718,94.644546,2026-05-17,,,,173.0,8.16,,0,36.955
NEG_001366,pseudo_negative,0,Manipur,24.497462,93.147604,2016-07-17,,,,155.0,19.09,,38,2.807
NEG_001367,pseudo_negative,0,Manipur,24.304009,93.304385,2017-08-14,,,,694.0,22.2,,15,2.924
NEG_001368,pseudo_negative,0,Manipur,24.301606,93.558172,2022-08-09,,,,916.0,16.02,,19,2.43
NEG_001369,pseudo_negative,0,Manipur,24.435224,93.675826,2008-09-14,,,,1161.0,26.07,,13,5.205
NEG_001370,pseudo_negative,0,Manipur,24.430263,93.867807,2018-06-14,,,,768.0,1.65,,2,1.803
NEG_001371,pseudo_negative,0,Manipur,24.438569,94.220306,2025-08-01,,,,1226.0,29.94,,45,1.203
NEG_001372,pseudo_negative,0,Manipur,24.460041,94.483494,2006-06-02,,,,193.0,1.02,,0,20.008
NEG_001373,pseudo_negative,0,Manipur,24.387801,94.577225,2026-05-14,,,,377.0,19.27,,0,32.193
NEG_001374,pseudo_negative,0,Manipur,24.547207,93.092484,2016-08-09,,,,104.0,19.76,,32,1.945
NEG_001375,pseudo_negative,0,Manipur,24.532208,93.296348,2008-09-12,,,,277.0,32.64,,10,4.595
NEG_001376,pseudo_negative,0,Manipur,24.701728,93.481706,2010-05-20,,,,1014.0,39.9,,45,2.564
NEG_001377,pseudo_negative,0,Manipur,24.621247,93.8938,2026-07-28,,,,773.0,4.8,,0,12.703
NEG_001378,pseudo_negative,0,Manipur,24.657225,94.162344,2013-05-09,,,,1233.0,17.2,,23,2.444
NEG_001379,pseudo_negative,0,Manipur,24.731197,94.490502,2008-08-05,,,,951.0,21.05,,2,8.505
NEG_001380,pseudo_negative,0,Manipur,24.617544,94.539742,2011-05-17,,,,201.0,5.2,,0,15.707
NEG_001381,pseudo_negative,0,Manipur,24.799864,93.09872,2025-11-08,,,,50.0,13.77,,13,3.014
NEG_001382,pseudo_negative,0,Manipur,24.902895,93.357821,2026-10-20,,,,260.0,16.02,,2,9.307
NEG_001383,pseudo_negative,0,Manipur,24.870348,93.830193,2017-07-06,,,,809.0,3.44,,14,5.12
NEG_001384,pseudo_negative,0,Manipur,24.925302,93.936516,2023-06-27,,,,1150.0,27.76,,4,6.454
NEG_001385,pseudo_negative,0,Manipur,24.791426,94.213347,2023-04-13,,,,1305.0,26.64,,16,4.772
NEG_001386,pseudo_negative,0,Manipur,24.767589,94.352728,2026-11-24,,,,1512.0,20.26,,51,2.463
NEG_001387,pseudo_negative,0,Manipur,24.877202,94.560303,2010-10-17,,,,1009.0,30.25,,43,1.301
NEG_001388,pseudo_negative,0,Manipur,25.010416,93.373418,2019-05-27,,,,195.0,6.99,,1,8.74
NEG_001389,pseudo_negative,0,Manipur,25.171629,93.418234,2023-08-02,,,,521.0,41.69,,9,5.418
NEG_001390,pseudo_negative,0,Manipur,25.105428,93.71863,2022-09-28,,,,1567.0,23.8,,107,5.227
NEG_001391,pseudo_negative,0,Manipur,24.99515,93.99262,2016-07-24,,,,871.0,17.38,,7,2.822
NEG_001392,pseudo_negative,0,Manipur,25.208335,94.236606,2019-05-04,,,,1162.0,14.85,,6,6.833
NEG_001393,pseudo_negative,0,Manipur,25.172221,94.535491,2007-05-04,,,,1394.0,17.91,,48,1.047
NEG_001394,pseudo_negative,0,Manipur,25.15774,94.550906,2011-11-03,,,,1629.0,39.26,,53,3.278
NEG_001395,pseudo_negative,0,Manipur,25.396654,93.141025,2021-06-20,,,,270.0,17.74,,15,1.22
NEG_001396,pseudo_negative,0,Manipur,25.421042,93.236152,2008-11-09,,,,755.0,17.68,,10,1.121
NEG_001397,pseudo_negative,0,Manipur,25.369095,93.600309,2021-11-05,,,,961.0,27.99,,4,3.674
NEG_001398,pseudo_negative,0,Manipur,25.35341,93.776433,2006-06-28,,,,1211.0,17.39,,0,12.025
NEG_001399,pseudo_negative,0,Manipur,25.378022,93.998151,2024-11-24,,,,1362.0,10.38,,45,6.165
NEG_001400,pseudo_negative,0,Manipur,25.368919,94.095589,2005-11-06,,,,1058.0,2.25,,49,3.503
NEG_001401,pseudo_negative,0,Manipur,25.435403,94.5288,2010-06-02,,,,1236.0,4.68,,67,2.494
NEG_001402,pseudo_negative,0,Manipur,25.38726,94.707914,2009-08-03,,,,1549.0,18.72,,3,7.862
NEG_001403,pseudo_negative,0,Manipur,25.475539,93.052468,2014-05-08,,,,240.0,11.8,,8,6.339
NEG_001404,pseudo_negative,0,Manipur,25.614173,93.608553,2023-07-15,,,,321.0,5.97,,1,9.893
NEG_001405,pseudo_negative,0,Manipur,25.523615,94.022307,2022-10-25,,,,2588.0,31.25,,25,5.858
NEG_001406,pseudo_negative,0,Manipur,25.49856,94.200343,2012-05-07,,,,1645.0,28.31,,68,2.802
NEG_001407,pseudo_negative,0,Manipur,25.6094,94.556212,2013-12-31,,,,1074.0,28.4,,25,2.757
NEG_001408,pseudo_negative,0,Manipur,23.937124,93.13749,2016-08-08,,,,1053.0,36.92,,26,1.651
NEG_001409,pseudo_negative,0,Manipur,24.032552,93.353804,2022-07-26,,,,785.0,19.74,,15,4.431
NEG_001410,pseudo_negative,0,Manipur,23.860513,93.650137,2024-08-24,,,,1659.0,44.51,,0,16.737
NEG_001411,pseudo_negative,0,Manipur,23.981953,94.170499,2024-08-13,,,,259.0,16.06,,0,10.812
NEG_001412,pseudo_negative,0,Manipur,24.005148,94.436889,2018-08-16,,,,197.0,4.22,,0,29.884
NEG_001413,pseudo_negative,0,Manipur,23.992475,94.725577,2013-08-02,,,,281.0,5.9,,0,53.396
NEG_001414,pseudo_negative,0,Manipur,24.216802,93.331428,2015-09-16,,,,566.0,16.46,,18,2.742
NEG_001415,pseudo_negative,0,Manipur,24.129545,93.442107,2012-06-11,,,,1553.0,10.89,,17,1.412
NEG_001416,pseudo_negative,0,Manipur,24.220701,93.816905,2015-05-23,,,,1139.0,29.66,,5,3.983
NEG_001417,pseudo_negative,0,Manipur,24.144742,93.888256,2015-05-22,,,,1137.0,17.24,,19,4.098
NEG_001418,pseudo_negative,0,Manipur,24.181411,94.260728,2013-06-21,,,,304.0,2.96,,9,4.292
NEG_001419,pseudo_negative,0,Manipur,24.137059,94.457187,2018-05-18,,,,348.0,15.94,,0,21.868
NEG_001420,pseudo_negative,0,Manipur,24.261721,94.653124,2024-05-15,,,,216.0,11.69,,0,37.096
NEG_001421,pseudo_negative,0,Manipur,24.3776,93.015895,2018-07-09,,,,117.0,18.14,,9,4.051
NEG_001422,pseudo_negative,0,Manipur,24.397247,93.370799,2020-05-30,,,,277.0,18.14,,7,4.139
NEG_001423,pseudo_negative,0,Manipur,24.296209,93.909428,2014-09-02,,,,978.0,22.35,,11,2.807
NEG_001424,pseudo_negative,0,Manipur,24.424692,94.19731,2014-05-18,,,,1164.0,22.97,,48,1.581
NEG_001425,pseudo_negative,0,Manipur,24.429352,94.315191,2011-08-21,,,,459.0,27.74,,13,5.689
NEG_001426,pseudo_negative,0,Manipur,24.445798,94.611965,2013-08-26,,,,497.0,16.33,,0,30.808
NEG_001427,pseudo_negative,0,Manipur,24.550681,92.984499,2018-06-20,,,,55.0,3.68,,8,4.618
NEG_001428,pseudo_negative,0,Manipur,24.548639,93.203371,2006-07-06,,,,216.0,24.57,,25,1.943
NEG_001429,pseudo_negative,0,Manipur,24.661051,93.436292,2005-05-23,,,,181.0,33.23,,21,6.167
NEG_001430,pseudo_negative,0,Manipur,24.5929,93.675064,2015-11-24,,,,615.0,20.58,,70,1.646
NEG_001431,pseudo_negative,0,Manipur,24.634585,93.861716,2013-05-09,,,,774.0,2.75,,0,12.64
NEG_001432,pseudo_negative,0,Manipur,24.715276,94.099514,2007-08-30,,,,1065.0,32.68,,11,5.363
NEG_001433,pseudo_negative,0,Manipur,24.640399,94.501422,2016-09-01,,,,860.0,27.89,,0,11.213
NEG_001434,pseudo_negative,0,Manipur,24.547988,94.727956,2014-05-17,,,,175.0,10.31,,0,28.489
NEG_001435,pseudo_negative,0,Manipur,24.943459,92.946229,2020-09-05,,,,63.0,11.87,,7,1.878
NEG_001436,pseudo_negative,0,Manipur,24.858595,93.369019,2017-08-20,,,,434.0,26.87,,25,6.797
NEG_001437,pseudo_negative,0,Manipur,24.873371,93.914287,2018-08-09,,,,797.0,10.97,,6,3.736
NEG_001438,pseudo_negative,0,Manipur,24.935324,94.257387,2022-06-27,,,,1479.0,11.12,,49,2.729
NEG_001439,pseudo_negative,0,Manipur,24.858797,94.310327,2008-06-23,,,,1220.0,23.89,,76,1.953
NEG_001440,pseudo_negative,0,Manipur,24.880854,94.574837,2016-09-25,,,,864.0,24.81,,42,1.145
NEG_001441,pseudo_negative,0,Manipur,25.184018,92.950475,2007-05-31,,,,844.0,5.22,,154,4.169
NEG_001442,pseudo_negative,0,Manipur,25.053161,93.22489,2007-07-09,,,,368.0,12.71,,8,6.82
NEG_001443,pseudo_negative,0,Manipur,25.037121,93.485859,2018-09-20,,,,693.0,28.89,,45,4.762
NEG_001444,pseudo_negative,0,Manipur,25.141465,93.759624,2022-09-05,,,,1222.0,13.78,,72,3.11
NEG_001445,pseudo_negative,0,Manipur,24.990462,93.912376,2008-08-02,,,,864.0,3.84,,0,10.923
NEG_001446,pseudo_negative,0,Manipur,25.066738,94.228854,2024-07-11,,,,1723.0,14.5,,14,1.496
NEG_001447,pseudo_negative,0,Manipur,25.087378,94.318592,2016-08-14,,,,1549.0,15.99,,37,2.397
NEG_001448,pseudo_negative,0,Manipur,25.107672,94.553398,2014-06-21,,,,2425.0,46.96,,88,1.253
NEG_001449,pseudo_negative,0,Manipur,25.326875,93.238815,2026-05-22,,,,754.0,13.43,,17,4.402
NEG_001450,pseudo_negative,0,Manipur,25.390283,93.461392,2012-09-19,,,,815.0,14.52,,36,2.612
NEG_001451,pseudo_negative,0,Manipur,25.435482,94.130565,2019-06-23,,,,1267.0,20.14,,51,1.661
NEG_001452,pseudo_negative,0,Manipur,25.249173,94.460048,2024-07-16,,,,1626.0,14.16,,51,7.96
NEG_001453,pseudo_negative,0,Manipur,25.596307,93.023504,2017-06-02,,,,275.0,14.55,,1,7.037
NEG_001454,pseudo_negative,0,Manipur,25.661489,93.278233,2019-08-04,,,,380.0,15.95,,0,15.459
NEG_001455,pseudo_negative,0,Manipur,25.664564,93.603107,2026-06-18,,,,275.0,12.78,,1,8.875
NEG_001456,pseudo_negative,0,Manipur,25.547555,94.107268,2018-05-18,,,,2287.0,16.13,,70,2.732
NEG_001457,pseudo_negative,0,Manipur,25.456668,94.421911,2018-10-21,,,,874.0,33.55,,5,5.842
NEG_001458,pseudo_negative,0,Manipur,25.622971,94.73171,2013-08-24,,,,1678.0,34.49,,64,1.228
NEG_001459,pseudo_negative,0,Manipur,23.832335,93.082772,2016-05-04,,,,962.0,17.73,,52,1.416
NEG_001460,pseudo_negative,0,Manipur,24.001364,93.612417,2015-11-30,,,,1231.0,22.3,,16,4.781
NEG_001461,pseudo_negative,0,Manipur,23.860623,93.824399,2007-10-26,,,,1526.0,12.99,,0,15.504
NEG_001462,pseudo_negative,0,Manipur,23.864945,93.878764,2017-05-29,,,,1678.0,7.29,,0,13.744
NEG_001463,pseudo_negative,0,Manipur,23.914921,94.184145,2010-04-04,,,,187.0,2.32,,0,12.239
NEG_001464,pseudo_negative,0,Manipur,24.059014,94.508105,2015-05-29,,,,433.0,3.67,,0,30.891
NEG_001465,pseudo_negative,0,Manipur,23.880706,94.633343,2013-01-15,,,,163.0,8.14,,0,53.484
NEG_001466,pseudo_negative,0,Manipur,24.239895,93.167273,2022-06-16,,,,675.0,45.31,,34,1.29
NEG_001467,pseudo_negative,0,Manipur,24.150855,93.189942,2011-07-09,,,,982.0,27.3,,13,6.258
NEG_001468,pseudo_negative,0,Manipur,24.159862,93.520352,2006-05-27,,,,618.0,20.5,,44,2.748
NEG_001469,pseudo_negative,0,Manipur,24.066748,93.632816,2025-07-05,,,,1247.0,23.08,,14,6.422
NEG_001470,pseudo_negative,0,Manipur,24.246561,94.054353,2021-06-20,,,,1337.0,26.6,,50,1.626
NEG_001471,pseudo_negative,0,Manipur,24.095971,94.171702,2023-10-11,,,,465.0,14.8,,14,2.301
NEG_001472,pseudo_negative,0,Manipur,24.172503,94.359778,2005-05-09,,,,140.0,2.23,,0,11.415
NEG_001473,pseudo_negative,0,Manipur,24.271994,94.547711,2014-05-01,,,,580.0,26.16,,0,26.452
NEG_001474,pseudo_negative,0,Manipur,24.477555,93.059368,2020-06-19,,,,63.0,3.29,,22,4.14
NEG_001475,pseudo_negative,0,Manipur,24.306572,93.363265,2006-04-06,,,,1049.0,25.22,,12,1.529
NEG_001476,pseudo_negative,0,Manipur,24.422687,93.415059,2025-09-03,,,,679.0,36.04,,3,6.386
NEG_001477,pseudo_negative,0,Manipur,24.404005,93.679171,2023-08-11,,,,1129.0,13.79,,28,2.787
NEG_001478,pseudo_negative,0,Manipur,24.306036,93.878693,2006-08-20,,,,772.0,0.0,,9,3.978
NEG_001479,pseudo_negative,0,Manipur,24.514781,94.165575,2014-07-03,,,,1074.0,20.26,,27,1.749
NEG_001480,pseudo_negative,0,Manipur,24.437809,94.340032,2016-05-18,,,,372.0,22.9,,4,8.235
NEG_001481,pseudo_negative,0,Manipur,24.485355,94.726675,2020-11-13,,,,125.0,7.33,,0,34.816
NEG_001482,pseudo_negative,0,Manipur,24.74684,92.969474,2005-08-12,,,,25.0,0.0,,2,7.187
NEG_001483,pseudo_negative,0,Manipur,24.54067,93.255291,2015-11-08,,,,293.0,22.51,,16,1.071
NEG_001484,pseudo_negative,0,Manipur,24.615944,93.56998,2015-05-12,,,,1461.0,23.07,,30,3.667
NEG_001485,pseudo_negative,0,Manipur,24.719974,93.624194,2010-06-02,,,,961.0,20.23,,59,3.136
NEG_001486,pseudo_negative,0,Manipur,24.679369,93.930052,2026-06-02,,,,773.0,2.11,,1,5.784
NEG_001487,pseudo_negative,0,Manipur,24.577562,94.081401,2025-05-17,,,,801.0,2.11,,2,2.809
NEG_001488,pseudo_negative,0,Manipur,24.587357,94.45441,2011-05-23,,,,512.0,35.38,,3,9.743
NEG_001489,pseudo_negative,0,Manipur,24.596963,94.592534,2011-05-30,,,,706.0,26.06,,0,19.997
NEG_001490,pseudo_negative,0,Manipur,24.795111,93.203768,2022-08-03,,,,182.0,5.54,,29,1.177
NEG_001491,pseudo_negative,0,Manipur,24.892508,93.544325,2013-06-24,,,,671.0,37.85,,78,4.422
NEG_001492,pseudo_negative,0,Manipur,24.963082,93.791294,2021-08-25,,,,2096.0,17.44,,4,3.72
NEG_001493,pseudo_negative,0,Manipur,24.848837,94.102291,2017-05-14,,,,827.0,0.0,,4,2.693
NEG_001494,pseudo_negative,0,Manipur,24.752409,94.52061,2008-07-22,,,,585.0,31.49,,15,6.189
NEG_001495,pseudo_negative,0,Manipur,24.830081,94.666332,2011-08-28,,,,1077.0,19.21,,15,8.115
NEG_001496,pseudo_negative,0,Manipur,25.120672,93.044942,2026-08-11,,,,1161.0,27.52,,166,1.132
NEG_001497,pseudo_negative,0,Manipur,25.207868,93.264892,2017-07-13,,,,1317.0,10.98,,44,1.517
NEG_001498,pseudo_negative,0,Manipur,25.144699,93.706005,2026-07-12,,,,500.0,3.7,,108,1.094
NEG_001499,pseudo_negative,0,Manipur,24.990333,93.972492,2013-08-26,,,,1204.0,28.16,,7,4.907
NEG_001500,pseudo_negative,0,Manipur,25.027586,94.246181,2005-05-23,,,,1515.0,23.36,,22,1.718
NEG_001501,pseudo_negative,0,Manipur,25.175341,94.56726,2024-07-07,,,,2105.0,23.86,,37,4.019
NEG_001502,pseudo_negative,0,Manipur,25.22242,93.034769,2015-05-25,,,,609.0,4.68,,172,1.109
NEG_001503,pseudo_negative,0,Manipur,25.318211,93.393733,2006-07-16,,,,838.0,9.58,,11,6.089
NEG_001504,pseudo_negative,0,Manipur,25.340982,93.438481,2011-08-05,,,,1337.0,24.34,,14,4.8
NEG_001505,pseudo_negative,0,Manipur,25.303425,93.690207,2025-10-01,,,,923.0,13.42,,4,5.858
NEG_001506,pseudo_negative,0,Manipur,25.219698,94.023153,2012-08-12,,,,1460.0,20.82,,25,2.529
NEG_001507,pseudo_negative,0,Manipur,25.269309,94.115601,2019-08-17,,,,1075.0,25.88,,43,1.735
NEG_001508,pseudo_negative,0,Manipur,25.257287,94.407702,2013-05-14,,,,1389.0,19.98,,0,10.249
NEG_001509,pseudo_negative,0,Manipur,25.342423,94.569509,2017-05-16,,,,1490.0,28.54,,83,3.752
NEG_001510,pseudo_negative,0,Manipur,25.554482,93.011055,2010-07-15,,,,154.0,5.24,,0,10.244
NEG_001511,pseudo_negative,0,Manipur,25.65179,93.279754,2026-05-26,,,,349.0,16.19,,0,15.864
NEG_001512,pseudo_negative,0,Manipur,25.523736,93.413189,2018-08-14,,,,463.0,18.75,,27,7.415
NEG_001513,pseudo_negative,0,Manipur,25.635718,93.753146,2026-05-20,,,,572.0,11.01,,20,5.767
NEG_001514,pseudo_negative,0,Manipur,25.481106,94.100955,2010-11-29,,,,1877.0,16.06,,65,3.833
NEG_001515,pseudo_negative,0,Manipur,25.584595,94.39454,2008-05-26,,,,1227.0,21.34,,35,3.761
NEG_001516,pseudo_negative,0,Manipur,25.541546,94.617643,2011-11-28,,,,1442.0,13.36,,22,2.54
NEG_001517,pseudo_negative,0,Manipur,23.979948,92.965252,2025-05-15,,,,563.0,30.9,,57,3.188
NEG_001518,pseudo_negative,0,Manipur,24.033862,93.199593,2019-08-02,,,,1170.0,33.47,,18,1.173
NEG_001519,pseudo_negative,0,Manipur,23.934426,93.587241,2009-09-03,,,,1126.0,28.84,,11,6.325
NEG_001520,pseudo_negative,0,Manipur,23.838601,93.6305,2022-05-15,,,,1786.0,30.26,,0,17.725
NEG_001521,pseudo_negative,0,Manipur,23.966778,93.858019,2006-08-02,,,,1576.0,20.14,,5,5.345
NEG_001522,pseudo_negative,0,Manipur,23.878417,94.22985,2009-05-24,,,,170.0,2.32,,0,18.094
NEG_001523,pseudo_negative,0,Manipur,24.007332,94.369407,2021-05-13,,,,179.0,11.87,,0,24.101
NEG_001524,pseudo_negative,0,Manipur,24.023199,94.664096,2022-11-16,,,,281.0,11.45,,0,46.308
NEG_001525,pseudo_negative,0,Manipur,24.137437,93.143127,2016-11-22,,,,506.0,23.46,,8,3.988
NEG_001526,pseudo_negative,0,Manipur,24.26951,93.39402,2019-09-04,,,,1147.0,17.52,,7,4.044
NEG_001527,pseudo_negative,0,Manipur,24.124618,93.844185,2022-07-07,,,,877.0,3.67,,8,6.292
NEG_001528,pseudo_negative,0,Manipur,24.180513,93.889034,2012-05-23,,,,902.0,19.94,,17,1.114
NEG_001529,pseudo_negative,0,Manipur,24.220047,94.273677,2006-08-11,,,,318.0,3.84,,14,1.387
NEG_001530,pseudo_negative,0,Manipur,24.096492,94.501102,2005-05-30,,,,811.0,10.88,,0,28.053
NEG_001531,pseudo_negative,0,Manipur,24.219762,94.651577,2006-08-17,,,,169.0,13.78,,0,37.188
NEG_001532,pseudo_negative,0,Manipur,24.403344,93.076894,2026-06-07,,,,562.0,27.92,,9,1.051
NEG_001533,pseudo_negative,0,Manipur,24.49008,93.193094,2018-05-19,,,,328.0,36.47,,21,5.862
NEG_001534,pseudo_negative,0,Manipur,24.485772,93.528107,2010-05-13,,,,1036.0,17.27,,9,4.246
NEG_001535,pseudo_negative,0,Manipur,24.391388,93.842466,2010-07-16,,,,767.0,3.68,,3,3.191
NEG_001536,pseudo_negative,0,Manipur,24.462673,93.938567,2010-06-13,,,,772.0,1.65,,1,9.673
NEG_001537,pseudo_negative,0,Manipur,24.325518,94.242937,2016-11-27,,,,545.0,16.42,,22,1.003
NEG_001538,pseudo_negative,0,Manipur,24.493665,94.41122,2014-08-09,,,,370.0,15.3,,0,12.926
NEG_001539,pseudo_negative,0,Manipur,24.51069,94.702022,2016-08-16,,,,147.0,1.65,,0,31.316
NEG_001540,pseudo_negative,0,Manipur,24.699098,93.149624,2007-07-24,,,,206.0,21.42,,26,2.519
NEG_001541,pseudo_negative,0,Manipur,24.584157,93.282022,2012-11-10,,,,323.0,16.66,,19,1.817
NEG_001542,pseudo_negative,0,Manipur,24.638148,93.50371,2017-08-11,,,,1072.0,33.95,,16,4.135
NEG_001543,pseudo_negative,0,Manipur,24.721369,93.933999,2018-05-14,,,,773.0,2.04,,1,1.294
NEG_001544,pseudo_negative,0,Manipur,24.648614,94.240257,2015-05-28,,,,1131.0,24.19,,41,3.319
NEG_001545,pseudo_negative,0,Manipur,24.745356,94.468692,2023-05-09,,,,642.0,19.76,,9,7.754
NEG_001546,pseudo_negative,0,Manipur,24.589336,94.735925,2010-07-10,,,,126.0,1.65,,0,24.886
NEG_001547,pseudo_negative,0,Manipur,24.914084,93.138842,2013-08-21,,,,62.0,13.67,,3,6.678
NEG_001548,pseudo_negative,0,Manipur,24.79143,93.368111,2016-05-09,,,,530.0,6.77,,52,2.752
NEG_001549,pseudo_negative,0,Manipur,24.976402,93.442047,2014-08-05,,,,375.0,23.98,,51,4.916
NEG_001550,pseudo_negative,0,Manipur,24.824958,93.654507,2013-08-19,,,,708.0,30.22,,96,1.463
NEG_001551,pseudo_negative,0,Manipur,24.934233,93.887594,2005-09-17,,,,810.0,1.38,,2,9.13
NEG_001552,pseudo_negative,0,Manipur,24.78861,94.127523,2007-07-01,,,,816.0,4.13,,4,2.38
NEG_001553,pseudo_negative,0,Manipur,24.79635,94.473349,2018-05-30,,,,732.0,30.62,,15,3.459
NEG_001554,pseudo_negative,0,Manipur,24.901036,94.584536,2014-08-01,,,,1009.0,22.78,,40,1.726
NEG_001555,pseudo_negative,0,Manipur,25.081859,93.155899,2016-05-17,,,,1103.0,26.81,,6,7.024
NEG_001556,pseudo_negative,0,Manipur,25.085492,93.214299,2007-08-28,,,,443.0,30.29,,7,6.81
NEG_001557,pseudo_negative,0,Manipur,25.060488,93.516426,2020-09-21,,,,630.0,19.24,,56,4.405
NEG_001558,pseudo_negative,0,Manipur,25.000339,93.629234,2011-06-04,,,,991.0,24.54,,29,3.344
NEG_001559,pseudo_negative,0,Manipur,25.089393,93.88325,2025-07-13,,,,1685.0,10.48,,5,4.496
NEG_001560,pseudo_negative,0,Manipur,25.007007,94.289194,2016-06-18,,,,1224.0,21.93,,19,2.854
NEG_001561,pseudo_negative,0,Manipur,25.178692,94.667353,2021-11-15,,,,1974.0,27.13,,0,10.004
NEG_001562,pseudo_negative,0,Manipur,25.371231,93.502932,2005-08-22,,,,1595.0,22.37,,12,5.008
NEG_001563,pseudo_negative,0,Manipur,25.280283,93.689009,2025-05-16,,,,647.0,24.24,,4,6.046
NEG_001564,pseudo_negative,0,Manipur,25.365978,94.022411,2021-08-15,,,,1176.0,28.08,,51,3.638
NEG_001565,pseudo_negative,0,Manipur,25.329842,94.242723,2025-08-07,,,,1385.0,31.36,,20,3.112
NEG_001566,pseudo_negative,0,Manipur,25.376997,94.368993,2005-10-18,,,,1050.0,24.96,,6,4.795
NEG_001567,pseudo_negative,0,Manipur,25.269734,94.704059,2018-10-30,,,,1923.0,35.35,,0,14.916
NEG_001568,pseudo_negative,0,Manipur,25.535125,93.078463,2021-07-31,,,,187.0,3.32,,2,4.157
NEG_001569,pseudo_negative,0,Manipur,25.469124,93.178393,2024-07-25,,,,245.0,21.24,,7,7.595
NEG_001570,pseudo_negative,0,Manipur,25.499485,93.475347,2020-07-24,,,,410.0,11.59,,21,2.284
NEG_001571,pseudo_negative,0,Manipur,25.642706,93.791686,2005-11-30,,,,684.0,22.71,,22,5.157
NEG_001572,pseudo_negative,0,Manipur,25.501266,94.002419,2015-12-01,,,,1528.0,40.79,,29,4.436
NEG_001573,pseudo_negative,0,Manipur,25.502754,94.23176,2012-05-27,,,,1830.0,37.23,,50,3.721
NEG_001574,pseudo_negative,0,Manipur,25.637955,94.31099,2019-07-14,,,,1983.0,19.31,,85,2.639
NEG_001575,pseudo_negative,0,Manipur,25.528806,94.669946,2019-06-28,,,,1250.0,38.88,,14,1.773
NEG_001576,pseudo_negative,0,Manipur,23.963447,93.14009,2025-05-24,,,,1383.0,14.53,,20,1.743
NEG_001577,pseudo_negative,0,Manipur,24.047195,93.17867,2019-07-19,,,,820.0,29.47,,12,3.038
NEG_001578,pseudo_negative,0,Manipur,24.011165,93.429916,2022-08-06,,,,1120.0,18.54,,2,7.378
NEG_001579,pseudo_negative,0,Manipur,23.864442,93.731148,2019-08-23,,,,728.0,12.59,,0,17.571
NEG_001580,pseudo_negative,0,Manipur,23.878518,93.921445,2006-07-31,,,,1137.0,40.09,,0,10.578
NEG_001581,pseudo_negative,0,Manipur,23.840242,94.130238,2007-12-11,,,,221.0,9.47,,0,13.655
NEG_001582,pseudo_negative,0,Manipur,23.899733,94.314217,2005-05-16,,,,451.0,10.38,,0,25.444
NEG_001583,pseudo_negative,0,Manipur,23.893138,94.762527,2011-05-22,,,,239.0,17.2,,0,62.646
NEG_001584,pseudo_negative,0,Manipur,24.163741,92.979139,2015-08-04,,,,383.0,17.24,,58,3.546
NEG_001585,pseudo_negative,0,Manipur,24.26594,93.452318,2008-07-29,,,,687.0,22.09,,3,3.791
NEG_001586,pseudo_negative,0,Manipur,24.120004,93.816966,2026-07-02,,,,928.0,24.03,,4,8.645
NEG_001587,pseudo_negative,0,Manipur,24.226619,93.915976,2011-05-27,,,,1073.0,19.77,,18,1.471
NEG_001588,pseudo_negative,0,Manipur,24.097218,94.395075,2014-05-27,,,,253.0,22.12,,0,19.344
NEG_001589,pseudo_negative,0,Manipur,24.262054,94.588617,2007-06-14,,,,375.0,22.09,,0,30.557
NEG_001590,pseudo_negative,0,Manipur,24.391695,93.325451,2020-07-18,,,,288.0,17.61,,12,2.957
NEG_001591,pseudo_negative,0,Manipur,24.432794,93.600918,2011-07-22,,,,981.0,35.16,,9,2.061
NEG_001592,pseudo_negative,0,Manipur,24.439385,93.762377,2012-08-14,,,,780.0,1.65,,4,8.149
NEG_001593,pseudo_negative,0,Manipur,24.392937,94.024893,2014-11-30,,,,911.0,14.04,,5,4.407
NEG_001594,pseudo_negative,0,Manipur,24.479827,94.217386,2018-05-24,,,,990.0,28.57,,38,2.418
NEG_001595,pseudo_negative,0,Manipur,24.401104,94.366872,2017-11-01,,,,330.0,23.45,,0,11.416
NEG_001596,pseudo_negative,0,Manipur,24.489759,94.653371,2019-08-08,,,,297.0,5.2,,0,32.213
NEG_001597,pseudo_negative,0,Manipur,24.621292,93.12319,2026-06-30,,,,68.0,6.16,,21,4.734
NEG_001598,pseudo_negative,0,Manipur,24.577429,93.229005,2013-06-03,,,,241.0,22.84,,26,1.322
NEG_001599,pseudo_negative,0,Manipur,24.525139,93.422152,2026-05-09,,,,381.0,31.76,,5,3.169
NEG_001600,pseudo_negative,0,Manipur,24.689796,93.64818,2018-05-27,,,,837.0,13.71,,62,1.038
NEG_001601,pseudo_negative,0,Manipur,24.546142,93.854437,2015-05-23,,,,771.0,0.93,,3,4.566
NEG_001602,pseudo_negative,0,Manipur,24.638501,94.105617,2008-05-31,,,,875.0,12.75,,10,5.862
NEG_001603,pseudo_negative,0,Manipur,24.616022,94.502402,2025-05-08,,,,559.0,6.77,,0,12.142
NEG_001604,pseudo_negative,0,Manipur,24.707383,94.598561,2010-07-01,,,,244.0,5.93,,3,7.708
NEG_001605,pseudo_negative,0,Manipur,24.754388,93.147463,2026-08-20,,,,47.0,12.74,,27,1.62
NEG_001606,pseudo_negative,0,Manipur,24.797941,93.327644,2019-05-21,,,,701.0,18.13,,27,3.444
NEG_001607,pseudo_negative,0,Manipur,24.954425,93.528191,2009-05-25,,,,722.0,26.68,,56,2.689
NEG_001608,pseudo_negative,0,Manipur,24.934391,93.94016,2019-09-01,,,,1026.0,16.1,,3,6.307
NEG_001609,pseudo_negative,0,Manipur,24.798979,94.157475,2021-05-20,,,,932.0,32.82,,8,3.169
NEG_001610,pseudo_negative,0,Manipur,24.768086,94.314059,2025-06-28,,,,1048.0,37.7,,45,4.227
NEG_001611,pseudo_negative,0,Manipur,24.903699,94.761809,2018-07-21,,,,686.0,28.86,,0,15.132
NEG_001612,pseudo_negative,0,Manipur,25.101882,93.02595,2007-11-18,,,,1337.0,37.89,,151,2.065
NEG_001613,pseudo_negative,0,Manipur,25.163421,93.264771,2014-11-10,,,,966.0,34.49,,36,2.642
NEG_001614,pseudo_negative,0,Manipur,25.013157,93.589799,2025-08-08,,,,984.0,26.8,,59,1.836
NEG_001615,pseudo_negative,0,Manipur,25.026172,94.044767,2005-06-12,,,,846.0,14.9,,7,2.566
NEG_001616,pseudo_negative,0,Manipur,25.09937,94.179379,2019-05-22,,,,1041.0,16.23,,7,6.164
NEG_001617,pseudo_negative,0,Manipur,24.990183,94.640519,2017-11-20,,,,766.0,24.27,,20,2.895
NEG_001618,pseudo_negative,0,Manipur,25.349044,93.12801,2016-06-07,,,,299.0,3.71,,18,1.018
NEG_001619,pseudo_negative,0,Manipur,25.340788,93.504493,2017-05-14,,,,1210.0,20.68,,9,4.894
NEG_001620,pseudo_negative,0,Manipur,25.417831,93.810664,2013-05-15,,,,1289.0,33.9,,2,8.467
NEG_001621,pseudo_negative,0,Manipur,25.29125,93.880217,2015-07-23,,,,1430.0,21.49,,1,5.492
NEG_001622,pseudo_negative,0,Manipur,25.266182,94.222231,2015-05-31,,,,1135.0,22.09,,12,8.782
NEG_001623,pseudo_negative,0,Manipur,25.317873,94.420882,2014-07-06,,,,1022.0,9.32,,18,8.372
NEG_001624,pseudo_negative,0,Manipur,25.351852,94.572111,2008-10-05,,,,1132.0,27.53,,79,2.951
NEG_001625,pseudo_negative,0,Manipur,25.514361,93.083737,2005-09-19,,,,171.0,6.82,,1,2.332
NEG_001626,pseudo_negative,0,Manipur,25.613078,93.359712,2016-07-20,,,,370.0,8.88,,0,16.94
NEG_001627,pseudo_negative,0,Manipur,25.533293,93.482497,2013-05-13,,,,377.0,7.01,,1,5.25
NEG_001628,pseudo_negative,0,Manipur,25.540294,93.712905,2012-05-02,,,,888.0,14.0,,50,1.348
NEG_001629,pseudo_negative,0,Manipur,25.615846,93.983923,2019-07-25,,,,2258.0,35.63,,50,2.264
NEG_001630,pseudo_negative,0,Manipur,25.446022,94.67233,2009-06-24,,,,2147.0,9.86,,28,6.388
NEG_001631,pseudo_negative,0,Manipur,23.843964,93.169962,2026-05-03,,,,890.0,37.24,,58,1.915
NEG_001632,pseudo_negative,0,Manipur,23.970734,93.515981,2021-08-15,,,,867.0,26.0,,16,3.607
NEG_001633,pseudo_negative,0,Manipur,23.833876,93.685892,2005-11-24,,,,1142.0,26.99,,0,21.327
NEG_001634,pseudo_negative,0,Manipur,23.930982,93.870713,2012-11-24,,,,1848.0,36.62,,4,9.151
NEG_001635,pseudo_negative,0,Manipur,23.925297,94.135658,2026-08-02,,,,456.0,27.72,,6,7.216
NEG_001636,pseudo_negative,0,Manipur,24.039611,94.462779,2019-08-10,,,,411.0,6.54,,0,28.736
NEG_001637,pseudo_negative,0,Manipur,24.021688,94.644736,2015-06-25,,,,237.0,8.77,,0,44.798
NEG_001638,pseudo_negative,0,Manipur,24.140662,93.072941,2024-11-14,,,,631.0,5.9,,15,4.075
NEG_001639,pseudo_negative,0,Manipur,24.179338,93.255865,2023-07-13,,,,856.0,33.44,,26,4.197
NEG_001640,pseudo_negative,0,Manipur,24.14807,93.711697,2017-05-20,,,,1551.0,31.28,,0,11.875
NEG_001641,pseudo_negative,0,Manipur,24.211352,93.967282,2007-08-15,,,,1017.0,26.04,,20,2.39
NEG_001642,pseudo_negative,0,Manipur,24.235058,94.27314,2012-06-12,,,,335.0,18.8,,16,2.14
NEG_001643,pseudo_negative,0,Manipur,24.224942,94.440869,2008-07-20,,,,225.0,9.28,,0,16.008
NEG_001644,pseudo_negative,0,Manipur,24.238384,94.579567,2007-05-18,,,,318.0,22.96,,0,29.72
NEG_001645,pseudo_negative,0,Manipur,24.384571,93.091412,2011-06-15,,,,791.0,37.8,,21,3.393
NEG_001646,pseudo_negative,0,Manipur,24.494625,93.344263,2021-11-16,,,,417.0,27.93,,3,2.487
NEG_001647,pseudo_negative,0,Manipur,24.388513,93.575773,2021-05-06,,,,1064.0,25.07,,24,4.815
NEG_001648,pseudo_negative,0,Manipur,24.406353,93.895974,2021-05-20,,,,776.0,0.0,,3,5.346
NEG_001649,pseudo_negative,0,Manipur,24.319203,94.301149,2013-11-20,,,,284.0,23.71,,13,4.02
NEG_001650,pseudo_negative,0,Manipur,24.403608,94.315815,2021-07-18,,,,608.0,29.83,,9,6.51
NEG_001651,pseudo_negative,0,Manipur,24.2942,94.732623,2020-08-20,,,,198.0,3.67,,0,45.326
NEG_001652,pseudo_negative,0,Manipur,24.634912,93.081016,2007-11-08,,,,41.0,5.05,,12,5.806
NEG_001653,pseudo_negative,0,Manipur,24.613441,93.205049,2010-08-02,,,,107.0,0.93,,25,1.544
NEG_001654,pseudo_negative,0,Manipur,24.747671,93.600337,2020-12-22,,,,432.0,22.84,,38,2.383
NEG_001655,pseudo_negative,0,Manipur,24.659631,93.870321,2018-07-07,,,,774.0,0.93,,1,9.839
NEG_001656,pseudo_negative,0,Manipur,24.567619,94.297595,2012-06-30,,,,681.0,20.51,,6,5.744
NEG_001657,pseudo_negative,0,Manipur,24.553264,94.613061,2022-06-08,,,,432.0,14.86,,0,24.882
NEG_001658,pseudo_negative,0,Manipur,24.801036,92.965618,2012-11-07,,,,27.0,2.33,,1,8.076
NEG_001659,pseudo_negative,0,Manipur,24.771133,93.242088,2015-06-16,,,,281.0,14.02,,39,1.654
NEG_001660,pseudo_negative,0,Manipur,24.870744,93.405967,2015-07-21,,,,291.0,18.53,,53,4.3
NEG_001661,pseudo_negative,0,Manipur,24.908378,93.753452,2012-06-14,,,,1929.0,33.36,,14,4.177
NEG_001662,pseudo_negative,0,Manipur,24.803665,93.966164,2025-06-01,,,,780.0,2.24,,6,6.961
NEG_001663,pseudo_negative,0,Manipur,24.907665,94.104956,2026-08-02,,,,804.0,5.63,,23,5.136
NEG_001664,pseudo_negative,0,Manipur,24.843137,94.49104,2021-11-29,,,,961.0,31.33,,22,2.217
NEG_001665,pseudo_negative,0,Manipur,24.849546,94.596506,2022-08-19,,,,753.0,34.05,,32,2.302
NEG_001666,pseudo_negative,0,Manipur,24.996562,93.215921,2009-05-05,,,,211.0,3.84,,3,5.281
NEG_001667,pseudo_negative,0,Manipur,25.195268,93.399224,2024-11-19,,,,1148.0,21.26,,15,4.845
NEG_001668,pseudo_negative,0,Manipur,25.064822,93.744295,2020-06-21,,,,1622.0,37.17,,1,6.971
NEG_001669,pseudo_negative,0,Manipur,25.091914,94.038458,2010-09-23,,,,962.0,30.43,,6,4.046
NEG_001670,pseudo_negative,0,Manipur,25.209333,94.164612,2014-08-24,,,,1746.0,31.13,,11,3.102
NEG_001671,pseudo_negative,0,Manipur,25.135444,94.476914,2006-11-23,,,,1956.0,29.26,,61,1.633
NEG_001672,pseudo_negative,0,Manipur,25.06235,94.685246,2006-08-09,,,,787.0,34.75,,13,4.172
NEG_001673,pseudo_negative,0,Manipur,25.309036,93.284038,2017-05-11,,,,628.0,20.34,,21,3.153
NEG_001674,pseudo_negative,0,Manipur,25.272267,93.604063,2007-11-10,,,,1048.0,5.96,,6,1.269
NEG_001675,pseudo_negative,0,Manipur,25.267881,93.788983,2026-08-18,,,,1658.0,19.21,,1,6.736
NEG_001676,pseudo_negative,0,Manipur,25.360602,94.013294,2005-07-29,,,,1226.0,14.06,,44,3.714
NEG_001677,pseudo_negative,0,Manipur,25.227881,94.141922,2010-07-22,,,,1290.0,18.03,,15,3.016
NEG_001678,pseudo_negative,0,Manipur,25.338623,94.444238,2026-09-12,,,,1396.0,29.02,,33,5.816
NEG_001679,pseudo_negative,0,Manipur,25.378934,94.699115,2026-11-22,,,,1759.0,21.23,,3,7.156
NEG_001680,pseudo_negative,0,Manipur,25.579789,93.160524,2013-08-04,,,,285.0,5.97,,7,7.714
NEG_001681,pseudo_negative,0,Manipur,25.607787,93.276855,2010-07-09,,,,386.0,11.93,,0,16.217
NEG_001682,pseudo_negative,0,Manipur,25.526654,93.603376,2011-05-12,,,,678.0,9.31,,13,6.436
NEG_001683,pseudo_negative,0,Manipur,25.575411,93.714398,2019-07-03,,,,770.0,23.19,,43,1.045
NEG_001684,pseudo_negative,0,Meghalaya,24.978653,90.123883,2016-07-19,,,,21.0,4.67,,0,31.978
NEG_001685,pseudo_negative,0,Meghalaya,25.016502,90.522669,2020-11-08,,,,15.0,1.85,,0,24.2
NEG_001686,pseudo_negative,0,Meghalaya,24.982405,90.746017,2020-05-26,,,,9.0,2.34,,0,27.804
NEG_001687,pseudo_negative,0,Meghalaya,25.018497,91.309116,2018-11-30,,,,8.0,1.02,,0,20.676
NEG_001688,pseudo_negative,0,Meghalaya,24.936362,91.665256,2026-08-10,,,,12.0,0.0,,0,26.006
NEG_001689,pseudo_negative,0,Meghalaya,24.988269,91.761933,2006-05-01,,,,14.0,1.65,,0,21.378
NEG_001690,pseudo_negative,0,Meghalaya,24.912849,92.165664,2021-07-29,,,,13.0,0.0,,0,24.57
NEG_001691,pseudo_negative,0,Meghalaya,25.020239,92.696092,2024-06-23,,,,270.0,8.22,,31,3.601
NEG_001692,pseudo_negative,0,Meghalaya,25.191526,90.314775,2013-11-23,,,,32.0,4.96,,0,12.23
NEG_001693,pseudo_negative,0,Meghalaya,25.148952,90.578711,2005-07-28,,,,19.0,0.93,,2,8.683
NEG_001694,pseudo_negative,0,Meghalaya,25.183132,90.754979,2010-07-01,,,,85.0,13.1,,0,12.715
NEG_001695,pseudo_negative,0,Meghalaya,25.064663,91.400185,2017-08-01,,,,14.0,1.38,,0,13.582
NEG_001696,pseudo_negative,0,Meghalaya,25.091917,91.732741,2016-04-12,,,,12.0,0.93,,1,9.606
NEG_001697,pseudo_negative,0,Meghalaya,25.05717,91.929327,2016-11-30,,,,13.0,2.96,,0,16.656
NEG_001698,pseudo_negative,0,Meghalaya,25.10699,92.241186,2018-07-04,,,,151.0,9.4,,21,1.722
NEG_001699,pseudo_negative,0,Meghalaya,25.149119,92.499026,2019-11-19,,,,100.0,5.54,,1,8.349
NEG_001700,pseudo_negative,0,Meghalaya,25.213535,90.142586,2010-05-07,,,,45.0,8.39,,1,8.561
NEG_001701,pseudo_negative,0,Meghalaya,25.240047,90.611375,2008-08-04,,,,46.0,15.04,,3,2.825
NEG_001702,pseudo_negative,0,Meghalaya,25.35578,91.047848,2007-05-21,,,,334.0,11.5,,10,1.258
NEG_001703,pseudo_negative,0,Meghalaya,25.227075,91.150344,2007-11-29,,,,487.0,14.9,,8,2.792
NEG_001704,pseudo_negative,0,Meghalaya,25.274693,91.517383,2014-06-16,,,,643.0,32.54,,27,2.242
NEG_001705,pseudo_negative,0,Meghalaya,25.370652,91.817866,2016-07-12,,,,980.0,36.25,,72,4.306
NEG_001706,pseudo_negative,0,Meghalaya,25.350917,92.461878,2025-06-18,,,,954.0,7.97,,6,4.106
NEG_001707,pseudo_negative,0,Meghalaya,25.401295,90.069902,2006-05-09,,,,115.0,21.13,,1,2.388
NEG_001708,pseudo_negative,0,Meghalaya,25.434402,90.673221,2024-11-22,,,,336.0,11.73,,12,4.448
NEG_001709,pseudo_negative,0,Meghalaya,25.442469,90.974429,2007-05-21,,,,355.0,15.01,,6,7.655
NEG_001710,pseudo_negative,0,Meghalaya,25.422653,91.250279,2010-07-25,,,,1282.0,32.14,,9,7.552
NEG_001711,pseudo_negative,0,Meghalaya,25.410478,91.741437,2013-11-04,,,,1682.0,34.58,,29,2.497
NEG_001712,pseudo_negative,0,Meghalaya,25.503798,92.02514,2013-05-25,,,,1548.0,0.93,,23,4.392
NEG_001713,pseudo_negative,0,Meghalaya,25.47547,92.333148,2008-05-24,,,,1310.0,2.96,,5,7.472
NEG_001714,pseudo_negative,0,Meghalaya,25.402994,92.524886,2013-07-15,,,,927.0,7.38,,14,4.204
NEG_001715,pseudo_negative,0,Meghalaya,25.668814,90.32383,2025-05-21,,,,505.0,10.53,,13,4.36
NEG_001716,pseudo_negative,0,Meghalaya,25.611331,90.513899,2006-02-07,,,,408.0,11.82,,0,14.096
NEG_001717,pseudo_negative,0,Meghalaya,25.588949,90.822855,2023-05-18,,,,407.0,17.42,,8,2.989
NEG_001718,pseudo_negative,0,Meghalaya,25.577881,91.087506,2025-07-20,,,,985.0,24.15,,36,6.947
NEG_001719,pseudo_negative,0,Meghalaya,25.588631,91.457498,2025-08-30,,,,1569.0,32.21,,7,4.121
NEG_001720,pseudo_negative,0,Meghalaya,25.643475,91.921936,2022-11-25,,,,1114.0,14.18,,83,1.236
NEG_001721,pseudo_negative,0,Meghalaya,25.595892,92.310757,2024-08-08,,,,1122.0,4.23,,6,4.074
NEG_001722,pseudo_negative,0,Meghalaya,25.598532,92.417052,2011-10-30,,,,894.0,7.67,,5,3.894
NEG_001723,pseudo_negative,0,Meghalaya,25.741679,90.400583,2024-07-10,,,,313.0,9.36,,1,6.667
NEG_001724,pseudo_negative,0,Meghalaya,25.831647,90.50355,2026-08-14,,,,106.0,9.34,,1,7.869
NEG_001725,pseudo_negative,0,Meghalaya,25.715934,90.878639,2005-08-10,,,,531.0,24.31,,1,5.621
NEG_001726,pseudo_negative,0,Meghalaya,25.716817,91.150581,2010-05-23,,,,1019.0,4.23,,45,3.836
NEG_001727,pseudo_negative,0,Meghalaya,25.817874,91.775469,2022-08-27,,,,572.0,3.08,,0,10.035
NEG_001728,pseudo_negative,0,Meghalaya,25.749458,92.335515,2012-08-23,,,,847.0,10.86,,0,15.461
NEG_001729,pseudo_negative,0,Meghalaya,25.784646,92.661323,2005-07-31,,,,453.0,22.59,,8,6.665
NEG_001730,pseudo_negative,0,Meghalaya,25.985353,90.315521,2013-11-26,,,,35.0,3.59,,0,23.71
NEG_001731,pseudo_negative,0,Meghalaya,25.886522,90.45686,2026-07-19,,,,165.0,18.34,,0,10.865
NEG_001732,pseudo_negative,0,Meghalaya,25.947147,91.004711,2005-07-29,,,,51.0,3.08,,0,13.792
NEG_001733,pseudo_negative,0,Meghalaya,25.970779,91.138523,2015-04-17,,,,57.0,3.45,,0,13.301
NEG_001734,pseudo_negative,0,Meghalaya,25.936395,91.591057,2008-08-23,,,,637.0,11.98,,17,2.036
NEG_001735,pseudo_negative,0,Meghalaya,25.913061,91.745553,2012-11-04,,,,408.0,12.87,,3,3.743
NEG_001736,pseudo_negative,0,Meghalaya,26.003593,92.188296,2014-07-09,,,,369.0,22.38,,13,7.634
NEG_001737,pseudo_negative,0,Meghalaya,25.966285,92.534518,2010-06-03,,,,103.0,9.91,,33,1.383
NEG_001738,pseudo_negative,0,Meghalaya,26.057895,90.1748,2011-08-06,,,,26.0,0.0,,0,19.849
NEG_001739,pseudo_negative,0,Meghalaya,26.100604,90.49223,2020-07-18,,,,49.0,4.71,,0,12.093
NEG_001740,pseudo_negative,0,Meghalaya,26.143844,91.057712,2018-11-04,,,,41.0,5.55,,0,10.912
NEG_001741,pseudo_negative,0,Meghalaya,26.129206,91.304885,2006-06-12,,,,48.0,2.06,,0,17.898
NEG_001742,pseudo_negative,0,Meghalaya,26.016966,91.737658,2024-06-19,,,,391.0,14.51,,7,6.081
NEG_001743,pseudo_negative,0,Meghalaya,26.103356,91.757229,2024-08-06,,,,62.0,6.17,,61,1.665
NEG_001744,pseudo_negative,0,Meghalaya,26.098619,92.343324,2025-08-21,,,,211.0,8.29,,21,9.256
NEG_001745,pseudo_negative,0,Meghalaya,26.146941,92.437684,2025-08-22,,,,63.0,2.36,,18,3.069
NEG_001746,pseudo_negative,0,Meghalaya,24.936483,90.131417,2010-05-07,,,,17.0,3.69,,0,36.313
NEG_001747,pseudo_negative,0,Meghalaya,24.976395,90.446848,2016-05-21,,,,14.0,1.65,,0,32.006
NEG_001748,pseudo_negative,0,Meghalaya,24.896626,90.844055,2023-12-06,,,,12.0,5.94,,0,38.284
NEG_001749,pseudo_negative,0,Meghalaya,24.940951,91.147002,2021-06-06,,,,3.0,3.3,,0,28.579
NEG_001750,pseudo_negative,0,Meghalaya,24.98957,91.670456,2026-08-12,,,,19.0,6.79,,0,20.066
NEG_001751,pseudo_negative,0,Meghalaya,24.969697,92.027691,2025-06-18,,,,25.0,10.96,,0,22.477
NEG_001752,pseudo_negative,0,Meghalaya,25.005261,92.354395,2005-12-15,,,,26.0,2.76,,67,6.798
NEG_001753,pseudo_negative,0,Meghalaya,25.033436,92.480869,2023-08-25,,,,285.0,14.19,,48,1.753
NEG_001754,pseudo_negative,0,Meghalaya,25.138702,90.238227,2011-08-27,,,,19.0,3.7,,0,13.055
NEG_001755,pseudo_negative,0,Meghalaya,25.139167,90.417732,2011-11-14,,,,20.0,1.66,,0,22.984
NEG_001756,pseudo_negative,0,Meghalaya,25.167105,90.754008,2021-09-27,,,,21.0,10.21,,0,13.161
NEG_001757,pseudo_negative,0,Meghalaya,25.140608,91.080001,2021-05-18,,,,4.0,4.8,,2,6.905
NEG_001758,pseudo_negative,0,Meghalaya,25.104278,91.619102,2013-06-28,,,,16.0,1.85,,6,8.671
NEG_001759,pseudo_negative,0,Meghalaya,25.19091,92.051807,2012-05-01,,,,137.0,8.52,,19,2.264
NEG_001760,pseudo_negative,0,Meghalaya,25.166804,92.333179,2006-08-13,,,,425.0,14.26,,51,3.989
NEG_001761,pseudo_negative,0,Meghalaya,25.151119,92.663025,2008-05-23,,,,1327.0,34.09,,0,15.857
NEG_001762,pseudo_negative,0,Meghalaya,25.238786,90.110302,2008-11-28,,,,53.0,8.23,,0,10.654
NEG_001763,pseudo_negative,0,Meghalaya,25.341395,90.440503,2012-05-18,,,,59.0,4.96,,0,23.01
NEG_001764,pseudo_negative,0,Meghalaya,25.27252,90.826538,2007-05-26,,,,724.0,13.78,,0,11.356
NEG_001765,pseudo_negative,0,Meghalaya,25.317116,91.402652,2019-05-22,,,,851.0,25.88,,20,4.678
NEG_001766,pseudo_negative,0,Meghalaya,25.359124,91.623857,2009-08-15,,,,1463.0,22.76,,11,2.336
NEG_001767,pseudo_negative,0,Meghalaya,25.3545,91.903741,2012-07-17,,,,1551.0,9.32,,93,1.086
NEG_001768,pseudo_negative,0,Meghalaya,25.225035,92.343323,2021-06-04,,,,853.0,9.0,,21,4.966
NEG_001769,pseudo_negative,0,Meghalaya,25.27548,92.508751,2007-08-13,,,,1084.0,14.94,,3,5.19
NEG_001770,pseudo_negative,0,Meghalaya,25.423906,90.123653,2023-11-27,,,,129.0,14.53,,1,7.908
NEG_001771,pseudo_negative,0,Meghalaya,25.447537,90.511075,2009-05-02,,,,1025.0,6.87,,0,16.483
NEG_001772,pseudo_negative,0,Meghalaya,25.491222,91.189688,2008-07-31,,,,1305.0,9.19,,50,1.089
NEG_001773,pseudo_negative,0,Meghalaya,25.418353,91.551129,2017-11-07,,,,1606.0,21.59,,10,2.008
NEG_001774,pseudo_negative,0,Meghalaya,25.431899,91.964427,2017-11-12,,,,1686.0,15.86,,26,4.369
NEG_001775,pseudo_negative,0,Meghalaya,25.477043,92.243047,2005-11-04,,,,1371.0,3.21,,20,1.918
NEG_001776,pseudo_negative,0,Meghalaya,25.461701,92.510433,2018-05-28,,,,867.0,25.26,,2,2.5
NEG_001777,pseudo_negative,0,Meghalaya,25.584874,90.245908,2005-07-11,,,,416.0,15.31,,17,4.731
NEG_001778,pseudo_negative,0,Meghalaya,25.576886,90.444988,2006-05-02,,,,526.0,21.17,,1,7.753
NEG_001779,pseudo_negative,0,Meghalaya,25.687435,90.929999,2007-06-15,,,,694.0,13.84,,0,11.244
NEG_001780,pseudo_negative,0,Meghalaya,25.64818,91.119886,2005-08-09,,,,1098.0,9.24,,73,1.538
NEG_001781,pseudo_negative,0,Meghalaya,25.61136,91.666479,2020-09-27,,,,1625.0,8.37,,45,5.037
NEG_001782,pseudo_negative,0,Meghalaya,25.564025,91.774325,2026-09-06,,,,1670.0,9.24,,40,2.162
NEG_001783,pseudo_negative,0,Meghalaya,25.681156,92.389759,2015-09-09,,,,928.0,26.29,,1,9.967
NEG_001784,pseudo_negative,0,Meghalaya,25.620538,92.690884,2011-05-17,,,,665.0,5.97,,2,5.865
NEG_001785,pseudo_negative,0,Meghalaya,25.707707,90.38698,2014-06-13,,,,557.0,14.88,,3,6.455
NEG_001786,pseudo_negative,0,Meghalaya,25.752189,90.528496,2018-05-30,,,,93.0,11.83,,1,9.808
NEG_001787,pseudo_negative,0,Meghalaya,25.714103,91.001895,2014-05-18,,,,900.0,16.61,,18,5.569
NEG_001788,pseudo_negative,0,Meghalaya,25.700521,91.14773,2025-03-09,,,,1087.0,24.68,,52,3.01
NEG_001789,pseudo_negative,0,Meghalaya,25.72968,91.655816,2024-11-26,,,,755.0,8.25,,43,2.036
NEG_001790,pseudo_negative,0,Meghalaya,25.757584,91.850816,2018-08-31,,,,719.0,3.7,,16,3.166
NEG_001791,pseudo_negative,0,Meghalaya,25.781254,92.164698,2008-07-10,,,,941.0,13.87,,7,2.73
NEG_001792,pseudo_negative,0,Meghalaya,25.782013,92.419367,2005-07-30,,,,934.0,7.16,,1,6.334
NEG_001793,pseudo_negative,0,Meghalaya,25.950106,90.136726,2022-08-24,,,,38.0,3.45,,0,31.446
NEG_001794,pseudo_negative,0,Meghalaya,25.870801,90.601,2018-09-20,,,,82.0,8.9,,0,15.045
NEG_001795,pseudo_negative,0,Meghalaya,25.88861,91.03142,2020-05-15,,,,67.0,1.03,,3,6.777
NEG_001796,pseudo_negative,0,Meghalaya,25.872481,91.138861,2007-07-09,,,,141.0,18.55,,4,3.995
NEG_001797,pseudo_negative,0,Meghalaya,25.975727,91.470716,2020-05-31,,,,53.0,1.03,,7,7.947
NEG_001798,pseudo_negative,0,Meghalaya,25.951747,92.055357,2025-08-26,,,,694.0,9.55,,5,2.037
NEG_001799,pseudo_negative,0,Meghalaya,25.970388,92.124239,2024-07-01,,,,570.0,21.7,,3,6.746
NEG_001800,pseudo_negative,0,Meghalaya,25.869896,92.534829,2007-11-07,,,,583.0,10.03,,31,3.679
NEG_001801,pseudo_negative,0,Meghalaya,26.157342,90.340578,2023-05-23,,,,27.0,11.65,,1,6.204
NEG_001802,pseudo_negative,0,Meghalaya,26.023826,90.620763,2021-06-20,,,,56.0,1.67,,2,3.249
NEG_001803,pseudo_negative,0,Meghalaya,26.091944,90.901055,2016-06-08,,,,37.0,1.67,,0,27.307
NEG_001804,pseudo_negative,0,Meghalaya,26.083228,91.274894,2021-07-30,,,,47.0,3.23,,0,14.823
NEG_001805,pseudo_negative,0,Meghalaya,26.133439,91.678864,2023-08-04,,,,90.0,23.27,,43,2.447
NEG_001806,pseudo_negative,0,Meghalaya,26.093457,91.935722,2021-11-02,,,,65.0,3.6,,30,1.783
NEG_001807,pseudo_negative,0,Meghalaya,26.169017,92.080371,2020-05-07,,,,62.0,11.65,,6,4.501
NEG_001808,pseudo_negative,0,Meghalaya,26.141489,92.615476,2012-09-06,,,,63.0,2.36,,0,15.111
NEG_001809,pseudo_negative,0,Meghalaya,24.949055,90.220414,2013-07-13,,,,20.0,3.3,,0,33.934
NEG_001810,pseudo_negative,0,Meghalaya,24.96939,90.493479,2012-11-13,,,,15.0,3.69,,0,30.204
NEG_001811,pseudo_negative,0,Meghalaya,24.973042,91.044424,2005-08-18,,,,6.0,3.3,,0,24.28
NEG_001812,pseudo_negative,0,Meghalaya,24.939441,91.337724,2013-04-08,,,,8.0,1.65,,0,28.131
NEG_001813,pseudo_negative,0,Meghalaya,24.918112,91.415322,2009-12-30,,,,9.0,1.65,,0,27.96
NEG_001814,pseudo_negative,0,Meghalaya,25.014675,91.779915,2005-08-28,,,,11.0,1.85,,0,19.398
NEG_001815,pseudo_negative,0,Meghalaya,24.945647,92.247754,2016-04-20,,,,17.0,2.34,,0,17.811
NEG_001816,pseudo_negative,0,Meghalaya,24.972825,92.660549,2017-07-06,,,,28.0,1.65,,20,1.427
NEG_001817,pseudo_negative,0,Meghalaya,25.138336,90.312599,2012-10-30,,,,18.0,1.66,,0,16.207
NEG_001818,pseudo_negative,0,Meghalaya,25.152622,90.59719,2007-07-19,,,,17.0,2.25,,2,7.31
NEG_001819,pseudo_negative,0,Meghalaya,25.062375,90.971239,2015-07-23,,,,8.0,2.12,,0,15.947
NEG_001820,pseudo_negative,0,Meghalaya,25.192574,91.298135,2025-04-11,,,,15.0,1.38,,10,6.521
NEG_001821,pseudo_negative,0,Meghalaya,25.062343,91.52611,2005-05-15,,,,9.0,2.76,,0,10.708
NEG_001822,pseudo_negative,0,Meghalaya,25.083239,91.820882,2017-09-24,,,,13.0,1.38,,0,13.126
NEG_001823,pseudo_negative,0,Meghalaya,25.114321,92.137044,2020-05-04,,,,17.0,2.76,,21,3.267
NEG_001824,pseudo_negative,0,Meghalaya,25.11566,92.430059,2010-11-11,,,,797.0,18.0,,102,4.232
NEG_001825,pseudo_negative,0,Meghalaya,25.294854,90.34182,2007-05-05,,,,125.0,24.24,,0,13.543
NEG_001826,pseudo_negative,0,Meghalaya,25.365336,90.530046,2009-11-20,,,,285.0,3.7,,0,16.479
NEG_001827,pseudo_negative,0,Meghalaya,25.301803,90.839375,2015-05-17,,,,465.0,23.67,,1,8.413
NEG_001828,pseudo_negative,0,Meghalaya,25.231421,91.074889,2011-08-28,,,,346.0,8.23,,4,5.642
NEG_001829,pseudo_negative,0,Meghalaya,25.261274,91.482272,2018-11-21,,,,363.0,27.03,,23,3.007
NEG_001830,pseudo_negative,0,Meghalaya,25.261404,91.851536,2018-11-26,,,,856.0,31.14,,35,1.77
NEG_001831,pseudo_negative,0,Meghalaya,25.360117,92.177578,2007-07-04,,,,1200.0,28.43,,15,6.793
NEG_001832,pseudo_negative,0,Meghalaya,25.260862,92.711379,2025-08-02,,,,1118.0,13.42,,9,5.696
NEG_001833,pseudo_negative,0,Meghalaya,25.519392,90.393507,2007-11-20,,,,787.0,20.43,,3,5.094
NEG_001834,pseudo_negative,0,Meghalaya,25.386063,90.5219,2005-11-01,,,,355.0,2.25,,0,16.997
NEG_001835,pseudo_negative,0,Meghalaya,25.518837,90.746323,2020-06-01,,,,359.0,13.16,,14,5.882
NEG_001836,pseudo_negative,0,Meghalaya,25.415422,91.356691,2017-09-05,,,,1529.0,5.54,,3,3.416
NEG_001837,pseudo_negative,0,Meghalaya,25.462928,91.534699,2005-12-05,,,,1575.0,21.66,,12,5.323
NEG_001838,pseudo_negative,0,Meghalaya,25.473126,91.891075,2005-11-12,,,,1822.0,7.14,,40,4.777
NEG_001839,pseudo_negative,0,Meghalaya,25.505748,92.351415,2009-11-19,,,,1294.0,10.99,,4,5.472
NEG_001840,pseudo_negative,0,Meghalaya,25.421962,92.650922,2016-08-13,,,,736.0,3.71,,3,6.572
NEG_001841,pseudo_negative,0,Meghalaya,25.694693,90.396143,2005-07-16,,,,401.0,15.17,,5,5.226
NEG_001842,pseudo_negative,0,Meghalaya,25.678506,90.732089,2020-05-25,,,,357.0,0.0,,2,8.419
NEG_001843,pseudo_negative,0,Meghalaya,25.586249,91.037772,2014-08-24,,,,966.0,8.42,,9,3.208
NEG_001844,pseudo_negative,0,Meghalaya,25.641679,91.211834,2011-09-13,,,,1390.0,35.74,,59,3.448
NEG_001845,pseudo_negative,0,Meghalaya,25.581616,91.637868,2009-10-23,,,,1660.0,6.21,,16,3.611
NEG_001846,pseudo_negative,0,Meghalaya,25.585806,91.992588,2015-05-04,,,,1338.0,12.52,,24,5.215
NEG_001847,pseudo_negative,0,Meghalaya,25.601451,92.097735,2008-11-29,,,,902.0,8.22,,17,4.374
NEG_001848,pseudo_negative,0,Meghalaya,25.542309,92.696092,2015-08-16,,,,657.0,11.59,,3,3.607
NEG_001849,pseudo_negative,0,Meghalaya,25.837374,90.25938,2012-01-04,,,,161.0,15.07,,0,18.832
NEG_001850,pseudo_negative,0,Meghalaya,25.774763,90.719873,2017-06-18,,,,413.0,8.89,,0,12.148
NEG_001851,pseudo_negative,0,Meghalaya,25.699953,91.043952,2006-08-11,,,,792.0,4.15,,34,1.094
NEG_001852,pseudo_negative,0,Meghalaya,25.806439,91.157679,2015-06-02,,,,597.0,3.22,,6,3.162
NEG_001853,pseudo_negative,0,Meghalaya,25.7459,91.643044,2020-05-26,,,,772.0,8.25,,41,2.4
NEG_001854,pseudo_negative,0,Meghalaya,25.779789,91.757257,2015-08-07,,,,760.0,16.25,,2,9.664
NEG_001855,pseudo_negative,0,Meghalaya,25.822358,92.339744,2008-07-05,,,,582.0,17.98,,0,13.598
NEG_001856,pseudo_negative,0,Meghalaya,25.762849,92.747493,2024-11-20,,,,129.0,1.66,,3,6.14
NEG_001857,pseudo_negative,0,Meghalaya,25.878859,90.217063,2022-06-24,,,,56.0,2.77,,0,23.519
NEG_001858,pseudo_negative,0,Meghalaya,25.957066,90.573049,2016-05-31,,,,252.0,29.24,,1,5.867
NEG_001859,pseudo_negative,0,Meghalaya,26.005682,90.871666,2012-07-15,,,,50.0,2.36,,0,26.336
NEG_001860,pseudo_negative,0,Meghalaya,25.898126,91.395861,2009-11-28,,,,60.0,5.45,,3,1.384
NEG_001861,pseudo_negative,0,Meghalaya,26.015567,91.632823,2017-10-15,,,,279.0,18.48,,6,6.026
NEG_001862,pseudo_negative,0,Meghalaya,25.859347,92.023633,2021-08-16,,,,712.0,10.48,,2,1.745
NEG_001863,pseudo_negative,0,Meghalaya,25.915573,92.202903,2005-07-01,,,,636.0,5.54,,1,7.438
NEG_001864,pseudo_negative,0,Meghalaya,25.921081,92.49021,2013-08-08,,,,524.0,7.44,,23,1.173
NEG_001865,pseudo_negative,0,Meghalaya,26.067075,90.344373,2009-07-04,,,,32.0,2.36,,0,15.277
NEG_001866,pseudo_negative,0,Meghalaya,26.041754,90.578599,2026-08-18,,,,51.0,2.36,,2,3.396
NEG_001867,pseudo_negative,0,Meghalaya,26.084678,90.907875,2009-07-06,,,,45.0,1.67,,0,27.084
NEG_001868,pseudo_negative,0,Meghalaya,26.075946,91.296019,2005-09-14,,,,45.0,1.39,,0,14.096
NEG_001869,pseudo_negative,0,Meghalaya,26.084448,91.487175,2009-05-09,,,,57.0,1.39,,0,11.531
NEG_001870,pseudo_negative,0,Meghalaya,26.102737,92.022451,2021-07-24,,,,293.0,14.78,,14,1.778
NEG_001871,pseudo_negative,0,Meghalaya,26.047545,92.368965,2010-06-02,,,,523.0,33.82,,29,6.318
NEG_001872,pseudo_negative,0,Meghalaya,26.153579,92.546716,2024-05-04,,,,63.0,1.67,,0,11.269
NEG_001873,pseudo_negative,0,Meghalaya,24.988636,90.116782,2022-07-21,,,,21.0,1.65,,0,31.136
NEG_001874,pseudo_negative,0,Meghalaya,24.945991,90.482184,2006-06-25,,,,13.0,3.3,,0,33.038
NEG_001875,pseudo_negative,0,Meghalaya,25.010862,90.884681,2010-07-03,,,,8.0,2.25,,0,25.474
NEG_001876,pseudo_negative,0,Meghalaya,24.973812,91.226122,2017-11-25,,,,10.0,3.3,,0,25.275
NEG_001877,pseudo_negative,0,Meghalaya,25.018616,91.603622,2005-08-17,,,,9.0,4.14,,0,17.401
NEG_001878,pseudo_negative,0,Meghalaya,24.938517,92.016064,2014-05-27,,,,14.0,0.0,,0,26.067
NEG_001879,pseudo_negative,0,Meghalaya,25.037244,92.364015,2025-11-13,,,,15.0,2.05,,83,3.598
NEG_001880,pseudo_negative,0,Meghalaya,24.911644,92.424168,2011-07-11,,,,17.0,0.0,,2,9.094
NEG_001881,pseudo_negative,0,Meghalaya,25.109265,90.381895,2021-05-08,,,,17.0,2.34,,0,23.285
NEG_001882,pseudo_negative,0,Meghalaya,25.154758,90.402632,2023-06-22,,,,22.0,1.66,,0,21.889
NEG_001883,pseudo_negative,0,Meghalaya,25.209809,90.968931,2014-05-02,,,,102.0,18.68,,1,7.484
NEG_001884,pseudo_negative,0,Meghalaya,25.067,91.392157,2011-07-22,,,,13.0,3.21,,0,13.324
NEG_001885,pseudo_negative,0,Meghalaya,25.08503,91.701226,2019-08-07,,,,10.0,2.76,,1,9.423
NEG_001886,pseudo_negative,0,Meghalaya,25.175386,91.842508,2014-05-16,,,,21.0,1.38,,19,3.128
NEG_001887,pseudo_negative,0,Meghalaya,25.113677,92.403077,2014-10-22,,,,577.0,30.42,,101,1.72
NEG_001888,pseudo_negative,0,Meghalaya,25.139631,92.494992,2012-07-23,,,,174.0,26.26,,1,8.238
NEG_001889,pseudo_negative,0,Meghalaya,25.241772,90.204163,2023-08-20,,,,70.0,7.37,,1,1.75
NEG_001890,pseudo_negative,0,Meghalaya,25.252427,90.695297,2006-05-12,,,,44.0,13.25,,3,5.811
NEG_001891,pseudo_negative,0,Meghalaya,25.244705,91.006768,2024-07-11,,,,488.0,9.54,,4,6.832
NEG_001892,pseudo_negative,0,Meghalaya,25.249152,91.302717,2016-06-24,,,,1044.0,8.34,,14,5.649
NEG_001893,pseudo_negative,0,Meghalaya,25.365101,91.418328,2022-08-05,,,,1452.0,29.42,,13,4.495
NEG_001894,pseudo_negative,0,Meghalaya,25.325982,91.827752,2022-06-17,,,,733.0,26.37,,74,5.237
NEG_001895,pseudo_negative,0,Meghalaya,25.302333,92.300456,2013-07-31,,,,1092.0,13.63,,10,4.685
NEG_001896,pseudo_negative,0,Meghalaya,25.317443,92.608751,2025-05-10,,,,1083.0,8.86,,17,2.632
NEG_001897,pseudo_negative,0,Meghalaya,25.532506,90.135177,2025-05-25,,,,165.0,4.62,,6,7.914
NEG_001898,pseudo_negative,0,Meghalaya,25.503045,90.463661,2008-08-30,,,,628.0,24.18,,0,11.332
NEG_001899,pseudo_negative,0,Meghalaya,25.388385,90.969521,2012-06-19,,,,327.0,7.19,,7,6.071
NEG_001900,pseudo_negative,0,Meghalaya,25.415775,91.31368,2012-06-23,,,,1446.0,15.52,,2,4.581
NEG_001901,pseudo_negative,0,Meghalaya,25.514583,91.498267,2020-08-03,,,,1590.0,17.93,,8,1.985
NEG_001902,pseudo_negative,0,Meghalaya,25.391106,91.836471,2007-05-16,,,,1732.0,11.16,,74,3.555
NEG_001903,pseudo_negative,0,Meghalaya,25.408432,92.315173,2010-09-17,,,,1297.0,1.02,,2,3.005
NEG_001904,pseudo_negative,0,Meghalaya,25.467227,92.577009,2005-09-08,,,,739.0,3.71,,1,6.896
NEG_001905,pseudo_negative,0,Meghalaya,25.566058,90.147048,2021-08-27,,,,500.0,19.67,,3,8.874
NEG_001906,pseudo_negative,0,Meghalaya,25.632842,90.414397,2020-07-04,,,,538.0,5.45,,7,3.941
NEG_001907,pseudo_negative,0,Meghalaya,25.654268,90.892649,2011-05-01,,,,678.0,14.73,,2,8.758
NEG_001908,pseudo_negative,0,Meghalaya,25.628972,91.305444,2023-05-02,,,,1428.0,1.03,,13,1.606
NEG_001909,pseudo_negative,0,Meghalaya,25.576403,91.436077,2015-05-17,,,,1654.0,20.09,,7,6.095
NEG_001910,pseudo_negative,0,Meghalaya,25.638516,92.004446,2005-11-30,,,,1118.0,11.69,,13,4.028
NEG_001911,pseudo_negative,0,Meghalaya,25.578338,92.089072,2007-08-11,,,,1097.0,16.28,,22,3.097
NEG_001912,pseudo_negative,0,Meghalaya,25.544054,92.535486,2022-05-10,,,,960.0,8.25,,3,3.389
NEG_001913,pseudo_negative,0,Meghalaya,25.808349,90.286938,2006-11-17,,,,164.0,8.04,,0,15.459
NEG_001914,pseudo_negative,0,Meghalaya,25.711547,90.451568,2024-08-12,,,,337.0,12.67,,4,8.8
NEG_001915,pseudo_negative,0,Meghalaya,25.788755,90.761756,2021-06-29,,,,274.0,10.41,,0,10.072
NEG_001916,pseudo_negative,0,Meghalaya,25.752617,91.281756,2022-08-30,,,,572.0,27.38,,3,3.006
NEG_001917,pseudo_negative,0,Meghalaya,25.79433,92.021779,2005-06-16,,,,973.0,13.36,,3,2.57
NEG_001918,pseudo_negative,0,Meghalaya,25.853078,92.126515,2020-10-13,,,,1054.0,23.0,,2,3.027
NEG_001919,pseudo_negative,0,Meghalaya,25.839549,92.743767,2020-05-28,,,,138.0,11.04,,8,2.44
NEG_001920,pseudo_negative,0,Meghalaya,26.004786,90.209444,2017-06-20,,,,28.0,2.36,,0,23.233
NEG_001921,pseudo_negative,0,Meghalaya,25.986148,90.594599,2006-05-27,,,,232.0,27.8,,2,2.208
NEG_001922,pseudo_negative,0,Meghalaya,25.885222,90.884688,2009-08-01,,,,226.0,8.9,,0,15.718
NEG_001923,pseudo_negative,0,Meghalaya,25.903052,91.259498,2022-05-03,,,,63.0,1.38,,2,5.609
NEG_001924,pseudo_negative,0,Meghalaya,25.955516,91.510628,2008-05-07,,,,283.0,9.4,,16,3.6
NEG_001925,pseudo_negative,0,Meghalaya,25.890011,91.952642,2026-06-06,,,,584.0,4.5,,8,6.799
NEG_001926,pseudo_negative,0,Meghalaya,25.965956,92.251577,2016-05-19,,,,813.0,14.5,,9,5.272
NEG_001927,pseudo_negative,0,Meghalaya,26.005259,92.553663,2024-11-09,,,,218.0,20.04,,25,4.317
NEG_001928,pseudo_negative,0,Meghalaya,26.121259,90.271786,2011-05-28,,,,28.0,10.05,,1,8.925
NEG_001929,pseudo_negative,0,Meghalaya,26.150539,90.628809,2013-05-12,,,,42.0,1.67,,0,10.236
NEG_001930,pseudo_negative,0,Meghalaya,26.032886,91.052709,2020-05-05,,,,45.0,2.96,,0,21.014
NEG_001931,pseudo_negative,0,Meghalaya,26.127009,91.310791,2015-09-05,,,,43.0,2.26,,0,18.534
NEG_001932,pseudo_negative,0,Meghalaya,26.097981,91.692776,2022-05-03,,,,115.0,6.44,,33,3.04
NEG_001933,pseudo_negative,0,Meghalaya,26.118321,91.793974,2015-03-17,,,,59.0,2.12,,89,1.336
NEG_001934,pseudo_negative,0,Meghalaya,26.141268,92.381061,2022-11-26,,,,94.0,2.36,,18,6.333
NEG_001935,pseudo_negative,0,Meghalaya,26.16104,92.563777,2020-11-12,,,,63.0,3.73,,0,13.156
NEG_001936,pseudo_negative,0,Meghalaya,25.041117,90.39222,2018-05-24,,,,12.0,4.67,,0,29.666
NEG_001937,pseudo_negative,0,Meghalaya,25.044009,90.719171,2023-10-21,,,,19.0,1.38,,0,20.451
NEG_001938,pseudo_negative,0,Meghalaya,24.982399,91.053733,2010-10-03,,,,7.0,1.65,,0,23.274
NEG_001939,pseudo_negative,0,Meghalaya,24.90122,91.186278,2012-07-05,,,,3.0,0.0,,0,33.321
NEG_001940,pseudo_negative,0,Meghalaya,24.929593,91.727546,2026-11-17,,,,12.0,2.34,,0,26.906
NEG_001941,pseudo_negative,0,Meghalaya,24.936948,91.752347,2022-08-25,,,,5.0,1.65,,0,26.573
NEG_001942,pseudo_negative,0,Meghalaya,24.979881,92.35281,2013-08-27,,,,19.0,5.22,,18,8.095
NEG_001943,pseudo_negative,0,Meghalaya,25.047376,92.656293,2006-06-21,,,,696.0,30.01,,5,8.51
NEG_001944,pseudo_negative,0,Meghalaya,25.053208,90.146616,2016-08-24,,,,18.0,2.34,,0,23.38
NEG_001945,pseudo_negative,0,Meghalaya,25.105986,90.611265,2019-05-07,,,,14.0,2.12,,0,11.781
NEG_001946,pseudo_negative,0,Meghalaya,25.204939,90.875562,2014-07-08,,,,204.0,32.93,,0,15.122
NEG_001947,pseudo_negative,0,Meghalaya,25.114975,91.317293,2012-08-30,,,,14.0,4.19,,0,11.283
NEG_001948,pseudo_negative,0,Meghalaya,25.147746,91.530485,2008-06-17,,,,19.0,7.19,,15,1.321
NEG_001949,pseudo_negative,0,Meghalaya,25.053021,92.034268,2022-07-14,,,,14.0,1.38,,0,14.614
NEG_001950,pseudo_negative,0,Meghalaya,25.06625,92.360115,2017-06-06,,,,44.0,15.02,,95,1.063
NEG_001951,pseudo_negative,0,Meghalaya,25.187738,92.568396,2014-05-29,,,,953.0,24.31,,0,15.386
NEG_001952,pseudo_negative,0,Meghalaya,25.328202,90.393953,2011-08-18,,,,83.0,9.99,,0,19.797
NEG_001953,pseudo_negative,0,Meghalaya,25.276508,90.653465,2025-08-29,,,,25.0,2.12,,3,4.394
NEG_001954,pseudo_negative,0,Meghalaya,25.363632,90.934445,2005-06-18,,,,490.0,10.5,,2,6.785
NEG_001955,pseudo_negative,0,Meghalaya,25.327302,91.368443,2007-05-21,,,,1432.0,8.82,,14,3.758
NEG_001956,pseudo_negative,0,Meghalaya,25.30073,91.661729,2014-05-30,,,,1001.0,37.36,,47,2.822
NEG_001957,pseudo_negative,0,Meghalaya,25.233849,91.882202,2023-11-04,,,,340.0,31.47,,32,1.623
NEG_001958,pseudo_negative,0,Meghalaya,25.281498,92.258269,2026-07-08,,,,1043.0,11.91,,15,5.634
NEG_001959,pseudo_negative,0,Meghalaya,25.37146,92.578767,2021-05-01,,,,935.0,12.74,,14,1.943
NEG_001960,pseudo_negative,0,Meghalaya,25.530995,90.397667,2018-08-07,,,,730.0,30.82,,3,4.255
NEG_001961,pseudo_negative,0,Meghalaya,25.386264,90.59511,2022-09-04,,,,268.0,14.19,,1,9.661
NEG_001962,pseudo_negative,0,Meghalaya,25.524753,90.794959,2017-05-15,,,,324.0,20.14,,7,3.702
NEG_001963,pseudo_negative,0,Meghalaya,25.428362,91.094328,2007-12-09,,,,764.0,15.49,,11,3.158
NEG_001964,pseudo_negative,0,Meghalaya,25.381078,91.696303,2014-07-03,,,,1741.0,21.77,,28,4.056
NEG_001965,pseudo_negative,0,Meghalaya,25.446499,92.056235,2022-05-07,,,,1360.0,42.42,,12,2.267
NEG_001966,pseudo_negative,0,Meghalaya,25.494113,92.322735,2009-04-21,,,,1271.0,9.4,,6,6.464
NEG_001967,pseudo_negative,0,Meghalaya,25.41565,92.696623,2009-08-19,,,,836.0,11.8,,4,8.239
NEG_001968,pseudo_negative,0,Meghalaya,25.581959,90.15307,2024-08-30,,,,438.0,9.02,,1,9.831
NEG_001969,pseudo_negative,0,Meghalaya,25.55482,90.716005,2009-06-18,,,,294.0,9.6,,9,6.354
NEG_001970,pseudo_negative,0,Meghalaya,25.598208,90.980336,2013-07-12,,,,725.0,8.25,,5,4.428
NEG_001971,pseudo_negative,0,Meghalaya,25.686038,91.527578,2014-08-14,,,,1273.0,15.07,,3,7.126
NEG_001972,pseudo_negative,0,Meghalaya,25.63876,92.382168,2005-09-25,,,,861.0,4.81,,2,7.696
NEG_001973,pseudo_negative,0,Meghalaya,25.783897,90.080592,2014-06-24,,,,148.0,7.39,,0,16.111
NEG_001974,pseudo_negative,0,Meghalaya,25.740356,90.488347,2012-06-09,,,,240.0,2.25,,1,7.342
NEG_001975,pseudo_negative,0,Meghalaya,25.792085,90.932738,2025-05-08,,,,573.0,10.02,,3,7.785
NEG_001976,pseudo_negative,0,Meghalaya,25.827649,91.103598,2018-07-16,,,,93.0,7.53,,8,3.141
NEG_001977,pseudo_negative,0,Meghalaya,25.787159,91.705257,2009-11-19,,,,810.0,11.14,,7,4.417
NEG_001978,pseudo_negative,0,Meghalaya,25.834873,91.815691,2021-06-08,,,,609.0,5.91,,8,6.614
NEG_001979,pseudo_negative,0,Meghalaya,25.757841,92.264774,2009-05-08,,,,765.0,13.95,,0,12.891
NEG_001980,pseudo_negative,0,Meghalaya,25.756216,92.64029,2022-11-21,,,,576.0,10.41,,0,10.182
NEG_001981,pseudo_negative,0,Meghalaya,25.88802,90.197595,2023-08-30,,,,59.0,9.18,,0,24.307
NEG_001982,pseudo_negative,0,Meghalaya,25.950607,90.582427,2009-11-03,,,,212.0,16.3,,1,6.286
NEG_001983,pseudo_negative,0,Meghalaya,25.955941,90.928746,2021-06-17,,,,55.0,2.36,,0,18.527
NEG_001984,pseudo_negative,0,Meghalaya,25.896408,91.325949,2024-04-16,,,,172.0,18.33,,3,6.718
NEG_001985,pseudo_negative,0,Meghalaya,25.919594,91.719671,2026-07-12,,,,483.0,18.97,,3,1.781
NEG_001986,pseudo_negative,0,Meghalaya,25.955693,92.01265,2009-10-21,,,,521.0,4.21,,7,4.405
NEG_001987,pseudo_negative,0,Meghalaya,25.873822,92.389472,2023-07-29,,,,563.0,15.47,,0,10.825
NEG_001988,pseudo_negative,0,Meghalaya,25.955819,92.486191,2015-05-14,,,,427.0,12.48,,31,2.749
NEG_001989,pseudo_negative,0,Meghalaya,26.019589,90.394927,2023-08-09,,,,34.0,4.99,,0,20.05
NEG_001990,pseudo_negative,0,Meghalaya,26.064262,90.525707,2020-06-12,,,,40.0,3.33,,2,7.929
NEG_001991,pseudo_negative,0,Meghalaya,26.118387,91.059374,2020-11-13,,,,47.0,0.93,,0,12.697
NEG_001992,pseudo_negative,0,Meghalaya,26.123267,91.276221,2010-05-08,,,,41.0,2.06,,0,15.768
NEG_001993,pseudo_negative,0,Meghalaya,26.152827,91.600669,2007-09-13,,,,53.0,0.93,,4,5.666
NEG_001994,pseudo_negative,0,Meghalaya,26.06592,92.006591,2012-11-10,,,,357.0,3.73,,12,2.755
NEG_001995,pseudo_negative,0,Meghalaya,26.059079,92.125363,2022-05-22,,,,335.0,27.3,,12,2.271
NEG_001996,pseudo_negative,0,Meghalaya,26.168468,92.634763,2008-05-08,,,,62.0,1.67,,0,12.785
NEG_001997,pseudo_negative,0,Meghalaya,25.040625,90.269743,2025-05-28,,,,16.0,3.69,,0,24.381
NEG_001998,pseudo_negative,0,Meghalaya,25.040868,90.575851,2017-06-21,,,,12.0,1.38,,0,19.667
NEG_001999,pseudo_negative,0,Meghalaya,24.901804,91.058379,2008-06-30,,,,9.0,3.3,,0,32.248
NEG_002000,pseudo_negative,0,Meghalaya,25.043834,91.128767,2015-05-05,,,,8.0,1.38,,0,17.164
NEG_002001,pseudo_negative,0,Meghalaya,24.955122,91.425607,2016-05-13,,,,7.0,3.69,,0,23.717
NEG_002002,pseudo_negative,0,Meghalaya,25.009586,92.023284,2006-05-22,,,,15.0,1.38,,0,19.077
NEG_002003,pseudo_negative,0,Meghalaya,25.015416,92.162929,2019-07-24,,,,14.0,1.38,,0,14.374
NEG_002004,pseudo_negative,0,Meghalaya,24.95118,92.442794,2021-11-25,,,,17.0,0.0,,16,4.377
NEG_002005,pseudo_negative,0,Meghalaya,25.159749,90.389437,2018-05-29,,,,21.0,5.95,,0,20.464
NEG_002006,pseudo_negative,0,Meghalaya,25.170231,90.518553,2023-05-16,,,,22.0,2.25,,0,12.27
NEG_002007,pseudo_negative,0,Meghalaya,25.209333,90.980582,2024-06-09,,,,213.0,20.56,,1,6.348
NEG_002008,pseudo_negative,0,Meghalaya,25.120669,91.323335,2021-06-28,,,,10.0,1.38,,0,10.405
NEG_002009,pseudo_negative,0,Meghalaya,25.128699,91.607121,2014-07-13,,,,15.0,3.21,,21,6.073
NEG_002010,pseudo_negative,0,Meghalaya,25.069815,91.799897,2008-11-13,,,,8.0,0.93,,0,13.734
NEG_002011,pseudo_negative,0,Meghalaya,25.10893,92.163027,2026-11-23,,,,21.0,6.3,,23,4.383
NEG_002012,pseudo_negative,0,Meghalaya,25.126551,92.417664,2014-07-22,,,,396.0,13.75,,94,2.97
NEG_002013,pseudo_negative,0,Meghalaya,25.321526,90.158957,2025-06-01,,,,103.0,16.45,,1,9.362
NEG_002014,pseudo_negative,0,Meghalaya,25.326526,90.533254,2025-07-07,,,,150.0,6.39,,0,14.441
NEG_002015,pseudo_negative,0,Meghalaya,25.33416,90.776988,2014-08-22,,,,319.0,10.03,,4,5.829
NEG_002016,pseudo_negative,0,Meghalaya,25.272898,91.398102,2023-06-27,,,,240.0,31.3,,26,1.638
NEG_002017,pseudo_negative,0,Meghalaya,25.218373,91.511515,2026-07-07,,,,251.0,17.98,,29,6.572
NEG_002018,pseudo_negative,0,Meghalaya,25.360873,92.035692,2021-07-10,,,,1302.0,2.12,,24,2.939
NEG_002019,pseudo_negative,0,Meghalaya,25.219248,92.26181,2025-11-02,,,,736.0,5.54,,26,4.008
NEG_002020,pseudo_negative,0,Meghalaya,25.352555,92.486652,2023-07-22,,,,961.0,5.63,,11,2.59
NEG_002021,pseudo_negative,0,Meghalaya,25.404704,90.61605,2026-08-03,,,,758.0,14.28,,3,7.594
NEG_002022,pseudo_negative,0,Meghalaya,25.408064,90.966756,2011-05-26,,,,307.0,7.19,,8,7.494
NEG_002023,pseudo_negative,0,Meghalaya,25.438175,91.318633,2015-07-06,,,,1471.0,17.86,,5,2.862
NEG_002024,pseudo_negative,0,Meghalaya,25.481772,91.527115,2017-07-26,,,,1686.0,10.14,,13,3.49
NEG_002025,pseudo_negative,0,Meghalaya,25.474573,91.790903,2009-05-01,,,,1714.0,14.54,,39,2.583
NEG_002026,pseudo_negative,0,Meghalaya,25.519029,92.375394,2021-05-26,,,,1266.0,2.78,,5,4.098
NEG_002027,pseudo_negative,0,Meghalaya,25.458272,92.681932,2007-05-21,,,,618.0,2.35,,0,10.782
NEG_002028,pseudo_negative,0,Meghalaya,25.67822,90.119683,2022-11-06,,,,237.0,2.06,,1,6.114
NEG_002029,pseudo_negative,0,Meghalaya,25.612252,90.526468,2013-11-17,,,,367.0,10.01,,0,15.272
NEG_002030,pseudo_negative,0,Meghalaya,25.553658,90.990921,2017-05-11,,,,864.0,12.76,,3,7.134
NEG_002031,pseudo_negative,0,Meghalaya,25.602189,91.25663,2011-06-07,,,,1348.0,5.54,,81,2.862
NEG_002032,pseudo_negative,0,Meghalaya,25.636502,91.601497,2009-09-22,,,,1517.0,10.53,,41,2.38
NEG_002033,pseudo_negative,0,Meghalaya,25.600135,91.885566,2019-07-16,,,,1423.0,8.25,,94,2.018
NEG_002034,pseudo_negative,0,Meghalaya,25.551843,92.184115,2018-06-06,,,,1209.0,2.12,,17,2.655
NEG_002035,pseudo_negative,0,Meghalaya,25.690712,92.610326,2017-07-14,,,,555.0,21.97,,0,11.64
NEG_002036,pseudo_negative,0,Meghalaya,25.8024,90.211721,2013-08-14,,,,119.0,9.24,,0,15.061
NEG_002037,pseudo_negative,0,Meghalaya,25.70476,90.582573,2019-08-17,,,,261.0,6.83,,0,17.139
NEG_002038,pseudo_negative,0,Meghalaya,25.852739,91.003943,2014-05-16,,,,387.0,23.18,,5,5.017
NEG_002039,pseudo_negative,0,Meghalaya,25.789426,91.352451,2020-09-28,,,,629.0,25.19,,1,5.629
NEG_002040,pseudo_negative,0,Meghalaya,25.725325,91.647178,2024-08-28,,,,801.0,16.88,,43,2.752
NEG_002041,pseudo_negative,0,Meghalaya,25.805077,91.911471,2012-06-20,,,,809.0,14.54,,11,3.65
NEG_002042,pseudo_negative,0,Meghalaya,25.709246,92.356962,2019-10-30,,,,892.0,14.5,,0,14.478
NEG_002043,pseudo_negative,0,Meghalaya,25.748594,92.446163,2010-10-09,,,,859.0,2.25,,3,7.347
NEG_002044,pseudo_negative,0,Meghalaya,25.960807,90.390159,2008-07-11,,,,75.0,9.67,,0,19.637
NEG_002045,pseudo_negative,0,Meghalaya,25.982355,90.479857,2017-08-30,,,,381.0,16.4,,0,11.805
NEG_002046,pseudo_negative,0,Meghalaya,25.856793,90.74535,2014-08-28,,,,241.0,20.02,,0,17.4
NEG_002047,pseudo_negative,0,Meghalaya,25.978026,91.335578,2011-09-13,,,,82.0,18.36,,2,6.371
NEG_002048,pseudo_negative,0,Meghalaya,26.006033,91.465832,2020-06-23,,,,50.0,1.39,,1,9.902
NEG_002049,pseudo_negative,0,Meghalaya,25.907136,91.882139,2025-04-26,,,,586.0,9.22,,20,2.364
NEG_002050,pseudo_negative,0,Meghalaya,25.925186,92.307409,2011-09-04,,,,661.0,22.82,,5,2.391
NEG_002051,pseudo_negative,0,Meghalaya,26.006734,92.445292,2026-11-05,,,,560.0,16.31,,31,3.546
NEG_002052,pseudo_negative,0,Meghalaya,26.047824,90.092252,2011-11-29,,,,25.0,0.0,,0,26.472
NEG_002053,pseudo_negative,0,Meghalaya,26.121329,90.586381,2005-08-29,,,,42.0,3.73,,1,6.961
NEG_002054,pseudo_negative,0,Meghalaya,26.121757,91.020028,2009-07-21,,,,40.0,2.26,,0,15.398
NEG_002055,pseudo_negative,0,Meghalaya,26.078625,91.241321,2020-06-16,,,,47.0,0.93,,0,14.816
NEG_002056,pseudo_negative,0,Meghalaya,26.088,91.677143,2022-04-13,,,,258.0,13.32,,27,4.929
NEG_002057,pseudo_negative,0,Meghalaya,26.061496,91.821396,2016-07-25,,,,381.0,16.13,,35,1.608
NEG_002058,pseudo_negative,0,Meghalaya,26.061061,92.351254,2007-05-01,,,,251.0,21.61,,13,7.879
NEG_002059,pseudo_negative,0,Meghalaya,26.148817,92.599561,2013-09-24,,,,59.0,1.67,,0,16.197
NEG_002060,pseudo_negative,0,Meghalaya,25.043529,90.087046,2011-08-25,,,,18.0,4.67,,0,26.725
NEG_002061,pseudo_negative,0,Meghalaya,24.925545,90.71399,2024-11-13,,,,10.0,2.34,,0,32.709
NEG_002062,pseudo_negative,0,Meghalaya,24.989452,90.913672,2005-11-05,,,,8.0,1.65,,0,25.829
NEG_002063,pseudo_negative,0,Meghalaya,24.981674,91.074527,2025-09-01,,,,8.0,2.34,,0,23.568
NEG_002064,pseudo_negative,0,Meghalaya,24.918306,91.608977,2013-05-22,,,,11.0,1.65,,0,28.02
NEG_002065,pseudo_negative,0,Meghalaya,24.983705,91.824254,2010-10-30,,,,11.0,1.65,,0,23.615
NEG_002066,pseudo_negative,0,Meghalaya,24.938551,92.256659,2022-11-16,,,,16.0,5.21,,0,18.088
NEG_002067,pseudo_negative,0,Meghalaya,24.955565,92.603445,2018-05-29,,,,21.0,1.65,,5,3.845
NEG_002068,pseudo_negative,0,Meghalaya,25.141218,90.101223,2015-06-19,,,,18.0,2.34,,0,16.986
NEG_002069,pseudo_negative,0,Meghalaya,25.208186,90.540736,2012-09-05,,,,132.0,26.61,,2,9.205
NEG_002070,pseudo_negative,0,Meghalaya,25.184624,90.970086,2025-05-24,,,,13.0,3.07,,1,7.122
NEG_002071,pseudo_negative,0,Meghalaya,25.155918,91.085241,2025-11-06,,,,1.0,0.0,,2,5.986
NEG_002072,pseudo_negative,0,Meghalaya,25.171519,91.485464,2022-11-04,,,,43.0,11.13,,17,1.303
NEG_002073,pseudo_negative,0,Meghalaya,25.070856,91.829895,2006-01-06,,,,11.0,4.73,,0,14.578
NEG_002074,pseudo_negative,0,Meghalaya,25.103275,92.406112,2023-07-11,,,,402.0,23.51,,103,2.718
NEG_002075,pseudo_negative,0,Meghalaya,25.172595,92.599704,2025-08-24,,,,1247.0,34.5,,0,17.948
NEG_002076,pseudo_negative,0,Meghalaya,25.311078,90.283767,2010-08-25,,,,67.0,36.55,,1,9.382
NEG_002077,pseudo_negative,0,Meghalaya,25.34049,90.450195,2012-08-22,,,,69.0,1.66,,0,22.117
NEG_002078,pseudo_negative,0,Meghalaya,25.261537,91.030394,2024-05-10,,,,295.0,8.92,,4,5.646
NEG_002079,pseudo_negative,0,Meghalaya,25.352582,91.155376,2017-06-13,,,,753.0,1.38,,4,7.059
NEG_002080,pseudo_negative,0,Meghalaya,25.357553,91.560821,2023-09-21,,,,1627.0,6.3,,16,4.044
NEG_002081,pseudo_negative,0,Meghalaya,25.314183,92.060308,2025-06-25,,,,378.0,22.37,,22,3.215
NEG_002082,pseudo_negative,0,Meghalaya,25.366021,92.255236,2019-05-01,,,,1275.0,5.43,,3,7.029
NEG_002083,pseudo_negative,0,Meghalaya,25.313191,92.467399,2015-06-18,,,,961.0,5.9,,9,3.829
NEG_002084,pseudo_negative,0,Meghalaya,25.459705,90.066392,2016-06-26,,,,164.0,8.87,,1,8.702
NEG_002085,pseudo_negative,0,Meghalaya,25.396418,90.548289,2018-08-16,,,,346.0,28.28,,0,14.32
NEG_002086,pseudo_negative,0,Meghalaya,25.458128,90.751515,2013-07-28,,,,144.0,4.8,,13,4.311
NEG_002087,pseudo_negative,0,Meghalaya,25.386277,91.331823,2026-08-21,,,,1445.0,22.82,,4,6.65
NEG_002088,pseudo_negative,0,Meghalaya,25.442452,91.545808,2024-05-17,,,,1513.0,8.02,,12,4.204
NEG_002089,pseudo_negative,0,Meghalaya,25.421911,92.075141,2015-07-21,,,,1462.0,12.98,,15,3.793
NEG_002090,pseudo_negative,0,Meghalaya,25.409615,92.329276,2019-05-09,,,,1311.0,3.7,,2,4.258
NEG_002091,pseudo_negative,0,Meghalaya,25.398723,92.659498,2020-05-20,,,,750.0,5.96,,13,5.576
NEG_002092,pseudo_negative,0,Meghalaya,25.552922,90.278465,2021-08-18,,,,580.0,20.04,,17,5.18
NEG_002093,pseudo_negative,0,Meghalaya,25.563035,90.645159,2006-08-30,,,,474.0,7.39,,3,5.767
NEG_002094,pseudo_negative,0,Meghalaya,25.565939,90.964946,2020-05-11,,,,839.0,10.01,,1,7.634
NEG_002095,pseudo_negative,0,Meghalaya,25.58299,91.376373,2010-10-13,,,,1603.0,9.22,,12,5.094
NEG_002096,pseudo_negative,0,Meghalaya,25.616111,91.58154,2013-08-01,,,,1532.0,14.54,,17,3.534
NEG_002097,pseudo_negative,0,Meghalaya,25.576244,92.210876,2005-04-17,,,,1243.0,22.7,,5,1.143
NEG_002098,pseudo_negative,0,Meghalaya,25.580139,92.746864,2009-06-02,,,,451.0,4.69,,3,1.87
NEG_002099,pseudo_negative,0,Meghalaya,25.746589,90.193074,2018-05-22,,,,240.0,5.55,,1,8.616
NEG_002100,pseudo_negative,0,Meghalaya,25.768879,90.617735,2011-11-10,,,,229.0,2.35,,0,17.951
NEG_002101,pseudo_negative,0,Meghalaya,25.852262,90.777069,2009-05-11,,,,76.0,6.84,,0,15.758
NEG_002102,pseudo_negative,0,Meghalaya,25.724976,91.237243,2005-07-18,,,,1050.0,25.27,,6,2.143
NEG_002103,pseudo_negative,0,Meghalaya,25.738744,91.501554,2025-11-30,,,,606.0,13.25,,1,7.067
NEG_002104,pseudo_negative,0,Meghalaya,25.707174,91.963951,2014-08-15,,,,904.0,6.33,,35,4.446
NEG_002105,pseudo_negative,0,Meghalaya,25.790823,92.377613,2006-06-03,,,,803.0,14.5,,1,9.95
NEG_002106,pseudo_negative,0,Meghalaya,25.853196,92.475947,2013-08-04,,,,650.0,16.12,,23,4.869
NEG_002107,pseudo_negative,0,Meghalaya,25.980331,90.29136,2022-08-25,,,,36.0,0.93,,0,24.213
NEG_002108,pseudo_negative,0,Meghalaya,25.877321,90.605439,2018-10-25,,,,81.0,11.62,,0,14.346
NEG_002109,pseudo_negative,0,Meghalaya,25.895055,90.779672,2013-05-25,,,,64.0,0.0,,0,20.303
NEG_002110,pseudo_negative,0,Meghalaya,25.860651,91.349402,2022-06-16,,,,101.0,7.14,,2,2.297
NEG_002111,pseudo_negative,0,Meghalaya,25.85736,91.419911,2007-07-25,,,,325.0,11.39,,3,5.371
NEG_002112,pseudo_negative,0,Meghalaya,25.879561,91.863935,2016-05-06,,,,549.0,24.61,,16,2.232
NEG_002113,pseudo_negative,0,Meghalaya,25.899883,92.263604,2015-06-07,,,,734.0,8.42,,1,6.666
NEG_002114,pseudo_negative,0,Meghalaya,25.93225,92.555727,2017-05-04,,,,355.0,24.31,,35,4.608
NEG_002115,pseudo_negative,0,Meghalaya,26.021754,90.183273,2018-05-23,,,,30.0,0.0,,0,22.7
NEG_002116,pseudo_negative,0,Meghalaya,26.1424,90.641497,2013-04-01,,,,46.0,11.53,,1,9.757
NEG_002117,pseudo_negative,0,Meghalaya,26.047371,90.755742,2007-05-17,,,,47.0,3.73,,0,15.134
NEG_002118,pseudo_negative,0,Meghalaya,26.144915,91.237908,2023-08-23,,,,38.0,5.23,,0,11.252
NEG_002119,pseudo_negative,0,Meghalaya,26.097415,91.718583,2024-06-30,,,,158.0,27.4,,44,2.367
NEG_002120,pseudo_negative,0,Meghalaya,26.051917,92.257394,2018-07-12,,,,173.0,3.73,,10,1.924
NEG_002121,pseudo_negative,0,Meghalaya,26.13858,92.506731,2021-06-17,,,,79.0,17.43,,18,6.949
NEG_002122,pseudo_negative,0,Meghalaya,25.018324,90.280374,2013-08-01,,,,16.0,3.69,,0,27.044
NEG_002123,pseudo_negative,0,Meghalaya,24.919627,90.64445,2023-06-18,,,,18.0,1.65,,0,32.336
NEG_002124,pseudo_negative,0,Meghalaya,25.003732,91.024359,2005-07-25,,,,7.0,2.25,,0,20.927
NEG_002125,pseudo_negative,0,Meghalaya,25.008328,91.211381,2022-09-24,,,,8.0,1.38,,0,21.545
NEG_002126,pseudo_negative,0,Meghalaya,24.91435,91.487933,2009-05-09,,,,10.0,3.69,,0,27.36
NEG_002127,pseudo_negative,0,Meghalaya,24.955326,91.808406,2025-05-19,,,,14.0,6.79,,0,26.336
NEG_002128,pseudo_negative,0,Meghalaya,24.935641,92.302534,2023-07-13,,,,16.0,5.94,,0,14.708
NEG_002129,pseudo_negative,0,Meghalaya,25.020405,92.745152,2007-05-18,,,,158.0,9.56,,45,1.256
NEG_002130,pseudo_negative,0,Meghalaya,25.069365,90.390766,2017-08-22,,,,15.0,1.65,,0,27.126
NEG_002131,pseudo_negative,0,Meghalaya,25.16133,90.461611,2016-09-14,,,,41.0,3.7,,0,18.006
NEG_002132,pseudo_negative,0,Meghalaya,25.191928,90.816553,2011-05-19,,,,246.0,10.77,,0,18.573
NEG_002133,pseudo_negative,0,Meghalaya,25.206683,91.157116,2015-05-23,,,,225.0,15.49,,8,2.019
NEG_002134,pseudo_negative,0,Meghalaya,25.151744,91.629288,2014-09-10,,,,18.0,3.21,,22,3.462
NEG_002135,pseudo_negative,0,Meghalaya,25.194979,92.030568,2008-08-11,,,,235.0,5.81,,18,1.183
NEG_002136,pseudo_negative,0,Meghalaya,25.142664,92.278073,2015-08-15,,,,243.0,26.26,,38,4.183
NEG_002137,pseudo_negative,0,Meghalaya,25.074623,92.551975,2008-05-06,,,,268.0,53.27,,2,6.875
NEG_002138,pseudo_negative,0,Meghalaya,25.2339,90.13707,2013-07-25,,,,63.0,8.23,,1,8.143
NEG_002139,pseudo_negative,0,Meghalaya,25.217177,90.665944,2010-10-29,,,,158.0,18.03,,3,3.434
NEG_002140,pseudo_negative,0,Meghalaya,25.345505,91.069871,2012-11-18,,,,609.0,2.05,,6,3.738
NEG_002141,pseudo_negative,0,Meghalaya,25.365705,91.177597,2016-09-26,,,,901.0,5.51,,3,4.92
NEG_002142,pseudo_negative,0,Meghalaya,25.337925,91.708824,2006-06-12,,,,1468.0,41.75,,26,3.248
NEG_002143,pseudo_negative,0,Meghalaya,25.316133,91.991217,2026-10-28,,,,255.0,29.6,,51,3.355
NEG_002144,pseudo_negative,0,Meghalaya,25.329182,92.400311,2016-11-06,,,,1030.0,5.9,,12,3.737
NEG_002145,pseudo_negative,0,Meghalaya,25.223686,92.601228,2017-07-03,,,,1327.0,21.47,,0,12.293
NEG_002146,pseudo_negative,0,Meghalaya,25.436544,90.093148,2017-08-21,,,,103.0,12.44,,1,6.938
NEG_002147,pseudo_negative,0,Meghalaya,25.40188,90.63437,2005-05-06,,,,450.0,20.04,,7,5.728
NEG_002148,pseudo_negative,0,Meghalaya,25.397574,90.937944,2012-08-25,,,,399.0,19.57,,2,7.396
NEG_002149,pseudo_negative,0,Meghalaya,25.503847,91.270967,2021-11-24,,,,1285.0,5.06,,63,1.244
NEG_002150,pseudo_negative,0,Meghalaya,25.43668,91.458373,2010-08-05,,,,1533.0,5.19,,10,3.934
NEG_002151,pseudo_negative,0,Meghalaya,25.461747,91.805454,2011-11-27,,,,1637.0,4.62,,39,1.732
NEG_002152,pseudo_negative,0,Meghalaya,25.414568,92.148627,2017-06-07,,,,1292.0,6.46,,19,1.448
NEG_002153,pseudo_negative,0,Meghalaya,25.510891,92.614765,2005-07-03,,,,733.0,11.47,,1,9.233
NEG_002154,pseudo_negative,0,Meghalaya,25.548955,90.202077,2015-08-13,,,,278.0,14.57,,6,4.404
NEG_002155,pseudo_negative,0,Meghalaya,25.62266,90.69488,2011-09-01,,,,372.0,3.71,,1,9.709
NEG_002156,pseudo_negative,0,Meghalaya,25.538091,90.839021,2026-08-28,,,,562.0,8.41,,7,2.492
NEG_002157,pseudo_negative,0,Meghalaya,25.650345,91.722604,2022-04-20,,,,1239.0,27.47,,39,6.813
NEG_002158,pseudo_negative,0,Meghalaya,25.614673,91.794959,2020-08-02,,,,1486.0,20.74,,54,3.658
NEG_002159,pseudo_negative,0,Meghalaya,25.659177,92.091304,2011-08-25,,,,906.0,12.87,,11,2.511
NEG_002160,pseudo_negative,0,Meghalaya,25.655174,92.496901,2009-05-13,,,,848.0,5.06,,1,6.523
NEG_002161,pseudo_negative,0,Meghalaya,25.73334,90.167371,2026-05-10,,,,215.0,7.67,,1,7.156
NEG_002162,pseudo_negative,0,Meghalaya,25.725284,90.703845,2008-06-24,,,,331.0,16.65,,0,11.93
NEG_002163,pseudo_negative,0,Meghalaya,25.84712,90.817085,2025-09-13,,,,87.0,2.35,,0,14.524
NEG_002164,pseudo_negative,0,Meghalaya,25.766088,91.151217,2023-07-12,,,,646.0,7.63,,8,5.59
NEG_002165,pseudo_negative,0,Meghalaya,25.794625,91.544167,2022-05-14,,,,453.0,20.24,,2,6.743
NEG_002166,pseudo_negative,0,Meghalaya,25.780932,91.817273,2009-08-27,,,,663.0,16.13,,8,5.728
NEG_002167,pseudo_negative,0,Meghalaya,25.760854,92.329953,2011-06-01,,,,697.0,4.15,,0,15.478
NEG_002168,pseudo_negative,0,Meghalaya,25.765673,92.572428,2010-11-23,,,,674.0,22.13,,14,5.041
NEG_002169,pseudo_negative,0,Meghalaya,25.916528,90.183414,2024-05-19,,,,46.0,12.24,,0,27.415
NEG_002170,pseudo_negative,0,Meghalaya,25.878217,90.724003,2018-11-25,,,,238.0,22.05,,0,19.191
NEG_002171,pseudo_negative,0,Meghalaya,25.890495,90.742886,2018-11-14,,,,190.0,24.48,,0,19.586
NEG_002172,pseudo_negative,0,Meghalaya,25.877731,91.111807,2011-08-03,,,,66.0,3.08,,5,6.011
NEG_002173,pseudo_negative,0,Meghalaya,25.981695,91.641406,2025-08-02,,,,347.0,5.63,,18,6.575
NEG_002174,pseudo_negative,0,Meghalaya,25.927546,91.796615,2010-07-10,,,,404.0,11.91,,19,6.479
NEG_002175,pseudo_negative,0,Meghalaya,25.908446,92.404625,2019-06-15,,,,542.0,15.1,,8,8.042
NEG_002176,pseudo_negative,0,Meghalaya,25.963592,92.633082,2017-08-01,,,,275.0,8.91,,10,3.063
NEG_002177,pseudo_negative,0,Meghalaya,26.055195,90.191681,2010-07-22,,,,26.0,0.0,,0,19.1
NEG_002178,pseudo_negative,0,Meghalaya,26.075244,90.457514,2025-06-16,,,,45.0,7.42,,0,14.816
NEG_002179,pseudo_negative,0,Meghalaya,26.162619,90.916222,2015-06-26,,,,47.0,1.67,,0,23.285
NEG_002180,pseudo_negative,0,Meghalaya,26.148895,91.091455,2007-05-10,,,,42.0,1.39,,1,8.033
NEG_002181,pseudo_negative,0,Meghalaya,26.021142,91.716402,2020-08-23,,,,404.0,30.06,,5,5.876
NEG_002182,pseudo_negative,0,Meghalaya,26.118594,92.356581,2015-08-19,,,,89.0,6.0,,18,8.197
NEG_002183,pseudo_negative,0,Meghalaya,26.061168,92.742552,2006-06-01,,,,74.0,7.04,,0,12.589
NEG_002184,pseudo_negative,0,Meghalaya,25.03391,90.126341,2023-06-05,,,,15.0,2.34,,0,26.064
NEG_002185,pseudo_negative,0,Meghalaya,24.96105,90.714558,2007-07-26,,,,9.0,0.0,,0,28.921
NEG_002186,pseudo_negative,0,Meghalaya,25.048507,90.952441,2020-05-28,,,,8.0,3.45,,0,18.19
NEG_002187,pseudo_negative,0,Meghalaya,24.970806,91.082455,2019-08-01,,,,9.0,3.3,,0,24.887
NEG_002188,pseudo_negative,0,Meghalaya,24.9113,91.591886,2023-04-21,,,,10.0,2.34,,0,28.312
NEG_002189,pseudo_negative,0,Meghalaya,24.964349,91.973213,2006-06-27,,,,43.0,1.65,,0,25.115
NEG_002190,pseudo_negative,0,Meghalaya,25.048706,92.362609,2009-06-20,,,,29.0,0.0,,91,2.772
NEG_002191,pseudo_negative,0,Meghalaya,25.006468,92.688669,2016-12-10,,,,108.0,28.58,,26,4.183
NEG_002192,pseudo_negative,0,Meghalaya,25.198712,90.228684,2023-07-23,,,,28.0,5.95,,1,6.324
NEG_002193,pseudo_negative,0,Meghalaya,25.175002,90.678849,2025-05-01,,,,44.0,8.59,,3,6.113
NEG_002194,pseudo_negative,0,Meghalaya,25.106861,91.044836,2015-11-12,,,,6.0,0.93,,1,9.407
NEG_002195,pseudo_negative,0,Meghalaya,25.127083,91.169414,2017-07-28,,,,6.0,2.05,,2,8.426
NEG_002196,pseudo_negative,0,Meghalaya,25.110716,91.422958,2024-05-04,,,,12.0,1.38,,5,8.687
NEG_002197,pseudo_negative,0,Meghalaya,25.111415,91.947434,2005-05-10,,,,11.0,1.38,,0,10.5
NEG_002198,pseudo_negative,0,Meghalaya,25.095357,92.216346,2014-06-30,,,,64.0,10.34,,21,4.034
NEG_002199,pseudo_negative,0,Meghalaya,25.067165,92.609783,2005-09-28,,,,334.0,13.11,,1,8.637
NEG_002200,pseudo_negative,0,Meghalaya,25.347625,90.377252,2016-12-20,,,,132.0,10.38,,0,19.351
NEG_002201,pseudo_negative,0,Meghalaya,25.218724,90.681486,2025-11-26,,,,173.0,9.58,,3,4.797
NEG_002202,pseudo_negative,0,Meghalaya,25.290145,91.001259,2011-08-07,,,,322.0,3.45,,6,3.991
NEG_002203,pseudo_negative,0,Meghalaya,25.270957,91.272543,2020-06-21,,,,291.0,26.42,,10,5.23
NEG_002204,pseudo_negative,0,Meghalaya,25.248095,91.516006,2019-08-21,,,,467.0,33.72,,35,4.866
NEG_002205,pseudo_negative,0,Meghalaya,25.332389,91.786092,2012-08-26,,,,1212.0,37.37,,24,1.103
NEG_002206,pseudo_negative,0,Meghalaya,25.218279,92.191821,2022-06-15,,,,688.0,2.76,,41,1.203
NEG_002207,pseudo_negative,0,Meghalaya,25.232231,92.484356,2024-05-01,,,,915.0,10.76,,0,10.112
NEG_002208,pseudo_negative,0,Meghalaya,25.416668,90.340923,2005-07-17,,,,314.0,21.29,,0,14.866
NEG_002209,pseudo_negative,0,Meghalaya,25.480218,90.583052,2013-05-05,,,,333.0,13.83,,1,8.395
NEG_002210,pseudo_negative,0,Meghalaya,25.40964,90.938237,2023-06-14,,,,414.0,11.73,,2,6.643
NEG_002211,pseudo_negative,0,Meghalaya,25.463278,91.398028,2013-07-10,,,,1493.0,10.49,,7,4.314
NEG_002212,pseudo_negative,0,Meghalaya,25.451034,91.648543,2017-08-23,,,,1637.0,19.94,,16,5.117
NEG_002213,pseudo_negative,0,Meghalaya,25.406268,91.894333,2011-06-25,,,,1234.0,35.39,,74,1.956
NEG_002214,pseudo_negative,0,Meghalaya,25.531926,92.201616,2021-07-16,,,,1327.0,14.8,,17,3.964
NEG_002215,pseudo_negative,0,Meghalaya,25.443536,92.698548,2008-07-05,,,,779.0,7.38,,1,8.601
NEG_002216,pseudo_negative,0,Meghalaya,25.633761,90.35141,2018-11-19,,,,648.0,8.22,,16,2.187
NEG_002217,pseudo_negative,0,Meghalaya,25.674468,90.518364,2008-11-26,,,,369.0,11.93,,0,14.132
NEG_002218,pseudo_negative,0,Meghalaya,25.575743,90.941679,2013-08-09,,,,795.0,3.71,,1,8.978
NEG_002219,pseudo_negative,0,Meghalaya,25.601849,91.605141,2005-08-01,,,,1627.0,3.84,,16,2.285
NEG_002220,pseudo_negative,0,Meghalaya,25.614078,91.953447,2021-05-10,,,,1337.0,10.86,,78,3.259
NEG_002221,pseudo_negative,0,Meghalaya,25.604355,92.395977,2020-08-08,,,,927.0,16.61,,5,5.773
NEG_002222,pseudo_negative,0,Meghalaya,25.542455,92.655752,2015-07-08,,,,715.0,14.97,,2,6.774
NEG_002223,pseudo_negative,0,Meghalaya,25.754027,90.103629,2007-06-11,,,,194.0,8.42,,0,12.076
NEG_002224,pseudo_negative,0,Meghalaya,25.778806,90.727631,2021-11-15,,,,430.0,13.85,,0,11.756
NEG_002225,pseudo_negative,0,Meghalaya,25.769086,90.772998,2011-06-07,,,,274.0,11.83,,1,7.661
NEG_002226,pseudo_negative,0,Meghalaya,25.747223,91.363032,2005-07-22,,,,779.0,7.44,,0,10.399
NEG_002227,pseudo_negative,0,Meghalaya,25.773849,91.54137,2025-05-19,,,,682.0,4.62,,2,4.909
NEG_002228,pseudo_negative,0,Meghalaya,25.721082,91.845347,2011-08-06,,,,745.0,11.16,,41,4.786
NEG_002229,pseudo_negative,0,Meghalaya,25.698965,92.132954,2013-12-28,,,,879.0,8.62,,9,1.525
NEG_002230,pseudo_negative,0,Meghalaya,25.773265,92.58101,2017-05-24,,,,597.0,17.16,,14,5.253
NEG_002231,pseudo_negative,0,Meghalaya,25.924077,90.099262,2018-11-13,,,,30.0,2.06,,0,29.386
NEG_002232,pseudo_negative,0,Meghalaya,25.97651,90.731891,2015-08-24,,,,55.0,3.72,,0,14.07
NEG_002233,pseudo_negative,0,Meghalaya,25.976605,90.958083,2018-06-14,,,,52.0,5.26,,0,18.716
NEG_002234,pseudo_negative,0,Meghalaya,25.939032,91.159226,2020-05-16,,,,57.0,4.11,,2,9.224
NEG_002235,pseudo_negative,0,Meghalaya,25.946291,91.490367,2010-07-10,,,,68.0,2.12,,15,5.698
NEG_002236,pseudo_negative,0,Meghalaya,25.881616,92.066579,2021-06-14,,,,689.0,6.31,,4,4.896
NEG_002237,pseudo_negative,0,Meghalaya,25.860212,92.362177,2026-07-20,,,,773.0,15.31,,0,11.162
NEG_002238,pseudo_negative,0,Meghalaya,25.894942,92.664825,2005-06-29,,,,304.0,13.1,,18,1.449
NEG_002239,pseudo_negative,0,Meghalaya,26.037714,90.102405,2007-08-01,,,,28.0,1.67,,0,26.439
NEG_002240,pseudo_negative,0,Meghalaya,26.17361,90.734499,2005-05-25,,,,32.0,1.67,,0,17.999
NEG_002241,pseudo_negative,0,Meghalaya,26.173019,90.846915,2006-08-11,,,,32.0,8.29,,0,27.176
NEG_002242,pseudo_negative,0,Meghalaya,26.023935,91.349589,2024-09-30,,,,85.0,23.71,,0,10.769
NEG_002243,pseudo_negative,0,Meghalaya,26.141548,91.539035,2025-09-02,,,,44.0,0.0,,2,9.255
NEG_002244,pseudo_negative,0,Meghalaya,26.034677,92.181594,2012-08-12,,,,294.0,11.05,,14,4.525
NEG_002245,pseudo_negative,0,Mizoram,22.285784,92.45837,2005-07-10,,,,326.0,12.84,,0,13.635
NEG_002246,pseudo_negative,0,Mizoram,22.029771,92.503446,2026-08-12,,,,322.0,27.81,,0,16.103
NEG_002247,pseudo_negative,0,Mizoram,22.178863,92.675046,2013-09-19,,,,232.0,8.04,,35,1.976
NEG_002248,pseudo_negative,0,Mizoram,22.101543,92.826099,2017-09-22,,,,372.0,28.47,,14,2.468
NEG_002249,pseudo_negative,0,Mizoram,22.298488,92.959869,2012-11-17,,,,558.0,22.8,,18,6.317
NEG_002250,pseudo_negative,0,Mizoram,22.152244,93.148307,2013-05-31,,,,1258.0,46.77,,4,5.635
NEG_002251,pseudo_negative,0,Mizoram,22.258069,93.367584,2013-08-05,,,,1112.0,29.3,,0,24.407
NEG_002252,pseudo_negative,0,Mizoram,22.178489,93.522389,2015-10-29,,,,1304.0,22.79,,0,40.471
NEG_002253,pseudo_negative,0,Mizoram,22.379122,92.426849,2025-08-29,,,,117.0,27.49,,0,16.693
NEG_002254,pseudo_negative,0,Mizoram,22.560134,92.471336,2019-05-27,,,,342.0,18.35,,3,7.141
NEG_002255,pseudo_negative,0,Mizoram,22.463177,92.761717,2017-12-30,,,,166.0,1.62,,26,3.278
NEG_002256,pseudo_negative,0,Mizoram,22.522031,92.943346,2018-07-28,,,,446.0,28.12,,78,4.105
NEG_002257,pseudo_negative,0,Mizoram,22.493879,93.094217,2025-10-13,,,,692.0,27.04,,9,2.77
NEG_002258,pseudo_negative,0,Mizoram,22.594727,93.249056,2009-06-05,,,,674.0,25.88,,0,20.611
NEG_002259,pseudo_negative,0,Mizoram,22.391603,93.534918,2007-05-21,,,,1294.0,6.66,,0,41.386
NEG_002260,pseudo_negative,0,Mizoram,22.960688,92.366877,2007-07-08,,,,40.0,3.25,,0,11.077
NEG_002261,pseudo_negative,0,Mizoram,22.69931,92.536239,2016-11-26,,,,83.0,8.23,,15,1.25
NEG_002262,pseudo_negative,0,Mizoram,22.810375,92.717959,2021-07-08,,,,628.0,22.88,,77,4.891
NEG_002263,pseudo_negative,0,Mizoram,22.780506,92.861373,2022-11-06,,,,299.0,35.7,,53,2.362
NEG_002264,pseudo_negative,0,Mizoram,22.994043,92.979566,2025-05-25,,,,716.0,21.54,,28,1.395
NEG_002265,pseudo_negative,0,Mizoram,22.944595,93.125546,2014-08-05,,,,619.0,37.11,,1,9.921
NEG_002266,pseudo_negative,0,Mizoram,22.85331,93.318173,2015-05-17,,,,1048.0,16.3,,0,18.539
NEG_002267,pseudo_negative,0,Mizoram,22.712133,93.483526,2006-05-20,,,,1865.0,16.99,,0,39.62
NEG_002268,pseudo_negative,0,Mizoram,23.159882,92.404617,2013-09-20,,,,87.0,14.36,,6,8.721
NEG_002269,pseudo_negative,0,Mizoram,23.174151,92.549032,2005-06-18,,,,523.0,23.53,,70,1.667
NEG_002270,pseudo_negative,0,Mizoram,23.050357,92.619428,2017-05-26,,,,512.0,32.03,,34,5.207
NEG_002271,pseudo_negative,0,Mizoram,23.244844,92.862252,2005-09-12,,,,541.0,14.72,,138,2.689
NEG_002272,pseudo_negative,0,Mizoram,23.267837,92.931061,2006-07-25,,,,504.0,17.99,,126,3.751
NEG_002273,pseudo_negative,0,Mizoram,23.149281,93.19416,2010-06-21,,,,908.0,16.18,,49,3.143
NEG_002274,pseudo_negative,0,Mizoram,23.363873,93.336478,2017-05-19,,,,903.0,15.76,,77,3.448
NEG_002275,pseudo_negative,0,Mizoram,23.126439,93.459721,2005-07-20,,,,1234.0,20.95,,2,9.381
NEG_002276,pseudo_negative,0,Mizoram,23.627042,92.350537,2013-09-22,,,,380.0,23.55,,2,7.001
NEG_002277,pseudo_negative,0,Mizoram,23.627723,92.583397,2009-05-28,,,,755.0,30.64,,54,1.625
NEG_002278,pseudo_negative,0,Mizoram,23.563145,92.806714,2017-05-31,,,,437.0,20.59,,137,2.866
NEG_002279,pseudo_negative,0,Mizoram,23.482812,92.954115,2023-07-15,,,,1042.0,16.87,,37,4.191
NEG_002280,pseudo_negative,0,Mizoram,23.53534,93.225207,2005-07-15,,,,1248.0,39.46,,71,1.216
NEG_002281,pseudo_negative,0,Mizoram,23.668761,93.362577,2010-03-08,,,,1462.0,32.58,,25,1.234
NEG_002282,pseudo_negative,0,Mizoram,23.581988,93.521148,2010-05-18,,,,1439.0,18.91,,0,14.562
NEG_002283,pseudo_negative,0,Mizoram,23.957127,92.413369,2012-10-18,,,,198.0,3.66,,6,4.478
NEG_002284,pseudo_negative,0,Mizoram,23.971597,92.567511,2009-08-21,,,,514.0,28.37,,3,9.353
NEG_002285,pseudo_negative,0,Mizoram,23.946413,92.867416,2021-05-16,,,,746.0,12.03,,59,1.748
NEG_002286,pseudo_negative,0,Mizoram,23.943824,93.027285,2019-06-11,,,,858.0,34.7,,44,1.239
NEG_002287,pseudo_negative,0,Mizoram,23.790238,93.230446,2015-07-27,,,,975.0,27.38,,30,6.39
NEG_002288,pseudo_negative,0,Mizoram,23.842512,93.350082,2019-11-16,,,,780.0,40.48,,20,2.261
NEG_002289,pseudo_negative,0,Mizoram,23.725593,93.396007,2012-05-18,,,,1301.0,23.21,,19,2.637
NEG_002290,pseudo_negative,0,Mizoram,24.248285,92.430642,2017-07-05,,,,428.0,15.23,,3,5.476
NEG_002291,pseudo_negative,0,Mizoram,24.276749,92.593126,2010-05-16,,,,366.0,29.42,,26,4.735
NEG_002292,pseudo_negative,0,Mizoram,24.30484,92.858937,2024-08-09,,,,125.0,16.47,,47,2.554
NEG_002293,pseudo_negative,0,Mizoram,24.234373,93.228347,2016-06-22,,,,844.0,19.31,,17,3.287
NEG_002294,pseudo_negative,0,Mizoram,24.284241,93.279957,2008-07-17,,,,707.0,25.04,,17,3.976
NEG_002295,pseudo_negative,0,Mizoram,24.127863,93.444422,2009-05-30,,,,1524.0,11.68,,17,1.463
NEG_002296,pseudo_negative,0,Mizoram,24.652058,92.413034,2007-05-17,,,,18.0,5.93,,2,8.561
NEG_002297,pseudo_negative,0,Mizoram,24.450814,92.49202,2022-11-18,,,,79.0,7.33,,7,1.449
NEG_002298,pseudo_negative,0,Mizoram,24.677772,92.622674,2007-05-09,,,,23.0,2.33,,3,3.771
NEG_002299,pseudo_negative,0,Mizoram,24.710985,92.809538,2026-08-07,,,,23.0,4.94,,2,5.531
NEG_002300,pseudo_negative,0,Mizoram,24.569449,92.962419,2017-05-21,,,,35.0,1.65,,5,2.499
NEG_002301,pseudo_negative,0,Mizoram,24.388327,93.094662,2025-11-11,,,,925.0,33.56,,20,3.395
NEG_002302,pseudo_negative,0,Mizoram,24.566433,93.352846,2019-08-10,,,,552.0,40.54,,13,4.192
NEG_002303,pseudo_negative,0,Mizoram,24.707781,93.445947,2025-08-31,,,,220.0,22.87,,48,4.314
NEG_002304,pseudo_negative,0,Mizoram,22.272574,92.348931,2026-07-20,,,,84.0,11.52,,0,24.99
NEG_002305,pseudo_negative,0,Mizoram,22.153837,92.76496,2008-08-28,,,,129.0,5.11,,4,1.607
NEG_002306,pseudo_negative,0,Mizoram,22.047706,92.797987,2022-05-03,,,,363.0,33.61,,9,7.908
NEG_002307,pseudo_negative,0,Mizoram,22.349623,92.960306,2014-08-22,,,,377.0,36.75,,21,3.379
NEG_002308,pseudo_negative,0,Mizoram,22.232948,93.113851,2025-08-18,,,,984.0,27.53,,20,1.493
NEG_002309,pseudo_negative,0,Mizoram,22.212454,93.265067,2015-05-23,,,,1412.0,24.38,,0,13.974
NEG_002310,pseudo_negative,0,Mizoram,22.21947,93.458066,2007-09-08,,,,1362.0,10.26,,0,33.842
NEG_002311,pseudo_negative,0,Mizoram,22.416745,92.454041,2023-06-27,,,,247.0,17.36,,0,12.479
NEG_002312,pseudo_negative,0,Mizoram,22.460357,92.485614,2023-08-29,,,,314.0,24.54,,1,8.748
NEG_002313,pseudo_negative,0,Mizoram,22.368123,92.697667,2026-07-03,,,,486.0,27.76,,47,3.225
NEG_002314,pseudo_negative,0,Mizoram,22.529122,92.785953,2016-05-26,,,,223.0,9.78,,28,1.974
NEG_002315,pseudo_negative,0,Mizoram,22.540095,93.02621,2015-07-30,,,,1626.0,21.64,,21,4.504
NEG_002316,pseudo_negative,0,Mizoram,22.6669,93.136724,2015-05-27,,,,1116.0,34.44,,0,15.098
NEG_002317,pseudo_negative,0,Mizoram,22.596102,93.250006,2008-11-30,,,,772.0,35.66,,0,20.786
NEG_002318,pseudo_negative,0,Mizoram,22.506601,93.471602,2005-05-19,,,,2356.0,15.04,,0,37.052
NEG_002319,pseudo_negative,0,Mizoram,22.922364,92.417849,2014-05-17,,,,52.0,5.13,,42,4.531
NEG_002320,pseudo_negative,0,Mizoram,23.00493,92.482149,2008-05-20,,,,132.0,17.36,,4,8.335
NEG_002321,pseudo_negative,0,Mizoram,22.817396,92.871906,2008-08-17,,,,923.0,26.37,,80,2.723
NEG_002322,pseudo_negative,0,Mizoram,22.922548,92.949192,2016-08-02,,,,315.0,25.11,,44,2.253
NEG_002323,pseudo_negative,0,Mizoram,22.915195,93.167886,2014-09-08,,,,342.0,5.85,,0,14.357
NEG_002324,pseudo_negative,0,Mizoram,22.720334,93.333947,2019-08-04,,,,1347.0,24.62,,0,32.569
NEG_002325,pseudo_negative,0,Mizoram,22.835738,93.50158,2021-07-02,,,,1896.0,22.74,,0,30.101
NEG_002326,pseudo_negative,0,Mizoram,23.081078,92.415351,2015-05-04,,,,342.0,32.07,,0,13.247
NEG_002327,pseudo_negative,0,Mizoram,23.272804,92.474196,2026-09-07,,,,686.0,15.12,,21,2.604
NEG_002328,pseudo_negative,0,Mizoram,23.142222,92.854687,2024-05-24,,,,626.0,46.55,,42,4.012
NEG_002329,pseudo_negative,0,Mizoram,23.276605,92.942601,2007-08-29,,,,909.0,23.32,,110,5.275
NEG_002330,pseudo_negative,0,Mizoram,23.093388,93.289731,2020-07-23,,,,1339.0,12.92,,59,3.26
NEG_002331,pseudo_negative,0,Mizoram,23.210784,93.420857,2010-06-21,,,,1064.0,18.43,,3,9.4
NEG_002332,pseudo_negative,0,Mizoram,23.431256,92.455709,2014-07-16,,,,178.0,5.15,,0,14.475
NEG_002333,pseudo_negative,0,Mizoram,23.700709,92.520956,2019-08-30,,,,182.0,28.74,,40,3.369
NEG_002334,pseudo_negative,0,Mizoram,23.583201,92.654967,2011-07-02,,,,383.0,34.66,,240,3.269
NEG_002335,pseudo_negative,0,Mizoram,23.570458,93.0394,2005-08-06,,,,655.0,15.71,,67,3.508
NEG_002336,pseudo_negative,0,Mizoram,23.445422,93.44643,2010-08-30,,,,1083.0,20.4,,24,7.885
NEG_002337,pseudo_negative,0,Mizoram,23.973211,92.459554,2020-06-07,,,,343.0,23.57,,4,6.474
NEG_002338,pseudo_negative,0,Mizoram,23.92455,92.468148,2026-09-18,,,,297.0,27.26,,6,2.451
NEG_002339,pseudo_negative,0,Mizoram,23.912957,92.66438,2023-05-23,,,,142.0,11.85,,65,1.338
NEG_002340,pseudo_negative,0,Mizoram,24.00889,92.788743,2024-07-27,,,,640.0,19.21,,43,1.192
NEG_002341,pseudo_negative,0,Mizoram,23.85162,93.004846,2010-07-07,,,,523.0,40.39,,57,3.767
NEG_002342,pseudo_negative,0,Mizoram,23.993689,93.205596,2011-08-06,,,,860.0,38.75,,24,3.512
NEG_002343,pseudo_negative,0,Mizoram,23.99609,93.362888,2006-05-14,,,,922.0,24.83,,14,4.094
NEG_002344,pseudo_negative,0,Mizoram,24.02117,93.451833,2018-08-12,,,,1003.0,19.03,,3,4.901
NEG_002345,pseudo_negative,0,Mizoram,24.133457,92.438875,2016-08-03,,,,134.0,11.46,,19,2.614
NEG_002346,pseudo_negative,0,Mizoram,24.37025,92.618122,2013-10-29,,,,75.0,5.19,,9,5.414
NEG_002347,pseudo_negative,0,Mizoram,24.138487,92.768014,2016-07-29,,,,738.0,26.93,,33,3.031
NEG_002348,pseudo_negative,0,Mizoram,24.243673,93.035706,2015-06-13,,,,207.0,43.43,,49,1.536
NEG_002349,pseudo_negative,0,Mizoram,24.367576,93.281084,2018-01-05,,,,453.0,37.8,,12,1.404
NEG_002350,pseudo_negative,0,Mizoram,24.413949,92.333504,2006-05-14,,,,60.0,9.23,,7,8.821
NEG_002351,pseudo_negative,0,Mizoram,24.630058,92.473348,2024-06-17,,,,32.0,1.65,,2,4.065
NEG_002352,pseudo_negative,0,Mizoram,24.538665,92.684352,2006-05-05,,,,81.0,8.34,,18,3.166
NEG_002353,pseudo_negative,0,Mizoram,24.403658,92.790962,2009-05-31,,,,45.0,4.65,,36,1.002
NEG_002354,pseudo_negative,0,Mizoram,24.485382,92.947174,2014-11-23,,,,53.0,20.55,,3,4.646
NEG_002355,pseudo_negative,0,Mizoram,24.648253,93.176518,2017-06-25,,,,596.0,23.6,,32,2.641
NEG_002356,pseudo_negative,0,Mizoram,24.671786,93.359607,2019-07-01,,,,1368.0,22.03,,15,2.305
NEG_002357,pseudo_negative,0,Mizoram,24.471074,93.404027,2018-01-27,,,,335.0,29.9,,3,4.14
NEG_002358,pseudo_negative,0,Mizoram,22.266356,92.462565,2005-06-15,,,,325.0,30.12,,0,13.635
NEG_002359,pseudo_negative,0,Mizoram,22.224407,92.588623,2006-05-08,,,,111.0,4.85,,38,2.092
NEG_002360,pseudo_negative,0,Mizoram,22.224861,92.763881,2020-06-09,,,,189.0,6.65,,11,5.028
NEG_002361,pseudo_negative,0,Mizoram,22.045969,93.018601,2019-05-01,,,,1073.0,27.25,,0,10.63
NEG_002362,pseudo_negative,0,Mizoram,22.229933,93.183759,2011-06-16,,,,849.0,28.5,,6,6.458
NEG_002363,pseudo_negative,0,Mizoram,22.214408,93.335656,2021-09-25,,,,1225.0,30.2,,0,21.232
NEG_002364,pseudo_negative,0,Mizoram,22.244303,93.528772,2014-05-26,,,,2487.0,11.3,,0,40.877
NEG_002365,pseudo_negative,0,Mizoram,22.680181,92.447674,2013-04-10,,,,242.0,17.92,,1,9.964
NEG_002366,pseudo_negative,0,Mizoram,22.56118,92.532074,2026-07-24,,,,97.0,6.85,,4,1.486
NEG_002367,pseudo_negative,0,Mizoram,22.383207,92.656552,2016-05-28,,,,109.0,1.62,,36,1.862
NEG_002368,pseudo_negative,0,Mizoram,22.60595,92.818235,2025-07-15,,,,793.0,24.14,,24,5.759
NEG_002369,pseudo_negative,0,Mizoram,22.441776,93.028205,2013-05-22,,,,884.0,24.54,,44,3.02
NEG_002370,pseudo_negative,0,Mizoram,22.483561,93.196861,2006-07-23,,,,740.0,31.19,,1,9.982
NEG_002371,pseudo_negative,0,Mizoram,22.619786,93.252945,2014-08-04,,,,935.0,21.65,,0,22.854
NEG_002372,pseudo_negative,0,Mizoram,22.591329,93.516466,2013-07-06,,,,1843.0,29.2,,0,44.775
NEG_002373,pseudo_negative,0,Mizoram,22.917762,92.344536,2007-08-17,,,,82.0,24.19,,0,11.857
NEG_002374,pseudo_negative,0,Mizoram,22.767153,92.52237,2013-11-07,,,,87.0,11.67,,4,3.029
NEG_002375,pseudo_negative,0,Mizoram,22.774693,92.637431,2011-05-02,,,,160.0,8.24,,21,1.674
NEG_002376,pseudo_negative,0,Mizoram,22.759439,92.867063,2022-05-01,,,,299.0,41.47,,38,3.009
NEG_002377,pseudo_negative,0,Mizoram,22.714423,92.98987,2012-08-02,,,,988.0,35.68,,5,1.262
NEG_002378,pseudo_negative,0,Mizoram,22.927071,93.194848,2010-10-07,,,,770.0,33.26,,0,13.311
NEG_002379,pseudo_negative,0,Mizoram,22.9277,93.245072,2005-08-14,,,,1055.0,23.93,,0,10.657
NEG_002380,pseudo_negative,0,Mizoram,22.799693,93.449621,2019-05-20,,,,1403.0,13.63,,0,29.562
NEG_002381,pseudo_negative,0,Mizoram,23.35844,92.336938,2009-01-01,,,,80.0,1.63,,0,18.943
NEG_002382,pseudo_negative,0,Mizoram,23.167006,92.600905,2021-11-25,,,,632.0,27.17,,78,1.138
NEG_002383,pseudo_negative,0,Mizoram,23.212294,92.688056,2008-05-12,,,,416.0,31.33,,146,1.294
NEG_002384,pseudo_negative,0,Mizoram,23.300144,93.116594,2020-08-23,,,,1022.0,23.54,,44,2.162
NEG_002385,pseudo_negative,0,Mizoram,23.318835,93.237666,2017-07-06,,,,732.0,29.23,,31,4.382
NEG_002386,pseudo_negative,0,Mizoram,23.319168,93.539715,2015-05-19,,,,1197.0,41.15,,0,17.045
NEG_002387,pseudo_negative,0,Mizoram,23.431874,92.408722,2016-07-07,,,,243.0,40.0,,0,16.581
NEG_002388,pseudo_negative,0,Mizoram,23.65126,92.524571,2013-05-12,,,,214.0,25.31,,37,5.563
NEG_002389,pseudo_negative,0,Mizoram,23.455323,92.726567,2018-05-12,,,,874.0,34.96,,181,1.426
NEG_002390,pseudo_negative,0,Mizoram,23.405281,92.787838,2025-08-21,,,,1189.0,42.51,,154,2.117
NEG_002391,pseudo_negative,0,Mizoram,23.544544,93.004795,2007-07-05,,,,850.0,8.28,,27,2.764
NEG_002392,pseudo_negative,0,Mizoram,23.389819,93.224879,2020-07-02,,,,850.0,36.72,,68,1.394
NEG_002393,pseudo_negative,0,Mizoram,23.369788,93.357698,2012-11-05,,,,1073.0,19.12,,77,2.118
NEG_002394,pseudo_negative,0,Mizoram,23.384434,93.517433,2012-05-21,,,,1401.0,28.7,,0,13.47
NEG_002395,pseudo_negative,0,Mizoram,23.986497,92.597463,2016-06-06,,,,358.0,2.96,,51,8.231
NEG_002396,pseudo_negative,0,Mizoram,23.787124,92.63771,2026-06-20,,,,253.0,31.08,,118,1.39
NEG_002397,pseudo_negative,0,Mizoram,23.783039,92.906862,2010-09-23,,,,891.0,23.95,,113,4.846
NEG_002398,pseudo_negative,0,Mizoram,23.720219,93.068835,2008-07-18,,,,1096.0,33.61,,60,1.514
NEG_002399,pseudo_negative,0,Mizoram,23.710566,93.220526,2012-09-17,,,,724.0,24.61,,12,3.148
NEG_002400,pseudo_negative,0,Mizoram,23.928163,93.359325,2014-11-21,,,,662.0,18.08,,14,1.636
NEG_002401,pseudo_negative,0,Mizoram,23.783073,93.421915,2018-07-23,,,,1029.0,20.44,,16,2.903
NEG_002402,pseudo_negative,0,Mizoram,24.24655,92.41939,2005-09-17,,,,359.0,26.62,,3,5.177
NEG_002403,pseudo_negative,0,Mizoram,24.151979,92.597005,2013-08-04,,,,114.0,11.46,,14,3.624
NEG_002404,pseudo_negative,0,Mizoram,24.154667,92.820319,2013-06-17,,,,258.0,9.49,,33,2.445
NEG_002405,pseudo_negative,0,Mizoram,24.080819,93.065154,2015-07-07,,,,755.0,8.77,,18,3.59
NEG_002406,pseudo_negative,0,Mizoram,24.24508,93.08823,2007-11-03,,,,465.0,32.37,,24,1.32
NEG_002407,pseudo_negative,0,Mizoram,24.268599,93.241508,2009-07-25,,,,314.0,14.57,,20,6.114
NEG_002408,pseudo_negative,0,Mizoram,24.069766,93.495813,2013-05-16,,,,1095.0,7.3,,32,1.319
NEG_002409,pseudo_negative,0,Mizoram,24.677928,92.354985,2007-05-09,,,,21.0,2.33,,2,7.281
NEG_002410,pseudo_negative,0,Mizoram,24.640731,92.573404,2018-05-28,,,,20.0,4.65,,1,7.96
NEG_002411,pseudo_negative,0,Mizoram,24.647111,92.707246,2013-04-10,,,,32.0,4.94,,7,3.818
NEG_002412,pseudo_negative,0,Mizoram,24.658104,92.810381,2005-07-20,,,,43.0,15.91,,4,4.678
NEG_002413,pseudo_negative,0,Mizoram,24.383294,93.081065,2012-07-26,,,,769.0,16.03,,17,2.836
NEG_002414,pseudo_negative,0,Mizoram,24.611339,93.155518,2009-05-24,,,,518.0,29.6,,23,1.752
NEG_002415,pseudo_negative,0,Mizoram,24.532391,93.288128,2010-07-15,,,,162.0,26.47,,11,3.854
NEG_002416,pseudo_negative,0,Mizoram,24.430072,93.541471,2018-02-01,,,,706.0,6.76,,14,6.391
NEG_002417,pseudo_negative,0,Mizoram,22.145999,92.405778,2022-07-06,,,,253.0,14.35,,0,21.368
NEG_002418,pseudo_negative,0,Mizoram,22.263862,92.478909,2024-06-30,,,,240.0,39.14,,0,12.116
NEG_002419,pseudo_negative,0,Mizoram,22.23675,92.635869,2016-09-22,,,,133.0,8.04,,45,1.592
NEG_002420,pseudo_negative,0,Mizoram,22.055523,92.792595,2014-03-09,,,,247.0,4.84,,9,7.71
NEG_002421,pseudo_negative,0,Mizoram,22.352693,93.019934,2026-11-19,,,,604.0,27.48,,20,2.5
NEG_002422,pseudo_negative,0,Mizoram,22.300726,93.207647,2019-06-11,,,,483.0,15.56,,2,7.281
NEG_002423,pseudo_negative,0,Mizoram,22.118432,93.289851,2018-05-12,,,,792.0,28.75,,0,18.795
NEG_002424,pseudo_negative,0,Mizoram,22.140096,93.459686,2005-05-10,,,,786.0,17.33,,0,34.596
NEG_002425,pseudo_negative,0,Mizoram,22.483387,92.384246,2005-08-23,,,,381.0,37.42,,0,17.63
NEG_002426,pseudo_negative,0,Mizoram,22.425788,92.470047,2020-05-10,,,,155.0,14.38,,0,10.62
NEG_002427,pseudo_negative,0,Mizoram,22.490937,92.769974,2011-06-06,,,,204.0,17.57,,26,2.286
NEG_002428,pseudo_negative,0,Mizoram,22.602052,92.851774,2005-05-02,,,,668.0,30.3,,44,2.586
NEG_002429,pseudo_negative,0,Mizoram,22.672951,92.943478,2026-09-20,,,,614.0,31.03,,13,5.392
NEG_002430,pseudo_negative,0,Mizoram,22.446958,93.193881,2020-05-06,,,,670.0,31.49,,5,8.389
NEG_002431,pseudo_negative,0,Mizoram,22.462607,93.390163,2017-05-07,,,,1420.0,49.49,,0,27.631
NEG_002432,pseudo_negative,0,Mizoram,22.669726,93.415713,2023-08-28,,,,1322.0,20.72,,0,39.238
NEG_002433,pseudo_negative,0,Mizoram,22.88943,92.425997,2024-05-23,,,,52.0,11.36,,42,3.484
NEG_002434,pseudo_negative,0,Mizoram,23.032017,92.609804,2012-08-28,,,,258.0,25.13,,20,6.256
NEG_002435,pseudo_negative,0,Mizoram,22.699837,92.850275,2012-08-20,,,,1163.0,24.78,,23,1.025
NEG_002436,pseudo_negative,0,Mizoram,22.909488,93.148063,2026-08-30,,,,330.0,18.33,,0,13.931
NEG_002437,pseudo_negative,0,Mizoram,22.695228,93.23992,2012-06-21,,,,1991.0,32.39,,0,25.233
NEG_002438,pseudo_negative,0,Mizoram,22.978034,93.417425,2019-06-01,,,,1115.0,21.75,,0,13.956
NEG_002439,pseudo_negative,0,Mizoram,23.280544,92.460023,2022-07-28,,,,526.0,23.99,,10,3.962
NEG_002440,pseudo_negative,0,Mizoram,23.30644,92.475246,2011-11-18,,,,235.0,8.26,,2,6.295
NEG_002441,pseudo_negative,0,Mizoram,23.165937,92.767003,2008-05-07,,,,517.0,33.24,,192,2.332
NEG_002442,pseudo_negative,0,Mizoram,23.137222,93.051085,2016-08-06,,,,1236.0,20.3,,17,1.299
NEG_002443,pseudo_negative,0,Mizoram,23.220137,93.108959,2005-08-23,,,,1043.0,15.66,,25,1.636
NEG_002444,pseudo_negative,0,Mizoram,23.206104,93.271135,2019-11-04,,,,1237.0,17.65,,44,1.264
NEG_002445,pseudo_negative,0,Mizoram,23.253467,93.51565,2017-09-21,,,,2456.0,21.94,,0,18.209
NEG_002446,pseudo_negative,0,Mizoram,23.42442,92.386723,2019-05-21,,,,146.0,15.76,,0,18.28
NEG_002447,pseudo_negative,0,Mizoram,23.420191,92.562267,2007-08-27,,,,279.0,44.23,,7,5.768
NEG_002448,pseudo_negative,0,Mizoram,23.381811,92.768598,2026-05-05,,,,1055.0,27.62,,130,1.191
NEG_002449,pseudo_negative,0,Mizoram,23.685596,93.052083,2022-05-21,,,,782.0,2.31,,74,1.39
NEG_002450,pseudo_negative,0,Mizoram,23.495536,93.436674,2022-10-11,,,,1138.0,17.49,,11,6.405
NEG_002451,pseudo_negative,0,Mizoram,23.710539,92.377321,2019-07-30,,,,271.0,8.75,,4,3.599
NEG_002452,pseudo_negative,0,Mizoram,23.858974,92.512614,2005-05-03,,,,313.0,27.91,,13,1.774
NEG_002453,pseudo_negative,0,Mizoram,23.737515,92.638336,2013-06-05,,,,123.0,31.58,,224,2.939
NEG_002454,pseudo_negative,0,Mizoram,23.710711,92.919853,2019-06-04,,,,534.0,27.57,,101,4.006
NEG_002455,pseudo_negative,0,Mizoram,24.003746,92.944003,2015-10-15,,,,832.0,31.14,,50,2.347
NEG_002456,pseudo_negative,0,Mizoram,23.894913,93.114413,2011-08-23,,,,623.0,19.2,,50,2.093
NEG_002457,pseudo_negative,0,Mizoram,23.829196,93.243473,2024-09-01,,,,1492.0,24.97,,42,4.614
NEG_002458,pseudo_negative,0,Mizoram,23.815488,93.411983,2019-11-16,,,,763.0,23.04,,19,3.282
NEG_002459,pseudo_negative,0,Mizoram,24.185104,92.568748,2005-11-15,,,,188.0,26.03,,14,1.075
NEG_002460,pseudo_negative,0,Mizoram,24.162938,92.825674,2011-09-15,,,,232.0,20.16,,28,2.85
NEG_002461,pseudo_negative,0,Mizoram,24.151647,93.042489,2008-07-05,,,,1010.0,20.5,,29,1.928
NEG_002462,pseudo_negative,0,Mizoram,24.170948,93.165186,2005-11-04,,,,623.0,27.05,,14,6.286
NEG_002463,pseudo_negative,0,Mizoram,24.350149,93.363911,2024-05-28,,,,372.0,7.32,,11,2.329
NEG_002464,pseudo_negative,0,Mizoram,24.214349,93.439795,2023-05-28,,,,640.0,29.48,,10,3.768
NEG_002465,pseudo_negative,0,Mizoram,24.456002,92.41602,2013-08-03,,,,31.0,1.65,,2,7.949
NEG_002466,pseudo_negative,0,Mizoram,24.472258,92.566428,2018-08-28,,,,41.0,3.68,,10,3.645
NEG_002467,pseudo_negative,0,Mizoram,24.453552,92.626366,2013-05-02,,,,108.0,11.71,,8,6.378
NEG_002468,pseudo_negative,0,Mizoram,24.577422,92.826923,2012-05-08,,,,36.0,5.92,,10,4.745
NEG_002469,pseudo_negative,0,Mizoram,24.701843,92.945894,2018-07-10,,,,26.0,0.0,,3,4.802
NEG_002470,pseudo_negative,0,Mizoram,24.381944,93.224122,2013-08-04,,,,134.0,5.91,,16,3.869
NEG_002471,pseudo_negative,0,Mizoram,24.593971,93.361235,2022-08-21,,,,603.0,23.31,,13,1.251
NEG_002472,pseudo_negative,0,Mizoram,24.523921,93.466163,2019-07-22,,,,312.0,4.62,,3,7.258
NEG_002473,pseudo_negative,0,Mizoram,22.192593,92.341736,2026-06-08,,,,63.0,20.23,,0,27.103
NEG_002474,pseudo_negative,0,Mizoram,22.023133,92.528823,2024-07-01,,,,455.0,17.32,,0,13.847
NEG_002475,pseudo_negative,0,Mizoram,22.257539,92.705564,2005-01-22,,,,333.0,14.61,,45,2.524
NEG_002476,pseudo_negative,0,Mizoram,22.040056,92.880997,2014-08-25,,,,585.0,24.35,,10,7.008
NEG_002477,pseudo_negative,0,Mizoram,22.269537,93.193773,2023-05-23,,,,508.0,10.26,,1,7.88
NEG_002478,pseudo_negative,0,Mizoram,22.041348,93.292078,2015-08-17,,,,1108.0,36.54,,0,24.289
NEG_002479,pseudo_negative,0,Mizoram,22.13293,93.433188,2024-05-25,,,,1006.0,27.72,,0,32.1
NEG_002480,pseudo_negative,0,Mizoram,22.63435,92.337347,2016-06-11,,,,272.0,25.77,,0,20.976
NEG_002481,pseudo_negative,0,Mizoram,22.458453,92.464906,2010-06-08,,,,189.0,15.88,,0,10.841
NEG_002482,pseudo_negative,0,Mizoram,22.463216,92.740055,2026-06-02,,,,688.0,33.17,,27,1.093
NEG_002483,pseudo_negative,0,Mizoram,22.370057,92.916843,2005-11-24,,,,818.0,14.29,,29,1.867
NEG_002484,pseudo_negative,0,Mizoram,22.664486,92.976308,2014-06-21,,,,928.0,30.04,,8,4.346
NEG_002485,pseudo_negative,0,Mizoram,22.65708,93.145353,2014-11-12,,,,1151.0,24.15,,0,16.245
NEG_002486,pseudo_negative,0,Mizoram,22.639714,93.385528,2007-05-03,,,,1063.0,33.21,,0,34.81
NEG_002487,pseudo_negative,0,Mizoram,22.458908,93.456228,2007-06-15,,,,1674.0,3.62,,0,34.165
NEG_002488,pseudo_negative,0,Mizoram,22.961495,92.344466,2020-10-22,,,,242.0,27.23,,0,13.144
NEG_002489,pseudo_negative,0,Mizoram,22.898485,92.519065,2014-05-06,,,,62.0,12.9,,45,1.983
NEG_002490,pseudo_negative,0,Mizoram,22.945882,92.691203,2014-11-02,,,,411.0,18.89,,58,1.801
NEG_002491,pseudo_negative,0,Mizoram,22.921295,92.903494,2022-11-14,,,,655.0,17.36,,55,1.284
NEG_002492,pseudo_negative,0,Mizoram,22.762117,92.956133,2012-11-27,,,,981.0,27.2,,13,3.948
NEG_002493,pseudo_negative,0,Mizoram,22.863166,93.101358,2009-08-10,,,,760.0,35.2,,1,7.927
NEG_002494,pseudo_negative,0,Mizoram,22.980235,93.289999,2022-08-02,,,,886.0,17.63,,7,4.135
NEG_002495,pseudo_negative,0,Mizoram,22.944303,93.456176,2011-12-19,,,,1439.0,25.19,,0,19.385
NEG_002496,pseudo_negative,0,Mizoram,23.114859,92.398461,2013-07-19,,,,109.0,1.63,,0,11.616
NEG_002497,pseudo_negative,0,Mizoram,23.32544,92.557793,2007-05-16,,,,480.0,38.25,,7,8.571
NEG_002498,pseudo_negative,0,Mizoram,23.041161,92.848586,2018-12-18,,,,788.0,44.86,,77,4.469
NEG_002499,pseudo_negative,0,Mizoram,23.272535,93.058562,2012-07-11,,,,736.0,25.88,,35,2.955
NEG_002500,pseudo_negative,0,Mizoram,23.360914,93.146378,2024-07-26,,,,1146.0,28.96,,43,2.593
NEG_002501,pseudo_negative,0,Mizoram,23.107761,93.325935,2012-01-07,,,,975.0,22.16,,43,2.962
NEG_002502,pseudo_negative,0,Mizoram,23.111788,93.420532,2015-11-12,,,,650.0,30.12,,7,5.935
NEG_002503,pseudo_negative,0,Mizoram,23.500457,92.440487,2020-01-18,,,,316.0,11.41,,2,8.298
NEG_002504,pseudo_negative,0,Mizoram,23.433275,92.608165,2016-11-19,,,,518.0,8.73,,27,3.276
NEG_002505,pseudo_negative,0,Mizoram,23.630076,92.923799,2021-11-01,,,,788.0,24.39,,63,2.839
NEG_002506,pseudo_negative,0,Mizoram,23.501718,93.056926,2015-07-17,,,,839.0,35.57,,47,2.178
NEG_002507,pseudo_negative,0,Mizoram,23.558598,93.505349,2010-08-15,,,,1347.0,11.74,,0,12.414
NEG_002508,pseudo_negative,0,Mizoram,23.870732,92.411791,2007-08-21,,,,104.0,3.66,,11,3.937
NEG_002509,pseudo_negative,0,Mizoram,23.984775,92.547868,2023-08-06,,,,105.0,5.13,,4,8.878
NEG_002510,pseudo_negative,0,Mizoram,23.733014,92.652579,2024-07-25,,,,683.0,34.91,,274,2.229
NEG_002511,pseudo_negative,0,Mizoram,23.786341,92.930569,2017-05-04,,,,1099.0,19.7,,61,3.482
NEG_002512,pseudo_negative,0,Mizoram,23.951919,93.201715,2021-05-18,,,,812.0,26.22,,44,1.57
NEG_002513,pseudo_negative,0,Mizoram,23.937033,93.485553,2022-09-01,,,,853.0,16.27,,6,8.106
NEG_002514,pseudo_negative,0,Mizoram,24.301973,92.357586,2007-08-20,,,,65.0,8.33,,1,6.895
NEG_002515,pseudo_negative,0,Mizoram,24.092702,92.494224,2016-11-21,,,,485.0,23.31,,8,1.795
NEG_002516,pseudo_negative,0,Mizoram,24.238831,92.706439,2019-07-21,,,,320.0,30.61,,41,1.242
NEG_002517,pseudo_negative,0,Mizoram,24.062671,92.834378,2018-09-28,,,,340.0,23.63,,75,4.471
NEG_002518,pseudo_negative,0,Mizoram,24.357305,92.951146,2019-08-16,,,,652.0,30.03,,25,2.318
NEG_002519,pseudo_negative,0,Mizoram,24.262754,93.431933,2021-04-16,,,,1068.0,24.19,,5,2.204
NEG_002520,pseudo_negative,0,Mizoram,24.425636,92.390012,2011-11-10,,,,52.0,5.19,,0,11.249
NEG_002521,pseudo_negative,0,Mizoram,24.540871,92.477289,2025-08-01,,,,40.0,11.39,,4,5.815
NEG_002522,pseudo_negative,0,Mizoram,24.439658,92.647771,2006-05-14,,,,57.0,19.27,,6,5.632
NEG_002523,pseudo_negative,0,Mizoram,24.589825,92.848148,2015-09-04,,,,28.0,3.29,,5,3.455
NEG_002524,pseudo_negative,0,Mizoram,24.525477,93.021856,2011-08-01,,,,346.0,24.66,,19,3.231
NEG_002525,pseudo_negative,0,Mizoram,24.477225,93.158263,2021-12-10,,,,129.0,8.8,,26,3.187
NEG_002526,pseudo_negative,0,Mizoram,24.459678,93.37726,2016-07-29,,,,239.0,22.22,,3,2.076
NEG_002527,pseudo_negative,0,Mizoram,24.484363,93.44954,2005-08-31,,,,660.0,19.28,,3,8.272
NEG_002528,pseudo_negative,0,Mizoram,22.203808,92.315545,2020-05-27,,,,116.0,7.2,,0,29.556
NEG_002529,pseudo_negative,0,Mizoram,22.035848,92.506822,2016-11-15,,,,279.0,18.28,,0,15.551
NEG_002530,pseudo_negative,0,Mizoram,22.286572,92.649287,2007-09-12,,,,105.0,3.62,,44,2.021
NEG_002531,pseudo_negative,0,Mizoram,22.19784,92.800102,2025-08-13,,,,624.0,8.04,,4,3.68
NEG_002532,pseudo_negative,0,Mizoram,22.348365,93.029726,2008-08-01,,,,764.0,25.21,,26,1.408
NEG_002533,pseudo_negative,0,Mizoram,22.104642,93.215045,2007-05-12,,,,724.0,40.28,,0,13.753
NEG_002534,pseudo_negative,0,Mizoram,22.177885,93.275725,2022-07-08,,,,1634.0,32.64,,0,15.204
NEG_002535,pseudo_negative,0,Mizoram,22.278902,93.51962,2011-05-13,,,,2236.0,34.25,,0,39.321
NEG_002536,pseudo_negative,0,Mizoram,22.520692,92.37697,2021-11-06,,,,369.0,48.14,,0,17.058
NEG_002537,pseudo_negative,0,Mizoram,22.686075,92.472377,2013-08-25,,,,205.0,19.1,,5,7.43
NEG_002538,pseudo_negative,0,Mizoram,22.445607,92.716835,2007-05-04,,,,549.0,20.26,,26,1.798
NEG_002539,pseudo_negative,0,Mizoram,22.692601,92.87141,2026-07-08,,,,960.0,17.92,,21,1.523
NEG_002540,pseudo_negative,0,Mizoram,22.677958,92.995284,2022-10-28,,,,1079.0,30.81,,2,2.455
NEG_002541,pseudo_negative,0,Mizoram,22.473517,93.189393,2022-09-20,,,,571.0,30.27,,3,9.106
NEG_002542,pseudo_negative,0,Mizoram,22.480863,93.24439,2025-08-06,,,,902.0,17.03,,0,14.799
NEG_002543,pseudo_negative,0,Mizoram,22.618917,93.507438,2012-05-19,,,,1700.0,32.37,,0,44.928
NEG_002544,pseudo_negative,0,Mizoram,22.700631,92.430753,2005-09-17,,,,64.0,13.53,,0,10.147
NEG_002545,pseudo_negative,0,Mizoram,22.749722,92.527289,2015-05-29,,,,117.0,30.81,,10,1.314
NEG_002546,pseudo_negative,0,Mizoram,22.715557,92.719663,2010-11-18,,,,222.0,21.66,,33,2.109
NEG_002547,pseudo_negative,0,Mizoram,23.000639,92.888866,2008-07-01,,,,547.0,17.96,,36,3.519
NEG_002548,pseudo_negative,0,Mizoram,22.997142,92.994501,2020-08-30,,,,937.0,31.4,,25,1.021
NEG_002549,pseudo_negative,0,Mizoram,22.731729,93.160563,2007-05-22,,,,1142.0,13.71,,0,16.31
NEG_002550,pseudo_negative,0,Mizoram,22.811082,93.347034,2010-06-05,,,,1143.0,24.96,,0,23.801
NEG_002551,pseudo_negative,0,Mizoram,22.927573,93.510447,2006-11-16,,,,2173.0,35.39,,0,24.979
NEG_002552,pseudo_negative,0,Mizoram,23.344402,92.383093,2022-09-05,,,,76.0,6.89,,0,14.427
NEG_002553,pseudo_negative,0,Mizoram,23.114232,92.594509,2011-06-18,,,,304.0,32.46,,31,3.268
NEG_002554,pseudo_negative,0,Mizoram,23.21992,92.701034,2019-05-29,,,,519.0,33.24,,153,2.467
NEG_002555,pseudo_negative,0,Mizoram,23.291725,93.069536,2009-05-13,,,,755.0,22.95,,32,1.513
NEG_002556,pseudo_negative,0,Mizoram,23.303691,93.212066,2014-07-11,,,,795.0,15.9,,20,3.416
NEG_002557,pseudo_negative,0,Mizoram,23.305311,93.265975,2019-07-20,,,,993.0,16.35,,35,2.609
NEG_002558,pseudo_negative,0,Mizoram,23.091044,93.519077,2025-11-10,,,,1778.0,28.91,,0,16.171
NEG_002559,pseudo_negative,0,Mizoram,23.561553,92.389434,2018-06-13,,,,195.0,12.96,,2,8.265
NEG_002560,pseudo_negative,0,Mizoram,23.645576,92.568985,2014-07-24,,,,603.0,20.09,,54,2.544
NEG_002561,pseudo_negative,0,Mizoram,23.457804,92.632186,2009-07-25,,,,737.0,20.34,,103,3.331
NEG_002562,pseudo_negative,0,Mizoram,23.515061,93.033136,2008-11-19,,,,650.0,26.49,,41,3.912
NEG_002563,pseudo_negative,0,Mizoram,23.577538,93.45685,2013-07-25,,,,1207.0,13.71,,4,8.293
NEG_002564,pseudo_negative,0,Mizoram,23.783849,92.382948,2006-11-03,,,,193.0,14.34,,6,2.374
NEG_002565,pseudo_negative,0,Mizoram,23.953619,92.581771,2012-09-27,,,,745.0,50.59,,17,7.554
NEG_002566,pseudo_negative,0,Mizoram,23.852701,92.637091,2015-11-12,,,,301.0,15.64,,33,1.059
NEG_002567,pseudo_negative,0,Mizoram,23.775969,92.957571,2009-05-28,,,,922.0,18.47,,33,2.868
NEG_002568,pseudo_negative,0,Mizoram,23.904082,93.140335,2009-08-10,,,,931.0,17.55,,43,3.803
NEG_002569,pseudo_negative,0,Mizoram,24.030752,93.356383,2025-07-16,,,,758.0,23.97,,14,4.481
NEG_002570,pseudo_negative,0,Mizoram,24.013239,93.479966,2026-08-16,,,,1287.0,24.79,,17,3.777
NEG_002571,pseudo_negative,0,Mizoram,24.124409,92.31984,2012-08-27,,,,92.0,3.28,,30,1.72
NEG_002572,pseudo_negative,0,Mizoram,24.259017,92.784304,2019-11-30,,,,349.0,20.95,,32,2.607
NEG_002573,pseudo_negative,0,Mizoram,24.279916,93.210601,2024-11-24,,,,582.0,21.32,,27,3.102
NEG_002574,pseudo_negative,0,Mizoram,24.259268,93.285919,2024-09-15,,,,1009.0,28.87,,19,4.594
NEG_002575,pseudo_negative,0,Mizoram,24.626351,92.378614,2009-05-26,,,,70.0,13.91,,0,12.551
NEG_002576,pseudo_negative,0,Mizoram,24.495056,92.505779,2024-08-22,,,,174.0,26.7,,7,2.314
NEG_002577,pseudo_negative,0,Mizoram,24.535647,92.692577,2018-08-05,,,,74.0,3.68,,20,2.707
NEG_002578,pseudo_negative,0,Mizoram,24.716599,92.893264,2014-08-07,,,,28.0,2.33,,1,1.219
NEG_002579,pseudo_negative,0,Mizoram,24.48131,92.932209,2007-05-06,,,,43.0,2.33,,3,4.561
NEG_002580,pseudo_negative,0,Mizoram,24.4479,93.20477,2024-08-10,,,,394.0,38.69,,6,4.604
NEG_002581,pseudo_negative,0,Mizoram,24.545569,93.506524,2018-07-04,,,,1294.0,32.42,,5,5.442
NEG_002582,pseudo_negative,0,Mizoram,22.188303,92.438304,2016-10-26,,,,239.0,12.15,,0,17.61
NEG_002583,pseudo_negative,0,Mizoram,22.255462,92.546299,2009-10-26,,,,552.0,17.87,,23,5.788
NEG_002584,pseudo_negative,0,Mizoram,22.315163,92.851973,2005-05-03,,,,445.0,13.58,,15,5.4
NEG_002585,pseudo_negative,0,Mizoram,22.281956,92.944711,2015-08-15,,,,502.0,33.27,,13,5.972
NEG_002586,pseudo_negative,0,Mizoram,22.316353,93.212722,2005-06-23,,,,645.0,14.28,,2,7.492
NEG_002587,pseudo_negative,0,Mizoram,22.067995,93.339711,2020-07-06,,,,1106.0,24.85,,0,26.116
NEG_002588,pseudo_negative,0,Mizoram,22.35088,93.475674,2018-08-21,,,,2194.0,27.99,,0,34.695
NEG_002589,pseudo_negative,0,Mizoram,22.637571,92.377156,2015-05-16,,,,49.0,13.53,,0,16.993
NEG_002590,pseudo_negative,0,Mizoram,22.564791,92.510049,2007-08-16,,,,76.0,9.65,,3,3.488
NEG_002591,pseudo_negative,0,Mizoram,22.363327,92.705837,2005-05-06,,,,647.0,48.86,,46,2.629
NEG_002592,pseudo_negative,0,Mizoram,22.369111,92.799326,2014-12-31,,,,175.0,23.18,,38,1.691
NEG_002593,pseudo_negative,0,Mizoram,22.600275,93.022014,2012-11-24,,,,1004.0,24.56,,1,5.495
NEG_002594,pseudo_negative,0,Mizoram,22.532612,93.087385,2011-11-22,,,,901.0,25.71,,8,7.127
NEG_002595,pseudo_negative,0,Mizoram,22.444466,93.307879,2013-06-11,,,,1863.0,10.76,,0,18.941
NEG_002596,pseudo_negative,0,Mizoram,22.600798,93.449134,2018-09-29,,,,1660.0,20.72,,0,38.623
NEG_002597,pseudo_negative,0,Mizoram,22.704126,92.436374,2023-07-24,,,,188.0,17.59,,1,9.459
NEG_002598,pseudo_negative,0,Mizoram,22.862423,92.593383,2022-05-14,,,,545.0,13.18,,13,4.363
NEG_002599,pseudo_negative,0,Mizoram,22.80037,92.659719,2026-05-22,,,,87.0,13.17,,26,3.148
NEG_002600,pseudo_negative,0,Mizoram,22.912343,92.845102,2017-07-27,,,,743.0,33.76,,82,1.715
NEG_002601,pseudo_negative,0,Mizoram,23.008513,93.066572,2018-08-06,,,,1122.0,19.61,,9,3.99
NEG_002602,pseudo_negative,0,Mizoram,22.767212,93.209046,2005-06-20,,,,1641.0,24.16,,0,18.748
NEG_002603,pseudo_negative,0,Mizoram,22.778852,93.302647,2017-09-25,,,,1564.0,10.78,,0,26.544
NEG_002604,pseudo_negative,0,Mizoram,22.706059,93.437383,2009-08-14,,,,1347.0,21.96,,0,38.003
NEG_002605,pseudo_negative,0,Mizoram,23.082647,92.361764,2022-07-28,,,,64.0,3.64,,0,16.792
NEG_002606,pseudo_negative,0,Mizoram,23.28327,92.539231,2023-08-15,,,,962.0,23.99,,37,3.876
NEG_002607,pseudo_negative,0,Mizoram,23.119706,92.657342,2025-10-31,,,,436.0,30.39,,118,2.077
NEG_002608,pseudo_negative,0,Mizoram,23.281114,92.794336,2006-05-01,,,,831.0,21.94,,162,2.862
NEG_002609,pseudo_negative,0,Mizoram,23.208682,93.231506,2008-07-05,,,,997.0,14.71,,38,2.496
NEG_002610,pseudo_negative,0,Mizoram,23.094016,93.283634,2010-10-30,,,,1226.0,16.83,,60,3.816
NEG_002611,pseudo_negative,0,Mizoram,23.066543,93.42924,2006-05-19,,,,874.0,31.3,,2,9.862
NEG_002612,pseudo_negative,0,Mizoram,23.555194,92.400238,2005-06-09,,,,255.0,14.32,,2,7.299
NEG_002613,pseudo_negative,0,Mizoram,23.446887,92.608844,2019-08-13,,,,778.0,39.99,,30,1.964
NEG_002614,pseudo_negative,0,Mizoram,23.403822,92.784223,2019-08-24,,,,1016.0,19.13,,156,2.01
NEG_002615,pseudo_negative,0,Mizoram,23.459007,92.982365,2026-05-30,,,,831.0,24.74,,25,2.268
NEG_002616,pseudo_negative,0,Mizoram,23.431389,93.148331,2021-08-09,,,,723.0,22.83,,41,1.977
NEG_002617,pseudo_negative,0,Mizoram,23.602604,93.317594,2025-07-19,,,,1139.0,32.69,,24,2.825
NEG_002618,pseudo_negative,0,Mizoram,23.626149,93.397213,2008-08-10,,,,1483.0,22.09,,18,4.895
NEG_002619,pseudo_negative,0,Mizoram,23.818216,92.322125,2025-08-11,,,,244.0,21.26,,16,3.624
NEG_002620,pseudo_negative,0,Mizoram,23.789399,92.89749,2005-11-07,,,,458.0,44.78,,115,4.704
NEG_002621,pseudo_negative,0,Mizoram,23.976673,93.160125,2010-07-15,,,,661.0,20.64,,19,4.189
NEG_002622,pseudo_negative,0,Mizoram,23.911671,93.348192,2016-05-28,,,,905.0,31.24,,20,2.708
NEG_002623,pseudo_negative,0,Mizoram,23.919818,93.496676,2023-07-21,,,,989.0,29.94,,3,8.611
NEG_002624,pseudo_negative,0,Mizoram,24.176324,92.427702,2023-05-10,,,,174.0,23.59,,11,2.746
NEG_002625,pseudo_negative,0,Mizoram,24.228556,92.505703,2009-05-02,,,,73.0,8.16,,7,4.644
NEG_002626,pseudo_negative,0,Mizoram,24.278889,92.769017,2016-05-15,,,,145.0,17.79,,51,4.156
NEG_002627,pseudo_negative,0,Mizoram,24.320414,92.813525,2018-07-31,,,,300.0,20.52,,44,2.683
NEG_002628,pseudo_negative,0,Mizoram,24.122883,93.004127,2009-09-11,,,,510.0,24.38,,41,3.864
NEG_002629,pseudo_negative,0,Mizoram,24.080096,93.214249,2024-10-24,,,,629.0,31.29,,22,4.86
NEG_002630,pseudo_negative,0,Mizoram,24.22018,93.521931,2008-05-12,,,,1004.0,20.51,,24,2.388
NEG_002631,pseudo_negative,0,Mizoram,24.480189,92.34735,2021-07-27,,,,74.0,16.04,,0,10.872
NEG_002632,pseudo_negative,0,Mizoram,24.612419,92.612927,2012-08-10,,,,28.0,1.65,,4,8.236
NEG_002633,pseudo_negative,0,Mizoram,24.389473,92.634849,2025-06-05,,,,95.0,14.84,,12,4.692
NEG_002634,pseudo_negative,0,Mizoram,24.51776,92.846808,2026-05-08,,,,35.0,3.68,,10,1.525
NEG_002635,pseudo_negative,0,Mizoram,24.610388,92.931203,2022-11-25,,,,32.0,3.3,,5,5.673
NEG_002636,pseudo_negative,0,Mizoram,24.60347,93.337021,2025-11-28,,,,508.0,11.03,,13,3.109
NEG_002637,pseudo_negative,0,Mizoram,24.525764,93.485983,2022-01-25,,,,709.0,33.65,,5,6.623
NEG_002638,pseudo_negative,0,Mizoram,22.197815,92.410796,2007-06-22,,,,340.0,18.79,,0,20.033
NEG_002639,pseudo_negative,0,Mizoram,22.11975,92.492508,2013-11-17,,,,503.0,14.6,,0,13.556
NEG_002640,pseudo_negative,0,Mizoram,22.322302,92.67435,2008-09-08,,,,151.0,11.31,,53,1.823
NEG_002641,pseudo_negative,0,Mizoram,22.264607,92.851181,2024-05-13,,,,340.0,33.64,,4,8.978
NEG_002642,pseudo_negative,0,Mizoram,22.284905,93.022879,2025-11-12,,,,1053.0,22.05,,22,2.806
NEG_002643,pseudo_negative,0,Mizoram,22.242573,93.225401,2026-07-15,,,,930.0,23.69,,0,10.902
NEG_002644,pseudo_negative,0,Mizoram,22.336224,93.384506,2019-09-29,,,,1168.0,24.73,,0,25.214
NEG_002645,pseudo_negative,0,Mizoram,22.176015,93.423181,2005-11-12,,,,851.0,26.99,,0,30.304
NEG_002646,pseudo_negative,0,Mizoram,22.480062,92.426828,2005-11-28,,,,98.0,17.37,,0,13.986
NEG_002647,pseudo_negative,0,Mizoram,22.677143,92.550082,2008-12-16,,,,173.0,10.17,,16,1.066
NEG_002648,pseudo_negative,0,Mizoram,22.431012,92.647728,2024-08-30,,,,94.0,1.62,,20,2.468
NEG_002649,pseudo_negative,0,Mizoram,22.538347,92.79355,2016-11-16,,,,394.0,34.87,,37,2.819
NEG_002650,pseudo_negative,0,Mizoram,22.560814,92.99002,2005-11-17,,,,793.0,32.66,,21,3.711
NEG_002651,pseudo_negative,0,Mizoram,22.665393,93.143707,2014-05-19,,,,1115.0,21.7,,0,15.834
NEG_002652,pseudo_negative,0,Mizoram,22.509595,93.270273,2014-07-17,,,,1067.0,20.21,,0,17.96
NEG_002653,pseudo_negative,0,Mizoram,22.471385,93.432725,2012-05-05,,,,1492.0,3.62,,0,32.11
NEG_002654,pseudo_negative,0,Mizoram,22.934844,92.344218,2012-12-04,,,,128.0,22.14,,0,12.175
NEG_002655,pseudo_negative,0,Mizoram,22.782493,92.602726,2017-08-19,,,,239.0,16.14,,16,1.552
NEG_002656,pseudo_negative,0,Mizoram,22.884051,92.64669,2014-09-26,,,,357.0,10.79,,30,5.194
NEG_002657,pseudo_negative,0,Mizoram,22.812781,92.891092,2005-11-17,,,,405.0,13.17,,67,2.207
NEG_002658,pseudo_negative,0,Mizoram,22.991465,93.231473,2022-05-24,,,,871.0,34.52,,6,5.336
NEG_002659,pseudo_negative,0,Mizoram,22.967206,93.33629,2022-11-11,,,,1311.0,24.83,,4,7.751
NEG_002660,pseudo_negative,0,Mizoram,22.885619,93.522395,2021-06-21,,,,1858.0,38.91,,0,28.514
NEG_002661,pseudo_negative,0,Mizoram,23.361167,92.398156,2019-06-16,,,,77.0,6.7,,0,14.922
NEG_002662,pseudo_negative,0,Mizoram,23.078199,92.57033,2017-11-13,,,,84.0,0.0,,10,1.476
NEG_002663,pseudo_negative,0,Mizoram,23.357819,92.737289,2017-08-08,,,,527.0,43.45,,123,2.415
NEG_002664,pseudo_negative,0,Mizoram,23.198743,93.072171,2010-05-12,,,,879.0,27.63,,23,1.798
NEG_002665,pseudo_negative,0,Mizoram,23.367928,93.163868,2007-11-26,,,,955.0,9.16,,39,2.605
NEG_002666,pseudo_negative,0,Mizoram,23.207127,93.306682,2008-10-18,,,,1184.0,15.03,,44,2.287
NEG_002667,pseudo_negative,0,Mizoram,23.357672,93.441402,2005-05-23,,,,1135.0,31.55,,33,6.139
NEG_002668,pseudo_negative,0,Mizoram,23.57573,92.43425,2021-07-28,,,,858.0,17.09,,2,3.699
NEG_002669,pseudo_negative,0,Mizoram,23.494351,92.503517,2019-06-05,,,,604.0,20.57,,10,8.201
NEG_002670,pseudo_negative,0,Mizoram,23.6638,92.683434,2013-08-10,,,,632.0,4.78,,323,1.134
NEG_002671,pseudo_negative,0,Mizoram,23.442334,92.81273,2019-05-30,,,,721.0,6.71,,129,2.302
NEG_002672,pseudo_negative,0,Mizoram,23.509492,93.016594,2007-05-08,,,,592.0,2.31,,29,3.801
NEG_002673,pseudo_negative,0,Mizoram,23.444446,93.13523,2012-07-28,,,,1048.0,32.34,,42,3.375
NEG_002674,pseudo_negative,0,Mizoram,23.510571,93.296009,2021-05-30,,,,1148.0,33.05,,80,2.076
NEG_002675,pseudo_negative,0,Mizoram,23.663765,93.441223,2018-06-29,,,,1233.0,29.02,,6,9.226
NEG_002676,pseudo_negative,0,Mizoram,23.734956,92.390288,2005-08-08,,,,193.0,16.9,,4,5.881
NEG_002677,pseudo_negative,0,Mizoram,23.928769,92.57037,2020-08-06,,,,486.0,22.18,,13,7.967
NEG_002678,pseudo_negative,0,Mizoram,23.812037,92.772958,2008-08-23,,,,734.0,25.94,,164,4.08
NEG_002679,pseudo_negative,0,Mizoram,23.999559,92.864145,2019-05-18,,,,319.0,28.57,,48,3.768
NEG_002680,pseudo_negative,0,Mizoram,23.935789,92.985391,2015-09-02,,,,702.0,12.26,,48,4.357
NEG_002681,pseudo_negative,0,Mizoram,23.724496,93.185733,2016-07-05,,,,1041.0,12.28,,26,1.937
NEG_002682,pseudo_negative,0,Mizoram,23.996851,93.250903,2024-08-21,,,,641.0,30.79,,24,2.695
NEG_002683,pseudo_negative,0,Mizoram,23.999698,93.417381,2008-07-25,,,,1048.0,36.86,,2,9.137
NEG_002684,pseudo_negative,0,Mizoram,24.189017,92.365855,2007-07-12,,,,111.0,7.31,,14,3.638
NEG_002685,pseudo_negative,0,Mizoram,24.080428,92.530013,2011-07-21,,,,194.0,21.3,,8,2.032
NEG_002686,pseudo_negative,0,Mizoram,24.100344,92.674826,2005-08-14,,,,532.0,21.09,,17,4.881
NEG_002687,pseudo_negative,0,Mizoram,24.272599,92.939468,2008-06-29,,,,498.0,35.75,,55,1.617
NEG_002688,pseudo_negative,0,Mizoram,24.163931,93.116342,2009-09-03,,,,490.0,31.32,,16,6.018
NEG_002689,pseudo_negative,0,Mizoram,24.125534,93.279969,2017-11-06,,,,1013.0,26.89,,23,1.133
NEG_002690,pseudo_negative,0,Mizoram,24.307914,93.534278,2020-11-26,,,,1097.0,20.96,,19,2.494
NEG_002691,pseudo_negative,0,Mizoram,24.543418,92.336329,2021-06-10,,,,46.0,6.96,,0,14.103
NEG_002692,pseudo_negative,0,Mizoram,24.623752,92.468351,2020-08-05,,,,25.0,12.37,,2,4.929
NEG_002693,pseudo_negative,0,Mizoram,24.423442,92.626231,2010-08-04,,,,67.0,8.33,,8,6.953
NEG_002694,pseudo_negative,0,Mizoram,24.4288,92.79575,2012-08-08,,,,42.0,10.3,,23,2.134
NEG_002695,pseudo_negative,0,Mizoram,24.449391,92.933012,2023-10-29,,,,120.0,18.15,,11,7.522
NEG_002696,pseudo_negative,0,Mizoram,24.44415,93.122904,2021-08-06,,,,621.0,33.68,,23,2.413
NEG_002697,pseudo_negative,0,Mizoram,24.466145,93.38013,2017-08-26,,,,194.0,11.82,,3,2.734
NEG_002698,pseudo_negative,0,Mizoram,24.384808,93.527141,2008-09-22,,,,984.0,22.51,,12,1.798
NEG_002699,pseudo_negative,0,Mizoram,22.044234,92.419393,2025-11-25,,,,30.0,3.61,,0,23.78
NEG_002700,pseudo_negative,0,Mizoram,22.21585,92.542823,2022-08-14,,,,622.0,42.8,,25,6.469
NEG_002701,pseudo_negative,0,Mizoram,22.096685,92.775876,2015-10-20,,,,162.0,25.33,,12,5.944
NEG_002702,pseudo_negative,0,Mizoram,22.04226,92.988931,2009-07-30,,,,841.0,41.54,,0,10.928
NEG_002703,pseudo_negative,0,Mizoram,22.09445,93.136538,2005-05-13,,,,1579.0,12.44,,0,11.756
NEG_002704,pseudo_negative,0,Mizoram,22.242951,93.327749,2011-08-21,,,,1124.0,37.82,,0,20.908
NEG_002705,pseudo_negative,0,Mizoram,22.025625,93.417648,2015-05-06,,,,873.0,6.64,,0,35.412
NEG_002706,pseudo_negative,0,Mizoram,22.605548,92.328548,2023-05-21,,,,185.0,21.84,,0,21.711
NEG_002707,pseudo_negative,0,Mizoram,22.397317,92.48948,2005-08-16,,,,265.0,23.0,,0,10.14
NEG_002708,pseudo_negative,0,Mizoram,22.5653,92.892634,2021-05-10,,,,761.0,39.21,,48,1.302
NEG_002709,pseudo_negative,0,Mizoram,22.410015,92.941686,2012-06-27,,,,266.0,16.24,,61,1.108
NEG_002710,pseudo_negative,0,Mizoram,22.533976,93.200614,2016-08-12,,,,1412.0,30.26,,0,12.491
NEG_002711,pseudo_negative,0,Mizoram,22.383271,93.310572,2008-05-03,,,,1832.0,20.2,,0,18.658
NEG_002712,pseudo_negative,0,Mizoram,22.456372,93.501499,2009-08-21,,,,2183.0,18.83,,0,38.695
NEG_002713,pseudo_negative,0,Mizoram,22.715634,92.463448,2017-09-02,,,,105.0,12.88,,2,6.402
NEG_002714,pseudo_negative,0,Mizoram,22.944564,92.555748,2025-08-14,,,,441.0,29.88,,28,4.579
NEG_002715,pseudo_negative,0,Mizoram,22.944425,92.639954,2007-05-25,,,,139.0,42.08,,20,6.84
NEG_002716,pseudo_negative,0,Mizoram,22.863682,92.872755,2025-07-26,,,,511.0,15.86,,94,2.256
NEG_002717,pseudo_negative,0,Mizoram,22.774713,93.003302,2016-07-08,,,,853.0,20.84,,14,2.684
NEG_002718,pseudo_negative,0,Mizoram,22.850848,93.202438,2012-05-08,,,,1191.0,39.12,,0,17.237
NEG_002719,pseudo_negative,0,Mizoram,22.854787,93.244123,2022-06-07,,,,1302.0,24.97,,0,18.464
NEG_002720,pseudo_negative,0,Mizoram,22.859324,93.432311,2020-10-18,,,,1261.0,12.8,,0,23.242
NEG_002721,pseudo_negative,0,Mizoram,23.21565,92.354284,2020-05-02,,,,131.0,12.93,,0,13.401
NEG_002722,pseudo_negative,0,Mizoram,23.048955,92.647422,2012-06-10,,,,205.0,22.49,,35,2.367
NEG_002723,pseudo_negative,0,Mizoram,23.355562,92.804623,2012-06-02,,,,1108.0,36.07,,187,1.071
NEG_002724,pseudo_negative,0,Mizoram,23.077557,92.947093,2010-06-13,,,,611.0,21.56,,36,4.937
NEG_002725,pseudo_negative,0,Mizoram,23.063145,93.175235,2015-05-16,,,,423.0,5.85,,24,3.91
NEG_002726,pseudo_negative,0,Mizoram,23.356566,93.534531,2025-05-14,,,,1442.0,23.56,,0,15.417
NEG_002727,pseudo_negative,0,Mizoram,23.651274,92.365778,2023-07-06,,,,475.0,4.9,,2,4.596
NEG_002728,pseudo_negative,0,Mizoram,23.534719,92.59562,2026-10-23,,,,649.0,32.98,,57,2.329
NEG_002729,pseudo_negative,0,Mizoram,23.538355,92.925629,2017-10-30,,,,1272.0,14.94,,23,4.813
NEG_002730,pseudo_negative,0,Mizoram,23.631187,93.016719,2015-10-09,,,,630.0,24.3,,76,1.737
NEG_002731,pseudo_negative,0,Mizoram,23.505814,93.326821,2025-05-18,,,,1399.0,26.49,,74,1.706
NEG_002732,pseudo_negative,0,Mizoram,23.404954,93.425038,2008-03-11,,,,1248.0,17.68,,46,4.099
NEG_002733,pseudo_negative,0,Mizoram,23.940628,92.348246,2019-06-11,,,,229.0,14.78,,19,2.212
NEG_002734,pseudo_negative,0,Mizoram,23.879685,92.59713,2019-06-05,,,,548.0,13.63,,30,5.522
NEG_002735,pseudo_negative,0,Mizoram,23.940484,92.625604,2013-11-25,,,,83.0,12.78,,50,2.867
NEG_002736,pseudo_negative,0,Mizoram,23.846361,92.991626,2008-04-04,,,,815.0,20.09,,60,5.024
NEG_002737,pseudo_negative,0,Mizoram,23.913754,93.418689,2006-05-11,,,,1034.0,24.78,,9,7.823
NEG_002738,pseudo_negative,0,Mizoram,24.279447,92.389752,2006-05-23,,,,54.0,5.91,,2,5.323
NEG_002739,pseudo_negative,0,Mizoram,24.18791,92.613674,2007-07-02,,,,141.0,10.89,,31,1.215
NEG_002740,pseudo_negative,0,Mizoram,24.058024,92.641417,2005-05-15,,,,219.0,10.4,,26,2.481
NEG_002741,pseudo_negative,0,Mizoram,24.219421,92.915621,2012-05-07,,,,514.0,36.81,,60,3.329
NEG_002742,pseudo_negative,0,Mizoram,24.342185,93.1292,2015-11-19,,,,307.0,26.93,,27,2.505
NEG_002743,pseudo_negative,0,Mizoram,24.102323,93.359948,2015-09-19,,,,680.0,19.28,,23,4.144
NEG_002744,pseudo_negative,0,Mizoram,24.101985,93.457731,2022-11-04,,,,1096.0,12.62,,19,3.849
NEG_002745,pseudo_negative,0,Mizoram,24.402944,92.32011,2007-06-27,,,,48.0,2.33,,7,7.995
NEG_002746,pseudo_negative,0,Mizoram,24.583226,92.50877,2012-05-21,,,,56.0,8.81,,3,7.351
NEG_002747,pseudo_negative,0,Mizoram,24.536614,92.70114,2012-05-11,,,,61.0,9.93,,20,2.931
NEG_002748,pseudo_negative,0,Mizoram,24.429098,92.882183,2019-06-06,,,,230.0,3.29,,25,6.619
NEG_002749,pseudo_negative,0,Mizoram,24.495465,92.997699,2021-07-22,,,,277.0,13.89,,14,6.618
NEG_002750,pseudo_negative,0,Mizoram,24.675698,93.186889,2025-08-26,,,,570.0,10.17,,29,2.997
NEG_002751,pseudo_negative,0,Mizoram,24.43194,93.387306,2026-07-25,,,,364.0,19.57,,3,3.454
NEG_002752,pseudo_negative,0,Mizoram,24.437541,93.417373,2025-07-20,,,,542.0,32.72,,2,6.01
NEG_002753,pseudo_negative,0,Mizoram,22.248034,92.367498,2011-05-16,,,,206.0,3.62,,0,23.613
NEG_002754,pseudo_negative,0,Mizoram,22.072365,92.476066,2006-07-26,,,,633.0,16.7,,0,17.158
NEG_002755,pseudo_negative,0,Mizoram,22.27938,92.851755,2021-11-25,,,,239.0,16.73,,7,9.231
NEG_002756,pseudo_negative,0,Mizoram,22.263514,92.943852,2016-05-21,,,,654.0,35.93,,11,3.99
NEG_002757,pseudo_negative,0,Mizoram,22.046055,93.188913,2011-05-26,,,,1103.0,27.5,,0,18.162
NEG_002758,pseudo_negative,0,Mizoram,22.045018,93.373194,2018-04-04,,,,1100.0,27.08,,0,30.406
NEG_002759,pseudo_negative,0,Mizoram,22.263283,93.52159,2010-07-16,,,,2172.0,28.54,,0,39.763
NEG_002760,pseudo_negative,0,Mizoram,22.471055,92.346816,2011-10-24,,,,50.0,9.38,,0,21.699
NEG_002761,pseudo_negative,0,Mizoram,22.465787,92.506662,2017-05-09,,,,183.0,17.57,,2,6.741
NEG_002762,pseudo_negative,0,Mizoram,22.452233,92.622735,2014-05-25,,,,226.0,31.43,,17,2.112
NEG_002763,pseudo_negative,0,Mizoram,22.590256,92.857024,2012-11-26,,,,749.0,27.16,,43,1.414
NEG_002764,pseudo_negative,0,Mizoram,22.481323,92.941189,2018-04-23,,,,404.0,29.52,,80,1.35
NEG_002765,pseudo_negative,0,Mizoram,22.432626,93.090159,2006-01-28,,,,1495.0,27.5,,14,1.302
NEG_002766,pseudo_negative,0,Mizoram,22.52365,93.301786,2024-06-20,,,,1700.0,45.04,,0,21.494
NEG_002767,pseudo_negative,0,Mizoram,22.652183,93.504087,2024-06-13,,,,1580.0,20.82,,0,46.108
NEG_002768,pseudo_negative,0,Mizoram,22.970078,92.426881,2011-06-12,,,,419.0,37.42,,16,7.032
NEG_002769,pseudo_negative,0,Mizoram,22.707919,92.477002,2010-04-02,,,,158.0,19.85,,5,5.672
NEG_002770,pseudo_negative,0,Mizoram,22.746377,92.751107,2020-10-25,,,,356.0,24.16,,30,5.668
NEG_002771,pseudo_negative,0,Mizoram,22.736612,93.035462,2020-07-09,,,,886.0,27.08,,6,5.887
NEG_002772,pseudo_negative,0,Mizoram,23.01692,93.21635,2015-08-08,,,,644.0,40.91,,21,5.272
NEG_002773,pseudo_negative,0,Mizoram,22.729918,93.240454,2022-05-01,,,,1265.0,8.23,,0,23.348
NEG_002774,pseudo_negative,0,Mizoram,22.929273,93.446803,2026-12-01,,,,1427.0,25.78,,0,19.379
NEG_002775,pseudo_negative,0,Mizoram,23.212158,92.37081,2021-07-17,,,,161.0,25.51,,0,11.924
NEG_002776,pseudo_negative,0,Mizoram,23.331006,92.665356,2011-01-16,,,,416.0,34.12,,38,2.547
NEG_002777,pseudo_negative,0,Mizoram,23.322297,92.820391,2023-12-09,,,,1006.0,24.56,,170,1.485
NEG_002778,pseudo_negative,0,Mizoram,23.109844,93.478673,2007-05-13,,,,1392.0,10.33,,0,11.62
NEG_002779,pseudo_negative,0,Mizoram,23.660069,92.312422,2016-09-27,,,,244.0,26.17,,2,5.072
NEG_002780,pseudo_negative,0,Mizoram,23.395178,92.576104,2025-08-24,,,,256.0,18.39,,4,6.982
NEG_002781,pseudo_negative,0,Mizoram,23.564501,92.626446,2009-08-02,,,,537.0,33.39,,175,2.244
NEG_002782,pseudo_negative,0,Mizoram,23.405213,92.810501,2016-05-16,,,,830.0,12.56,,147,3.306
NEG_002783,pseudo_negative,0,Mizoram,23.492145,93.498139,2022-06-18,,,,1342.0,25.4,,0,12.447
NEG_002784,pseudo_negative,0,Mizoram,23.800253,92.410775,2013-10-05,,,,133.0,9.87,,8,5.29
NEG_002785,pseudo_negative,0,Mizoram,23.901486,92.481602,2025-07-22,,,,608.0,6.73,,5,2.647
NEG_002786,pseudo_negative,0,Mizoram,23.949803,92.864714,2011-07-27,,,,545.0,35.24,,61,2.206
NEG_002787,pseudo_negative,0,Mizoram,23.855946,92.956799,2013-07-05,,,,1117.0,24.57,,66,2.685
NEG_002788,pseudo_negative,0,Mizoram,23.856153,93.327902,2009-12-26,,,,1191.0,23.04,,32,1.956
NEG_002789,pseudo_negative,0,Mizoram,23.815814,93.529964,2016-05-25,,,,949.0,17.93,,0,14.08
NEG_002790,pseudo_negative,0,Mizoram,24.157138,92.343818,2005-07-21,,,,81.0,5.9,,26,2.003
NEG_002791,pseudo_negative,0,Mizoram,24.211356,92.582272,2026-06-10,,,,157.0,43.35,,25,2.901
NEG_002792,pseudo_negative,0,Mizoram,24.306335,92.806676,2026-05-04,,,,241.0,20.52,,44,2.263
NEG_002793,pseudo_negative,0,Mizoram,24.348404,93.185489,2018-05-13,,,,478.0,3.29,,22,3.295
NEG_002794,pseudo_negative,0,Mizoram,24.172828,93.309822,2021-05-23,,,,1069.0,22.32,,25,1.045
NEG_002795,pseudo_negative,0,Mizoram,24.330789,93.410407,2024-12-09,,,,1880.0,26.29,,7,5.246
NEG_002796,pseudo_negative,0,Mizoram,24.445968,92.325615,2012-06-20,,,,58.0,6.56,,6,7.659
NEG_002797,pseudo_negative,0,Mizoram,24.412777,92.464965,2019-07-03,,,,54.0,11.49,,4,4.663
NEG_002798,pseudo_negative,0,Mizoram,24.459695,92.73882,2006-05-27,,,,141.0,13.05,,15,2.431
NEG_002799,pseudo_negative,0,Mizoram,24.495502,92.795792,2024-05-09,,,,39.0,4.65,,15,2.657
NEG_002800,pseudo_negative,0,Mizoram,24.548995,93.185979,2005-06-25,,,,104.0,7.13,,29,1.339
NEG_002801,pseudo_negative,0,Mizoram,24.452383,93.387387,2008-08-10,,,,453.0,22.12,,2,2.82
NEG_002802,pseudo_negative,0,Mizoram,22.097078,92.331839,2005-07-16,,,,89.0,14.59,,0,30.097
NEG_002803,pseudo_negative,0,Mizoram,22.280933,92.573977,2009-11-28,,,,137.0,9.36,,28,2.686
NEG_002804,pseudo_negative,0,Mizoram,22.156686,92.867154,2008-05-19,,,,421.0,17.85,,14,1.518
NEG_002805,pseudo_negative,0,Nagaland,25.442811,93.595598,2012-09-11,,,,1002.0,19.42,,3,8.4
NEG_002806,pseudo_negative,0,Nagaland,25.409398,93.85021,2025-07-18,,,,1571.0,36.6,,0,12.434
NEG_002807,pseudo_negative,0,Nagaland,25.366066,94.081979,2024-08-11,,,,1323.0,27.29,,53,2.187
NEG_002808,pseudo_negative,0,Nagaland,25.352074,94.383493,2024-07-24,,,,926.0,37.82,,5,4.958
NEG_002809,pseudo_negative,0,Nagaland,25.384375,94.468605,2008-08-23,,,,1437.0,18.58,,39,1.302
NEG_002810,pseudo_negative,0,Nagaland,25.467536,94.793151,2012-08-15,,,,2734.0,30.09,,0,10.039
NEG_002811,pseudo_negative,0,Nagaland,25.41346,94.955099,2007-09-15,,,,465.0,25.62,,0,19.101
NEG_002812,pseudo_negative,0,Nagaland,25.322931,95.079974,2013-11-09,,,,209.0,3.7,,0,34.21
NEG_002813,pseudo_negative,0,Nagaland,25.634579,93.59877,2025-07-13,,,,301.0,14.98,,0,11.088
NEG_002814,pseudo_negative,0,Nagaland,25.593024,95.216235,2026-07-23,,,,728.0,14.97,,0,32.611
NEG_002815,pseudo_negative,0,Nagaland,25.90699,93.695748,2026-09-12,,,,162.0,2.36,,5,6.354
NEG_002816,pseudo_negative,0,Nagaland,25.779676,93.844985,2005-07-04,,,,309.0,16.28,,69,2.502
NEG_002817,pseudo_negative,0,Nagaland,25.844862,93.96966,2012-08-15,,,,336.0,18.01,,64,1.167
NEG_002818,pseudo_negative,0,Nagaland,25.864311,94.180325,2026-06-03,,,,1324.0,31.44,,44,1.198
NEG_002819,pseudo_negative,0,Nagaland,25.91175,94.572799,2022-08-10,,,,1398.0,40.89,,49,1.449
NEG_002820,pseudo_negative,0,Nagaland,25.756517,94.935595,2017-06-18,,,,2050.0,28.92,,27,3.311
NEG_002821,pseudo_negative,0,Nagaland,25.74662,95.044604,2019-08-15,,,,3470.0,44.0,,2,9.569
NEG_002822,pseudo_negative,0,Nagaland,26.089695,93.559124,2015-06-26,,,,701.0,23.6,,0,15.576
NEG_002823,pseudo_negative,0,Nagaland,26.14452,93.761736,2009-11-26,,,,148.0,8.29,,0,18.429
NEG_002824,pseudo_negative,0,Nagaland,26.019374,94.322793,2006-07-18,,,,661.0,24.72,,37,1.185
NEG_002825,pseudo_negative,0,Nagaland,26.150485,94.447559,2023-11-13,,,,760.0,10.45,,41,4.065
NEG_002826,pseudo_negative,0,Nagaland,26.00437,94.633965,2018-08-10,,,,1848.0,23.66,,55,1.056
NEG_002827,pseudo_negative,0,Nagaland,26.122831,94.84189,2020-07-20,,,,1627.0,43.17,,15,3.224
NEG_002828,pseudo_negative,0,Nagaland,26.083183,95.178416,2013-06-29,,,,2993.0,11.64,,1,9.501
NEG_002829,pseudo_negative,0,Nagaland,26.214121,93.645656,2021-07-14,,,,626.0,31.8,,0,17.246
NEG_002830,pseudo_negative,0,Nagaland,26.16629,93.76824,2008-05-29,,,,141.0,1.67,,0,19.054
NEG_002831,pseudo_negative,0,Nagaland,26.27438,94.115515,2019-05-01,,,,307.0,17.8,,23,1.574
NEG_002832,pseudo_negative,0,Nagaland,26.230164,94.278144,2014-08-11,,,,325.0,15.05,,50,4.042
NEG_002833,pseudo_negative,0,Nagaland,26.198896,94.390275,2024-06-01,,,,537.0,16.34,,24,2.691
NEG_002834,pseudo_negative,0,Nagaland,26.161207,94.931744,2026-08-18,,,,2059.0,31.25,,30,4.641
NEG_002835,pseudo_negative,0,Nagaland,26.284463,95.035099,2005-06-19,,,,2105.0,32.86,,29,4.804
NEG_002836,pseudo_negative,0,Nagaland,26.519818,93.560723,2014-08-23,,,,517.0,3.74,,3,7.938
NEG_002837,pseudo_negative,0,Nagaland,26.494795,93.77423,2006-08-21,,,,102.0,1.67,,0,14.177
NEG_002838,pseudo_negative,0,Nagaland,26.460995,94.025967,2020-06-05,,,,97.0,3.74,,0,19.762
NEG_002839,pseudo_negative,0,Nagaland,26.517941,94.257083,2023-08-22,,,,195.0,8.32,,0,10.702
NEG_002840,pseudo_negative,0,Nagaland,26.499336,94.530379,2020-07-19,,,,267.0,4.74,,5,2.611
NEG_002841,pseudo_negative,0,Nagaland,26.400483,94.783164,2016-07-30,,,,1309.0,22.71,,16,4.478
NEG_002842,pseudo_negative,0,Nagaland,26.553097,95.032906,2005-08-16,,,,659.0,31.09,,27,2.81
NEG_002843,pseudo_negative,0,Nagaland,26.493031,95.084634,2025-07-02,,,,1893.0,24.54,,27,6.066
NEG_002844,pseudo_negative,0,Nagaland,26.730311,93.590291,2010-08-25,,,,88.0,2.37,,0,15.667
NEG_002845,pseudo_negative,0,Nagaland,26.711289,93.797966,2024-05-15,,,,80.0,2.37,,0,20.285
NEG_002846,pseudo_negative,0,Nagaland,26.618122,93.971807,2005-05-04,,,,95.0,2.37,,0,31.089
NEG_002847,pseudo_negative,0,Nagaland,26.687361,94.26396,2015-10-09,,,,107.0,5.29,,0,12.308
NEG_002848,pseudo_negative,0,Nagaland,26.67593,94.584334,2006-04-20,,,,183.0,8.33,,17,3.104
NEG_002849,pseudo_negative,0,Nagaland,26.756515,94.786333,2025-07-20,,,,217.0,10.5,,6,4.13
NEG_002850,pseudo_negative,0,Nagaland,26.660942,94.92139,2023-07-24,,,,428.0,19.42,,7,6.295
NEG_002851,pseudo_negative,0,Nagaland,26.60348,95.045917,2023-05-04,,,,562.0,18.84,,39,3.248
NEG_002852,pseudo_negative,0,Nagaland,26.850782,93.712933,2009-06-08,,,,75.0,3.36,,0,21.942
NEG_002853,pseudo_negative,0,Nagaland,26.82075,93.854176,2013-07-20,,,,78.0,3.75,,0,31.764
NEG_002854,pseudo_negative,0,Nagaland,26.971998,94.167575,2005-09-26,,,,83.0,1.68,,0,36.987
NEG_002855,pseudo_negative,0,Nagaland,26.850433,94.293918,2023-09-11,,,,88.0,2.37,,0,28.221
NEG_002856,pseudo_negative,0,Nagaland,26.810128,94.431608,2025-08-02,,,,94.0,3.75,,0,17.635
NEG_002857,pseudo_negative,0,Nagaland,26.917355,94.601684,2018-06-16,,,,97.0,1.68,,0,22.736
NEG_002858,pseudo_negative,0,Nagaland,26.938904,94.825556,2008-08-02,,,,97.0,2.38,,0,21.037
NEG_002859,pseudo_negative,0,Nagaland,26.897246,95.213014,2014-11-18,,,,602.0,15.47,,0,11.937
NEG_002860,pseudo_negative,0,Nagaland,25.38708,93.606027,2021-05-31,,,,777.0,16.6,,2,5.234
NEG_002861,pseudo_negative,0,Nagaland,25.487004,93.738692,2010-05-16,,,,1179.0,18.29,,44,1.971
NEG_002862,pseudo_negative,0,Nagaland,25.328696,94.20398,2012-05-11,,,,1943.0,28.1,,18,1.797
NEG_002863,pseudo_negative,0,Nagaland,25.342841,94.692467,2012-05-15,,,,1197.0,32.53,,3,8.531
NEG_002864,pseudo_negative,0,Nagaland,25.379634,94.971671,2009-09-19,,,,1190.0,16.6,,0,23.214
NEG_002865,pseudo_negative,0,Nagaland,25.405899,95.164505,2012-10-28,,,,236.0,16.16,,0,34.132
NEG_002866,pseudo_negative,0,Nagaland,25.72028,93.57815,2012-09-30,,,,195.0,3.71,,0,10.057
NEG_002867,pseudo_negative,0,Nagaland,25.694295,93.880516,2023-07-31,,,,464.0,15.96,,33,2.745
NEG_002868,pseudo_negative,0,Nagaland,25.68128,94.331034,2024-06-06,,,,1893.0,23.41,,59,1.975
NEG_002869,pseudo_negative,0,Nagaland,25.610758,94.546476,2016-09-22,,,,1007.0,26.42,,25,3.708
NEG_002870,pseudo_negative,0,Nagaland,25.69299,94.729814,2017-08-05,,,,845.0,23.32,,41,2.562
NEG_002871,pseudo_negative,0,Nagaland,25.713439,94.956197,2008-12-28,,,,1981.0,37.99,,6,8.347
NEG_002872,pseudo_negative,0,Nagaland,25.603899,95.189708,2009-07-17,,,,1170.0,74.27,,0,29.933
NEG_002873,pseudo_negative,0,Nagaland,25.786653,93.573165,2011-08-06,,,,197.0,3.72,,6,2.948
NEG_002874,pseudo_negative,0,Nagaland,25.766355,93.829453,2017-07-17,,,,323.0,13.47,,57,1.03
NEG_002875,pseudo_negative,0,Nagaland,25.91429,94.048192,2012-12-03,,,,1152.0,25.93,,65,1.032
NEG_002876,pseudo_negative,0,Nagaland,25.912227,94.31127,2017-05-24,,,,757.0,32.94,,16,3.645
NEG_002877,pseudo_negative,0,Nagaland,25.895818,94.429679,2005-05-16,,,,940.0,30.74,,42,1.15
NEG_002878,pseudo_negative,0,Nagaland,25.886416,95.097298,2024-06-16,,,,1540.0,23.38,,0,13.494
NEG_002879,pseudo_negative,0,Nagaland,26.10516,93.568964,2019-06-29,,,,880.0,13.22,,0,16.974
NEG_002880,pseudo_negative,0,Nagaland,25.965946,93.788143,2008-07-03,,,,146.0,0.0,,1,5.939
NEG_002881,pseudo_negative,0,Nagaland,25.996327,94.143938,2019-05-17,,,,387.0,11.17,,12,2.008
NEG_002882,pseudo_negative,0,Nagaland,26.038042,94.210946,2014-06-06,,,,944.0,6.0,,49,3.599
NEG_002883,pseudo_negative,0,Nagaland,26.139058,94.745114,2022-05-29,,,,1239.0,17.49,,9,3.556
NEG_002884,pseudo_negative,0,Nagaland,26.122242,94.895468,2008-09-05,,,,997.0,20.75,,6,2.796
NEG_002885,pseudo_negative,0,Nagaland,25.956774,95.120865,2013-08-26,,,,2298.0,30.47,,0,10.453
NEG_002886,pseudo_negative,0,Nagaland,26.259422,93.596453,2024-12-03,,,,807.0,7.06,,0,16.922
NEG_002887,pseudo_negative,0,Nagaland,26.188183,93.791387,2016-11-08,,,,151.0,3.34,,0,16.967
NEG_002888,pseudo_negative,0,Nagaland,26.310394,94.051253,2019-05-30,,,,118.0,0.0,,11,5.969
NEG_002889,pseudo_negative,0,Nagaland,26.337367,94.181638,2016-05-13,,,,230.0,9.66,,17,7.959
NEG_002890,pseudo_negative,0,Nagaland,26.359219,94.582448,2016-05-19,,,,1316.0,18.56,,22,1.984
NEG_002891,pseudo_negative,0,Nagaland,26.209351,94.698144,2018-04-10,,,,1738.0,43.98,,10,1.414
NEG_002892,pseudo_negative,0,Nagaland,26.288099,94.949766,2021-07-29,,,,1854.0,19.9,,20,5.451
NEG_002893,pseudo_negative,0,Nagaland,26.223448,95.143925,2018-08-07,,,,2077.0,16.26,,15,5.661
NEG_002894,pseudo_negative,0,Nagaland,26.519229,93.553177,2012-10-10,,,,580.0,11.1,,3,8.129
NEG_002895,pseudo_negative,0,Nagaland,26.46434,93.85117,2020-07-23,,,,107.0,3.74,,0,13.986
NEG_002896,pseudo_negative,0,Nagaland,26.373872,94.126192,2017-05-29,,,,112.0,3.74,,5,8.371
NEG_002897,pseudo_negative,0,Nagaland,26.384594,94.320335,2014-06-19,,,,322.0,0.0,,17,5.697
NEG_002898,pseudo_negative,0,Nagaland,26.471337,94.536821,2013-05-16,,,,435.0,25.76,,6,1.114
NEG_002899,pseudo_negative,0,Nagaland,26.377992,94.695834,2025-07-29,,,,821.0,29.85,,14,1.508
NEG_002900,pseudo_negative,0,Nagaland,26.440081,95.143412,2006-08-04,,,,2055.0,24.58,,6,9.175
NEG_002901,pseudo_negative,0,Nagaland,26.712278,93.691709,2007-07-11,,,,74.0,13.29,,0,15.394
NEG_002902,pseudo_negative,0,Nagaland,26.601886,93.944709,2005-08-03,,,,96.0,2.37,,0,28.18
NEG_002903,pseudo_negative,0,Nagaland,26.713306,93.986484,2016-05-12,,,,92.0,6.89,,0,35.667
NEG_002904,pseudo_negative,0,Nagaland,26.682458,94.383671,2018-12-14,,,,118.0,3.35,,3,9.761
NEG_002905,pseudo_negative,0,Nagaland,26.593146,94.469611,2015-10-28,,,,726.0,25.14,,7,2.166
NEG_002906,pseudo_negative,0,Nagaland,26.634103,94.747666,2023-08-28,,,,447.0,46.19,,11,4.373
NEG_002907,pseudo_negative,0,Nagaland,26.697372,94.850134,2007-08-03,,,,654.0,13.29,,2,3.846
NEG_002908,pseudo_negative,0,Nagaland,26.670768,95.084801,2018-06-09,,,,615.0,19.91,,49,2.827
NEG_002909,pseudo_negative,0,Nagaland,26.8773,93.604371,2018-05-13,,,,78.0,3.36,,0,17.045
NEG_002910,pseudo_negative,0,Nagaland,26.954096,93.867885,2021-07-05,,,,86.0,3.36,,0,17.327
NEG_002911,pseudo_negative,0,Nagaland,26.860947,94.082232,2009-08-19,,,,84.0,0.0,,0,37.224
NEG_002912,pseudo_negative,0,Nagaland,26.919298,94.190918,2011-04-10,,,,81.0,0.0,,0,38.466
NEG_002913,pseudo_negative,0,Nagaland,26.868817,94.477604,2020-05-23,,,,94.0,3.36,,0,21.135
NEG_002914,pseudo_negative,0,Nagaland,26.905517,94.667261,2007-08-12,,,,92.0,1.68,,0,20.704
NEG_002915,pseudo_negative,0,Nagaland,26.789318,94.891255,2018-08-13,,,,169.0,7.47,,3,7.277
NEG_002916,pseudo_negative,0,Nagaland,26.815813,95.238162,2014-09-30,,,,1135.0,33.24,,3,7.3
NEG_002917,pseudo_negative,0,Nagaland,25.384035,93.663522,2024-10-03,,,,635.0,11.46,,0,10.053
NEG_002918,pseudo_negative,0,Nagaland,25.428917,93.774336,2015-09-10,,,,419.0,20.64,,8,4.747
NEG_002919,pseudo_negative,0,Nagaland,25.502427,94.06474,2020-08-15,,,,1966.0,25.9,,60,5.621
NEG_002920,pseudo_negative,0,Nagaland,25.493289,94.333927,2014-08-12,,,,1801.0,15.4,,15,5.578
NEG_002921,pseudo_negative,0,Nagaland,25.499757,94.417575,2025-05-13,,,,1123.0,18.84,,4,2.868
NEG_002922,pseudo_negative,0,Nagaland,25.406689,94.767917,2024-07-07,,,,1867.0,25.54,,0,13.904
NEG_002923,pseudo_negative,0,Nagaland,25.329431,95.011212,2008-07-26,,,,698.0,49.27,,0,29.962
NEG_002924,pseudo_negative,0,Nagaland,25.468303,95.055805,2011-08-27,,,,847.0,16.83,,0,21.198
NEG_002925,pseudo_negative,0,Nagaland,25.565,94.10788,2010-05-03,,,,2054.0,17.06,,88,3.021
NEG_002926,pseudo_negative,0,Nagaland,25.626122,94.38347,2018-08-09,,,,1236.0,26.83,,48,2.265
NEG_002927,pseudo_negative,0,Nagaland,25.636977,94.566824,2006-07-09,,,,646.0,18.97,,25,3.094
NEG_002928,pseudo_negative,0,Nagaland,25.72663,94.672859,2013-11-14,,,,1048.0,15.54,,11,4.634
NEG_002929,pseudo_negative,0,Nagaland,25.592468,95.208353,2019-08-29,,,,634.0,34.33,,0,31.823
NEG_002930,pseudo_negative,0,Nagaland,25.866292,93.604315,2008-05-01,,,,234.0,6.84,,10,3.999
NEG_002931,pseudo_negative,0,Nagaland,25.767473,93.761244,2015-05-21,,,,300.0,9.89,,45,3.131
NEG_002932,pseudo_negative,0,Nagaland,25.788553,94.200108,2017-05-05,,,,1110.0,21.73,,44,2.764
NEG_002933,pseudo_negative,0,Nagaland,25.848283,94.548659,2017-08-27,,,,1445.0,27.51,,19,1.848
NEG_002934,pseudo_negative,0,Nagaland,25.867243,94.797177,2010-08-17,,,,742.0,32.55,,49,1.916
NEG_002935,pseudo_negative,0,Nagaland,25.822296,94.887926,2015-05-11,,,,1190.0,39.82,,43,1.255
NEG_002936,pseudo_negative,0,Nagaland,25.902186,95.04531,2006-10-21,,,,2119.0,10.03,,1,8.595
NEG_002937,pseudo_negative,0,Nagaland,26.047621,93.535177,2021-06-13,,,,521.0,6.0,,0,11.49
NEG_002938,pseudo_negative,0,Nagaland,26.148913,93.885637,2013-07-23,,,,121.0,1.67,,2,9.485
NEG_002939,pseudo_negative,0,Nagaland,25.947086,94.494981,2012-08-28,,,,1590.0,21.8,,50,2.296
NEG_002940,pseudo_negative,0,Nagaland,26.048198,94.801143,2018-05-06,,,,1351.0,26.43,,7,5.219
NEG_002941,pseudo_negative,0,Nagaland,26.086125,95.086518,2025-08-31,,,,1997.0,15.37,,20,1.375
NEG_002942,pseudo_negative,0,Nagaland,26.29176,93.568191,2007-09-16,,,,625.0,27.86,,0,17.765
NEG_002943,pseudo_negative,0,Nagaland,26.330434,93.857568,2012-08-17,,,,125.0,0.0,,4,6.967
NEG_002944,pseudo_negative,0,Nagaland,26.261536,94.042682,2016-05-03,,,,130.0,1.67,,15,3.772
NEG_002945,pseudo_negative,0,Nagaland,26.309685,94.173906,2009-11-02,,,,564.0,12.84,,31,5.482
NEG_002946,pseudo_negative,0,Nagaland,26.298007,94.385676,2022-08-10,,,,827.0,26.39,,9,1.124
NEG_002947,pseudo_negative,0,Nagaland,26.238574,94.702307,2018-05-15,,,,1635.0,13.72,,10,3.195
NEG_002948,pseudo_negative,0,Nagaland,26.369089,93.550968,2021-05-27,,,,304.0,32.17,,0,18.478
NEG_002949,pseudo_negative,0,Nagaland,26.4172,93.766046,2012-07-23,,,,147.0,14.11,,7,6.91
NEG_002950,pseudo_negative,0,Nagaland,26.555255,94.096004,2014-08-17,,,,97.0,3.74,,0,24.769
NEG_002951,pseudo_negative,0,Nagaland,26.367822,94.374099,2019-05-30,,,,416.0,1.67,,34,4.708
NEG_002952,pseudo_negative,0,Nagaland,26.489816,94.428418,2011-09-17,,,,466.0,20.87,,28,1.143
NEG_002953,pseudo_negative,0,Nagaland,26.503348,94.972033,2017-08-07,,,,1265.0,31.58,,18,4.94
NEG_002954,pseudo_negative,0,Nagaland,26.495445,95.198526,2015-05-31,,,,1289.0,30.62,,0,11.397
NEG_002955,pseudo_negative,0,Nagaland,26.608934,93.551365,2016-07-05,,,,98.0,6.02,,5,1.69
NEG_002956,pseudo_negative,0,Nagaland,26.749264,93.833201,2020-06-21,,,,79.0,5.3,,0,25.767
NEG_002957,pseudo_negative,0,Nagaland,26.633288,94.132737,2025-06-20,,,,98.0,1.68,,0,20.934
NEG_002958,pseudo_negative,0,Nagaland,26.756657,94.276348,2011-07-06,,,,103.0,3.75,,0,18.532
NEG_002959,pseudo_negative,0,Nagaland,26.706964,94.464132,2008-07-27,,,,120.0,5.29,,3,7.621
NEG_002960,pseudo_negative,0,Nagaland,26.664021,94.786603,2016-07-15,,,,313.0,47.29,,9,4.164
NEG_002961,pseudo_negative,0,Nagaland,26.588475,94.895516,2023-05-13,,,,370.0,20.31,,8,6.647
NEG_002962,pseudo_negative,0,Nagaland,26.688936,95.064437,2016-07-07,,,,553.0,41.38,,65,1.06
NEG_002963,pseudo_negative,0,Nagaland,26.830289,93.658291,2012-06-21,,,,76.0,3.75,,0,22.598
NEG_002964,pseudo_negative,0,Nagaland,26.792605,93.842007,2008-07-03,,,,82.0,1.68,,0,30.079
NEG_002965,pseudo_negative,0,Nagaland,26.925174,94.086493,2023-11-14,,,,88.0,3.76,,0,32.71
NEG_002966,pseudo_negative,0,Nagaland,26.795585,94.358823,2017-07-25,,,,94.0,2.37,,0,21.682
NEG_002967,pseudo_negative,0,Nagaland,26.806193,94.418462,2019-05-29,,,,95.0,1.68,,0,18.167
NEG_002968,pseudo_negative,0,Nagaland,26.955866,94.709765,2008-08-15,,,,102.0,5.3,,0,25.714
NEG_002969,pseudo_negative,0,Nagaland,26.819095,94.909758,2015-05-30,,,,193.0,8.34,,2,8.16
NEG_002970,pseudo_negative,0,Nagaland,26.965716,95.248279,2009-07-02,,,,327.0,13.31,,0,12.55
NEG_002971,pseudo_negative,0,Nagaland,25.357495,93.654409,2018-11-30,,,,580.0,19.47,,6,6.964
NEG_002972,pseudo_negative,0,Nagaland,25.513762,93.782316,2009-05-17,,,,991.0,20.88,,48,2.129
NEG_002973,pseudo_negative,0,Nagaland,25.508487,93.993709,2020-03-05,,,,2004.0,40.57,,27,3.29
NEG_002974,pseudo_negative,0,Nagaland,25.359597,94.209599,2009-10-03,,,,1418.0,20.34,,19,1.538
NEG_002975,pseudo_negative,0,Nagaland,25.483703,94.439782,2006-07-25,,,,1037.0,26.96,,7,5.41
NEG_002976,pseudo_negative,0,Nagaland,25.482774,94.670788,2011-06-17,,,,2227.0,35.39,,5,2.404
NEG_002977,pseudo_negative,0,Nagaland,25.360785,94.943757,2021-08-24,,,,1679.0,12.74,,0,24.226
NEG_002978,pseudo_negative,0,Nagaland,25.395776,95.14548,2011-05-24,,,,245.0,1.66,,0,33.182
NEG_002979,pseudo_negative,0,Nagaland,25.544276,93.601336,2005-06-07,,,,551.0,23.32,,11,7.297
NEG_002980,pseudo_negative,0,Nagaland,25.548813,93.864178,2019-09-21,,,,1211.0,29.15,,45,1.49
NEG_002981,pseudo_negative,0,Nagaland,25.723373,94.325601,2016-05-17,,,,1572.0,28.97,,36,1.445
NEG_002982,pseudo_negative,0,Nagaland,25.664032,94.51269,2022-09-21,,,,1577.0,36.77,,37,1.465
NEG_002983,pseudo_negative,0,Nagaland,25.660133,95.025979,2017-01-29,,,,1988.0,48.95,,0,14.953
NEG_002984,pseudo_negative,0,Nagaland,25.661675,95.071923,2025-06-09,,,,1664.0,28.91,,0,17.94
NEG_002985,pseudo_negative,0,Nagaland,25.837135,93.522349,2026-04-08,,,,224.0,7.41,,12,4.538
NEG_002986,pseudo_negative,0,Nagaland,25.87188,93.928448,2011-07-31,,,,230.0,6.84,,12,6.259
NEG_002987,pseudo_negative,0,Nagaland,25.790861,94.136816,2007-11-04,,,,1173.0,19.31,,98,1.991
NEG_002988,pseudo_negative,0,Nagaland,25.756933,94.388699,2022-07-17,,,,1345.0,28.54,,48,2.248
NEG_002989,pseudo_negative,0,Nagaland,25.911745,94.739818,2015-05-14,,,,1120.0,37.59,,48,2.515
NEG_002990,pseudo_negative,0,Nagaland,25.836573,94.852386,2012-08-21,,,,1121.0,14.64,,52,3.677
NEG_002991,pseudo_negative,0,Nagaland,25.904982,95.130524,2014-09-09,,,,1656.0,34.18,,0,16.147
NEG_002992,pseudo_negative,0,Nagaland,26.08779,93.672784,2020-10-17,,,,216.0,7.42,,0,15.818
NEG_002993,pseudo_negative,0,Nagaland,25.991665,93.823034,2011-05-25,,,,139.0,3.72,,0,10.151
NEG_002994,pseudo_negative,0,Nagaland,26.112093,94.028611,2023-05-04,,,,357.0,35.43,,13,2.174
NEG_002995,pseudo_negative,0,Nagaland,26.004169,94.409922,2011-05-08,,,,1142.0,14.06,,19,4.662
NEG_002996,pseudo_negative,0,Nagaland,26.096518,94.64756,2020-04-07,,,,1532.0,19.22,,43,2.145
NEG_002997,pseudo_negative,0,Nagaland,26.068255,94.966099,2013-07-21,,,,1093.0,37.76,,12,5.765
NEG_002998,pseudo_negative,0,Nagaland,26.144874,95.135541,2015-08-27,,,,2237.0,19.4,,11,6.356
NEG_002999,pseudo_negative,0,Nagaland,26.169379,93.695134,2020-08-19,,,,185.0,3.34,,0,20.115
NEG_003000,pseudo_negative,0,Nagaland,26.189315,93.830773,2024-05-28,,,,118.0,1.67,,0,16.21
NEG_003001,pseudo_negative,0,Nagaland,26.15194,94.008054,2018-09-15,,,,133.0,3.73,,3,2.709
NEG_003002,pseudo_negative,0,Nagaland,26.246452,94.469256,2026-05-08,,,,858.0,8.3,,28,1.043
NEG_003003,pseudo_negative,0,Nagaland,26.271636,95.043411,2018-07-22,,,,1864.0,32.61,,30,3.229
NEG_003004,pseudo_negative,0,Nagaland,26.536762,93.667536,2025-05-01,,,,267.0,18.11,,2,4.217
NEG_003005,pseudo_negative,0,Nagaland,26.412965,93.888008,2015-08-16,,,,124.0,8.94,,0,12.523
NEG_003006,pseudo_negative,0,Nagaland,26.465862,94.02316,2015-05-04,,,,102.0,4.73,,0,20.371
NEG_003007,pseudo_negative,0,Nagaland,26.442602,94.287794,2016-05-30,,,,278.0,5.28,,13,8.781
NEG_003008,pseudo_negative,0,Nagaland,26.497658,94.417744,2006-03-23,,,,364.0,16.06,,34,1.247
NEG_003009,pseudo_negative,0,Nagaland,26.495548,94.636243,2024-07-06,,,,569.0,33.54,,16,2.805
NEG_003010,pseudo_negative,0,Nagaland,26.437338,94.91904,2019-11-10,,,,550.0,37.41,,32,4.661
NEG_003011,pseudo_negative,0,Nagaland,26.419749,95.150525,2009-08-27,,,,1151.0,18.88,,3,9.629
NEG_003012,pseudo_negative,0,Nagaland,26.633934,93.639432,2005-07-03,,,,85.0,3.35,,3,6.596
NEG_003013,pseudo_negative,0,Nagaland,26.656473,93.90005,2014-05-27,,,,85.0,2.37,,0,25.271
NEG_003014,pseudo_negative,0,Nagaland,26.583872,94.036818,2013-06-17,,,,94.0,0.0,,0,30.199
NEG_003015,pseudo_negative,0,Nagaland,26.69739,94.277891,2015-06-29,,,,106.0,3.75,,0,12.465
NEG_003016,pseudo_negative,0,Nagaland,26.584071,94.450041,2020-05-19,,,,542.0,35.29,,23,3.918
NEG_003017,pseudo_negative,0,Nagaland,26.622772,94.674369,2024-11-23,,,,642.0,28.91,,21,3.241
NEG_003018,pseudo_negative,0,Nagaland,26.639661,94.859411,2006-06-13,,,,713.0,25.77,,0,10.303
NEG_003019,pseudo_negative,0,Nagaland,26.7724,95.133624,2005-11-21,,,,1087.0,10.63,,76,2.587
NEG_003020,pseudo_negative,0,Nagaland,26.905012,93.573913,2020-06-19,,,,94.0,6.04,,0,12.989
NEG_003021,pseudo_negative,0,Nagaland,26.862116,93.947913,2012-07-09,,,,77.0,1.68,,0,29.636
NEG_003022,pseudo_negative,0,Nagaland,26.807646,93.990982,2007-08-19,,,,81.0,1.68,,0,36.938
NEG_003023,pseudo_negative,0,Nagaland,26.906548,94.239762,2014-07-02,,,,84.0,2.38,,0,35.51
NEG_003024,pseudo_negative,0,Nagaland,26.879116,94.551374,2005-10-20,,,,100.0,1.68,,0,20.683
NEG_003025,pseudo_negative,0,Nagaland,26.936954,94.680056,2024-08-20,,,,94.0,1.68,,0,24.265
NEG_003026,pseudo_negative,0,Nagaland,26.973041,94.908457,2017-06-20,,,,106.0,1.68,,0,21.035
NEG_003027,pseudo_negative,0,Nagaland,26.927583,95.230504,2008-05-29,,,,434.0,27.14,,0,11.366
NEG_003028,pseudo_negative,0,Nagaland,25.364193,93.683209,2017-11-19,,,,355.0,5.23,,2,8.953
NEG_003029,pseudo_negative,0,Nagaland,25.386959,93.919526,2016-05-22,,,,2015.0,34.16,,0,10.825
NEG_003030,pseudo_negative,0,Nagaland,25.348089,94.104305,2023-09-05,,,,1255.0,26.95,,42,2.652
NEG_003031,pseudo_negative,0,Nagaland,25.437447,94.271669,2013-11-09,,,,2324.0,28.74,,4,5.696
NEG_003032,pseudo_negative,0,Nagaland,25.481361,94.727216,2011-08-30,,,,2119.0,20.13,,11,7.034
NEG_003033,pseudo_negative,0,Nagaland,25.429758,94.876322,2023-08-09,,,,1684.0,30.37,,0,15.619
NEG_003034,pseudo_negative,0,Nagaland,25.39131,95.19088,2022-07-30,,,,227.0,8.4,,0,37.239
NEG_003035,pseudo_negative,0,Nagaland,25.549555,93.664102,2020-09-01,,,,730.0,5.97,,35,3.922
NEG_003036,pseudo_negative,0,Nagaland,25.647528,94.064026,2017-05-11,,,,1923.0,33.29,,243,1.349
NEG_003037,pseudo_negative,0,Nagaland,25.55745,94.454977,2006-07-06,,,,941.0,32.33,,13,5.693
NEG_003038,pseudo_negative,0,Nagaland,25.550829,94.960972,2007-07-09,,,,1181.0,31.94,,2,8.668
NEG_003039,pseudo_negative,0,Nagaland,25.570859,95.191207,2015-05-30,,,,962.0,18.69,,0,30.292
NEG_003040,pseudo_negative,0,Nagaland,25.934674,93.590321,2019-08-18,,,,197.0,12.49,,4,9.179
NEG_003041,pseudo_negative,0,Nagaland,25.778229,93.832345,2009-08-03,,,,278.0,13.94,,61,1.252
NEG_003042,pseudo_negative,0,Nagaland,25.793735,94.368249,2012-08-05,,,,1447.0,23.95,,37,2.32
NEG_003043,pseudo_negative,0,Nagaland,25.75637,94.742701,2023-07-08,,,,864.0,28.69,,36,2.997
NEG_003044,pseudo_negative,0,Nagaland,25.940124,94.885456,2026-05-02,,,,698.0,39.23,,21,4.993
NEG_003045,pseudo_negative,0,Nagaland,25.761638,95.133497,2019-06-23,,,,2321.0,36.67,,0,16.937
NEG_003046,pseudo_negative,0,Nagaland,25.97466,93.658528,2009-07-10,,,,197.0,0.0,,1,7.465
NEG_003047,pseudo_negative,0,Nagaland,26.138174,93.799178,2020-09-16,,,,129.0,4.71,,0,14.788
NEG_003048,pseudo_negative,0,Nagaland,26.08794,94.114846,2024-07-24,,,,356.0,27.71,,20,1.418
NEG_003049,pseudo_negative,0,Nagaland,26.055638,94.323992,2010-08-22,,,,617.0,18.76,,68,1.434
NEG_003050,pseudo_negative,0,Nagaland,26.023695,94.563889,2006-05-08,,,,1027.0,6.18,,77,1.363
NEG_003051,pseudo_negative,0,Nagaland,26.016023,94.655833,2009-05-21,,,,1677.0,28.33,,49,2.249
NEG_003052,pseudo_negative,0,Nagaland,26.080629,94.928102,2019-05-05,,,,912.0,18.71,,6,6.586
NEG_003053,pseudo_negative,0,Nagaland,26.052663,95.19183,2011-05-13,,,,2538.0,15.03,,0,11.045
NEG_003054,pseudo_negative,0,Nagaland,26.213148,93.540564,2020-11-01,,,,1047.0,15.05,,0,21.72
NEG_003055,pseudo_negative,0,Nagaland,26.171921,93.763191,2013-08-27,,,,154.0,2.36,,0,18.943
NEG_003056,pseudo_negative,0,Nagaland,26.242407,94.092696,2012-05-29,,,,213.0,16.72,,19,2.183
NEG_003057,pseudo_negative,0,Nagaland,26.202489,94.354564,2005-12-25,,,,630.0,5.0,,22,5.946
NEG_003058,pseudo_negative,0,Nagaland,26.217056,94.589042,2014-08-11,,,,1067.0,32.58,,33,3.458
NEG_003059,pseudo_negative,0,Nagaland,26.3351,94.637878,2008-07-07,,,,464.0,4.13,,17,4.06
NEG_003060,pseudo_negative,0,Nagaland,26.327024,94.834216,2020-06-26,,,,1691.0,25.29,,36,1.856
NEG_003061,pseudo_negative,0,Nagaland,26.236214,95.106814,2010-05-29,,,,2025.0,32.72,,29,2.426
NEG_003062,pseudo_negative,0,Nagaland,26.478606,93.55202,2015-09-28,,,,436.0,21.47,,1,9.202
NEG_003063,pseudo_negative,0,Nagaland,26.407955,93.800568,2016-06-12,,,,139.0,1.67,,7,6.127
NEG_003064,pseudo_negative,0,Nagaland,26.529047,94.07443,2022-08-14,,,,94.0,0.0,,0,25.714
NEG_003065,pseudo_negative,0,Nagaland,26.454448,94.196298,2007-06-04,,,,202.0,17.47,,0,16.015
NEG_003066,pseudo_negative,0,Nagaland,26.48454,94.413917,2017-05-18,,,,302.0,10.08,,36,2.349
NEG_003067,pseudo_negative,0,Nagaland,26.503744,94.607067,2010-05-15,,,,393.0,13.26,,8,5.509
NEG_003068,pseudo_negative,0,Nagaland,26.428019,94.820515,2011-08-15,,,,1703.0,37.56,,23,4.301
NEG_003069,pseudo_negative,0,Nagaland,26.38023,95.192288,2019-07-19,,,,1651.0,27.73,,0,14.35
NEG_003070,pseudo_negative,0,Nagaland,26.691356,93.592618,2015-09-22,,,,67.0,0.0,,0,11.399
NEG_003071,pseudo_negative,0,Nagaland,26.728448,93.794446,2010-05-21,,,,81.0,1.68,,0,21.538
NEG_003072,pseudo_negative,0,Nagaland,26.66976,93.952951,2024-08-07,,,,98.0,6.03,,0,30.712
NEG_003073,pseudo_negative,0,Nagaland,26.748398,94.179174,2015-08-18,,,,95.0,0.0,,0,22.97
NEG_003074,pseudo_negative,0,Nagaland,26.76044,94.526402,2016-05-04,,,,108.0,7.09,,3,8.197
NEG_003075,pseudo_negative,0,Nagaland,26.759592,95.016193,2016-06-29,,,,510.0,14.15,,83,1.986
NEG_003076,pseudo_negative,0,Nagaland,26.715732,95.176677,2015-05-02,,,,880.0,20.85,,16,2.516
NEG_003077,pseudo_negative,0,Nagaland,26.817378,93.600166,2024-10-30,,,,76.0,1.68,,0,20.739
NEG_003078,pseudo_negative,0,Nagaland,26.835361,93.85078,2012-05-06,,,,74.0,5.03,,0,30.116
NEG_003079,pseudo_negative,0,Nagaland,26.78796,94.091309,2016-09-20,,,,87.0,2.37,,0,32.36
NEG_003080,pseudo_negative,0,Nagaland,26.955334,94.203177,2012-05-24,,,,83.0,3.76,,0,40.964
NEG_003081,pseudo_negative,0,Nagaland,26.852023,94.49622,2008-05-02,,,,92.0,2.38,,0,18.808
NEG_003082,pseudo_negative,0,Nagaland,26.830732,94.62853,2014-06-29,,,,100.0,3.75,,0,12.747
NEG_003083,pseudo_negative,0,Nagaland,26.878473,95.03259,2025-06-17,,,,337.0,22.78,,38,5.753
NEG_003084,pseudo_negative,0,Nagaland,26.96742,95.081441,2016-07-06,,,,122.0,1.68,,0,13.491
NEG_003085,pseudo_negative,0,Nagaland,25.410512,93.692301,2016-08-02,,,,516.0,27.69,,10,6.768
NEG_003086,pseudo_negative,0,Nagaland,25.469318,93.946311,2026-05-05,,,,1036.0,16.24,,21,4.177
NEG_003087,pseudo_negative,0,Nagaland,25.515339,94.088719,2010-05-02,,,,2072.0,13.51,,66,4.291
NEG_003088,pseudo_negative,0,Nagaland,25.484833,94.291257,2009-10-18,,,,2047.0,10.5,,17,7.018
NEG_003089,pseudo_negative,0,Nagaland,25.371871,94.419449,2007-11-19,,,,1481.0,21.78,,5,4.129
NEG_003090,pseudo_negative,0,Nagaland,25.376884,94.748247,2014-05-05,,,,1458.0,20.11,,0,12.036
NEG_003091,pseudo_negative,0,Nagaland,25.508919,94.842651,2021-09-01,,,,1752.0,37.0,,33,7.651
NEG_003092,pseudo_negative,0,Nagaland,25.397067,95.119094,2023-05-25,,,,245.0,3.71,,0,30.982
NEG_003093,pseudo_negative,0,Nagaland,25.664313,93.587782,2015-08-04,,,,260.0,11.6,,0,10.289
NEG_003094,pseudo_negative,0,Nagaland,25.720075,94.13594,2005-05-10,,,,1415.0,28.14,,242,1.902
NEG_003095,pseudo_negative,0,Nagaland,25.714631,94.266497,2021-09-22,,,,1102.0,22.7,,77,3.728
NEG_003096,pseudo_negative,0,Nagaland,25.586983,94.410513,2009-08-20,,,,1058.0,45.07,,39,2.35
NEG_003097,pseudo_negative,0,Nagaland,25.585429,94.727365,2008-06-24,,,,2005.0,35.66,,54,3.471
NEG_003098,pseudo_negative,0,Nagaland,25.579643,94.973887,2015-11-24,,,,1324.0,26.98,,2,8.673
NEG_003099,pseudo_negative,0,Nagaland,25.559985,95.225591,2010-08-24,,,,446.0,15.38,,0,33.869
NEG_003100,pseudo_negative,0,Nagaland,25.801841,93.524798,2011-05-16,,,,214.0,5.25,,10,6.217
NEG_003101,pseudo_negative,0,Nagaland,25.79702,93.936631,2019-11-05,,,,916.0,20.75,,60,1.868
NEG_003102,pseudo_negative,0,Nagaland,25.841426,94.133611,2024-08-09,,,,1002.0,4.14,,61,1.574
NEG_003103,pseudo_negative,0,Nagaland,25.852379,94.368371,2016-05-06,,,,820.0,12.87,,43,1.651
NEG_003104,pseudo_negative,0,Nagaland,25.933804,94.405944,2024-05-20,,,,844.0,26.38,,31,1.774
NEG_003105,pseudo_negative,0,Nagaland,25.752854,94.730055,2016-07-18,,,,498.0,20.6,,32,2.043
NEG_003106,pseudo_negative,0,Nagaland,25.835168,94.97764,2008-05-31,,,,1906.0,23.41,,26,2.009
NEG_003107,pseudo_negative,0,Nagaland,25.803996,95.10318,2014-06-23,,,,2339.0,23.37,,0,12.818
NEG_003108,pseudo_negative,0,Nagaland,26.084831,93.616397,2009-09-19,,,,636.0,19.39,,0,18.351
NEG_003109,pseudo_negative,0,Nagaland,26.051072,93.83892,2014-07-09,,,,132.0,2.36,,2,9.213
NEG_003110,pseudo_negative,0,Nagaland,25.998851,94.134755,2026-05-13,,,,473.0,31.25,,16,2.741
NEG_003111,pseudo_negative,0,Nagaland,25.994193,94.284146,2009-06-28,,,,1167.0,31.84,,28,1.994
NEG_003112,pseudo_negative,0,Nagaland,26.145223,94.783686,2007-08-05,,,,1634.0,30.31,,20,4.575
NEG_003113,pseudo_negative,0,Nagaland,26.108722,94.983185,2024-08-16,,,,977.0,27.53,,28,4.257
NEG_003114,pseudo_negative,0,Nagaland,26.163546,93.599883,2020-06-02,,,,646.0,18.05,,0,22.499
NEG_003115,pseudo_negative,0,Nagaland,26.323922,93.91872,2022-05-02,,,,114.0,0.0,,0,13.101
NEG_003116,pseudo_negative,0,Nagaland,26.290924,94.060478,2008-09-05,,,,127.0,3.34,,15,4.938
NEG_003117,pseudo_negative,0,Nagaland,26.196841,94.185469,2010-08-24,,,,643.0,23.63,,62,2.004
NEG_003118,pseudo_negative,0,Nagaland,26.233768,94.534527,2007-04-28,,,,1122.0,3.1,,38,1.705
NEG_003119,pseudo_negative,0,Nagaland,26.282169,94.648123,2021-07-15,,,,987.0,24.94,,11,3.812
NEG_003120,pseudo_negative,0,Nagaland,26.232842,94.858301,2008-06-25,,,,1943.0,31.65,,47,3.882
NEG_003121,pseudo_negative,0,Nagaland,26.336024,95.110016,2014-07-27,,,,1521.0,17.53,,6,8.285
NEG_003122,pseudo_negative,0,Nagaland,26.439457,93.672206,2025-07-25,,,,364.0,17.54,,0,12.103
NEG_003123,pseudo_negative,0,Nagaland,26.447715,93.861024,2015-07-19,,,,109.0,3.74,,0,13.022
NEG_003124,pseudo_negative,0,Nagaland,26.516662,94.038799,2023-08-15,,,,96.0,2.37,,0,25.114
NEG_003125,pseudo_negative,0,Nagaland,26.564222,94.224932,2023-05-08,,,,118.0,3.35,,0,12.114
NEG_003126,pseudo_negative,0,Nagaland,26.502505,94.481856,2019-05-13,,,,1017.0,35.83,,8,3.782
NEG_003127,pseudo_negative,0,Nagaland,26.544361,94.696767,2023-05-19,,,,565.0,29.94,,16,2.098
NEG_003128,pseudo_negative,0,Nagaland,26.435664,95.135573,2009-06-08,,,,1709.0,16.37,,6,8.32
NEG_003129,pseudo_negative,0,Nagaland,26.568251,93.595902,2020-05-04,,,,257.0,28.89,,4,3.22
NEG_003130,pseudo_negative,0,Nagaland,26.567887,93.886743,2023-08-29,,,,95.0,5.01,,0,22.266
NEG_003131,pseudo_negative,0,Nagaland,26.586915,94.166336,2013-07-31,,,,96.0,2.37,,0,17.329
NEG_003132,pseudo_negative,0,Nagaland,26.589336,94.324392,2013-09-29,,,,144.0,6.88,,20,1.953
NEG_003133,pseudo_negative,0,Nagaland,26.696485,94.516822,2019-05-31,,,,213.0,8.49,,5,2.55
NEG_003134,pseudo_negative,0,Nagaland,26.597987,94.780571,2009-06-05,,,,919.0,58.75,,13,1.828
NEG_003135,pseudo_negative,0,Nagaland,26.625368,94.869779,2022-07-01,,,,486.0,30.35,,0,10.045
NEG_003136,pseudo_negative,0,Nagaland,26.650216,95.152588,2010-11-10,,,,855.0,23.51,,26,2.72
NEG_003137,pseudo_negative,0,Nagaland,26.897186,93.727805,2025-01-11,,,,78.0,0.0,,0,18.156
NEG_003138,pseudo_negative,0,Nagaland,26.936598,93.915063,2008-08-02,,,,82.0,3.36,,0,20.751
NEG_003139,pseudo_negative,0,Nagaland,26.911644,93.983889,2021-05-18,,,,84.0,3.75,,0,26.646
NEG_003140,pseudo_negative,0,Nagaland,26.777884,94.355993,2005-09-15,,,,98.0,3.75,,0,19.789
NEG_003141,pseudo_negative,0,Nagaland,26.924484,94.599596,2025-07-14,,,,93.0,3.36,,0,23.555
NEG_003142,pseudo_negative,0,Nagaland,26.83294,94.736108,2006-08-16,,,,108.0,6.04,,0,12.939
NEG_003143,pseudo_negative,0,Nagaland,26.848453,94.845436,2021-09-26,,,,188.0,18.15,,0,11.126
NEG_003144,pseudo_negative,0,Nagaland,26.847309,95.182587,2025-08-16,,,,505.0,20.87,,0,10.088
NEG_003145,pseudo_negative,0,Nagaland,25.402799,93.635801,2008-05-02,,,,1397.0,5.96,,2,8.663
NEG_003146,pseudo_negative,0,Nagaland,25.48407,93.818682,2026-05-02,,,,803.0,36.26,,24,6.961
NEG_003147,pseudo_negative,0,Nagaland,25.407253,94.107589,2008-08-12,,,,1333.0,19.22,,54,2.421
NEG_003148,pseudo_negative,0,Nagaland,25.499903,94.242325,2012-05-25,,,,1973.0,24.43,,29,4.064
NEG_003149,pseudo_negative,0,Nagaland,25.408018,94.405858,2026-05-02,,,,1396.0,32.7,,5,4.669
NEG_003150,pseudo_negative,0,Nagaland,25.343577,94.781633,2017-11-17,,,,1421.0,30.83,,0,16.259
NEG_003151,pseudo_negative,0,Nagaland,25.433484,94.95307,2021-07-06,,,,1149.0,12.44,,0,17.001
NEG_003152,pseudo_negative,0,Nagaland,25.401797,95.234708,2023-05-29,,,,195.0,4.97,,0,40.471
NEG_003153,pseudo_negative,0,Nagaland,25.658047,93.657968,2007-05-18,,,,361.0,11.82,,5,5.235
NEG_003154,pseudo_negative,0,Nagaland,25.665078,93.908947,2007-07-11,,,,1255.0,37.07,,23,2.556
NEG_003155,pseudo_negative,0,Nagaland,25.552089,94.213623,2007-09-09,,,,1218.0,14.07,,102,2.217
NEG_003156,pseudo_negative,0,Nagaland,25.613161,94.822815,2014-05-30,,,,899.0,23.98,,78,1.189
NEG_003157,pseudo_negative,0,Nagaland,25.635289,95.087023,2008-09-23,,,,2223.0,16.49,,0,19.969
NEG_003158,pseudo_negative,0,Nagaland,25.819307,93.662351,2011-09-28,,,,159.0,6.84,,9,3.57
NEG_003159,pseudo_negative,0,Nagaland,25.822976,93.831635,2015-04-27,,,,218.0,5.25,,51,2.56
NEG_003160,pseudo_negative,0,Nagaland,25.796077,94.520765,2021-06-06,,,,1291.0,29.98,,24,1.079
NEG_003161,pseudo_negative,0,Nagaland,25.83377,94.650272,2022-05-31,,,,1611.0,38.15,,18,5.128
NEG_003162,pseudo_negative,0,Nagaland,25.913254,94.91878,2016-05-05,,,,1421.0,11.69,,18,3.352
NEG_003163,pseudo_negative,0,Nagaland,25.840697,95.109767,2010-11-08,,,,1745.0,35.29,,0,13.645
NEG_003164,pseudo_negative,0,Nagaland,26.040555,93.720801,2005-05-06,,,,156.0,3.73,,1,9.542
NEG_003165,pseudo_negative,0,Nagaland,26.068082,93.794536,2019-05-06,,,,130.0,2.36,,0,13.34
NEG_003166,pseudo_negative,0,Nagaland,25.960223,94.115211,2022-11-09,,,,677.0,7.44,,40,2.753
NEG_003167,pseudo_negative,0,Nagaland,25.982396,94.245202,2019-07-12,,,,1189.0,35.84,,29,2.364
NEG_003168,pseudo_negative,0,Nagaland,26.125069,94.565235,2014-06-01,,,,1241.0,18.71,,45,2.561
NEG_003169,pseudo_negative,0,Nagaland,26.116208,94.600999,2016-05-17,,,,1875.0,15.76,,52,3.342
NEG_003170,pseudo_negative,0,Nagaland,26.030053,94.908014,2025-11-12,,,,637.0,15.13,,3,4.401
NEG_003171,pseudo_negative,0,Nagaland,26.055722,95.228722,2006-06-22,,,,2527.0,23.41,,0,14.614
NEG_003172,pseudo_negative,0,Nagaland,26.254338,93.604284,2008-05-26,,,,827.0,25.23,,0,16.631
NEG_003173,pseudo_negative,0,Nagaland,26.346237,93.861674,2012-07-19,,,,144.0,3.74,,4,7.306
NEG_003174,pseudo_negative,0,Nagaland,26.266982,94.096728,2013-05-21,,,,176.0,9.65,,19,2.881
NEG_003175,pseudo_negative,0,Nagaland,26.272781,94.245241,2026-07-20,,,,818.0,37.26,,46,2.368
NEG_003176,pseudo_negative,0,Nagaland,26.246753,94.720174,2021-08-21,,,,1192.0,18.64,,25,3.961
NEG_003177,pseudo_negative,0,Nagaland,26.307331,94.861846,2019-08-04,,,,835.0,22.32,,39,1.404
NEG_003178,pseudo_negative,0,Nagaland,26.200885,95.058116,2018-06-04,,,,1018.0,22.21,,50,3.158
NEG_003179,pseudo_negative,0,Nagaland,26.565247,93.553998,2021-11-09,,,,101.0,8.95,,6,3.282
NEG_003180,pseudo_negative,0,Nagaland,26.559337,93.785665,2016-05-28,,,,100.0,2.37,,0,12.318
NEG_003181,pseudo_negative,0,Nagaland,26.517466,93.955195,2016-05-13,,,,101.0,10.48,,0,25.056
NEG_003182,pseudo_negative,0,Nagaland,26.505528,94.172045,2012-08-15,,,,100.0,8.31,,0,18.784
NEG_003183,pseudo_negative,0,Nagaland,26.369125,94.578776,2008-05-12,,,,1444.0,33.65,,17,1.751
NEG_003184,pseudo_negative,0,Nagaland,26.406221,94.674225,2019-07-07,,,,767.0,34.01,,14,2.073
NEG_003185,pseudo_negative,0,Nagaland,26.490778,94.910852,2008-09-13,,,,574.0,19.79,,24,6.125
NEG_003186,pseudo_negative,0,Nagaland,26.421899,95.167977,2019-05-28,,,,1011.0,28.31,,0,11.368
NEG_003187,pseudo_negative,0,Nagaland,26.695593,93.724943,2018-11-16,,,,81.0,3.75,,0,14.746
NEG_003188,pseudo_negative,0,Nagaland,26.631292,93.858187,2011-01-10,,,,91.0,3.74,,0,20.412
NEG_003189,pseudo_negative,0,Nagaland,26.773912,94.004282,2010-08-31,,,,81.0,1.68,,0,38.554
NEG_003190,pseudo_negative,0,Nagaland,26.754535,94.377675,2025-12-18,,,,106.0,1.68,,0,17.402
NEG_003191,pseudo_negative,0,Nagaland,26.726187,94.49801,2012-05-21,,,,141.0,7.08,,3,6.295
NEG_003192,pseudo_negative,0,Nagaland,26.569241,94.656472,2022-05-14,,,,278.0,15.09,,9,2.779
NEG_003193,pseudo_negative,0,Nagaland,26.673624,94.95939,2022-11-20,,,,540.0,15.11,,30,4.6
NEG_003194,pseudo_negative,0,Nagaland,26.767481,95.2259,2009-05-20,,,,1057.0,19.5,,3,4.959
NEG_003195,pseudo_negative,0,Nagaland,26.970254,93.557803,2018-06-05,,,,274.0,17.54,,1,9.345
NEG_003196,pseudo_negative,0,Nagaland,26.893504,93.88352,2015-09-01,,,,81.0,3.36,,0,24.239
NEG_003197,pseudo_negative,0,Nagaland,26.81079,94.01648,2021-06-10,,,,84.0,0.0,,0,37.825
NEG_003198,pseudo_negative,0,Nagaland,26.932261,94.177426,2006-04-06,,,,87.0,1.68,,0,39.825
NEG_003199,pseudo_negative,0,Nagaland,26.935982,94.597438,2009-08-21,,,,94.0,3.75,,0,24.847
NEG_003200,pseudo_negative,0,Nagaland,26.962911,94.656076,2026-07-03,,,,95.0,6.04,,0,27.079
NEG_003201,pseudo_negative,0,Nagaland,26.828497,94.914668,2014-06-14,,,,186.0,11.71,,2,8.808
NEG_003202,pseudo_negative,0,Nagaland,26.875392,95.115525,2026-10-04,,,,176.0,0.0,,39,4.89
NEG_003203,pseudo_negative,0,Nagaland,25.467367,93.528931,2023-05-04,,,,622.0,20.64,,5,4.179
NEG_003204,pseudo_negative,0,Nagaland,25.334652,93.748959,2021-10-05,,,,1249.0,14.52,,0,12.415
NEG_003205,pseudo_negative,0,Nagaland,25.493713,94.121692,2009-08-20,,,,1937.0,41.5,,76,2.075
NEG_003206,pseudo_negative,0,Nagaland,25.475088,94.360836,2021-08-23,,,,1855.0,31.74,,4,3.958
NEG_003207,pseudo_negative,0,Nagaland,25.488701,94.505044,2012-05-07,,,,1048.0,19.42,,34,2.585
NEG_003208,pseudo_negative,0,Nagaland,25.356973,94.822302,2006-11-10,,,,1004.0,25.07,,0,19.764
NEG_003209,pseudo_negative,0,Nagaland,25.400474,95.085418,2024-06-13,,,,534.0,6.81,,0,28.156
NEG_003210,pseudo_negative,0,Nagaland,25.6692,93.657166,2019-07-01,,,,323.0,4.69,,7,4.233
NEG_003211,pseudo_negative,0,Nagaland,25.53687,93.882631,2013-11-29,,,,1645.0,51.14,,40,1.453
NEG_003212,pseudo_negative,0,Nagaland,25.572047,94.112936,2009-10-25,,,,1741.0,11.39,,102,2.633
NEG_003213,pseudo_negative,0,Nagaland,25.583229,94.266041,2018-04-07,,,,1670.0,22.33,,88,1.887
NEG_003214,pseudo_negative,0,Nagaland,25.666115,94.478044,2018-10-08,,,,1180.0,26.9,,43,1.423
NEG_003215,pseudo_negative,0,Nagaland,25.632221,94.815993,2021-10-25,,,,1014.0,29.81,,83,1.038
NEG_003216,pseudo_negative,0,Nagaland,25.689839,94.840048,2007-11-02,,,,855.0,32.35,,38,1.096
NEG_003217,pseudo_negative,0,Nagaland,25.558036,95.117919,2007-05-19,,,,326.0,10.01,,0,23.27
NEG_003218,pseudo_negative,0,Nagaland,25.783627,93.620797,2007-08-12,,,,162.0,4.7,,12,4.573
NEG_003219,pseudo_negative,0,Nagaland,25.752456,93.841857,2018-08-06,,,,295.0,5.25,,68,2.932
NEG_003220,pseudo_negative,0,Nagaland,25.760993,93.995109,2025-05-25,,,,837.0,20.0,,124,1.814
NEG_003221,pseudo_negative,0,Nagaland,25.889831,94.227608,2019-06-08,,,,1326.0,28.81,,46,1.267
NEG_003222,pseudo_negative,0,Nagaland,25.787461,94.716974,2018-09-12,,,,1126.0,21.83,,28,2.327
NEG_003223,pseudo_negative,0,Nagaland,25.942413,94.930989,2014-06-14,,,,698.0,11.57,,9,6.701
NEG_003224,pseudo_negative,0,Nagaland,25.938863,95.137821,2009-11-06,,,,1663.0,16.22,,0,12.998
NEG_003225,pseudo_negative,0,Nagaland,26.143796,93.6142,2024-08-11,,,,524.0,8.92,,0,22.741
NEG_003226,pseudo_negative,0,Nagaland,26.116413,93.84397,2019-06-10,,,,126.0,2.36,,2,9.705
NEG_003227,pseudo_negative,0,Nagaland,26.105974,94.191265,2010-09-12,,,,482.0,21.4,,46,2.175
NEG_003228,pseudo_negative,0,Nagaland,26.028255,94.44849,2005-05-30,,,,681.0,29.25,,40,1.199
NEG_003229,pseudo_negative,0,Nagaland,26.128019,94.614377,2007-08-13,,,,1727.0,6.24,,37,1.878
NEG_003230,pseudo_negative,0,Nagaland,26.021185,94.932725,2012-07-07,,,,1355.0,27.71,,2,6.92
NEG_003231,pseudo_negative,0,Nagaland,25.972319,95.205449,2026-07-19,,,,1885.0,22.17,,0,15.074
NEG_003232,pseudo_negative,0,Nagaland,26.163258,93.628047,2014-05-18,,,,722.0,15.04,,0,23.036
NEG_003233,pseudo_negative,0,Nagaland,26.292527,93.752787,2023-08-07,,,,236.0,16.27,,7,6.245
NEG_003234,pseudo_negative,0,Nagaland,26.182465,94.005468,2019-08-21,,,,124.0,2.36,,4,6.023
NEG_003235,pseudo_negative,0,Nagaland,26.162599,94.195942,2010-08-14,,,,294.0,20.76,,72,2.257
NEG_003236,pseudo_negative,0,Nagaland,26.246082,94.524656,2016-11-23,,,,697.0,20.09,,40,3.262
NEG_003237,pseudo_negative,0,Nagaland,26.224521,94.636219,2022-05-09,,,,1005.0,29.26,,34,3.778
NEG_003238,pseudo_negative,0,Nagaland,26.233727,95.00579,2007-05-11,,,,2187.0,28.48,,44,1.885
NEG_003239,pseudo_negative,0,Nagaland,26.26037,95.247789,2024-09-06,,,,1811.0,34.16,,0,14.258
NEG_003240,pseudo_negative,0,Nagaland,26.530295,93.606766,2010-07-20,,,,474.0,16.07,,4,7.307
NEG_003241,pseudo_negative,0,Nagaland,26.413871,93.828315,2015-08-03,,,,120.0,3.74,,4,8.051
NEG_003242,pseudo_negative,0,Nagaland,26.531506,94.01884,2019-05-18,,,,99.0,1.68,,0,27.296
NEG_003243,pseudo_negative,0,Nagaland,26.385883,94.312043,2008-09-05,,,,233.0,1.67,,17,6.365
NEG_003244,pseudo_negative,0,Nagaland,26.415827,94.561721,2014-06-12,,,,633.0,12.9,,8,2.539
NEG_003245,pseudo_negative,0,Nagaland,26.515191,94.711272,2019-10-07,,,,722.0,30.63,,17,2.442
NEG_003246,pseudo_negative,0,Nagaland,26.430021,94.839368,2006-07-13,,,,1193.0,21.64,,26,2.416
NEG_003247,pseudo_negative,0,Nagaland,26.485995,95.213991,2005-05-17,,,,1537.0,30.47,,0,13.259
NEG_003248,pseudo_negative,0,Nagaland,26.621252,93.541801,2018-05-23,,,,88.0,3.35,,5,3.063
NEG_003249,pseudo_negative,0,Nagaland,26.692669,93.865246,2007-05-25,,,,80.0,1.68,,0,24.02
NEG_003250,pseudo_negative,0,Nagaland,26.609059,94.149022,2007-07-18,,,,91.0,5.02,,0,19.014
NEG_003251,pseudo_negative,0,Nagaland,26.722108,94.363693,2010-11-08,,,,114.0,3.35,,0,13.646
NEG_003252,pseudo_negative,0,Nagaland,26.589508,94.596132,2015-05-06,,,,222.0,11.69,,8,4.678
NEG_003253,pseudo_negative,0,Nagaland,26.586997,94.774705,2008-06-30,,,,668.0,17.56,,14,1.12
NEG_003254,pseudo_negative,0,Nagaland,26.634522,94.877461,2025-09-05,,,,656.0,39.5,,1,9.335
NEG_003255,pseudo_negative,0,Nagaland,26.579552,95.242564,2023-05-29,,,,1239.0,6.02,,0,10.459
NEG_003256,pseudo_negative,0,Nagaland,26.884356,93.734646,2018-08-27,,,,76.0,6.9,,0,19.716
NEG_003257,pseudo_negative,0,Nagaland,26.779131,93.750974,2011-06-24,,,,84.0,6.89,,0,24.278
NEG_003258,pseudo_negative,0,Nagaland,26.913182,94.112187,2012-05-14,,,,85.0,1.68,,0,35.543
NEG_003259,pseudo_negative,0,Nagaland,26.854717,94.356887,2007-05-11,,,,88.0,2.38,,0,26.248
NEG_003260,pseudo_negative,0,Nagaland,26.973508,94.531922,2013-09-17,,,,89.0,3.36,,0,30.916
NEG_003261,pseudo_negative,0,Nagaland,26.859794,94.81393,2026-05-27,,,,110.0,0.0,,0,12.31
NEG_003262,pseudo_negative,0,Nagaland,26.85147,94.876761,2025-08-21,,,,268.0,32.75,,0,12.336
NEG_003263,pseudo_negative,0,Nagaland,26.8829,95.242146,2014-09-15,,,,986.0,22.93,,2,8.642
NEG_003264,pseudo_negative,0,Nagaland,25.458406,93.632027,2022-08-02,,,,1191.0,15.37,,21,4.663
NEG_003265,pseudo_negative,0,Nagaland,25.45519,93.763188,2017-07-25,,,,1466.0,50.93,,27,2.58
NEG_003266,pseudo_negative,0,Nagaland,25.389105,94.130516,2014-08-11,,,,1151.0,18.58,,50,1.936
NEG_003267,pseudo_negative,0,Nagaland,25.450068,94.17999,2026-05-14,,,,1266.0,17.84,,27,3.56
NEG_003268,pseudo_negative,0,Nagaland,25.324207,94.810463,2025-06-12,,,,827.0,4.68,,0,19.754
NEG_003269,pseudo_negative,0,Nagaland,25.512751,94.922362,2010-08-20,,,,698.0,16.69,,2,7.829
NEG_003270,pseudo_negative,0,Nagaland,25.502673,95.061389,2022-12-03,,,,1093.0,22.88,,0,19.941
NEG_003271,pseudo_negative,0,Nagaland,25.531201,93.673106,2012-07-19,,,,923.0,19.73,,43,2.006
NEG_003272,pseudo_negative,0,Nagaland,25.692432,93.950755,2026-08-02,,,,1193.0,42.7,,91,2.183
NEG_003273,pseudo_negative,0,Nagaland,25.714643,94.267372,2026-10-06,,,,1080.0,22.24,,77,3.778
NEG_003274,pseudo_negative,0,Nagaland,25.725033,94.40628,2015-05-24,,,,1891.0,22.9,,58,2.778
NEG_003275,pseudo_negative,0,Nagaland,25.530753,94.657299,2011-05-27,,,,1436.0,25.98,,13,1.76
NEG_003276,pseudo_negative,0,Nagaland,25.556474,94.976924,2006-05-13,,,,636.0,35.53,,0,10.006
NEG_003277,pseudo_negative,0,Nagaland,25.577087,95.205125,2025-08-20,,,,867.0,1.66,,0,31.609
NEG_003278,pseudo_negative,0,Nagaland,25.757166,93.619038,2016-05-25,,,,177.0,2.35,,5,6.777
NEG_003279,pseudo_negative,0,Nagaland,25.934838,94.273016,2026-05-19,,,,653.0,24.71,,28,4.763
NEG_003280,pseudo_negative,0,Nagaland,25.86347,94.504821,2026-06-28,,,,1174.0,33.95,,37,1.981
NEG_003281,pseudo_negative,0,Nagaland,25.899169,94.666718,2021-11-18,,,,1482.0,42.93,,34,1.707
NEG_003282,pseudo_negative,0,Nagaland,25.866591,94.970894,2017-11-27,,,,2198.0,4.81,,25,1.856
NEG_003283,pseudo_negative,0,Nagaland,25.780098,95.075678,2011-12-18,,,,2125.0,34.63,,0,10.8
NEG_003284,pseudo_negative,0,Nagaland,26.046111,93.591539,2010-05-17,,,,570.0,5.26,,0,15.31
NEG_003285,pseudo_negative,0,Nagaland,25.981169,93.768387,2007-08-01,,,,140.0,0.0,,1,4.809
NEG_003286,pseudo_negative,0,Nagaland,26.050695,94.2385,2012-06-12,,,,1060.0,16.24,,52,1.122
NEG_003287,pseudo_negative,0,Nagaland,25.945222,94.533576,2008-05-04,,,,1014.0,31.15,,50,3.659
NEG_003288,pseudo_negative,0,Nagaland,25.98389,94.672595,2012-06-05,,,,2002.0,34.97,,42,2.101
NEG_003289,pseudo_negative,0,Nagaland,25.994877,94.830382,2006-06-27,,,,1321.0,31.0,,18,2.867
NEG_003290,pseudo_negative,0,Nagaland,25.964168,95.146089,2022-09-04,,,,2086.0,17.19,,0,11.113
NEG_003291,pseudo_negative,0,Nagaland,26.164693,93.62045,2025-05-30,,,,571.0,16.33,,0,23.259
NEG_003292,pseudo_negative,0,Nagaland,26.193702,93.866007,2012-06-30,,,,123.0,1.67,,0,14.824
NEG_003293,pseudo_negative,0,Nagaland,26.28652,93.985312,2007-05-20,,,,109.0,0.0,,0,10.046
NEG_003294,pseudo_negative,0,Nagaland,26.279183,94.187742,2019-05-17,,,,329.0,8.3,,50,4.326
NEG_003295,pseudo_negative,0,Nagaland,26.293381,94.546405,2007-12-27,,,,770.0,12.51,,26,3.163
NEG_003296,pseudo_negative,0,Nagaland,26.247239,94.745933,2022-11-01,,,,1749.0,25.73,,35,2.594
NEG_003297,pseudo_negative,0,Nagaland,26.279692,94.908239,2013-08-14,,,,2109.0,26.9,,30,4.346
NEG_003298,pseudo_negative,0,Nagaland,26.324875,95.208001,2019-06-16,,,,1195.0,24.56,,0,12.544
NEG_003299,pseudo_negative,0,Nagaland,26.55565,93.657108,2026-08-17,,,,275.0,27.06,,3,2.172
NEG_003300,pseudo_negative,0,Nagaland,26.490142,93.890352,2023-10-18,,,,100.0,0.0,,0,18.542
NEG_003301,pseudo_negative,0,Nagaland,26.53784,94.047995,2022-07-06,,,,101.0,2.37,,0,27.158
NEG_003302,pseudo_negative,0,Nagaland,26.488248,94.281724,2017-05-28,,,,194.0,8.31,,3,7.793
NEG_003303,pseudo_negative,0,Nagaland,26.419078,94.571942,2023-07-30,,,,521.0,23.92,,14,3.32
NEG_003304,pseudo_negative,0,Nagaland,26.39941,94.691828,2018-07-15,,,,430.0,5.56,,14,3.31
NEG_003305,pseudo_negative,0,Nagaland,26.416366,94.884735,2011-08-21,,,,688.0,28.61,,40,1.978
NEG_003306,pseudo_negative,0,Nagaland,26.496831,95.114905,2024-06-11,,,,1540.0,24.09,,20,6.037
NEG_003307,pseudo_negative,0,Nagaland,26.764338,93.605449,2011-07-19,,,,74.0,8.5,,0,19.613
NEG_003308,pseudo_negative,0,Nagaland,26.748784,93.815991,2010-10-14,,,,78.0,1.68,,0,24.636
NEG_003309,pseudo_negative,0,Nagaland,26.600353,94.080864,2010-11-12,,,,89.0,8.32,,0,25.765
NEG_003310,pseudo_negative,0,Nagaland,26.716652,94.170856,2010-08-27,,,,93.0,2.37,,0,21.232
NEG_003311,pseudo_negative,0,Nagaland,26.683361,94.435814,2010-08-05,,,,122.0,2.37,,2,9.504
NEG_003312,pseudo_negative,0,Nagaland,26.658247,94.787232,2019-08-09,,,,306.0,22.18,,9,4.439
NEG_003313,pseudo_negative,0,Nagaland,26.618591,94.954714,2010-06-02,,,,463.0,15.1,,15,1.78
NEG_003314,pseudo_negative,0,Nagaland,26.602787,95.164337,2007-09-10,,,,1865.0,33.97,,30,4.351
NEG_003315,pseudo_negative,0,Nagaland,26.798251,93.640248,2020-04-18,,,,79.0,3.75,,0,24.044
NEG_003316,pseudo_negative,0,Nagaland,26.781938,93.80283,2006-11-19,,,,71.0,0.0,,0,26.925
NEG_003317,pseudo_negative,0,Nagaland,26.79331,94.1044,2025-08-22,,,,86.0,6.89,,0,31.778
NEG_003318,pseudo_negative,0,Nagaland,26.881581,94.377593,2021-09-16,,,,88.0,2.38,,0,27.182
NEG_003319,pseudo_negative,0,Nagaland,26.828948,94.559082,2010-11-30,,,,97.0,1.68,,0,15.393
NEG_003320,pseudo_negative,0,Nagaland,26.837571,94.783889,2007-08-03,,,,105.0,3.75,,0,10.673
NEG_003321,pseudo_negative,0,Nagaland,26.845472,94.959547,2012-01-13,,,,641.0,23.75,,4,6.36
NEG_003322,pseudo_negative,0,Nagaland,26.822464,95.042503,2026-09-13,,,,274.0,25.88,,73,2.976
NEG_003323,pseudo_negative,0,Nagaland,25.474987,93.690556,2026-06-25,,,,832.0,23.17,,39,3.463
NEG_003324,pseudo_negative,0,Nagaland,25.426849,93.846114,2024-08-04,,,,920.0,9.31,,0,11.027
NEG_003325,pseudo_negative,0,Nagaland,25.47129,94.084469,2016-05-24,,,,1680.0,10.3,,60,4.06
NEG_003326,pseudo_negative,0,Nagaland,25.479846,94.213572,2012-05-28,,,,1779.0,22.56,,35,5.23
NEG_003327,pseudo_negative,0,Nagaland,25.423937,94.490108,2018-06-09,,,,1363.0,15.4,,54,1.779
NEG_003328,pseudo_negative,0,Nagaland,25.360354,94.724208,2008-06-28,,,,1134.0,20.63,,0,10.205
NEG_003329,pseudo_negative,0,Nagaland,25.427272,95.003479,2007-09-14,,,,485.0,20.64,,0,20.325
NEG_003330,pseudo_negative,0,Nagaland,25.414474,95.128516,2009-05-05,,,,208.0,8.24,,0,30.591
NEG_003331,pseudo_negative,0,Nagaland,25.656255,93.698862,2020-11-05,,,,330.0,3.32,,7,5.072
NEG_003332,pseudo_negative,0,Nagaland,25.714974,94.146154,2012-05-17,,,,1288.0,20.24,,240,1.611
NEG_003333,pseudo_negative,0,Nagaland,25.673492,94.643157,2014-06-15,,,,903.0,21.44,,17,6.215
NEG_003334,pseudo_negative,0,Nagaland,25.633867,94.940365,2017-11-30,,,,2382.0,30.87,,12,6.037
NEG_003335,pseudo_negative,0,Nagaland,25.673763,95.066577,2017-11-28,,,,1982.0,30.05,,0,16.558
NEG_003336,pseudo_negative,0,Nagaland,25.920884,93.623559,2009-08-06,,,,207.0,7.04,,4,9.296
NEG_003337,pseudo_negative,0,Nagaland,25.817501,93.810684,2022-07-13,,,,272.0,11.95,,36,1.947
NEG_003338,pseudo_negative,0,Nagaland,25.806088,94.101538,2017-07-21,,,,1018.0,12.19,,94,3.273
NEG_003339,pseudo_negative,0,Nagaland,25.748077,94.371046,2024-07-13,,,,1187.0,38.74,,37,1.199
NEG_003340,pseudo_negative,0,Nagaland,25.831512,94.463681,2013-03-21,,,,2122.0,34.51,,53,2.948
NEG_003341,pseudo_negative,0,Nagaland,25.918146,94.623103,2025-08-31,,,,1585.0,31.84,,41,1.88
NEG_003342,pseudo_negative,0,Nagaland,25.750624,94.938742,2017-11-10,,,,1906.0,32.68,,27,4.008
NEG_003343,pseudo_negative,0,Nagaland,25.893651,95.142952,2014-12-14,,,,1194.0,11.04,,0,17.769
NEG_003344,pseudo_negative,0,Nagaland,26.08289,93.631107,2026-06-12,,,,409.0,35.53,,0,17.303
NEG_003345,pseudo_negative,0,Nagaland,26.090783,93.863287,2018-07-27,,,,130.0,2.36,,2,6.773
NEG_003346,pseudo_negative,0,Nagaland,26.06524,94.055583,2017-07-24,,,,441.0,23.93,,39,1.6
NEG_003347,pseudo_negative,0,Nagaland,26.121189,94.239278,2018-11-21,,,,1337.0,9.64,,72,1.698
NEG_003348,pseudo_negative,0,Nagaland,26.103993,94.458834,2017-05-22,,,,784.0,38.94,,36,3.435
NEG_003349,pseudo_negative,0,Nagaland,25.956466,94.772047,2022-04-25,,,,1430.0,41.98,,32,2.141
NEG_003350,pseudo_negative,0,Nagaland,26.141081,94.913548,2009-09-28,,,,1666.0,34.62,,7,4.533
NEG_003351,pseudo_negative,0,Nagaland,26.131298,95.213508,2023-08-31,,,,2099.0,15.46,,0,13.675
NEG_003352,pseudo_negative,0,Nagaland,26.199075,93.60422,2012-05-24,,,,879.0,24.76,,0,20.993
NEG_003353,pseudo_negative,0,Nagaland,26.333695,94.05696,2018-11-26,,,,118.0,5.27,,9,6.48
NEG_003354,pseudo_negative,0,Nagaland,26.239518,94.319174,2006-09-07,,,,546.0,10.06,,22,5.67
NEG_003355,pseudo_negative,0,Nagaland,26.156924,94.69418,2024-09-06,,,,2014.0,32.98,,19,5.993
NEG_003356,pseudo_negative,0,Nagaland,26.353583,95.229822,2026-05-19,,,,925.0,18.81,,0,16.211
NEG_003357,pseudo_negative,0,Nagaland,26.526954,93.671679,2010-06-30,,,,283.0,14.03,,2,5.354
NEG_003358,pseudo_negative,0,Nagaland,26.371628,93.952034,2022-05-26,,,,102.0,3.74,,0,16.641
NEG_003359,pseudo_negative,0,Nagaland,26.510014,93.952532,2005-06-17,,,,91.0,5.01,,0,24.281
NEG_003360,pseudo_negative,0,Nagaland,26.438567,94.221437,2018-07-09,,,,259.0,34.31,,0,13.224
NEG_003361,pseudo_negative,0,Nagaland,26.410928,94.485606,2010-08-18,,,,549.0,27.07,,25,3.042
NEG_003362,pseudo_negative,0,Nagaland,26.499953,94.653273,2010-09-02,,,,873.0,23.28,,15,1.064
NEG_003363,pseudo_negative,0,Nagaland,26.540454,95.028776,2025-08-30,,,,739.0,29.46,,27,4.178
NEG_003364,pseudo_negative,0,Nagaland,26.545011,95.130195,2018-11-24,,,,1739.0,26.79,,19,2.88
NEG_003365,pseudo_negative,0,Sikkim,27.039262,87.993057,2025-06-12,,,,1906.0,41.88,,2,7.505
NEG_003366,pseudo_negative,0,Sikkim,26.989539,88.171339,2021-05-22,,,,1890.0,26.8,,234,1.265
NEG_003367,pseudo_negative,0,Sikkim,27.011632,88.36802,2011-08-17,,,,849.0,38.34,,248,1.814
NEG_003368,pseudo_negative,0,Sikkim,26.992317,88.662463,2010-07-08,,,,583.0,14.89,,144,1.99
NEG_003369,pseudo_negative,0,Sikkim,27.014567,88.788862,2019-06-28,,,,891.0,18.18,,57,2.217
NEG_003370,pseudo_negative,0,Sikkim,27.1268,88.045385,2021-10-23,,,,2584.0,14.1,,114,3.694
NEG_003371,pseudo_negative,0,Sikkim,27.173018,88.68038,2007-05-13,,,,1483.0,20.23,,109,1.583
NEG_003372,pseudo_negative,0,Sikkim,27.122823,88.749508,2010-05-04,,,,2912.0,10.53,,42,2.525
NEG_003373,pseudo_negative,0,Sikkim,27.266033,87.988734,2017-08-14,,,,1991.0,37.86,,5,8.746
NEG_003374,pseudo_negative,0,Sikkim,27.289937,88.163203,2010-08-21,,,,2341.0,22.6,,87,2.174
NEG_003375,pseudo_negative,0,Sikkim,27.236216,88.392955,2022-06-14,,,,1619.0,39.78,,137,1.491
NEG_003376,pseudo_negative,0,Sikkim,27.236618,88.715442,2020-06-11,,,,1186.0,28.06,,51,1.587
NEG_003377,pseudo_negative,0,Sikkim,27.260604,88.870897,2021-05-01,,,,3192.0,51.04,,10,6.127
NEG_003378,pseudo_negative,0,Sikkim,27.352131,87.964214,2011-07-16,,,,3253.0,30.78,,0,13.085
NEG_003379,pseudo_negative,0,Sikkim,27.402691,88.150399,2017-06-01,,,,3588.0,29.65,,11,7.68
NEG_003380,pseudo_negative,0,Sikkim,27.386475,88.227177,2022-07-29,,,,2406.0,30.17,,31,2.616
NEG_003381,pseudo_negative,0,Sikkim,27.305265,88.351687,2015-12-29,,,,1729.0,16.87,,63,1.665
NEG_003382,pseudo_negative,0,Sikkim,27.394533,88.488622,2011-05-24,,,,1593.0,43.34,,40,2.748
NEG_003383,pseudo_negative,0,Sikkim,27.339101,88.66331,2023-07-31,,,,1665.0,27.97,,89,1.759
NEG_003384,pseudo_negative,0,Sikkim,27.351997,88.729683,2007-05-13,,,,3107.0,22.31,,43,2.396
NEG_003385,pseudo_negative,0,Sikkim,27.39402,88.831612,2023-05-22,,,,4162.0,3.77,,14,2.399
NEG_003386,pseudo_negative,0,Sikkim,27.465558,87.976025,2010-07-13,,,,2547.0,45.03,,0,21.574
NEG_003387,pseudo_negative,0,Sikkim,27.484647,88.186531,2023-08-11,,,,3535.0,23.04,,0,14.244
NEG_003388,pseudo_negative,0,Sikkim,27.514864,88.230942,2012-11-26,,,,5122.0,19.55,,0,15.242
NEG_003389,pseudo_negative,0,Sikkim,27.508581,88.393337,2009-07-23,,,,2969.0,46.1,,0,10.738
NEG_003390,pseudo_negative,0,Sikkim,27.479592,88.571594,2005-09-08,,,,2052.0,22.9,,80,3.894
NEG_003391,pseudo_negative,0,Sikkim,27.469048,88.597281,2025-09-20,,,,2751.0,27.29,,88,3.087
NEG_003392,pseudo_negative,0,Sikkim,27.476291,88.808019,2008-11-11,,,,4203.0,25.31,,0,10.29
NEG_003393,pseudo_negative,0,Sikkim,27.485508,88.930578,2017-07-09,,,,3721.0,32.0,,0,16.417
NEG_003394,pseudo_negative,0,Sikkim,27.631625,87.946752,2025-09-13,,,,3996.0,32.94,,0,39.384
NEG_003395,pseudo_negative,0,Sikkim,27.612417,88.175279,2014-11-23,,,,5656.0,31.93,,0,27.391
NEG_003396,pseudo_negative,0,Sikkim,27.58397,88.273337,2019-08-27,,,,3686.0,16.29,,0,21.205
NEG_003397,pseudo_negative,0,Sikkim,27.538072,88.367592,2024-08-18,,,,3757.0,30.11,,0,12.859
NEG_003398,pseudo_negative,0,Sikkim,27.589219,88.546603,2010-05-26,,,,3273.0,49.23,,45,4.817
NEG_003399,pseudo_negative,0,Sikkim,27.597622,88.645536,2026-07-08,,,,1867.0,43.17,,54,1.163
NEG_003400,pseudo_negative,0,Sikkim,27.589798,88.805469,2024-05-15,,,,4603.0,14.16,,0,10.607
NEG_003401,pseudo_negative,0,Sikkim,27.5827,88.934993,2013-06-18,,,,4081.0,25.32,,0,22.394
NEG_003402,pseudo_negative,0,Sikkim,27.748786,87.960046,2010-07-11,,,,4284.0,13.0,,0,50.381
NEG_003403,pseudo_negative,0,Sikkim,27.727587,88.173264,2011-09-02,,,,5979.0,8.41,,0,36.464
NEG_003404,pseudo_negative,0,Sikkim,27.725566,88.307648,2016-09-28,,,,5788.0,48.09,,0,23.308
NEG_003405,pseudo_negative,0,Sikkim,27.66413,88.36085,2008-08-30,,,,4603.0,26.82,,0,19.69
NEG_003406,pseudo_negative,0,Sikkim,27.743368,88.667159,2009-05-28,,,,4127.0,20.5,,3,9.477
NEG_003407,pseudo_negative,0,Sikkim,27.729854,88.82429,2007-05-02,,,,4392.0,24.1,,2,9.709
NEG_003408,pseudo_negative,0,Sikkim,27.734074,88.894649,2026-05-03,,,,4225.0,2.39,,0,16.237
NEG_003409,pseudo_negative,0,Sikkim,27.795483,87.981038,2017-08-28,,,,5699.0,48.4,,0,54.148
NEG_003410,pseudo_negative,0,Sikkim,27.843079,88.068923,2012-06-13,,,,5779.0,13.71,,0,47.786
NEG_003411,pseudo_negative,0,Sikkim,27.856634,88.315163,2005-11-13,,,,5076.0,20.11,,0,25.397
NEG_003412,pseudo_negative,0,Sikkim,27.759605,88.362354,2023-06-24,,,,4414.0,10.19,,0,17.811
NEG_003413,pseudo_negative,0,Sikkim,27.864632,88.475651,2013-05-25,,,,5103.0,28.62,,0,14.451
NEG_003414,pseudo_negative,0,Sikkim,27.780776,88.631403,2016-08-30,,,,4560.0,45.57,,7,9.386
NEG_003415,pseudo_negative,0,Sikkim,27.831508,88.702977,2012-05-02,,,,3908.0,38.63,,0,16.516
NEG_003416,pseudo_negative,0,Sikkim,27.852894,88.858709,2020-08-11,,,,4889.0,36.5,,0,21.957
NEG_003417,pseudo_negative,0,Sikkim,27.014665,87.992392,2011-07-01,,,,1598.0,10.52,,1,8.202
NEG_003418,pseudo_negative,0,Sikkim,27.009657,88.779329,2015-05-07,,,,904.0,15.57,,64,2.914
NEG_003419,pseudo_negative,0,Sikkim,27.02722,88.907419,2026-10-26,,,,601.0,26.05,,13,3.592
NEG_003420,pseudo_negative,0,Sikkim,27.135966,88.008615,2019-09-28,,,,3207.0,28.46,,28,7.243
NEG_003421,pseudo_negative,0,Sikkim,27.165089,88.193581,2009-08-13,,,,1319.0,19.5,,266,1.402
NEG_003422,pseudo_negative,0,Sikkim,27.124527,88.721631,2013-05-18,,,,2391.0,13.23,,96,3.358
NEG_003423,pseudo_negative,0,Sikkim,27.281051,87.993031,2013-10-19,,,,2700.0,36.37,,5,8.401
NEG_003424,pseudo_negative,0,Sikkim,27.228032,88.17935,2015-06-05,,,,2140.0,6.72,,102,2.079
NEG_003425,pseudo_negative,0,Sikkim,27.189683,88.265296,2015-08-30,,,,1519.0,12.09,,184,1.372
NEG_003426,pseudo_negative,0,Sikkim,27.286575,88.507767,2022-12-09,,,,1925.0,32.49,,77,3.174
NEG_003427,pseudo_negative,0,Sikkim,27.182759,88.724369,2010-07-26,,,,1523.0,27.18,,64,4.015
NEG_003428,pseudo_negative,0,Sikkim,27.289328,88.839296,2011-08-20,,,,3456.0,20.54,,15,1.9
NEG_003429,pseudo_negative,0,Sikkim,27.366518,88.007539,2009-08-18,,,,3322.0,29.06,,0,10.705
NEG_003430,pseudo_negative,0,Sikkim,27.394562,88.109886,2026-08-15,,,,2889.0,38.53,,2,8.506
NEG_003431,pseudo_negative,0,Sikkim,27.406483,88.34573,2014-08-08,,,,1886.0,33.62,,11,1.297
NEG_003432,pseudo_negative,0,Sikkim,27.303519,88.452247,2023-05-02,,,,689.0,27.22,,73,1.589
NEG_003433,pseudo_negative,0,Sikkim,27.344277,88.680074,2026-07-11,,,,2178.0,28.26,,89,2.871
NEG_003434,pseudo_negative,0,Sikkim,27.344664,88.877677,2014-06-11,,,,4395.0,20.67,,12,4.012
NEG_003435,pseudo_negative,0,Sikkim,27.41169,88.052766,2024-10-31,,,,4259.0,30.17,,0,13.262
NEG_003436,pseudo_negative,0,Sikkim,27.411067,88.162494,2018-05-18,,,,3225.0,27.54,,6,7.862
NEG_003437,pseudo_negative,0,Sikkim,27.518471,88.292618,2016-11-05,,,,5124.0,30.19,,0,13.678
NEG_003438,pseudo_negative,0,Sikkim,27.425022,88.37872,2018-05-05,,,,2267.0,58.95,,11,3.497
NEG_003439,pseudo_negative,0,Sikkim,27.522519,88.520533,2014-09-08,,,,1106.0,26.15,,51,1.975
NEG_003440,pseudo_negative,0,Sikkim,27.511796,88.691285,2026-11-28,,,,3090.0,22.9,,27,5.863
NEG_003441,pseudo_negative,0,Sikkim,27.48442,88.745204,2023-05-29,,,,4283.0,35.34,,0,11.676
NEG_003442,pseudo_negative,0,Sikkim,27.429957,88.883707,2023-08-09,,,,3798.0,20.68,,5,8.707
NEG_003443,pseudo_negative,0,Sikkim,27.631125,88.002609,2025-07-18,,,,4773.0,13.69,,0,36.8
NEG_003444,pseudo_negative,0,Sikkim,27.608218,88.079979,2026-08-02,,,,5418.0,38.59,,0,31.206
NEG_003445,pseudo_negative,0,Sikkim,27.588213,88.245806,2026-05-11,,,,5104.0,45.16,,0,22.26
NEG_003446,pseudo_negative,0,Sikkim,27.605089,88.374505,2020-11-14,,,,2618.0,79.83,,0,14.432
NEG_003447,pseudo_negative,0,Sikkim,27.611691,88.475775,2017-05-21,,,,2560.0,21.62,,2,8.768
NEG_003448,pseudo_negative,0,Sikkim,27.54873,88.665465,2010-05-04,,,,1570.0,46.92,,50,1.25
NEG_003449,pseudo_negative,0,Sikkim,27.630286,88.79544,2009-11-28,,,,4655.0,33.12,,6,7.931
NEG_003450,pseudo_negative,0,Sikkim,27.56246,88.908904,2019-08-12,,,,3753.0,44.71,,0,21.104
NEG_003451,pseudo_negative,0,Sikkim,27.682463,87.94046,2005-09-03,,,,4118.0,52.91,,0,44.611
NEG_003452,pseudo_negative,0,Sikkim,27.651827,88.143273,2022-08-27,,,,5687.0,54.86,,0,32.752
NEG_003453,pseudo_negative,0,Sikkim,27.689991,88.220583,2009-07-29,,,,5288.0,11.8,,0,32.291
NEG_003454,pseudo_negative,0,Sikkim,27.689062,88.440572,2026-07-07,,,,3503.0,5.34,,0,11.481
NEG_003455,pseudo_negative,0,Sikkim,27.654681,88.463774,2022-08-13,,,,2838.0,30.7,,0,11.024
NEG_003456,pseudo_negative,0,Sikkim,27.681355,88.66235,2015-10-25,,,,3395.0,43.05,,24,6.253
NEG_003457,pseudo_negative,0,Sikkim,27.647276,88.799935,2022-08-05,,,,4441.0,7.52,,5,7.277
NEG_003458,pseudo_negative,0,Sikkim,27.685151,88.918475,2010-08-07,,,,4622.0,30.87,,0,17.697
NEG_003459,pseudo_negative,0,Sikkim,27.772482,87.961835,2009-06-19,,,,5123.0,54.05,,0,52.651
NEG_003460,pseudo_negative,0,Sikkim,27.839472,88.154153,2010-08-20,,,,5698.0,6.75,,0,39.544
NEG_003461,pseudo_negative,0,Sikkim,27.849916,88.309776,2014-07-03,,,,5233.0,21.1,,0,25.53
NEG_003462,pseudo_negative,0,Sikkim,27.844685,88.348549,2018-05-09,,,,4798.0,30.24,,0,21.879
NEG_003463,pseudo_negative,0,Sikkim,27.824244,88.494396,2023-08-21,,,,4965.0,15.25,,1,9.625
NEG_003464,pseudo_negative,0,Sikkim,27.834066,88.606855,2006-08-24,,,,4717.0,22.39,,0,11.346
NEG_003465,pseudo_negative,0,Sikkim,27.773077,88.727146,2018-11-10,,,,3925.0,54.25,,2,9.707
NEG_003466,pseudo_negative,0,Sikkim,27.795748,88.831173,2016-04-05,,,,4576.0,53.82,,0,15.186
NEG_003467,pseudo_negative,0,Sikkim,26.993684,88.041458,2017-09-14,,,,1874.0,27.9,,72,5.987
NEG_003468,pseudo_negative,0,Sikkim,27.045813,88.355769,2010-08-16,,,,1762.0,18.18,,239,1.001
NEG_003469,pseudo_negative,0,Sikkim,27.03572,88.791215,2015-11-27,,,,1265.0,16.67,,64,1.161
NEG_003470,pseudo_negative,0,Sikkim,26.979282,88.910045,2010-05-31,,,,297.0,3.76,,5,7.763
NEG_003471,pseudo_negative,0,Sikkim,27.117644,88.0558,2010-11-04,,,,2256.0,37.48,,124,3.162
NEG_003472,pseudo_negative,0,Sikkim,27.15241,88.329538,2019-11-19,,,,1333.0,14.91,,200,1.03
NEG_003473,pseudo_negative,0,Sikkim,27.13768,88.655203,2026-08-18,,,,1222.0,26.84,,180,1.012
NEG_003474,pseudo_negative,0,Sikkim,27.133774,88.707124,2019-08-03,,,,1843.0,32.81,,102,1.782
NEG_003475,pseudo_negative,0,Sikkim,27.201119,88.041955,2006-08-30,,,,3085.0,22.99,,24,5.535
NEG_003476,pseudo_negative,0,Sikkim,27.288233,88.179373,2011-05-07,,,,2223.0,33.17,,97,1.126
NEG_003477,pseudo_negative,0,Sikkim,27.284467,88.525772,2012-11-11,,,,1625.0,14.12,,85,2.01
NEG_003478,pseudo_negative,0,Sikkim,27.289133,88.673647,2022-11-24,,,,2127.0,6.72,,81,3.16
NEG_003479,pseudo_negative,0,Sikkim,27.24827,88.813424,2008-07-03,,,,2772.0,34.79,,16,2.747
NEG_003480,pseudo_negative,0,Sikkim,27.236924,88.833438,2011-04-03,,,,1890.0,22.85,,12,5.03
NEG_003481,pseudo_negative,0,Sikkim,27.328616,87.947084,2005-09-13,,,,2813.0,32.97,,0,13.652
NEG_003482,pseudo_negative,0,Sikkim,27.365666,88.15271,2021-09-01,,,,2928.0,30.06,,34,4.191
NEG_003483,pseudo_negative,0,Sikkim,27.311491,88.232518,2016-11-16,,,,1479.0,13.36,,80,1.629
NEG_003484,pseudo_negative,0,Sikkim,27.410188,88.420344,2014-07-23,,,,2477.0,20.97,,17,5.62
NEG_003485,pseudo_negative,0,Sikkim,27.325741,88.699793,2006-06-30,,,,3004.0,33.89,,80,4.852
NEG_003486,pseudo_negative,0,Sikkim,27.32248,88.73087,2008-05-16,,,,2454.0,42.97,,57,5.443
NEG_003487,pseudo_negative,0,Sikkim,27.422413,87.975438,2023-06-24,,,,3184.0,47.74,,0,17.538
NEG_003488,pseudo_negative,0,Sikkim,27.464945,88.150532,2015-06-24,,,,3251.0,35.34,,0,13.859
NEG_003489,pseudo_negative,0,Sikkim,27.495082,88.230413,2011-07-20,,,,4741.0,8.55,,0,13.4
NEG_003490,pseudo_negative,0,Sikkim,27.517749,88.445653,2018-11-24,,,,2544.0,27.97,,15,5.517
NEG_003491,pseudo_negative,0,Sikkim,27.426216,88.530983,2018-05-07,,,,1367.0,25.92,,65,1.227
NEG_003492,pseudo_negative,0,Sikkim,27.470969,88.668998,2025-10-23,,,,2609.0,38.08,,47,6.586
NEG_003493,pseudo_negative,0,Sikkim,27.475192,88.819303,2026-10-28,,,,4590.0,39.99,,0,10.222
NEG_003494,pseudo_negative,0,Sikkim,27.436991,88.896096,2014-11-23,,,,3670.0,22.88,,0,10.053
NEG_003495,pseudo_negative,0,Sikkim,27.527598,87.981806,2018-06-11,,,,4502.0,35.04,,0,27.63
NEG_003496,pseudo_negative,0,Sikkim,27.620944,88.072921,2012-08-12,,,,4738.0,8.4,,0,32.779
NEG_003497,pseudo_negative,0,Sikkim,27.573368,88.212392,2008-07-19,,,,6272.0,64.8,,0,21.865
NEG_003498,pseudo_negative,0,Sikkim,27.639991,88.416012,2024-05-31,,,,3689.0,31.34,,0,14.166
NEG_003499,pseudo_negative,0,Sikkim,27.614477,88.517933,2008-07-23,,,,3823.0,27.29,,14,8.797
NEG_003500,pseudo_negative,0,Sikkim,27.623361,88.805148,2025-08-06,,,,4895.0,17.43,,5,9.159
NEG_003501,pseudo_negative,0,Sikkim,27.611713,88.899418,2008-10-10,,,,4068.0,24.68,,0,17.836
NEG_003502,pseudo_negative,0,Sikkim,27.71652,88.031694,2015-08-21,,,,5165.0,24.83,,0,44.057
NEG_003503,pseudo_negative,0,Sikkim,27.658901,88.184286,2006-09-09,,,,5447.0,28.32,,0,31.686
NEG_003504,pseudo_negative,0,Sikkim,27.745591,88.276755,2012-05-19,,,,5013.0,10.19,,0,26.201
NEG_003505,pseudo_negative,0,Sikkim,27.69263,88.39864,2023-05-03,,,,4551.0,30.4,,0,15.334
NEG_003506,pseudo_negative,0,Sikkim,27.757187,88.490089,2010-05-11,,,,4649.0,37.0,,16,5.281
NEG_003507,pseudo_negative,0,Sikkim,27.716934,88.634871,2019-07-25,,,,3919.0,27.34,,22,5.81
NEG_003508,pseudo_negative,0,Sikkim,27.643881,88.762999,2010-09-02,,,,3794.0,56.05,,8,4.59
NEG_003509,pseudo_negative,0,Sikkim,27.655262,88.856184,2007-05-15,,,,4782.0,27.02,,0,12.071
NEG_003510,pseudo_negative,0,Sikkim,27.820408,87.998759,2017-05-30,,,,5708.0,32.34,,0,54.121
NEG_003511,pseudo_negative,0,Sikkim,27.824754,88.158626,2026-08-04,,,,6311.0,45.89,,0,38.733
NEG_003512,pseudo_negative,0,Sikkim,27.858061,88.294056,2017-08-29,,,,5203.0,8.58,,0,27.316
NEG_003513,pseudo_negative,0,Sikkim,27.803584,88.43783,2023-08-07,,,,4606.0,41.33,,0,11.987
NEG_003514,pseudo_negative,0,Sikkim,27.84664,88.558625,2014-05-29,,,,4001.0,24.86,,0,10.953
NEG_003515,pseudo_negative,0,Sikkim,27.842053,88.600736,2024-08-25,,,,4793.0,30.62,,0,11.794
NEG_003516,pseudo_negative,0,Sikkim,27.778951,88.807435,2025-07-15,,,,3976.0,45.76,,0,12.314
NEG_003517,pseudo_negative,0,Sikkim,27.870475,88.911982,2016-04-18,,,,5556.0,59.15,,0,26.636
NEG_003518,pseudo_negative,0,Sikkim,26.970095,87.943664,2022-06-10,,,,1115.0,22.8,,0,14.822
NEG_003519,pseudo_negative,0,Sikkim,27.008453,88.154738,2026-08-06,,,,1749.0,29.46,,259,1.191
NEG_003520,pseudo_negative,0,Sikkim,27.023369,88.326803,2018-08-17,,,,1698.0,10.65,,165,3.054
NEG_003521,pseudo_negative,0,Sikkim,27.030759,88.77944,2006-08-06,,,,1256.0,22.96,,77,2.418
NEG_003522,pseudo_negative,0,Sikkim,27.008656,88.842867,2022-07-30,,,,679.0,18.52,,18,2.397
NEG_003523,pseudo_negative,0,Sikkim,27.149178,87.967921,2025-08-05,,,,2683.0,19.5,,0,11.389
NEG_003524,pseudo_negative,0,Sikkim,27.140923,88.101987,2006-07-24,,,,2035.0,34.3,,156,1.119
NEG_003525,pseudo_negative,0,Sikkim,27.171589,88.678652,2021-07-12,,,,1374.0,22.38,,112,1.448
NEG_003526,pseudo_negative,0,Sikkim,27.173766,88.815351,2018-05-06,,,,1760.0,22.38,,12,6.516
NEG_003527,pseudo_negative,0,Sikkim,27.10508,88.94031,2012-09-28,,,,1886.0,35.59,,11,7.008
NEG_003528,pseudo_negative,0,Sikkim,27.210649,88.052869,2017-07-02,,,,2701.0,22.84,,31,5.529
NEG_003529,pseudo_negative,0,Sikkim,27.222456,88.135127,2007-05-18,,,,2444.0,42.51,,91,3.391
NEG_003530,pseudo_negative,0,Sikkim,27.202406,88.296088,2022-07-03,,,,1058.0,25.58,,160,1.387
NEG_003531,pseudo_negative,0,Sikkim,27.210833,88.537843,2014-06-14,,,,1467.0,9.0,,156,3.48
NEG_003532,pseudo_negative,0,Sikkim,27.285059,88.829356,2023-08-18,,,,3261.0,27.21,,16,1.217
NEG_003533,pseudo_negative,0,Sikkim,27.361434,88.043725,2016-07-04,,,,3486.0,30.31,,7,8.219
NEG_003534,pseudo_negative,0,Sikkim,27.394617,88.179989,2006-07-16,,,,2788.0,19.79,,22,5.52
NEG_003535,pseudo_negative,0,Sikkim,27.383052,88.293048,2017-10-28,,,,2006.0,36.73,,21,1.261
NEG_003536,pseudo_negative,0,Sikkim,27.342565,88.403476,2022-05-15,,,,3080.0,17.09,,39,3.412
NEG_003537,pseudo_negative,0,Sikkim,27.301275,88.660734,2019-05-09,,,,1660.0,21.61,,90,2.035
NEG_003538,pseudo_negative,0,Sikkim,27.354481,88.829367,2022-01-18,,,,3694.0,32.23,,18,1.162
NEG_003539,pseudo_negative,0,Sikkim,27.517723,87.974216,2018-03-28,,,,4078.0,31.89,,0,26.886
NEG_003540,pseudo_negative,0,Sikkim,27.421664,88.124488,2016-11-23,,,,3975.0,27.98,,0,10.773
NEG_003541,pseudo_negative,0,Sikkim,27.470769,88.23922,2023-08-02,,,,4662.0,40.69,,0,10.707
NEG_003542,pseudo_negative,0,Sikkim,27.454429,88.436394,2010-08-15,,,,3062.0,30.7,,23,7.771
NEG_003543,pseudo_negative,0,Sikkim,27.508664,88.460398,2013-11-14,,,,2599.0,49.04,,20,4.746
NEG_003544,pseudo_negative,0,Sikkim,27.459574,88.646557,2019-05-28,,,,2103.0,55.67,,57,4.049
NEG_003545,pseudo_negative,0,Sikkim,27.514036,88.752128,2005-06-18,,,,4527.0,41.35,,0,10.623
NEG_003546,pseudo_negative,0,Sikkim,27.471467,88.834905,2013-07-03,,,,4656.0,5.33,,0,10.091
NEG_003547,pseudo_negative,0,Sikkim,27.565052,88.018442,2019-05-02,,,,4976.0,32.05,,0,29.485
NEG_003548,pseudo_negative,0,Sikkim,27.550529,88.123103,2025-05-08,,,,4570.0,25.28,,0,23.532
NEG_003549,pseudo_negative,0,Sikkim,27.595476,88.288513,2024-05-22,,,,3371.0,77.69,,0,21.703
NEG_003550,pseudo_negative,0,Sikkim,27.625233,88.398663,2021-05-20,,,,3336.0,39.18,,0,13.99
NEG_003551,pseudo_negative,0,Sikkim,27.554308,88.508175,2018-08-08,,,,1537.0,29.25,,38,2.337
NEG_003552,pseudo_negative,0,Sikkim,27.561994,88.594113,2017-05-05,,,,2909.0,36.42,,59,1.558
NEG_003553,pseudo_negative,0,Sikkim,27.577192,88.702128,2016-06-17,,,,2964.0,34.48,,29,4.747
NEG_003554,pseudo_negative,0,Sikkim,27.590251,88.947364,2013-07-27,,,,4430.0,31.05,,0,23.123
NEG_003555,pseudo_negative,0,Sikkim,27.690527,88.028921,2011-07-29,,,,5852.0,19.53,,0,41.605
NEG_003556,pseudo_negative,0,Sikkim,27.6536,88.164424,2010-08-01,,,,4951.0,24.63,,0,31.953
NEG_003557,pseudo_negative,0,Sikkim,27.651932,88.20764,2021-08-25,,,,4988.0,19.07,,0,30.147
NEG_003558,pseudo_negative,0,Sikkim,27.70719,88.425156,2015-07-27,,,,4768.0,59.8,,0,12.396
NEG_003559,pseudo_negative,0,Sikkim,27.757513,88.493306,2019-10-06,,,,4835.0,21.52,,16,4.976
NEG_003560,pseudo_negative,0,Sikkim,27.690238,88.685815,2009-05-02,,,,4088.0,45.97,,17,4.955
NEG_003561,pseudo_negative,0,Sikkim,27.646761,88.778142,2018-06-25,,,,4265.0,21.06,,8,5.46
NEG_003562,pseudo_negative,0,Sikkim,27.652602,88.876047,2024-08-11,,,,5029.0,33.68,,0,14.033
NEG_003563,pseudo_negative,0,Sikkim,27.833491,87.953367,2005-08-14,,,,4913.0,34.05,,0,58.753
NEG_003564,pseudo_negative,0,Sikkim,27.78793,88.118863,2007-06-19,,,,5312.0,28.54,,0,41.951
NEG_003565,pseudo_negative,0,Sikkim,27.761517,88.222361,2019-05-25,,,,5976.0,43.08,,0,31.579
NEG_003566,pseudo_negative,0,Sikkim,27.852671,88.380272,2023-09-15,,,,5133.0,2.4,,0,19.716
NEG_003567,pseudo_negative,0,Sikkim,27.802345,88.478191,2005-08-04,,,,4339.0,37.02,,4,8.698
NEG_003568,pseudo_negative,0,Sikkim,27.812383,88.677554,2016-07-15,,,,4289.0,6.09,,0,14.993
NEG_003569,pseudo_negative,0,Sikkim,27.792563,88.727051,2019-05-26,,,,4331.0,21.7,,0,11.862
NEG_003570,pseudo_negative,0,Sikkim,27.86245,88.832065,2006-05-17,,,,4543.0,17.75,,0,21.623
NEG_003571,pseudo_negative,0,Sikkim,27.037331,87.967133,2005-11-17,,,,1919.0,13.32,,0,10.081
NEG_003572,pseudo_negative,0,Sikkim,26.999948,88.742769,2025-06-22,,,,932.0,13.22,,91,1.733
NEG_003573,pseudo_negative,0,Sikkim,26.96672,88.869371,2015-05-28,,,,284.0,8.35,,5,6.974
NEG_003574,pseudo_negative,0,Sikkim,27.090082,87.957225,2024-11-02,,,,2265.0,19.98,,0,11.877
NEG_003575,pseudo_negative,0,Sikkim,27.073154,88.796883,2024-07-12,,,,1639.0,30.26,,31,3.91
NEG_003576,pseudo_negative,0,Sikkim,27.166309,88.905432,2011-08-01,,,,1970.0,22.59,,4,8.159
NEG_003577,pseudo_negative,0,Sikkim,27.286333,88.021769,2022-09-26,,,,3376.0,40.64,,14,5.766
NEG_003578,pseudo_negative,0,Sikkim,27.284176,88.339653,2016-06-06,,,,1728.0,26.86,,88,2.963
NEG_003579,pseudo_negative,0,Sikkim,27.213897,88.810505,2010-05-11,,,,2214.0,28.69,,11,5.024
NEG_003580,pseudo_negative,0,Sikkim,27.213703,88.931028,2017-05-16,,,,2515.0,26.57,,0,14.006
NEG_003581,pseudo_negative,0,Sikkim,27.330773,88.06131,2019-07-14,,,,3566.0,27.97,,16,4.394
NEG_003582,pseudo_negative,0,Sikkim,27.312288,88.105851,2015-09-25,,,,2696.0,39.24,,52,1.853
NEG_003583,pseudo_negative,0,Sikkim,27.345007,88.307521,2022-10-12,,,,1363.0,45.73,,42,3.482
NEG_003584,pseudo_negative,0,Sikkim,27.298212,88.365084,2025-11-26,,,,2097.0,0.0,,68,1.017
NEG_003585,pseudo_negative,0,Sikkim,27.389029,88.664629,2013-07-08,,,,2164.0,37.54,,88,2.28
NEG_003586,pseudo_negative,0,Sikkim,27.397091,88.888785,2020-05-06,,,,3519.0,22.88,,7,6.282
NEG_003587,pseudo_negative,0,Sikkim,27.508415,87.941399,2021-05-27,,,,3587.0,39.84,,0,27.401
NEG_003588,pseudo_negative,0,Sikkim,27.455774,88.16875,2022-09-13,,,,3363.0,15.55,,0,12.176
NEG_003589,pseudo_negative,0,Sikkim,27.422021,88.259028,2006-11-18,,,,2221.0,24.59,,15,5.569
NEG_003590,pseudo_negative,0,Sikkim,27.421248,88.363989,2010-11-20,,,,1762.0,44.21,,9,2.436
NEG_003591,pseudo_negative,0,Sikkim,27.508672,88.555353,2025-07-17,,,,1602.0,21.04,,64,1.035
NEG_003592,pseudo_negative,0,Sikkim,27.509866,88.685197,2007-09-25,,,,3287.0,24.74,,29,5.679
NEG_003593,pseudo_negative,0,Sikkim,27.512304,88.716182,2012-11-09,,,,3459.0,30.35,,13,7.627
NEG_003594,pseudo_negative,0,Sikkim,27.473513,88.851045,2019-08-16,,,,4349.0,29.4,,0,10.821
NEG_003595,pseudo_negative,0,Sikkim,27.622195,88.043365,2015-07-02,,,,5383.0,7.52,,0,34.113
NEG_003596,pseudo_negative,0,Sikkim,27.528632,88.179915,2025-08-06,,,,4465.0,55.15,,0,19.084
NEG_003597,pseudo_negative,0,Sikkim,27.592353,88.273494,2006-08-18,,,,3840.0,29.59,,0,22.103
NEG_003598,pseudo_negative,0,Sikkim,27.598781,88.332477,2022-07-12,,,,3214.0,54.22,,0,17.773
NEG_003599,pseudo_negative,0,Sikkim,27.563922,88.544418,2018-09-10,,,,2099.0,12.02,,50,3.428
NEG_003600,pseudo_negative,0,Sikkim,27.543247,88.672476,2007-07-06,,,,1884.0,33.02,,47,2.134
NEG_003601,pseudo_negative,0,Sikkim,27.56338,88.782625,2022-09-07,,,,4619.0,24.8,,0,10.757
NEG_003602,pseudo_negative,0,Sikkim,27.592696,88.950136,2026-08-23,,,,4514.0,36.78,,0,23.262
NEG_003603,pseudo_negative,0,Sikkim,27.73815,87.968172,2009-06-19,,,,4186.0,45.15,,0,48.962
NEG_003604,pseudo_negative,0,Sikkim,27.728261,88.070306,2020-08-14,,,,5898.0,18.29,,0,43.646
NEG_003605,pseudo_negative,0,Sikkim,27.695459,88.22431,2024-10-15,,,,5266.0,5.34,,0,31.929
NEG_003606,pseudo_negative,0,Sikkim,27.666057,88.367615,2025-11-30,,,,4732.0,21.89,,0,19.107
NEG_003607,pseudo_negative,0,Sikkim,27.64603,88.515229,2005-11-02,,,,4153.0,31.81,,16,7.781
NEG_003608,pseudo_negative,0,Sikkim,27.693247,88.627937,2012-07-09,,,,4086.0,47.32,,30,3.541
NEG_003609,pseudo_negative,0,Sikkim,27.658893,88.803136,2017-07-16,,,,4564.0,33.44,,5,7.025
NEG_003610,pseudo_negative,0,Sikkim,27.739499,88.852147,2022-07-06,,,,5020.0,39.06,,0,12.629
NEG_003611,pseudo_negative,0,Sikkim,27.849012,87.947723,2015-07-25,,,,5201.0,32.57,,0,59.594
NEG_003612,pseudo_negative,0,Sikkim,27.82302,88.138826,2019-05-02,,,,5427.0,3.78,,0,40.598
NEG_003613,pseudo_negative,0,Sikkim,27.84544,88.246429,2018-11-17,,,,5401.0,13.42,,0,31.074
NEG_003614,pseudo_negative,0,Sikkim,27.763302,88.378086,2015-05-12,,,,4286.0,8.41,,0,16.301
NEG_003615,pseudo_negative,0,Sikkim,27.868088,88.569943,2012-11-10,,,,4005.0,44.53,,0,13.493
NEG_003616,pseudo_negative,0,Sikkim,27.762016,88.699318,2008-05-26,,,,4849.0,35.46,,2,9.262
NEG_003617,pseudo_negative,0,Sikkim,27.827397,88.803053,2006-06-10,,,,4406.0,31.38,,0,16.908
NEG_003618,pseudo_negative,0,Sikkim,27.830806,88.847318,2022-05-04,,,,4789.0,9.79,,0,19.287
NEG_003619,pseudo_negative,0,Sikkim,27.032889,87.986817,2012-05-16,,,,1624.0,43.24,,1,8.192
NEG_003620,pseudo_negative,0,Sikkim,26.969503,88.149749,2015-08-04,,,,1838.0,22.19,,158,1.597
NEG_003621,pseudo_negative,0,Sikkim,27.000213,88.930471,2019-08-25,,,,347.0,1.68,,7,7.183
NEG_003622,pseudo_negative,0,Sikkim,27.176146,87.999147,2014-09-02,,,,2701.0,44.96,,15,8.648
NEG_003623,pseudo_negative,0,Sikkim,27.1715,88.58677,2014-08-05,,,,1042.0,16.16,,206,1.492
NEG_003624,pseudo_negative,0,Sikkim,27.074231,88.748795,2023-09-19,,,,1692.0,25.36,,115,4.793
NEG_003625,pseudo_negative,0,Sikkim,27.088071,88.913423,2011-10-21,,,,1161.0,37.65,,17,4.422
NEG_003626,pseudo_negative,0,Sikkim,27.215056,88.035486,2013-05-24,,,,3044.0,36.53,,20,7.036
NEG_003627,pseudo_negative,0,Sikkim,27.210501,88.251446,2024-09-14,,,,1214.0,35.88,,123,1.5
NEG_003628,pseudo_negative,0,Sikkim,27.200064,88.530015,2019-07-22,,,,846.0,17.36,,176,2.363
NEG_003629,pseudo_negative,0,Sikkim,27.215007,88.796304,2025-09-04,,,,2523.0,21.81,,18,4.4
NEG_003630,pseudo_negative,0,Sikkim,27.25459,88.940898,2009-07-09,,,,3653.0,30.13,,0,12.281
NEG_003631,pseudo_negative,0,Sikkim,27.299073,88.056097,2018-08-21,,,,2834.0,36.19,,21,2.402
NEG_003632,pseudo_negative,0,Sikkim,27.379435,88.103285,2019-09-19,,,,2843.0,46.81,,8,7.494
NEG_003633,pseudo_negative,0,Sikkim,27.305016,88.315791,2015-11-27,,,,977.0,27.22,,64,2.326
NEG_003634,pseudo_negative,0,Sikkim,27.3882,88.358368,2011-05-19,,,,1473.0,35.85,,16,1.045
NEG_003635,pseudo_negative,0,Sikkim,27.381923,88.467424,2024-05-27,,,,766.0,38.53,,38,1.708
NEG_003636,pseudo_negative,0,Sikkim,27.313139,88.583832,2015-05-23,,,,940.0,12.96,,99,2.276
NEG_003637,pseudo_negative,0,Sikkim,27.317455,88.723278,2011-11-10,,,,2149.0,39.3,,61,5.715
NEG_003638,pseudo_negative,0,Sikkim,27.350929,88.861758,2015-04-06,,,,4088.0,33.5,,16,2.293
NEG_003639,pseudo_negative,0,Sikkim,27.452685,87.95426,2026-05-01,,,,2899.0,39.71,,0,21.492
NEG_003640,pseudo_negative,0,Sikkim,27.447302,88.162492,2006-08-03,,,,2904.0,42.64,,0,11.627
NEG_003641,pseudo_negative,0,Sikkim,27.48229,88.306041,2011-09-06,,,,4230.0,50.49,,4,9.451
NEG_003642,pseudo_negative,0,Sikkim,27.510594,88.444941,2024-05-26,,,,2533.0,38.36,,15,5.909
NEG_003643,pseudo_negative,0,Sikkim,27.518883,88.721502,2025-06-24,,,,3458.0,51.1,,13,7.676
NEG_003644,pseudo_negative,0,Sikkim,27.494253,88.840307,2016-07-23,,,,4355.0,38.55,,0,12.677
NEG_003645,pseudo_negative,0,Sikkim,27.630554,87.964202,2016-05-04,,,,4208.0,29.44,,0,38.422
NEG_003646,pseudo_negative,0,Sikkim,27.535351,88.19159,2013-05-04,,,,4191.0,25.96,,0,19.267
NEG_003647,pseudo_negative,0,Sikkim,27.620048,88.225424,2010-08-07,,,,4955.0,20.07,,0,26.229
NEG_003648,pseudo_negative,0,Sikkim,27.572444,88.427047,2019-06-20,,,,1771.0,45.44,,2,8.119
NEG_003649,pseudo_negative,0,Sikkim,27.595516,88.557887,2016-08-12,,,,3787.0,6.07,,56,4.771
NEG_003650,pseudo_negative,0,Sikkim,27.611245,88.709424,2022-05-15,,,,3170.0,49.25,,27,2.454
NEG_003651,pseudo_negative,0,Sikkim,27.610238,88.905786,2015-05-11,,,,4055.0,8.4,,0,18.477
NEG_003652,pseudo_negative,0,Sikkim,27.749346,87.980269,2026-05-09,,,,4380.0,22.94,,0,49.544
NEG_003653,pseudo_negative,0,Sikkim,27.70898,88.100915,2014-08-27,,,,7381.0,45.0,,0,40.341
NEG_003654,pseudo_negative,0,Sikkim,27.642549,88.265898,2005-04-07,,,,5194.0,16.76,,0,25.792
NEG_003655,pseudo_negative,0,Sikkim,27.713847,88.347023,2006-07-28,,,,5586.0,31.33,,0,19.68
NEG_003656,pseudo_negative,0,Sikkim,27.666329,88.572185,2021-05-17,,,,2628.0,40.19,,25,2.72
NEG_003657,pseudo_negative,0,Sikkim,27.702016,88.696583,2007-07-14,,,,4608.0,31.35,,9,4.501
NEG_003658,pseudo_negative,0,Sikkim,27.695515,88.73729,2006-07-06,,,,3422.0,26.68,,8,1.025
NEG_003659,pseudo_negative,0,Sikkim,27.745685,88.922021,2006-06-03,,,,4906.0,34.43,,0,19.208
NEG_003660,pseudo_negative,0,Sikkim,27.758555,87.979373,2026-06-21,,,,4900.0,25.53,,0,50.507
NEG_003661,pseudo_negative,0,Sikkim,27.855317,88.127785,2025-11-21,,,,5950.0,8.58,,0,42.511
NEG_003662,pseudo_negative,0,Sikkim,27.837043,88.307987,2021-07-26,,,,5701.0,12.7,,0,25.098
NEG_003663,pseudo_negative,0,Sikkim,27.792375,88.358854,2007-05-28,,,,5004.0,16.32,,0,18.743
NEG_003664,pseudo_negative,0,Sikkim,27.867004,88.489432,2023-06-23,,,,4952.0,19.11,,0,14.127
NEG_003665,pseudo_negative,0,Sikkim,27.868378,88.579463,2010-10-11,,,,4320.0,47.44,,0,13.739
NEG_003666,pseudo_negative,0,Sikkim,27.78969,88.736721,2010-09-27,,,,4568.0,21.09,,0,11.488
NEG_003667,pseudo_negative,0,Sikkim,27.770195,88.90228,2005-05-07,,,,4819.0,20.51,,0,18.599
NEG_003668,pseudo_negative,0,Sikkim,27.018309,87.956012,2019-05-15,,,,1433.0,32.98,,0,11.502
NEG_003669,pseudo_negative,0,Sikkim,27.04594,88.137571,2012-11-07,,,,1819.0,32.79,,317,1.305
NEG_003670,pseudo_negative,0,Sikkim,26.980918,88.496908,2006-08-06,,,,1222.0,21.77,,392,2.183
NEG_003671,pseudo_negative,0,Sikkim,26.974921,88.723346,2008-05-12,,,,413.0,22.8,,86,1.223
NEG_003672,pseudo_negative,0,Sikkim,27.056625,88.9197,2006-08-25,,,,1040.0,15.15,,14,4.181
NEG_003673,pseudo_negative,0,Sikkim,27.090993,87.958143,2023-09-13,,,,2333.0,37.32,,0,11.785
NEG_003674,pseudo_negative,0,Sikkim,27.101152,88.068415,2026-05-21,,,,2709.0,23.79,,151,1.247
NEG_003675,pseudo_negative,0,Sikkim,27.154524,88.785934,2026-09-28,,,,1765.0,34.89,,12,3.8
NEG_003676,pseudo_negative,0,Sikkim,27.088221,88.877072,2015-07-11,,,,576.0,18.19,,21,1.295
NEG_003677,pseudo_negative,0,Sikkim,27.289194,88.018417,2023-11-10,,,,3220.0,37.37,,14,6.113
NEG_003678,pseudo_negative,0,Sikkim,27.259833,88.100969,2014-06-28,,,,2013.0,22.39,,54,2.017
NEG_003679,pseudo_negative,0,Sikkim,27.238511,88.254927,2013-05-29,,,,1257.0,15.52,,107,1.033
NEG_003680,pseudo_negative,0,Sikkim,27.281421,88.462505,2019-11-07,,,,1383.0,26.62,,95,2.541
NEG_003681,pseudo_negative,0,Sikkim,27.268756,88.618753,2018-07-12,,,,1341.0,23.87,,112,2.115
NEG_003682,pseudo_negative,0,Sikkim,27.256767,88.772943,2021-05-25,,,,2595.0,22.45,,24,1.351
NEG_003683,pseudo_negative,0,Sikkim,27.273592,88.836018,2018-05-28,,,,3030.0,31.25,,13,2.585
NEG_003684,pseudo_negative,0,Sikkim,27.309365,87.96316,2019-06-07,,,,1930.0,51.8,,0,11.651
NEG_003685,pseudo_negative,0,Sikkim,27.370491,88.18048,2009-07-17,,,,2376.0,43.8,,33,3.045
NEG_003686,pseudo_negative,0,Sikkim,27.331546,88.295722,2014-06-04,,,,999.0,45.15,,54,3.154
NEG_003687,pseudo_negative,0,Sikkim,27.305791,88.348199,2005-05-19,,,,1707.0,38.16,,64,2.004
NEG_003688,pseudo_negative,0,Sikkim,27.30826,88.652001,2012-11-11,,,,2086.0,24.97,,98,1.908
NEG_003689,pseudo_negative,0,Sikkim,27.398293,88.881178,2008-08-10,,,,3754.0,27.8,,8,5.81
NEG_003690,pseudo_negative,0,Sikkim,27.493577,87.978778,2015-05-11,,,,3021.0,44.75,,0,24.246
NEG_003691,pseudo_negative,0,Sikkim,27.479151,88.188641,2015-12-13,,,,3484.0,35.13,,0,13.599
NEG_003692,pseudo_negative,0,Sikkim,27.430839,88.295141,2014-08-29,,,,2603.0,25.63,,12,4.097
NEG_003693,pseudo_negative,0,Sikkim,27.423067,88.362458,2026-08-03,,,,1816.0,26.29,,9,2.594
NEG_003694,pseudo_negative,0,Sikkim,27.526034,88.495485,2020-05-06,,,,1450.0,20.28,,35,1.063
NEG_003695,pseudo_negative,0,Sikkim,27.476528,88.64704,2013-08-08,,,,2859.0,40.94,,60,5.296
NEG_003696,pseudo_negative,0,Sikkim,27.420598,88.780811,2020-05-14,,,,4047.0,14.23,,30,4.82
NEG_003697,pseudo_negative,0,Sikkim,27.483893,88.914066,2011-09-14,,,,3363.0,42.57,,0,15.232
NEG_003698,pseudo_negative,0,Sikkim,27.585251,87.976557,2008-11-29,,,,4673.0,40.63,,0,33.452
NEG_003699,pseudo_negative,0,Sikkim,27.537326,88.187266,2024-05-25,,,,4092.0,2.39,,0,19.698
NEG_003700,pseudo_negative,0,Sikkim,27.586411,88.198545,2006-11-18,,,,4897.0,14.96,,0,23.767
NEG_003701,pseudo_negative,0,Sikkim,27.568905,88.385566,2018-07-08,,,,1983.0,27.0,,0,11.693
NEG_003702,pseudo_negative,0,Sikkim,27.619224,88.475244,2013-06-17,,,,2784.0,43.85,,2,9.593
NEG_003703,pseudo_negative,0,Sikkim,27.607201,88.749688,2014-08-19,,,,4589.0,38.12,,13,4.987
NEG_003704,pseudo_negative,0,Sikkim,27.605119,88.901655,2018-05-27,,,,4223.0,36.09,,0,18.34
NEG_003705,pseudo_negative,0,Sikkim,27.64856,88.062442,2018-11-02,,,,5335.0,10.05,,0,35.964
NEG_003706,pseudo_negative,0,Sikkim,27.713026,88.183797,2016-09-17,,,,5903.0,33.98,,0,35.578
NEG_003707,pseudo_negative,0,Sikkim,27.725654,88.26075,2020-01-12,,,,5446.0,49.1,,0,27.898
NEG_003708,pseudo_negative,0,Sikkim,27.671162,88.441804,2024-08-09,,,,3032.0,12.99,,0,12.185
NEG_003709,pseudo_negative,0,Sikkim,27.701003,88.487079,2017-05-31,,,,4460.0,43.42,,17,6.728
NEG_003710,pseudo_negative,0,Sikkim,27.709527,88.633404,2025-05-03,,,,3859.0,22.68,,23,5.101
NEG_003711,pseudo_negative,0,Sikkim,27.722521,88.71549,2006-08-25,,,,4994.0,34.23,,5,4.624
NEG_003712,pseudo_negative,0,Sikkim,27.653779,88.86505,2016-09-05,,,,4737.0,39.88,,0,12.956
NEG_003713,pseudo_negative,0,Sikkim,27.819683,87.940652,2020-07-17,,,,5545.0,26.7,,0,58.282
NEG_003714,pseudo_negative,0,Sikkim,27.83244,88.071623,2022-06-02,,,,5675.0,27.89,,0,47.283
NEG_003715,pseudo_negative,0,Sikkim,27.837706,88.278701,2013-05-09,,,,5173.0,3.39,,0,27.8
NEG_003716,pseudo_negative,0,Sikkim,27.837079,88.324458,2017-07-18,,,,5241.0,9.05,,0,23.616
NEG_003717,pseudo_negative,0,Sikkim,27.785639,88.513956,2025-07-07,,,,4031.0,43.93,,10,4.965
NEG_003718,pseudo_negative,0,Sikkim,27.7752,88.62632,2008-04-16,,,,4758.0,5.07,,10,8.699
NEG_003719,pseudo_negative,0,Sikkim,27.828691,88.796963,2023-05-30,,,,4560.0,52.81,,0,16.828
NEG_003720,pseudo_negative,0,Sikkim,27.782118,88.867336,2012-06-27,,,,4516.0,15.25,,0,16.537
NEG_003721,pseudo_negative,0,Sikkim,26.981978,88.034355,2010-07-02,,,,2091.0,31.98,,51,7.213
NEG_003722,pseudo_negative,0,Sikkim,27.020743,88.387559,2012-11-05,,,,759.0,38.74,,300,2.019
NEG_003723,pseudo_negative,0,Sikkim,27.034433,88.564891,2009-05-23,,,,1246.0,27.16,,311,1.069
NEG_003724,pseudo_negative,0,Sikkim,26.951166,88.753844,2014-01-11,,,,281.0,6.04,,33,2.504
NEG_003725,pseudo_negative,0,Sikkim,27.045153,88.846909,2022-09-16,,,,757.0,24.15,,23,1.52
NEG_003726,pseudo_negative,0,Sikkim,27.13289,87.961785,2021-08-20,,,,2650.0,19.55,,0,11.875
NEG_003727,pseudo_negative,0,Sikkim,27.066792,88.271263,2016-09-07,,,,1495.0,18.52,,416,1.065
NEG_003728,pseudo_negative,0,Sikkim,27.141625,88.419141,2010-08-30,,,,1241.0,30.27,,318,1.425
NEG_003729,pseudo_negative,0,Sikkim,27.167624,88.529387,2008-09-06,,,,347.0,12.09,,236,1.019
NEG_003730,pseudo_negative,0,Sikkim,27.143225,88.698943,2011-06-08,,,,1382.0,24.72,,103,1.479
NEG_003731,pseudo_negative,0,Sikkim,27.15803,88.709723,2023-07-20,,,,2000.0,35.42,,84,1.92
NEG_003732,pseudo_negative,0,Sikkim,27.08242,88.849606,2017-04-25,,,,1466.0,28.67,,26,1.442
NEG_003733,pseudo_negative,0,Sikkim,27.265228,88.033274,2013-06-20,,,,3079.0,43.42,,17,4.364
NEG_003734,pseudo_negative,0,Sikkim,27.18199,88.168953,2009-05-04,,,,1649.0,14.11,,142,1.384
NEG_003735,pseudo_negative,0,Sikkim,27.188664,88.468319,2019-09-14,,,,1032.0,19.44,,202,2.202
NEG_003736,pseudo_negative,0,Sikkim,27.281159,88.67073,2024-04-30,,,,2249.0,28.39,,77,2.889
NEG_003737,pseudo_negative,0,Sikkim,27.284172,88.947349,2022-09-10,,,,3743.0,37.43,,0,11.46
NEG_003738,pseudo_negative,0,Sikkim,27.367571,87.953046,2013-11-19,,,,2439.0,37.03,,0,14.915
NEG_003739,pseudo_negative,0,Sikkim,27.330247,88.067346,2018-07-31,,,,3468.0,49.04,,19,4.124
NEG_003740,pseudo_negative,0,Sikkim,27.344478,88.284546,2026-06-19,,,,1820.0,23.84,,44,1.38
NEG_003741,pseudo_negative,0,Sikkim,27.350553,88.533268,2006-04-26,,,,2490.0,46.16,,78,2.416
NEG_003742,pseudo_negative,0,Sikkim,27.394113,88.670243,2012-05-30,,,,2267.0,45.94,,88,2.451
NEG_003743,pseudo_negative,0,Sikkim,27.331907,88.785689,2008-12-29,,,,3663.0,28.82,,38,3.637
NEG_003744,pseudo_negative,0,Sikkim,27.342833,88.897083,2005-08-06,,,,4449.0,30.12,,7,5.885
NEG_003745,pseudo_negative,0,Sikkim,27.507409,88.041648,2022-11-11,,,,4381.0,10.57,,0,22.745
NEG_003746,pseudo_negative,0,Sikkim,27.424344,88.12989,2018-07-18,,,,3939.0,19.48,,0,10.822
NEG_003747,pseudo_negative,0,Sikkim,27.498201,88.271473,2017-05-03,,,,4597.0,3.38,,0,11.943
NEG_003748,pseudo_negative,0,Sikkim,27.47206,88.409161,2011-06-16,,,,3381.0,33.22,,2,9.505
NEG_003749,pseudo_negative,0,Sikkim,27.468,88.643211,2019-05-15,,,,2357.0,26.02,,63,4.382
NEG_003750,pseudo_negative,0,Sikkim,27.442419,88.709801,2010-05-22,,,,2638.0,37.55,,52,6.605
NEG_003751,pseudo_negative,0,Sikkim,27.44499,88.954734,2019-07-12,,,,3889.0,23.67,,0,14.692
NEG_003752,pseudo_negative,0,Sikkim,27.57102,87.97712,2014-10-01,,,,3934.0,33.24,,0,32.08
NEG_003753,pseudo_negative,0,Sikkim,27.581062,88.158561,2019-01-30,,,,5215.0,21.49,,0,25.277
NEG_003754,pseudo_negative,0,Sikkim,27.60445,88.209166,2015-10-15,,,,4597.0,23.93,,0,25.154
NEG_003755,pseudo_negative,0,Sikkim,27.534531,88.446608,2007-06-18,,,,2079.0,37.77,,7,5.065
NEG_003756,pseudo_negative,0,Sikkim,27.528509,88.522398,2005-05-16,,,,888.0,40.0,,46,2.112
NEG_003757,pseudo_negative,0,Sikkim,27.583065,88.576457,2012-06-30,,,,3430.0,40.36,,61,2.907
NEG_003758,pseudo_negative,0,Sikkim,27.581881,88.801337,2005-11-22,,,,4948.0,50.47,,0,10.735
NEG_003759,pseudo_negative,0,Sikkim,27.635298,88.852659,2024-08-13,,,,4958.0,35.43,,0,12.555
NEG_003760,pseudo_negative,0,Sikkim,27.647311,88.031279,2007-11-01,,,,5643.0,25.97,,0,37.144
NEG_003761,pseudo_negative,0,Sikkim,27.725293,88.138967,2010-12-14,,,,6450.0,52.38,,0,39.849
NEG_003762,pseudo_negative,0,Sikkim,27.727418,88.296561,2019-04-25,,,,5991.0,64.56,,0,24.371
NEG_003763,pseudo_negative,0,Sikkim,27.64843,88.346192,2026-08-21,,,,4367.0,67.66,,0,19.542
NEG_003764,pseudo_negative,0,Sikkim,27.679764,88.571407,2026-09-03,,,,3202.0,42.61,,25,1.935
NEG_003765,pseudo_negative,0,Sikkim,27.697803,88.627987,2020-08-01,,,,4167.0,26.68,,29,3.832
NEG_003766,pseudo_negative,0,Sikkim,27.73148,88.74222,2015-08-17,,,,3184.0,19.78,,3,5.026
NEG_003767,pseudo_negative,0,Sikkim,27.684686,88.906773,2016-10-14,,,,4064.0,33.7,,0,16.545
NEG_003768,pseudo_negative,0,Sikkim,27.841179,87.954316,2018-06-24,,,,5298.0,29.62,,0,58.801
NEG_003769,pseudo_negative,0,Sikkim,27.866324,88.143774,2005-08-01,,,,6732.0,71.52,,0,41.369
NEG_003770,pseudo_negative,0,Sikkim,27.773087,88.305442,2021-08-30,,,,4972.0,33.61,,0,23.524
NEG_003771,pseudo_negative,0,Sikkim,27.819673,88.397424,2005-05-14,,,,5011.0,30.64,,0,16.327
NEG_003772,pseudo_negative,0,Sikkim,27.865545,88.489702,2019-05-10,,,,4965.0,30.93,,0,13.967
NEG_003773,pseudo_negative,0,Sikkim,27.872909,88.694453,2020-05-11,,,,4320.0,18.03,,0,20.284
NEG_003774,pseudo_negative,0,Sikkim,27.851241,88.755375,2017-11-30,,,,5642.0,40.28,,0,18.404
NEG_003775,pseudo_negative,0,Sikkim,27.845921,88.840063,2007-12-22,,,,4742.0,29.07,,0,20.348
NEG_003776,pseudo_negative,0,Sikkim,26.990261,88.052171,2007-11-13,,,,1632.0,30.74,,85,5.223
NEG_003777,pseudo_negative,0,Sikkim,27.022733,88.079448,2014-05-15,,,,2695.0,28.34,,148,1.398
NEG_003778,pseudo_negative,0,Sikkim,26.958592,88.532296,2024-08-30,,,,641.0,24.68,,234,1.046
NEG_003779,pseudo_negative,0,Sikkim,27.021372,88.801018,2010-07-01,,,,658.0,23.96,,30,1.733
NEG_003780,pseudo_negative,0,Sikkim,26.980411,88.933246,2016-08-22,,,,378.0,0.0,,3,8.943
NEG_003781,pseudo_negative,0,Sikkim,27.170781,87.951571,2021-05-30,,,,2035.0,39.79,,0,13.334
NEG_003782,pseudo_negative,0,Sikkim,27.068923,88.637127,2005-06-05,,,,1521.0,19.73,,243,1.37
NEG_003783,pseudo_negative,0,Sikkim,27.160224,88.822135,2020-01-26,,,,1976.0,25.59,,11,5.02
NEG_003784,pseudo_negative,0,Sikkim,27.128666,88.849801,2009-07-12,,,,1154.0,18.98,,19,3.051
NEG_003785,pseudo_negative,0,Sikkim,27.287946,88.020719,2024-08-09,,,,3355.0,36.37,,14,5.903
NEG_003786,pseudo_negative,0,Sikkim,27.273239,88.221635,2024-11-05,,,,819.0,26.26,,108,1.051
NEG_003787,pseudo_negative,0,Sikkim,27.178923,88.415067,2021-08-03,,,,1667.0,30.02,,203,1.249
NEG_003788,pseudo_negative,0,Sikkim,27.274005,88.661787,2014-05-12,,,,2007.0,28.81,,77,1.892
NEG_003789,pseudo_negative,0,Sikkim,27.252351,88.764812,2015-11-03,,,,2425.0,38.08,,26,1.967
NEG_003790,pseudo_negative,0,Sikkim,27.215134,88.828922,2007-07-28,,,,1762.0,34.96,,11,6.012
NEG_003791,pseudo_negative,0,Sikkim,27.379478,87.959667,2020-08-13,,,,1914.0,40.18,,0,15.153
NEG_003792,pseudo_negative,0,Sikkim,27.295902,88.356794,2015-08-08,,,,1955.0,20.01,,67,1.581
NEG_003793,pseudo_negative,0,Sikkim,27.360555,88.470493,2020-05-18,,,,830.0,38.16,,36,1.695
NEG_003794,pseudo_negative,0,Sikkim,27.343849,88.687555,2010-08-23,,,,2329.0,37.03,,84,2.859
NEG_003795,pseudo_negative,0,Sikkim,27.327165,88.717553,2007-07-24,,,,2560.0,40.7,,59,4.606
NEG_003796,pseudo_negative,0,Sikkim,27.3667,88.9524,2018-09-11,,,,3325.0,22.72,,0,11.117
NEG_003797,pseudo_negative,0,Sikkim,27.475155,87.970149,2009-08-02,,,,2636.0,21.86,,0,22.788
NEG_003798,pseudo_negative,0,Sikkim,27.44488,88.155463,2006-07-22,,,,3225.0,37.65,,0,11.596
NEG_003799,pseudo_negative,0,Sikkim,27.472542,88.273623,2013-10-15,,,,4095.0,26.91,,5,9.174
NEG_003800,pseudo_negative,0,Sikkim,27.419199,88.445364,2016-05-02,,,,2695.0,23.85,,26,5.611
NEG_003801,pseudo_negative,0,Sikkim,27.492457,88.458708,2020-05-09,,,,1661.0,31.3,,25,6.142
NEG_003802,pseudo_negative,0,Sikkim,27.494225,88.648305,2025-07-02,,,,3292.0,24.05,,60,5.449
NEG_003803,pseudo_negative,0,Sikkim,27.434557,88.824551,2012-08-04,,,,4671.0,42.43,,12,5.862
NEG_003804,pseudo_negative,0,Sikkim,27.466223,88.902014,2019-06-29,,,,3038.0,14.78,,0,12.977
NEG_003805,pseudo_negative,0,Sikkim,27.612991,87.99708,2020-06-20,,,,5527.0,52.05,,0,35.197
NEG_003806,pseudo_negative,0,Sikkim,27.55256,88.077813,2021-11-04,,,,5310.0,26.76,,0,25.67
NEG_003807,pseudo_negative,0,Sikkim,27.617589,88.225197,2026-08-17,,,,4968.0,13.39,,0,25.976
NEG_003808,pseudo_negative,0,Sikkim,27.567089,88.376856,2018-05-23,,,,2242.0,25.66,,0,12.451
NEG_003809,pseudo_negative,0,Sikkim,27.587224,88.474588,2020-08-01,,,,2908.0,38.63,,2,6.213
NEG_003810,pseudo_negative,0,Sikkim,27.608183,88.701199,2021-08-06,,,,3170.0,48.54,,31,2.428
NEG_003811,pseudo_negative,0,Sikkim,27.636067,88.783545,2019-12-30,,,,4296.0,29.83,,8,6.624
NEG_003812,pseudo_negative,0,Sikkim,27.619114,88.955468,2021-07-20,,,,4309.0,30.57,,0,22.618
NEG_003813,pseudo_negative,0,Sikkim,27.7484,88.045748,2024-06-04,,,,5066.0,30.59,,0,46.654
NEG_003814,pseudo_negative,0,Sikkim,27.67229,88.175741,2020-06-07,,,,6499.0,43.96,,0,33.384
NEG_003815,pseudo_negative,0,Sikkim,27.702195,88.203769,2006-07-30,,,,5297.0,14.26,,0,33.792
NEG_003816,pseudo_negative,0,Sikkim,27.664156,88.355387,2009-08-25,,,,4650.0,28.33,,0,20.065
NEG_003817,pseudo_negative,0,Sikkim,27.695921,88.490009,2008-09-28,,,,4364.0,16.47,,17,6.701
NEG_003818,pseudo_negative,0,Sikkim,27.725286,88.631435,2019-08-31,,,,3420.0,33.59,,21,6.366
NEG_003819,pseudo_negative,0,Sikkim,27.691171,88.823644,2011-08-28,,,,4809.0,41.63,,3,8.376
NEG_003820,pseudo_negative,0,Sikkim,27.730949,88.882412,2020-05-16,,,,4722.0,9.04,,0,14.985
NEG_003821,pseudo_negative,0,Sikkim,27.826916,87.987238,2020-11-11,,,,5764.0,38.82,,0,55.349
NEG_003822,pseudo_negative,0,Sikkim,27.777031,88.172531,2012-04-09,,,,6669.0,52.7,,0,36.581
NEG_003823,pseudo_negative,0,Sikkim,27.762629,88.248575,2009-06-14,,,,4950.0,6.95,,0,29.008
NEG_003824,pseudo_negative,0,Sikkim,27.835417,88.382611,2007-06-03,,,,5429.0,5.34,,0,18.464
NEG_003825,pseudo_negative,0,Sikkim,27.769754,88.45591,2024-08-07,,,,3679.0,35.39,,5,8.869
NEG_003826,pseudo_negative,0,Sikkim,27.838571,88.684151,2011-07-24,,,,4182.0,45.21,,0,17.082
NEG_003827,pseudo_negative,0,Sikkim,27.794157,88.70248,2008-06-20,,,,3667.0,13.71,,0,12.504
NEG_003828,pseudo_negative,0,Sikkim,27.786915,88.952364,2005-04-06,,,,4708.0,31.25,,0,23.81
NEG_003829,pseudo_negative,0,Sikkim,27.057,87.979127,2005-05-13,,,,2398.0,26.53,,1,9.0
NEG_003830,pseudo_negative,0,Sikkim,26.993826,88.190584,2024-07-22,,,,1623.0,19.41,,256,1.946
NEG_003831,pseudo_negative,0,Sikkim,26.982636,88.240563,2015-05-19,,,,1736.0,31.43,,189,2.357
NEG_003832,pseudo_negative,0,Sikkim,27.044492,88.642171,2025-11-24,,,,1541.0,20.9,,243,1.939
NEG_003833,pseudo_negative,0,Sikkim,26.949723,88.754041,2005-12-07,,,,280.0,1.68,,31,2.65
NEG_003834,pseudo_negative,0,Sikkim,27.054703,88.930454,2017-11-09,,,,1314.0,11.15,,13,5.251
NEG_003835,pseudo_negative,0,Sikkim,27.066251,87.964156,2009-09-19,,,,1972.0,37.65,,0,10.663
NEG_003836,pseudo_negative,0,Sikkim,27.163755,88.729075,2011-11-06,,,,1687.0,10.54,,51,3.778
NEG_003837,pseudo_negative,0,Sikkim,27.126682,88.87507,2026-12-07,,,,998.0,8.99,,19,2.995
NEG_003838,pseudo_negative,0,Sikkim,27.262024,87.967944,2026-05-03,,,,1640.0,23.0,,0,10.826
NEG_003839,pseudo_negative,0,Sikkim,27.207409,88.081299,2020-05-08,,,,2638.0,25.59,,59,3.881
NEG_003840,pseudo_negative,0,Sikkim,27.208134,88.560505,2012-11-28,,,,964.0,16.39,,172,2.054
NEG_003841,pseudo_negative,0,Sikkim,27.188628,88.838003,2013-09-19,,,,1176.0,10.01,,15,8.396
NEG_003842,pseudo_negative,0,Sikkim,27.324547,88.058766,2026-05-25,,,,3334.0,41.16,,17,3.906
NEG_003843,pseudo_negative,0,Sikkim,27.34174,88.075833,2009-08-29,,,,3391.0,13.65,,17,5.225
NEG_003844,pseudo_negative,0,Sikkim,27.37409,88.28075,2005-11-09,,,,2163.0,19.03,,26,2.625
NEG_003845,pseudo_negative,0,Sikkim,27.401456,88.414865,2015-05-15,,,,2497.0,30.17,,9,5.16
NEG_003846,pseudo_negative,0,Sikkim,27.297836,88.465456,2016-09-18,,,,1399.0,22.71,,89,2.197
NEG_003847,pseudo_negative,0,Sikkim,27.404432,88.597089,2008-05-09,,,,1063.0,21.63,,99,1.866
NEG_003848,pseudo_negative,0,Sikkim,27.409133,88.800847,2018-07-15,,,,4445.0,26.29,,25,2.927
NEG_003849,pseudo_negative,0,Sikkim,27.359682,88.860931,2026-06-06,,,,4199.0,19.78,,15,2.052
NEG_003850,pseudo_negative,0,Sikkim,27.439034,88.011048,2018-08-10,,,,3192.0,31.53,,0,17.412
NEG_003851,pseudo_negative,0,Sikkim,27.476196,88.13475,2016-06-29,,,,3625.0,11.78,,0,15.59
NEG_003852,pseudo_negative,0,Sikkim,27.483996,88.194116,2020-07-23,,,,3765.0,43.19,,0,13.929
NEG_003853,pseudo_negative,0,Sikkim,27.434543,88.321209,2016-08-22,,,,2783.0,24.99,,9,3.941
NEG_003854,pseudo_negative,0,Sikkim,27.487487,88.503442,2018-07-20,,,,956.0,47.5,,39,2.555
NEG_003855,pseudo_negative,0,Sikkim,27.438077,88.64067,2019-09-16,,,,1733.0,41.32,,60,2.636
NEG_003856,pseudo_negative,0,Sikkim,27.46062,88.757085,2008-11-30,,,,4150.0,23.24,,8,9.242
NEG_003857,pseudo_negative,0,Sikkim,27.43847,88.944174,2025-10-05,,,,3486.0,26.62,,0,13.426
NEG_003858,pseudo_negative,0,Sikkim,27.547486,87.994305,2007-05-31,,,,4388.0,31.91,,0,28.962
NEG_003859,pseudo_negative,0,Sikkim,27.623535,88.129987,2008-11-04,,,,6362.0,23.27,,0,30.662
NEG_003860,pseudo_negative,0,Sikkim,27.589875,88.30587,2017-04-27,,,,3563.0,55.71,,0,19.884
NEG_003861,pseudo_negative,0,Sikkim,27.55693,88.363776,2013-05-17,,,,2906.0,40.96,,0,13.447
NEG_003862,pseudo_negative,0,Sikkim,27.571309,88.55131,2025-08-06,,,,2307.0,45.08,,51,3.184
NEG_003863,pseudo_negative,0,Sikkim,27.579576,88.583807,2005-05-06,,,,3178.0,67.3,,61,2.544
NEG_003864,pseudo_negative,0,Sikkim,27.598041,88.712824,2016-09-25,,,,3977.0,25.67,,27,3.892
NEG_003865,pseudo_negative,0,Sikkim,27.535524,88.94137,2024-05-30,,,,3848.0,35.89,,0,21.359
NEG_003866,pseudo_negative,0,Sikkim,27.752188,87.975759,2013-05-21,,,,4820.0,37.97,,0,50.022
NEG_003867,pseudo_negative,0,Sikkim,27.736795,88.174047,2019-12-31,,,,5938.0,23.09,,0,36.333
NEG_003868,pseudo_negative,0,Sikkim,27.650883,88.27761,2008-05-09,,,,4343.0,61.21,,0,25.232
NEG_003869,pseudo_negative,0,Sikkim,27.659333,88.439859,2018-05-22,,,,4066.0,22.67,,0,12.907
NEG_003870,pseudo_negative,0,Sikkim,27.756115,88.550444,2013-07-10,,,,3059.0,34.51,,18,1.071
NEG_003871,pseudo_negative,0,Sikkim,27.726266,88.660628,2022-07-15,,,,4558.0,38.8,,11,8.328
NEG_003872,pseudo_negative,0,Sikkim,27.647101,88.765277,2016-05-11,,,,4069.0,39.6,,8,4.474
NEG_003873,pseudo_negative,0,Sikkim,27.67333,88.911007,2017-07-14,,,,4261.0,45.72,,0,17.024
NEG_003874,pseudo_negative,0,Sikkim,27.776383,88.062361,2010-06-07,,,,5401.0,28.82,,0,47.387
NEG_003875,pseudo_negative,0,Sikkim,27.779976,88.156436,2024-07-14,,,,5569.0,48.58,,0,38.187
NEG_003876,pseudo_negative,0,Sikkim,27.859318,88.290493,2008-07-17,,,,5102.0,14.83,,0,27.692
NEG_003877,pseudo_negative,0,Sikkim,27.869143,88.4424,2023-08-22,,,,4728.0,37.66,,0,16.613
NEG_003878,pseudo_negative,0,Sikkim,27.862098,88.570304,2014-12-03,,,,4235.0,14.83,,0,12.848
NEG_003879,pseudo_negative,0,Sikkim,27.839384,88.650058,2006-06-13,,,,5393.0,38.93,,0,14.551
NEG_003880,pseudo_negative,0,Sikkim,27.851107,88.784795,2009-08-07,,,,4762.0,28.51,,0,18.868
NEG_003881,pseudo_negative,0,Sikkim,27.774295,88.891708,2007-08-19,,,,4854.0,16.55,,0,17.95
NEG_003882,pseudo_negative,0,Sikkim,26.963844,87.952425,2006-08-09,,,,905.0,23.77,,0,14.518
NEG_003883,pseudo_negative,0,Sikkim,27.019027,88.833739,2009-09-13,,,,791.0,17.97,,22,2.219
NEG_003884,pseudo_negative,0,Sikkim,27.178576,87.987287,2006-07-01,,,,2323.0,33.91,,1,9.838
NEG_003885,pseudo_negative,0,Sikkim,27.145288,88.245421,2014-06-23,,,,1536.0,17.93,,321,1.944
NEG_003886,pseudo_negative,0,Sikkim,27.099689,88.706476,2026-07-13,,,,2477.0,36.33,,149,2.145
NEG_003887,pseudo_negative,0,Sikkim,27.109935,88.863862,2013-08-12,,,,638.0,3.76,,22,1.231
NEG_003888,pseudo_negative,0,Sikkim,27.281961,88.022742,2014-09-20,,,,3092.0,33.09,,14,5.538
NEG_003889,pseudo_negative,0,Sikkim,27.19784,88.105413,2012-06-02,,,,2961.0,14.2,,89,2.973
NEG_003890,pseudo_negative,0,Sikkim,27.278311,88.331903,2007-06-14,,,,1780.0,14.93,,90,2.377
NEG_003891,pseudo_negative,0,Sikkim,27.254158,88.637058,2025-11-26,,,,2090.0,15.18,,101,1.43
NEG_003892,pseudo_negative,0,Sikkim,27.234535,88.826331,2005-05-03,,,,1931.0,17.66,,12,4.502
NEG_003893,pseudo_negative,0,Sikkim,27.226984,88.9026,2023-07-17,,,,2080.0,17.66,,0,10.918
NEG_003894,pseudo_negative,0,Sikkim,27.398383,87.975518,2025-07-26,,,,2962.0,24.04,,0,15.454
NEG_003895,pseudo_negative,0,Sikkim,27.351377,88.105199,2017-06-10,,,,2650.0,29.2,,28,5.329
NEG_003896,pseudo_negative,0,Sikkim,27.383006,88.254611,2009-08-05,,,,2774.0,35.74,,23,2.657
NEG_003897,pseudo_negative,0,Sikkim,27.355886,88.530977,2015-08-15,,,,2373.0,31.74,,75,2.053
NEG_003898,pseudo_negative,0,Sikkim,27.40886,88.793162,2023-07-19,,,,4400.0,13.37,,27,3.185
NEG_003899,pseudo_negative,0,Sikkim,27.376972,88.844739,2022-05-11,,,,4186.0,6.93,,14,1.672
NEG_003900,pseudo_negative,0,Sikkim,27.425002,87.943002,2011-05-24,,,,2425.0,33.2,,0,19.804
NEG_003901,pseudo_negative,0,Sikkim,27.506787,88.181981,2014-08-06,,,,3967.0,38.74,,0,16.712
NEG_003902,pseudo_negative,0,Sikkim,27.463727,88.310733,2026-06-15,,,,3328.0,45.23,,9,7.336
NEG_003903,pseudo_negative,0,Sikkim,27.444527,88.435694,2008-09-07,,,,2809.0,21.58,,23,7.707
NEG_003904,pseudo_negative,0,Sikkim,27.462657,88.58811,2005-05-04,,,,2711.0,21.04,,85,2.968
NEG_003905,pseudo_negative,0,Sikkim,27.499216,88.794251,2016-07-07,,,,4770.0,27.56,,0,12.918
NEG_003906,pseudo_negative,0,Sikkim,27.421638,88.91951,2010-11-24,,,,3208.0,14.77,,0,10.358
NEG_003907,pseudo_negative,0,Sikkim,27.628859,87.983174,2012-11-08,,,,4555.0,19.76,,0,37.385
NEG_003908,pseudo_negative,0,Sikkim,27.543163,88.074732,2018-08-10,,,,5081.0,23.88,,0,24.892
NEG_003909,pseudo_negative,0,Sikkim,27.606669,88.319375,2020-05-12,,,,3560.0,43.4,,0,19.308
NEG_003910,pseudo_negative,0,Sikkim,27.570063,88.420292,2018-11-07,,,,1443.0,32.92,,2,8.577
NEG_003911,pseudo_negative,0,Sikkim,27.585626,88.547313,2013-07-26,,,,2988.0,24.25,,45,4.478
NEG_003912,pseudo_negative,0,Sikkim,27.620192,88.806302,2011-05-18,,,,4815.0,24.77,,5,9.473
NEG_003913,pseudo_negative,0,Sikkim,27.638646,88.94883,2012-11-19,,,,3673.0,26.82,,0,21.36
NEG_003914,pseudo_negative,0,Sikkim,27.700342,87.987945,2014-05-15,,,,5239.0,39.77,,0,44.335
NEG_003915,pseudo_negative,0,Sikkim,27.705709,88.151751,2014-05-04,,,,7795.0,46.66,,0,37.732
NEG_003916,pseudo_negative,0,Sikkim,27.725642,88.294822,2008-05-31,,,,6061.0,47.65,,0,24.561
NEG_003917,pseudo_negative,0,Sikkim,27.739573,88.342859,2026-08-05,,,,5169.0,44.82,,0,19.722
NEG_003918,pseudo_negative,0,Sikkim,27.693748,88.548681,2026-05-09,,,,3465.0,30.9,,22,1.666
NEG_003919,pseudo_negative,0,Sikkim,27.705672,88.589468,2024-05-09,,,,3335.0,34.03,,24,2.117
NEG_003920,pseudo_negative,0,Sikkim,27.679172,88.79889,2017-08-04,,,,4231.0,50.45,,5,5.976
NEG_003921,pseudo_negative,0,Sikkim,27.709838,88.896944,2006-08-16,,,,4242.0,16.77,,0,15.791
NEG_003922,pseudo_negative,0,Sikkim,27.856621,87.960856,2010-05-26,,,,5592.0,34.86,,0,58.491
NEG_003923,pseudo_negative,0,Sikkim,27.813794,88.13211,2025-05-07,,,,5612.0,28.61,,0,41.055
NEG_003924,pseudo_negative,0,Sikkim,27.76662,88.198834,2022-05-18,,,,5754.0,15.59,,0,33.919
NEG_003925,pseudo_negative,0,Tripura,23.28645,91.500169,2008-05-10,,,,37.0,17.46,,2,3.988
NEG_003926,pseudo_negative,0,Tripura,23.195123,91.838381,2021-05-13,,,,103.0,16.33,,0,35.268
NEG_003927,pseudo_negative,0,Tripura,23.326717,92.05113,2023-11-11,,,,62.0,10.22,,0,36.379
NEG_003928,pseudo_negative,0,Tripura,23.313613,92.394337,2015-07-10,,,,68.0,4.61,,0,11.251
NEG_003929,pseudo_negative,0,Tripura,23.151569,92.732143,2017-08-08,,,,438.0,13.57,,199,1.362
NEG_003930,pseudo_negative,0,Tripura,23.275279,93.245403,2010-05-27,,,,961.0,17.05,,38,1.366
NEG_003931,pseudo_negative,0,Tripura,23.149793,93.438932,2022-04-08,,,,1451.0,28.69,,5,7.376
NEG_003932,pseudo_negative,0,Tripura,23.274113,93.723265,2016-07-03,,,,1434.0,16.2,,0,36.381
NEG_003933,pseudo_negative,0,Tripura,23.553846,91.424303,2006-07-05,,,,41.0,6.54,,0,28.638
NEG_003934,pseudo_negative,0,Tripura,23.536572,91.553619,2018-08-20,,,,34.0,5.16,,0,23.035
NEG_003935,pseudo_negative,0,Tripura,23.491329,91.930832,2006-06-28,,,,162.0,8.12,,0,20.938
NEG_003936,pseudo_negative,0,Tripura,23.342066,92.251984,2009-05-15,,,,185.0,9.44,,0,25.438
NEG_003937,pseudo_negative,0,Tripura,23.508615,92.865548,2012-09-01,,,,655.0,19.75,,54,1.561
NEG_003938,pseudo_negative,0,Tripura,23.554761,92.922183,2011-12-23,,,,1128.0,30.39,,20,4.812
NEG_003939,pseudo_negative,0,Tripura,23.512635,93.429868,2022-08-28,,,,1056.0,27.75,,12,5.7
NEG_003940,pseudo_negative,0,Tripura,23.397149,93.677331,2014-06-16,,,,1380.0,34.84,,0,29.759
NEG_003941,pseudo_negative,0,Tripura,23.634456,91.251994,2013-08-27,,,,11.0,2.02,,0,18.828
NEG_003942,pseudo_negative,0,Tripura,23.63488,91.616753,2021-05-04,,,,65.0,8.29,,0,10.528
NEG_003943,pseudo_negative,0,Tripura,23.702194,91.916599,2009-05-30,,,,200.0,10.85,,1,9.884
NEG_003944,pseudo_negative,0,Tripura,23.564967,92.51774,2018-06-12,,,,257.0,12.1,,23,4.898
NEG_003945,pseudo_negative,0,Tripura,23.586206,92.794849,2026-09-11,,,,393.0,36.05,,180,2.13
NEG_003946,pseudo_negative,0,Tripura,23.70337,93.214592,2012-09-19,,,,857.0,14.51,,12,2.161
NEG_003947,pseudo_negative,0,Tripura,23.718455,93.415148,2006-08-22,,,,1168.0,29.75,,18,4.639
NEG_003948,pseudo_negative,0,Tripura,23.560596,93.84059,2019-07-09,,,,1777.0,12.86,,0,46.504
NEG_003949,pseudo_negative,0,Tripura,23.813375,91.198677,2020-05-01,,,,12.0,1.85,,1,7.571
NEG_003950,pseudo_negative,0,Tripura,23.79245,91.580519,2022-06-17,,,,127.0,8.75,,4,2.753
NEG_003951,pseudo_negative,0,Tripura,24.012328,92.157493,2013-07-05,,,,84.0,9.2,,4,5.937
NEG_003952,pseudo_negative,0,Tripura,23.886519,92.347979,2010-08-16,,,,222.0,21.84,,21,2.956
NEG_003953,pseudo_negative,0,Tripura,23.949238,93.01137,2022-11-26,,,,693.0,21.28,,40,1.475
NEG_003954,pseudo_negative,0,Tripura,23.855344,93.526012,2011-07-26,,,,957.0,14.44,,0,14.074
NEG_003955,pseudo_negative,0,Tripura,23.807978,93.870722,2005-05-13,,,,1838.0,27.81,,0,19.737
NEG_003956,pseudo_negative,0,Tripura,24.160134,91.341145,2007-11-03,,,,10.0,1.64,,0,19.908
NEG_003957,pseudo_negative,0,Tripura,24.072721,91.710821,2008-05-21,,,,65.0,3.67,,0,12.188
NEG_003958,pseudo_negative,0,Tripura,24.185938,92.102282,2010-07-16,,,,38.0,6.75,,0,12.8
NEG_003959,pseudo_negative,0,Tripura,24.235226,92.536867,2020-06-04,,,,81.0,15.78,,12,5.378
NEG_003960,pseudo_negative,0,Tripura,24.13499,92.884187,2007-06-25,,,,229.0,30.82,,50,4.22
NEG_003961,pseudo_negative,0,Tripura,24.219531,93.041891,2009-08-09,,,,96.0,13.87,,43,2.388
NEG_003962,pseudo_negative,0,Tripura,24.098177,93.470156,2005-09-13,,,,879.0,9.89,,19,3.036
NEG_003963,pseudo_negative,0,Tripura,24.235115,93.693161,2015-08-16,,,,902.0,20.18,,5,3.747
NEG_003964,pseudo_negative,0,Tripura,24.281845,91.4647,2021-05-19,,,,15.0,3.28,,0,30.0
NEG_003965,pseudo_negative,0,Tripura,24.444252,91.681817,2017-05-06,,,,15.0,3.68,,0,31.616
NEG_003966,pseudo_negative,0,Tripura,24.425322,92.201213,2022-05-12,,,,34.0,2.33,,13,4.255
NEG_003967,pseudo_negative,0,Tripura,24.268642,92.448608,2025-07-12,,,,341.0,20.95,,4,5.212
NEG_003968,pseudo_negative,0,Tripura,24.322699,92.727771,2015-07-20,,,,210.0,8.79,,44,1.131
NEG_003969,pseudo_negative,0,Tripura,24.283154,93.08083,2026-07-15,,,,284.0,31.1,,30,2.977
NEG_003970,pseudo_negative,0,Tripura,24.270895,93.308769,2024-05-17,,,,503.0,10.9,,15,4.473
NEG_003971,pseudo_negative,0,Tripura,24.389515,93.728421,2011-08-07,,,,983.0,33.85,,33,2.332
NEG_003972,pseudo_negative,0,Tripura,24.564547,91.245003,2019-07-26,,,,8.0,3.68,,0,64.884
NEG_003973,pseudo_negative,0,Tripura,24.683807,91.601516,2015-09-27,,,,12.0,3.68,,0,53.357
NEG_003974,pseudo_negative,0,Tripura,24.498186,92.062146,2011-07-21,,,,25.0,0.0,,0,10.985
NEG_003975,pseudo_negative,0,Tripura,24.563712,92.548206,2025-11-22,,,,37.0,13.72,,4,5.198
NEG_003976,pseudo_negative,0,Tripura,24.668054,92.848788,2021-08-23,,,,24.0,3.3,,3,5.417
NEG_003977,pseudo_negative,0,Tripura,24.677352,93.122863,2021-07-03,,,,28.0,1.38,,26,1.333
NEG_003978,pseudo_negative,0,Tripura,24.622387,93.791373,2017-07-07,,,,778.0,3.57,,14,7.102
NEG_003979,pseudo_negative,0,Tripura,24.781626,91.423218,2015-07-19,,,,7.0,1.65,,0,42.645
NEG_003980,pseudo_negative,0,Tripura,24.761079,91.715907,2025-10-15,,,,12.0,3.3,,0,45.451
NEG_003981,pseudo_negative,0,Tripura,24.907899,92.140474,2008-05-10,,,,20.0,8.83,,0,25.994
NEG_003982,pseudo_negative,0,Tripura,24.914993,92.564786,2006-08-04,,,,19.0,5.94,,1,9.065
NEG_003983,pseudo_negative,0,Tripura,24.800531,92.618655,2020-11-30,,,,23.0,1.65,,2,6.45
NEG_003984,pseudo_negative,0,Tripura,24.928099,92.961259,2012-11-15,,,,39.0,3.69,,7,3.724
NEG_003985,pseudo_negative,0,Tripura,24.857743,93.405514,2018-05-17,,,,222.0,32.9,,60,3.598
NEG_003986,pseudo_negative,0,Tripura,23.102029,91.245812,2019-07-17,,,,8.0,3.26,,0,29.19
NEG_003987,pseudo_negative,0,Tripura,23.179961,91.544564,2020-05-24,,,,100.0,3.64,,2,7.475
NEG_003988,pseudo_negative,0,Tripura,23.248892,92.0716,2005-08-14,,,,41.0,1.63,,0,41.725
NEG_003989,pseudo_negative,0,Tripura,23.260439,92.420304,2017-07-18,,,,71.0,5.15,,5,6.208
NEG_003990,pseudo_negative,0,Tripura,23.204841,93.062841,2024-08-07,,,,761.0,25.35,,21,2.422
NEG_003991,pseudo_negative,0,Tripura,23.131814,93.5687,2011-05-20,,,,1779.0,33.0,,0,20.475
NEG_003992,pseudo_negative,0,Tripura,23.252192,93.724553,2017-11-28,,,,1652.0,26.78,,0,37.339
NEG_003993,pseudo_negative,0,Tripura,23.523804,91.386204,2013-08-29,,,,36.0,7.6,,0,31.936
NEG_003994,pseudo_negative,0,Tripura,23.530487,91.590038,2024-08-29,,,,40.0,9.45,,0,22.443
NEG_003995,pseudo_negative,0,Tripura,23.399626,92.222587,2025-11-21,,,,129.0,8.73,,0,31.107
NEG_003996,pseudo_negative,0,Tripura,23.331504,92.413452,2017-03-23,,,,214.0,24.04,,0,11.328
NEG_003997,pseudo_negative,0,Tripura,23.504727,92.791761,2014-08-09,,,,451.0,27.04,,139,2.431
NEG_003998,pseudo_negative,0,Tripura,23.36018,93.19536,2018-07-27,,,,960.0,26.5,,31,3.151
NEG_003999,pseudo_negative,0,Tripura,23.446347,93.394311,2019-10-11,,,,945.0,43.72,,71,3.418
NEG_004000,pseudo_negative,0,Tripura,23.399991,93.738781,2021-08-10,,,,1333.0,33.74,,0,36.031
NEG_004001,pseudo_negative,0,Tripura,23.745384,91.247317,2019-05-08,,,,19.0,2.74,,1,6.865
NEG_004002,pseudo_negative,0,Tripura,23.595717,91.674995,2005-07-25,,,,47.0,5.88,,0,14.767
NEG_004003,pseudo_negative,0,Tripura,23.571253,92.094296,2021-06-24,,,,122.0,6.91,,0,10.958
NEG_004004,pseudo_negative,0,Tripura,23.615129,92.486284,2016-09-01,,,,439.0,34.17,,3,5.285
NEG_004005,pseudo_negative,0,Tripura,23.743105,92.873176,2018-05-03,,,,602.0,30.25,,138,1.797
NEG_004006,pseudo_negative,0,Tripura,23.758779,93.075314,2011-07-13,,,,1068.0,27.37,,45,2.516
NEG_004007,pseudo_negative,0,Tripura,23.572468,93.47749,2019-08-30,,,,1511.0,26.0,,0,10.005
NEG_004008,pseudo_negative,0,Tripura,23.665364,93.930852,2015-05-22,,,,1601.0,28.63,,0,33.93
NEG_004009,pseudo_negative,0,Tripura,23.941229,91.2113,2025-08-10,,,,17.0,1.37,,0,16.572
NEG_004010,pseudo_negative,0,Tripura,23.837238,91.548093,2021-05-20,,,,159.0,20.12,,2,4.812
NEG_004011,pseudo_negative,0,Tripura,23.909859,91.969029,2017-11-21,,,,101.0,21.68,,1,9.241
NEG_004012,pseudo_negative,0,Tripura,23.869676,92.982742,2016-08-03,,,,759.0,16.42,,60,4.624
NEG_004013,pseudo_negative,0,Tripura,23.969508,93.599032,2008-07-29,,,,926.0,21.75,,15,5.117
NEG_004014,pseudo_negative,0,Tripura,23.818422,93.603804,2007-10-17,,,,1412.0,38.35,,0,18.781
NEG_004015,pseudo_negative,0,Tripura,24.07804,91.259228,2009-11-14,,,,8.0,2.32,,0,20.874
NEG_004016,pseudo_negative,0,Tripura,24.120093,91.783703,2010-06-14,,,,61.0,6.93,,2,5.771
NEG_004017,pseudo_negative,0,Tripura,24.117631,92.143624,2024-07-24,,,,52.0,5.18,,1,9.489
NEG_004018,pseudo_negative,0,Tripura,24.077974,92.271227,2017-05-01,,,,406.0,30.13,,19,1.408
NEG_004019,pseudo_negative,0,Tripura,24.054413,92.805009,2011-08-26,,,,299.0,15.21,,49,2.488
NEG_004020,pseudo_negative,0,Tripura,24.182236,93.253971,2017-05-30,,,,738.0,39.75,,27,3.972
NEG_004021,pseudo_negative,0,Tripura,24.049938,93.308691,2022-05-28,,,,561.0,33.42,,24,1.891
NEG_004022,pseudo_negative,0,Tripura,24.094571,93.782664,2005-08-20,,,,831.0,9.49,,1,7.698
NEG_004023,pseudo_negative,0,Tripura,24.425529,91.387527,2022-05-27,,,,9.0,0.0,,0,46.408
NEG_004024,pseudo_negative,0,Tripura,24.442132,91.738025,2016-11-07,,,,11.0,3.68,,0,30.322
NEG_004025,pseudo_negative,0,Tripura,24.460615,92.170239,2018-06-28,,,,37.0,8.8,,11,3.24
NEG_004026,pseudo_negative,0,Tripura,24.2977,92.286294,2011-09-27,,,,44.0,4.92,,11,6.149
NEG_004027,pseudo_negative,0,Tripura,24.470044,92.8595,2014-05-20,,,,145.0,1.65,,8,6.044
NEG_004028,pseudo_negative,0,Tripura,24.283293,93.074776,2011-05-24,,,,323.0,27.78,,31,3.589
NEG_004029,pseudo_negative,0,Tripura,24.455074,93.491284,2020-11-10,,,,1546.0,17.82,,3,9.225
NEG_004030,pseudo_negative,0,Tripura,24.382558,93.852471,2013-06-12,,,,771.0,4.93,,5,4.351
NEG_004031,pseudo_negative,0,Tripura,24.477294,91.375897,2026-11-23,,,,8.0,3.68,,0,52.271
NEG_004032,pseudo_negative,0,Tripura,24.67858,91.564891,2005-05-31,,,,16.0,0.0,,0,53.53
NEG_004033,pseudo_negative,0,Tripura,24.483815,92.136922,2006-11-28,,,,27.0,3.68,,3,3.443
NEG_004034,pseudo_negative,0,Tripura,24.663191,92.293867,2010-05-05,,,,21.0,0.0,,2,4.797
NEG_004035,pseudo_negative,0,Tripura,24.607582,92.735234,2009-07-04,,,,72.0,12.37,,9,2.539
NEG_004036,pseudo_negative,0,Tripura,24.60423,93.160568,2013-06-13,,,,489.0,19.38,,23,1.996
NEG_004037,pseudo_negative,0,Tripura,24.626738,93.491433,2022-04-09,,,,1322.0,15.53,,5,3.226
NEG_004038,pseudo_negative,0,Tripura,24.690814,93.860088,2018-07-07,,,,776.0,2.24,,1,8.156
NEG_004039,pseudo_negative,0,Tripura,24.839388,91.234118,2008-11-06,,,,5.0,2.33,,0,40.209
NEG_004040,pseudo_negative,0,Tripura,24.819494,91.600842,2025-07-25,,,,6.0,3.69,,0,38.474
NEG_004041,pseudo_negative,0,Tripura,24.849334,91.981543,2011-05-02,,,,16.0,1.65,,0,34.971
NEG_004042,pseudo_negative,0,Tripura,24.925908,92.437976,2006-04-25,,,,25.0,3.69,,2,7.229
NEG_004043,pseudo_negative,0,Tripura,24.878408,92.734453,2025-06-20,,,,21.0,0.0,,8,7.697
NEG_004044,pseudo_negative,0,Tripura,24.84532,92.923991,2014-09-02,,,,24.0,1.65,,0,12.666
NEG_004045,pseudo_negative,0,Tripura,24.912045,93.691516,2007-09-18,,,,981.0,20.94,,34,2.922
NEG_004046,pseudo_negative,0,Tripura,23.27208,91.206802,2025-07-18,,,,15.0,1.63,,0,28.836
NEG_004047,pseudo_negative,0,Tripura,23.1815,91.794322,2008-05-30,,,,45.0,1.63,,0,31.023
NEG_004048,pseudo_negative,0,Tripura,23.134622,92.132037,2014-09-14,,,,56.0,4.88,,0,36.642
NEG_004049,pseudo_negative,0,Tripura,23.133673,92.237058,2010-12-22,,,,56.0,5.14,,0,26.072
NEG_004050,pseudo_negative,0,Tripura,23.123083,92.865036,2007-04-12,,,,469.0,35.51,,43,2.745
NEG_004051,pseudo_negative,0,Tripura,23.260065,93.354996,2018-05-15,,,,1205.0,43.55,,26,1.786
NEG_004052,pseudo_negative,0,Tripura,23.290889,93.918651,2019-07-13,,,,746.0,8.11,,0,55.312
NEG_004053,pseudo_negative,0,Tripura,23.555099,91.239669,2006-07-26,,,,50.0,6.54,,0,27.738
NEG_004054,pseudo_negative,0,Tripura,23.531769,91.635601,2013-06-09,,,,52.0,5.87,,0,21.597
NEG_004055,pseudo_negative,0,Tripura,23.334031,91.937621,2019-05-31,,,,95.0,8.72,,0,36.895
NEG_004056,pseudo_negative,0,Tripura,23.334783,92.319212,2016-07-13,,,,153.0,22.82,,0,18.935
NEG_004057,pseudo_negative,0,Tripura,23.345916,92.839597,2020-05-26,,,,610.0,17.67,,164,1.218
NEG_004058,pseudo_negative,0,Tripura,23.512932,93.036132,2018-11-13,,,,597.0,17.08,,41,3.629
NEG_004059,pseudo_negative,0,Tripura,23.441923,93.698742,2023-08-16,,,,1031.0,24.7,,0,32.32
NEG_004060,pseudo_negative,0,Tripura,23.580267,91.507358,2007-05-23,,,,56.0,8.12,,0,21.455
NEG_004061,pseudo_negative,0,Tripura,23.757918,91.790921,2022-07-10,,,,126.0,4.9,,0,14.565
NEG_004062,pseudo_negative,0,Tripura,23.755891,92.212369,2010-08-09,,,,198.0,12.98,,3,4.442
NEG_004063,pseudo_negative,0,Tripura,23.575245,92.74088,2021-01-28,,,,598.0,13.12,,291,1.535
NEG_004064,pseudo_negative,0,Tripura,23.659117,93.112809,2025-08-17,,,,834.0,24.61,,72,2.62
NEG_004065,pseudo_negative,0,Tripura,23.574055,93.526263,2024-09-09,,,,1290.0,9.85,,0,14.831
NEG_004066,pseudo_negative,0,Tripura,23.655056,93.614894,2020-09-29,,,,1421.0,46.0,,0,26.009
NEG_004067,pseudo_negative,0,Tripura,23.867491,91.283695,2009-12-19,,,,25.0,2.96,,2,6.27
NEG_004068,pseudo_negative,0,Tripura,23.854298,91.861339,2022-08-11,,,,130.0,5.89,,3,6.823
NEG_004069,pseudo_negative,0,Tripura,23.875252,91.908419,2008-05-30,,,,94.0,3.66,,2,5.773
NEG_004070,pseudo_negative,0,Tripura,24.004077,92.258897,2023-11-09,,,,220.0,2.32,,12,3.059
NEG_004071,pseudo_negative,0,Tripura,23.938596,92.632754,2024-05-19,,,,173.0,11.03,,55,2.112
NEG_004072,pseudo_negative,0,Tripura,23.988002,92.928881,2007-05-17,,,,1185.0,28.98,,46,1.96
NEG_004073,pseudo_negative,0,Tripura,23.946944,93.578023,2008-06-25,,,,1148.0,18.53,,13,4.65
NEG_004074,pseudo_negative,0,Tripura,23.84211,93.641779,2022-05-28,,,,2118.0,25.93,,0,17.948
NEG_004075,pseudo_negative,0,Tripura,24.160633,91.317165,2015-07-31,,,,6.0,0.0,,0,21.419
NEG_004076,pseudo_negative,0,Tripura,24.142317,91.850882,2015-08-31,,,,54.0,2.32,,2,9.051
NEG_004077,pseudo_negative,0,Tripura,24.198929,92.097628,2008-05-14,,,,48.0,13.02,,0,12.588
NEG_004078,pseudo_negative,0,Tripura,24.18098,92.464367,2018-05-04,,,,92.0,11.69,,8,4.972
NEG_004079,pseudo_negative,0,Tripura,24.184271,92.619065,2017-08-22,,,,119.0,14.56,,30,1.536
NEG_004080,pseudo_negative,0,Tripura,24.097592,93.000596,2022-06-12,,,,623.0,21.09,,25,6.595
NEG_004081,pseudo_negative,0,Tripura,24.155642,93.511955,2025-04-26,,,,706.0,24.86,,44,3.721
NEG_004082,pseudo_negative,0,Tripura,24.182995,93.708263,2006-05-26,,,,1228.0,25.39,,1,8.914
NEG_004083,pseudo_negative,0,Tripura,24.371699,91.379604,2022-11-10,,,,11.0,0.0,,0,40.628
NEG_004084,pseudo_negative,0,Tripura,24.270038,91.581896,2012-07-20,,,,28.0,3.67,,0,21.776
NEG_004085,pseudo_negative,0,Tripura,24.30609,91.983873,2018-10-05,,,,33.0,1.64,,0,16.824
NEG_004086,pseudo_negative,0,Tripura,24.375897,92.307611,2025-11-12,,,,43.0,1.65,,9,7.663
NEG_004087,pseudo_negative,0,Tripura,24.448511,92.591321,2009-05-21,,,,37.0,5.92,,8,3.309
NEG_004088,pseudo_negative,0,Tripura,24.293828,93.209187,2010-05-28,,,,729.0,17.26,,29,3.334
NEG_004089,pseudo_negative,0,Tripura,24.445555,93.50667,2013-09-24,,,,1085.0,17.81,,8,8.428
NEG_004090,pseudo_negative,0,Tripura,24.361643,93.926043,2016-07-07,,,,1039.0,29.49,,5,3.372
NEG_004091,pseudo_negative,0,Tripura,24.547303,91.47383,2025-07-03,,,,8.0,0.0,,0,51.334
NEG_004092,pseudo_negative,0,Tripura,24.651406,91.642455,2013-05-08,,,,10.0,1.65,,0,54.917
NEG_004093,pseudo_negative,0,Tripura,24.637701,91.977853,2013-07-13,,,,51.0,14.44,,0,25.485
NEG_004094,pseudo_negative,0,Tripura,24.689686,92.49675,2013-11-06,,,,81.0,14.62,,2,2.83
NEG_004095,pseudo_negative,0,Tripura,24.66772,92.824038,2021-05-17,,,,27.0,3.68,,4,5.34
NEG_004096,pseudo_negative,0,Tripura,24.637224,93.090142,2016-02-09,,,,35.0,4.92,,12,5.162
NEG_004097,pseudo_negative,0,Tripura,24.527279,93.464402,2014-08-04,,,,332.0,15.59,,3,6.987
NEG_004098,pseudo_negative,0,Tripura,24.661977,93.709637,2020-05-03,,,,1414.0,20.52,,51,1.715
NEG_004099,pseudo_negative,0,Tripura,24.785145,91.470734,2020-10-20,,,,6.0,3.69,,0,41.769
NEG_004100,pseudo_negative,0,Tripura,24.930803,91.604671,2009-07-22,,,,10.0,1.65,,0,26.564
NEG_004101,pseudo_negative,0,Tripura,24.816168,91.991208,2024-08-11,,,,13.0,4.66,,0,32.551
NEG_004102,pseudo_negative,0,Tripura,24.845304,92.332967,2010-07-04,,,,15.0,1.65,,0,14.144
NEG_004103,pseudo_negative,0,Tripura,24.872443,92.75981,2007-05-01,,,,35.0,8.37,,6,8.09
NEG_004104,pseudo_negative,0,Tripura,24.881409,93.167312,2009-07-01,,,,68.0,2.78,,1,8.431
NEG_004105,pseudo_negative,0,Tripura,24.731842,93.81401,2017-06-29,,,,779.0,2.24,,10,5.991
NEG_004106,pseudo_negative,0,Tripura,23.178589,91.200485,2008-11-02,,,,10.0,2.31,,0,30.528
NEG_004107,pseudo_negative,0,Tripura,23.324619,91.53689,2005-05-28,,,,39.0,14.47,,1,9.453
NEG_004108,pseudo_negative,0,Tripura,23.229848,92.112557,2009-07-12,,,,115.0,17.66,,0,37.609
NEG_004109,pseudo_negative,0,Tripura,23.244994,92.290088,2016-05-31,,,,64.0,1.63,,0,19.411
NEG_004110,pseudo_negative,0,Tripura,23.199589,93.048934,2010-04-09,,,,957.0,25.79,,21,2.563
NEG_004111,pseudo_negative,0,Tripura,23.161932,93.391298,2005-07-17,,,,687.0,20.31,,17,3.757
NEG_004112,pseudo_negative,0,Tripura,23.302545,93.913797,2026-11-10,,,,706.0,10.34,,0,54.604
NEG_004113,pseudo_negative,0,Tripura,23.528154,91.510041,2005-05-22,,,,26.0,4.62,,0,25.959
NEG_004114,pseudo_negative,0,Tripura,23.374901,91.847702,2005-11-16,,,,141.0,2.31,,0,36.334
NEG_004115,pseudo_negative,0,Tripura,23.495113,91.95229,2026-11-12,,,,197.0,10.35,,0,19.537
NEG_004116,pseudo_negative,0,Tripura,23.334707,92.469296,2025-05-31,,,,145.0,9.83,,1,9.482
NEG_004117,pseudo_negative,0,Tripura,23.523309,93.08607,2022-05-02,,,,808.0,22.57,,57,1.231
NEG_004118,pseudo_negative,0,Tripura,23.416255,93.366943,2016-09-07,,,,1121.0,21.61,,78,1.036
NEG_004119,pseudo_negative,0,Tripura,23.336377,93.885578,2008-08-29,,,,1050.0,20.38,,0,51.267
NEG_004120,pseudo_negative,0,Tripura,23.702164,91.242044,2012-06-18,,,,43.0,1.01,,0,11.6
NEG_004121,pseudo_negative,0,Tripura,23.611476,91.735728,2007-05-01,,,,217.0,5.16,,0,15.672
NEG_004122,pseudo_negative,0,Tripura,23.709188,92.035767,2014-01-05,,,,95.0,2.31,,12,1.431
NEG_004123,pseudo_negative,0,Tripura,23.620948,92.412323,2013-05-17,,,,414.0,24.04,,4,8.163
NEG_004124,pseudo_negative,0,Tripura,23.699498,92.91136,2024-07-19,,,,458.0,27.15,,108,2.804
NEG_004125,pseudo_negative,0,Tripura,23.701543,93.214509,2016-05-30,,,,821.0,23.02,,12,1.988
NEG_004126,pseudo_negative,0,Tripura,23.605972,93.295772,2016-05-24,,,,1592.0,24.93,,27,4.282
NEG_004127,pseudo_negative,0,Tripura,23.765617,93.607197,2025-05-19,,,,1484.0,19.18,,0,21.82
NEG_004128,pseudo_negative,0,Tripura,23.89558,91.342848,2025-07-24,,,,28.0,2.11,,1,4.605
NEG_004129,pseudo_negative,0,Tripura,23.999756,92.152409,2020-07-23,,,,76.0,11.67,,4,6.364
NEG_004130,pseudo_negative,0,Tripura,23.9939,92.390727,2024-09-28,,,,184.0,5.17,,8,5.316
NEG_004131,pseudo_negative,0,Tripura,23.822283,92.58371,2008-08-23,,,,831.0,24.06,,31,1.464
NEG_004132,pseudo_negative,0,Tripura,23.925677,93.247748,2012-06-17,,,,1193.0,33.14,,43,3.718
NEG_004133,pseudo_negative,0,Tripura,23.917182,93.265705,2009-11-18,,,,1395.0,14.78,,46,2.172
NEG_004134,pseudo_negative,0,Tripura,23.788889,93.891071,2024-05-25,,,,1336.0,32.59,,0,21.011
NEG_004135,pseudo_negative,0,Tripura,24.210519,91.453562,2005-05-16,,,,11.0,0.0,,0,22.041
NEG_004136,pseudo_negative,0,Tripura,24.082662,91.745691,2009-06-08,,,,220.0,13.76,,1,9.91
NEG_004137,pseudo_negative,0,Tripura,24.229743,92.130176,2026-11-23,,,,65.0,2.32,,1,8.433
NEG_004138,pseudo_negative,0,Tripura,24.01806,92.307491,2016-07-21,,,,135.0,18.97,,14,3.461
NEG_004139,pseudo_negative,0,Tripura,24.042548,92.836432,2014-07-02,,,,240.0,18.09,,75,4.57
NEG_004140,pseudo_negative,0,Tripura,24.145446,93.130626,2025-04-10,,,,470.0,25.99,,8,4.402
NEG_004141,pseudo_negative,0,Tripura,24.220165,93.575754,2007-04-15,,,,812.0,17.24,,30,3.572
NEG_004142,pseudo_negative,0,Tripura,24.149658,93.708863,2015-05-06,,,,1486.0,22.07,,0,11.548
NEG_004143,pseudo_negative,0,Tripura,24.28659,91.304627,2026-09-09,,,,11.0,3.67,,0,33.957
NEG_004144,pseudo_negative,0,Tripura,24.358916,91.682143,2015-10-05,,,,6.0,2.33,,0,22.624
NEG_004145,pseudo_negative,0,Tripura,24.258115,91.96159,2019-08-20,,,,49.0,3.67,,0,21.784
NEG_004146,pseudo_negative,0,Tripura,24.428904,92.36456,2012-06-11,,,,75.0,16.03,,0,11.595
NEG_004147,pseudo_negative,0,Tripura,24.32065,92.917544,2021-05-30,,,,247.0,44.33,,47,3.867
NEG_004148,pseudo_negative,0,Tripura,24.413844,93.799115,2025-05-21,,,,770.0,3.68,,3,4.196
NEG_004149,pseudo_negative,0,Tripura,24.659454,91.276839,2026-05-30,,,,8.0,2.33,,0,59.691
NEG_004150,pseudo_negative,0,Tripura,24.617512,91.722647,2017-06-05,,,,13.0,8.81,,0,47.453
NEG_004151,pseudo_negative,0,Tripura,24.653194,91.952316,2026-06-29,,,,37.0,5.2,,0,28.571
NEG_004152,pseudo_negative,0,Tripura,24.617823,92.436351,2021-08-15,,,,22.0,3.68,,1,7.706
NEG_004153,pseudo_negative,0,Tripura,24.644563,92.780593,2026-08-18,,,,39.0,6.77,,4,4.411
NEG_004154,pseudo_negative,0,Tripura,24.510951,93.464751,2019-04-28,,,,419.0,32.69,,2,7.668
NEG_004155,pseudo_negative,0,Tripura,24.831789,91.448782,2014-08-23,,,,13.0,3.69,,0,36.77
NEG_004156,pseudo_negative,0,Tripura,24.881488,91.559941,2014-05-16,,,,8.0,0.0,,0,31.016
NEG_004157,pseudo_negative,0,Tripura,24.914062,92.148608,2010-05-04,,,,23.0,3.69,,0,25.043
NEG_004158,pseudo_negative,0,Tripura,24.807413,92.554768,2006-07-04,,,,29.0,9.94,,1,1.393
NEG_004159,pseudo_negative,0,Tripura,24.781341,92.790003,2010-05-21,,,,25.0,5.93,,2,6.236
NEG_004160,pseudo_negative,0,Tripura,24.883064,92.943143,2024-05-26,,,,32.0,5.94,,3,8.583
NEG_004161,pseudo_negative,0,Tripura,24.838159,93.375469,2007-05-19,,,,219.0,16.28,,34,4.574
NEG_004162,pseudo_negative,0,Tripura,24.833442,93.602943,2011-09-12,,,,1108.0,8.11,,70,2.514
NEG_004163,pseudo_negative,0,Tripura,23.207342,91.362597,2022-07-20,,,,27.0,4.88,,0,13.778
NEG_004164,pseudo_negative,0,Tripura,23.299808,91.673771,2023-10-30,,,,81.0,0.0,,0,19.673
NEG_004165,pseudo_negative,0,Tripura,23.197749,92.005051,2021-08-21,,,,135.0,9.15,,0,48.879
NEG_004166,pseudo_negative,0,Tripura,23.143921,92.306306,2026-08-05,,,,117.0,6.88,,0,18.909
NEG_004167,pseudo_negative,0,Tripura,23.224246,93.174778,2023-05-30,,,,664.0,20.31,,30,2.025
NEG_004168,pseudo_negative,0,Tripura,23.171031,93.375823,2009-05-20,,,,617.0,19.1,,32,4.028
NEG_004169,pseudo_negative,0,Tripura,23.145653,93.868744,2016-05-17,,,,726.0,24.65,,0,51.161
NEG_004170,pseudo_negative,0,Tripura,23.419113,91.237045,2024-06-11,,,,13.0,3.65,,0,31.653
NEG_004171,pseudo_negative,0,Tripura,23.35588,91.555543,2021-11-27,,,,67.0,5.15,,0,13.413
NEG_004172,pseudo_negative,0,Tripura,23.330816,92.099844,2020-09-03,,,,189.0,15.98,,0,36.489
NEG_004173,pseudo_negative,0,Tripura,23.531501,92.435576,2006-06-19,,,,504.0,18.03,,2,5.535
NEG_004174,pseudo_negative,0,Tripura,23.387313,92.739382,2021-08-05,,,,1084.0,32.04,,138,1.309
NEG_004175,pseudo_negative,0,Tripura,23.437798,92.97286,2016-09-18,,,,911.0,27.74,,26,3.416
NEG_004176,pseudo_negative,0,Tripura,23.464964,93.438233,2023-03-27,,,,1167.0,19.67,,11,6.366
NEG_004177,pseudo_negative,0,Tripura,23.47136,93.741136,2007-11-06,,,,1796.0,39.71,,0,37.123
NEG_004178,pseudo_negative,0,Tripura,23.651469,91.306149,2014-12-06,,,,26.0,2.78,,0,17.176
NEG_004179,pseudo_negative,0,Tripura,23.754957,91.559033,2017-05-18,,,,200.0,9.74,,4,4.338
NEG_004180,pseudo_negative,0,Tripura,23.722858,92.045763,2006-07-04,,,,224.0,8.75,,12,2.627
NEG_004181,pseudo_negative,0,Tripura,23.767457,92.340777,2023-11-02,,,,328.0,28.54,,6,2.402
NEG_004182,pseudo_negative,0,Tripura,23.683703,92.993335,2012-05-06,,,,1072.0,25.18,,59,2.041
NEG_004183,pseudo_negative,0,Tripura,23.57507,93.430821,2006-05-27,,,,1118.0,29.85,,8,5.899
NEG_004184,pseudo_negative,0,Tripura,23.719389,93.742144,2013-07-02,,,,1192.0,17.92,,0,32.191
NEG_004185,pseudo_negative,0,Tripura,23.845566,91.399079,2011-08-11,,,,32.0,2.23,,1,5.722
NEG_004186,pseudo_negative,0,Tripura,23.998085,91.61912,2021-05-30,,,,33.0,1.64,,0,14.746
NEG_004187,pseudo_negative,0,Tripura,23.804075,91.945471,2013-08-26,,,,153.0,18.44,,1,8.371
NEG_004188,pseudo_negative,0,Tripura,24.01006,92.467659,2019-11-13,,,,169.0,11.67,,5,8.886
NEG_004189,pseudo_negative,0,Tripura,24.007152,92.840019,2023-09-17,,,,189.0,13.66,,57,4.409
NEG_004190,pseudo_negative,0,Tripura,23.82887,93.221627,2009-08-31,,,,1224.0,28.66,,50,3.637
NEG_004191,pseudo_negative,0,Tripura,24.007446,93.900037,2019-11-23,,,,1681.0,22.44,,24,4.499
NEG_004192,pseudo_negative,0,Tripura,24.131931,91.496311,2020-05-06,,,,38.0,1.64,,0,14.049
NEG_004193,pseudo_negative,0,Tripura,24.133977,91.649397,2005-09-13,,,,44.0,2.32,,0,12.561
NEG_004194,pseudo_negative,0,Tripura,24.028955,92.127255,2017-10-03,,,,184.0,3.66,,3,2.353
NEG_004195,pseudo_negative,0,Tripura,24.062936,92.476302,2023-06-18,,,,151.0,22.65,,10,3.912
NEG_004196,pseudo_negative,0,Tripura,24.077956,92.587312,2021-05-11,,,,87.0,20.49,,12,1.718
NEG_004197,pseudo_negative,0,Tripura,24.047836,93.165918,2011-05-07,,,,421.0,29.82,,16,2.75
NEG_004198,pseudo_negative,0,Tripura,24.094648,93.415169,2010-08-16,,,,724.0,18.1,,14,5.067
NEG_004199,pseudo_negative,0,Tripura,24.151409,93.765915,2014-05-13,,,,1083.0,28.72,,0,13.03
NEG_004200,pseudo_negative,0,Tripura,24.408031,91.300036,2015-08-27,,,,13.0,5.19,,0,46.616
NEG_004201,pseudo_negative,0,Tripura,24.390639,91.710072,2009-07-29,,,,7.0,1.65,,0,25.125
NEG_004202,pseudo_negative,0,Tripura,24.343276,92.186516,2019-07-19,,,,35.0,2.33,,9,4.018
NEG_004203,pseudo_negative,0,Tripura,24.30556,92.307683,2015-05-25,,,,51.0,5.19,,7,8.177
NEG_004204,pseudo_negative,0,Tripura,24.246883,92.574233,2007-07-31,,,,424.0,13.78,,24,3.966
NEG_004205,pseudo_negative,0,Tripura,24.357477,93.227659,2006-09-11,,,,215.0,13.04,,18,3.56
NEG_004206,pseudo_negative,0,Tripura,24.410746,93.420141,2005-11-24,,,,790.0,48.27,,3,7.529
NEG_004207,pseudo_negative,0,Tripura,24.291476,93.606148,2006-06-25,,,,832.0,3.29,,41,1.845
NEG_004208,pseudo_negative,0,Tripura,24.598985,91.267324,2011-08-27,,,,8.0,2.33,,0,66.33
NEG_004209,pseudo_negative,0,Tripura,24.692571,91.698528,2009-07-31,,,,14.0,4.66,,0,52.765
NEG_004210,pseudo_negative,0,Tripura,24.61661,92.111176,2023-07-16,,,,16.0,3.68,,0,15.322
NEG_004211,pseudo_negative,0,Tripura,24.525507,92.348063,2020-05-22,,,,39.0,7.33,,0,13.867
NEG_004212,pseudo_negative,0,Tripura,24.634686,92.672093,2007-08-09,,,,52.0,9.25,,7,6.252
NEG_004213,pseudo_negative,0,Tripura,24.523593,93.242738,2018-07-31,,,,122.0,16.86,,13,3.238
NEG_004214,pseudo_negative,0,Tripura,24.566265,93.28313,2005-05-25,,,,164.0,31.29,,18,1.06
NEG_004215,pseudo_negative,0,Tripura,24.687921,93.941079,2008-08-04,,,,781.0,2.24,,1,5.021
NEG_004216,pseudo_negative,0,Tripura,24.809878,91.377013,2011-08-06,,,,9.0,2.33,,0,40.593
NEG_004217,pseudo_negative,0,Tripura,24.741369,91.839665,2022-08-15,,,,13.0,2.33,,0,43.59
NEG_004218,pseudo_negative,0,Tripura,24.914181,92.13314,2016-06-17,,,,21.0,3.3,,0,25.5
NEG_004219,pseudo_negative,0,Tripura,24.808996,92.340942,2015-05-30,,,,28.0,3.69,,0,11.831
NEG_004220,pseudo_negative,0,Tripura,24.796916,92.835396,2015-11-11,,,,20.0,1.65,,0,10.326
NEG_004221,pseudo_negative,0,Tripura,24.758866,92.922519,2014-07-20,,,,25.0,3.69,,1,4.522
NEG_004222,pseudo_negative,0,Tripura,24.91676,93.401566,2017-06-05,,,,322.0,10.45,,26,4.634
NEG_004223,pseudo_negative,0,Tripura,24.793223,93.800833,2026-07-09,,,,814.0,0.93,,51,2.429
NEG_004224,pseudo_negative,0,Tripura,23.309183,91.336599,2016-05-21,,,,30.0,11.28,,0,16.732
NEG_004225,pseudo_negative,0,Tripura,23.284762,91.627768,2010-06-18,,,,81.0,9.83,,0,14.702
NEG_004226,pseudo_negative,0,Tripura,23.116813,91.989171,2016-11-07,,,,47.0,1.63,,0,51.384
NEG_004227,pseudo_negative,0,Tripura,23.162297,92.558732,2019-05-16,,,,544.0,3.26,,72,2.512
NEG_004228,pseudo_negative,0,Tripura,23.292166,92.953023,2023-05-28,,,,648.0,15.12,,81,7.258
NEG_004229,pseudo_negative,0,Tripura,23.16995,93.304074,2022-07-22,,,,1318.0,27.45,,42,2.459
NEG_004230,pseudo_negative,0,Tripura,23.316344,93.726159,2025-08-02,,,,1772.0,22.33,,0,35.473
NEG_004231,pseudo_negative,0,Tripura,23.462836,91.475553,2018-08-14,,,,48.0,8.11,,0,23.447
NEG_004232,pseudo_negative,0,Tripura,23.369371,91.878981,2007-09-06,,,,75.0,3.65,,0,35.385
NEG_004233,pseudo_negative,0,Tripura,23.378839,92.14848,2021-10-27,,,,93.0,13.78,,0,32.66
NEG_004234,pseudo_negative,0,Tripura,23.439087,92.370935,2018-07-26,,,,298.0,21.67,,0,17.718
NEG_004235,pseudo_negative,0,Tripura,23.472396,92.648788,2024-06-14,,,,418.0,17.88,,164,3.1
NEG_004236,pseudo_negative,0,Tripura,23.482475,92.979359,2017-10-13,,,,923.0,15.14,,23,3.974
NEG_004237,pseudo_negative,0,Tripura,23.455272,93.56434,2009-07-08,,,,873.0,24.06,,0,19.239
NEG_004238,pseudo_negative,0,Tripura,23.444739,93.737995,2018-05-22,,,,1490.0,21.61,,0,36.327
NEG_004239,pseudo_negative,0,Tripura,23.677919,91.238518,2006-09-19,,,,37.0,6.12,,0,14.3
NEG_004240,pseudo_negative,0,Tripura,23.563638,91.692224,2014-08-16,,,,95.0,6.71,,0,18.642
NEG_004241,pseudo_negative,0,Tripura,23.57616,92.018895,2016-07-25,,,,151.0,11.63,,2,8.764
NEG_004242,pseudo_negative,0,Tripura,23.730654,92.34863,2008-05-29,,,,483.0,43.45,,4,4.523
NEG_004243,pseudo_negative,0,Tripura,23.579923,92.749438,2022-08-15,,,,317.0,22.27,,269,1.342
NEG_004244,pseudo_negative,0,Tripura,23.611478,92.989529,2020-06-23,,,,992.0,22.65,,58,1.207
NEG_004245,pseudo_negative,0,Tripura,23.725492,93.476455,2014-08-03,,,,1491.0,37.12,,0,10.197
NEG_004246,pseudo_negative,0,Tripura,23.760327,93.881208,2008-07-01,,,,1858.0,21.87,,0,24.341
NEG_004247,pseudo_negative,0,Tripura,23.996902,91.396832,2018-05-10,,,,30.0,2.74,,3,5.838
NEG_004248,pseudo_negative,0,Tripura,23.944639,91.800411,2008-11-28,,,,100.0,5.17,,6,5.309
NEG_004249,pseudo_negative,0,Tripura,23.865537,92.086996,2008-05-04,,,,179.0,24.81,,5,5.009
NEG_004250,pseudo_negative,0,Tripura,23.91095,93.256887,2019-07-12,,,,1245.0,13.83,,48,2.442
NEG_004251,pseudo_negative,0,Tripura,23.971723,93.84139,2019-06-26,,,,1233.0,24.66,,2,3.822
NEG_004252,pseudo_negative,0,Tripura,24.048978,91.328795,2022-05-30,,,,13.0,5.18,,0,13.139
NEG_004253,pseudo_negative,0,Tripura,24.056724,91.859985,2026-05-30,,,,78.0,6.74,,1,7.017
NEG_004254,pseudo_negative,0,Tripura,24.192813,92.02706,2023-07-16,,,,38.0,3.67,,0,18.914
NEG_004255,pseudo_negative,0,Tripura,24.238332,92.286899,2018-01-24,,,,103.0,8.16,,9,1.138
NEG_004256,pseudo_negative,0,Tripura,24.189209,93.230443,2013-08-24,,,,1013.0,17.78,,23,1.601
NEG_004257,pseudo_negative,0,Tripura,24.07481,93.597657,2006-07-15,,,,1022.0,29.38,,31,3.255
NEG_004258,pseudo_negative,0,Tripura,24.131582,93.735754,2007-06-18,,,,897.0,10.28,,0,13.579
NEG_004259,pseudo_negative,0,Tripura,24.300478,91.510165,2021-07-29,,,,15.0,2.32,,0,29.769
NEG_004260,pseudo_negative,0,Tripura,24.465744,91.678037,2009-11-12,,,,9.0,0.0,,0,34.02
NEG_004261,pseudo_negative,0,Tripura,24.390404,92.141599,2009-06-13,,,,40.0,5.19,,4,1.716
NEG_004262,pseudo_negative,0,Tripura,24.264633,92.556089,2014-07-08,,,,88.0,13.78,,21,5.06
NEG_004263,pseudo_negative,0,Tripura,24.271797,92.790214,2018-08-13,,,,344.0,14.82,,38,2.016
NEG_004264,pseudo_negative,0,Tripura,24.366482,92.956297,2008-05-01,,,,590.0,13.88,,23,2.651
NEG_004265,pseudo_negative,0,Tripura,24.411327,93.541097,2008-07-11,,,,899.0,19.8,,15,5.068
NEG_004266,pseudo_negative,0,Tripura,24.300494,93.903166,2016-08-30,,,,891.0,11.81,,10,3.017
NEG_004267,pseudo_negative,0,Tripura,24.494747,91.341207,2018-05-31,,,,12.0,0.0,,0,54.804
NEG_004268,pseudo_negative,0,Tripura,24.627834,91.857998,2021-08-24,,,,15.0,3.68,,0,35.12
NEG_004269,pseudo_negative,0,Tripura,24.590359,92.198838,2013-11-12,,,,38.0,3.68,,0,11.553
NEG_004270,pseudo_negative,0,Tripura,24.573047,92.483739,2023-07-29,,,,32.0,4.65,,3,7.529
NEG_004271,pseudo_negative,0,Tripura,24.545318,92.585085,2009-08-26,,,,30.0,1.65,,5,4.581
NEG_004272,pseudo_negative,0,Tripura,24.534601,93.213732,2023-11-28,,,,361.0,4.92,,19,3.8
NEG_004273,pseudo_negative,0,Tripura,24.612055,93.592061,2013-05-28,,,,970.0,15.64,,37,2.023
NEG_004274,pseudo_negative,0,Tripura,24.698919,93.789018,2025-08-29,,,,789.0,4.07,,12,8.779
NEG_004275,pseudo_negative,0,Tripura,24.851429,91.303192,2011-05-01,,,,6.0,1.65,,0,38.455
NEG_004276,pseudo_negative,0,Tripura,24.860183,91.832029,2024-05-01,,,,21.0,1.65,,0,37.174
NEG_004277,pseudo_negative,0,Tripura,24.857265,91.97677,2025-05-05,,,,18.0,8.2,,0,35.805
NEG_004278,pseudo_negative,0,Tripura,24.849212,92.428088,2011-06-26,,,,31.0,5.94,,2,7.786
NEG_004279,pseudo_negative,0,Tripura,24.734528,92.842601,2018-06-30,,,,24.0,3.3,,2,6.339
NEG_004280,pseudo_negative,0,Tripura,24.901266,93.174195,2016-07-29,,,,77.0,4.18,,1,8.91
NEG_004281,pseudo_negative,0,Tripura,24.87789,93.897277,2006-05-15,,,,791.0,5.5,,5,4.222
NEG_004282,pseudo_negative,0,Tripura,23.116654,91.396789,2015-06-28,,,,14.0,4.6,,0,16.105
NEG_004283,pseudo_negative,0,Tripura,23.250275,91.721505,2011-09-27,,,,110.0,15.04,,0,23.223
NEG_004284,pseudo_negative,0,Tripura,23.147007,92.112351,2011-11-26,,,,55.0,3.64,,0,38.477
NEG_004285,pseudo_negative,0,Tripura,23.236386,92.283887,2020-08-18,,,,81.0,20.53,,0,20.094
NEG_004286,pseudo_negative,0,Tripura,23.153867,93.225414,2015-01-14,,,,1052.0,12.82,,57,3.448
NEG_004287,pseudo_negative,0,Tripura,23.225714,93.472179,2013-07-27,,,,2195.0,31.98,,0,14.33
NEG_004288,pseudo_negative,0,Tripura,23.12293,93.919127,2019-05-18,,,,610.0,10.81,,0,56.322
NEG_004289,pseudo_negative,0,Tripura,23.535917,91.232371,2015-07-04,,,,33.0,1.85,,0,29.949
NEG_004290,pseudo_negative,0,Tripura,23.473222,91.710818,2018-05-29,,,,44.0,14.48,,0,28.856
NEG_004291,pseudo_negative,0,Tripura,23.556827,91.885804,2016-05-04,,,,113.0,8.12,,0,17.717
NEG_004292,pseudo_negative,0,Tripura,23.348435,92.374172,2017-09-26,,,,86.0,3.65,,0,15.382
NEG_004293,pseudo_negative,0,Tripura,23.500653,92.570085,2024-06-26,,,,755.0,27.71,,20,1.602
NEG_004294,pseudo_negative,0,Tripura,23.497651,93.161933,2010-07-06,,,,1425.0,35.22,,79,3.349
NEG_004295,pseudo_negative,0,Tripura,23.542169,93.346466,2024-11-22,,,,1392.0,23.18,,41,3.327
NEG_004296,pseudo_negative,0,Tripura,23.412751,93.733543,2014-09-14,,,,990.0,14.73,,0,35.535
NEG_004297,pseudo_negative,0,Tripura,23.659586,91.358117,2024-12-07,,,,45.0,7.44,,0,18.166
NEG_004298,pseudo_negative,0,Tripura,23.763265,91.741553,2021-08-30,,,,187.0,7.29,,0,10.61
NEG_004299,pseudo_negative,0,Tripura,23.77854,91.934744,2011-11-07,,,,184.0,5.17,,0,10.579
NEG_004300,pseudo_negative,0,Tripura,23.655144,92.35109,2024-08-24,,,,287.0,20.37,,2,3.877
NEG_004301,pseudo_negative,0,Tripura,23.637798,92.704477,2007-05-13,,,,375.0,22.49,,288,1.476
NEG_004302,pseudo_negative,0,Tripura,23.737972,93.400161,2006-08-12,,,,1306.0,33.79,,17,2.31
NEG_004303,pseudo_negative,0,Tripura,23.595047,93.731174,2017-08-07,,,,1221.0,25.93,,0,35.777
NEG_004304,pseudo_negative,0,Tripura,23.813611,91.344892,2019-09-18,,,,56.0,2.74,,2,4.512
NEG_004305,pseudo_negative,0,Tripura,23.953701,91.859478,2013-06-21,,,,80.0,14.45,,3,4.276
NEG_004306,pseudo_negative,0,Tripura,23.840925,91.89862,2016-05-09,,,,104.0,8.3,,2,8.969
NEG_004307,pseudo_negative,0,Tripura,23.87239,92.465164,2020-06-21,,,,376.0,8.3,,8,3.552
NEG_004308,pseudo_negative,0,Tripura,23.902997,93.087298,2016-05-10,,,,756.0,15.97,,49,1.633
NEG_004309,pseudo_negative,0,Tripura,24.01206,93.440802,2015-01-18,,,,871.0,4.91,,2,6.397
NEG_004310,pseudo_negative,0,Tripura,23.82951,93.722869,2020-05-30,,,,1182.0,31.02,,0,21.375
NEG_004311,pseudo_negative,0,Tripura,24.086138,91.531561,2019-06-15,,,,44.0,3.67,,0,11.534
NEG_004312,pseudo_negative,0,Tripura,24.161898,91.705774,2009-05-30,,,,55.0,6.74,,2,6.257
NEG_004313,pseudo_negative,0,Tripura,24.19764,91.975204,2011-10-26,,,,44.0,2.32,,0,21.333
NEG_004314,pseudo_negative,0,Tripura,24.211067,92.521652,2026-05-23,,,,27.0,12.63,,10,3.924
NEG_004315,pseudo_negative,0,Tripura,24.028611,92.684825,2026-06-15,,,,443.0,44.36,,64,1.176
NEG_004316,pseudo_negative,0,Tripura,24.186578,93.160392,2015-06-30,,,,536.0,4.92,,18,5.472
NEG_004317,pseudo_negative,0,Tripura,24.196537,93.511044,2015-09-30,,,,853.0,33.43,,36,1.961
NEG_004318,pseudo_negative,0,Tripura,24.081626,93.605378,2017-08-31,,,,1172.0,43.02,,28,4.073
NEG_004319,pseudo_negative,0,Tripura,24.431524,91.463784,2009-08-23,,,,11.0,1.65,,0,42.25
NEG_004320,pseudo_negative,0,Tripura,24.458264,91.849582,2008-04-12,,,,14.0,2.33,,0,29.172
NEG_004321,pseudo_negative,0,Tripura,24.254422,92.032875,2021-10-26,,,,30.0,2.32,,0,17.254
NEG_004322,pseudo_negative,0,Tripura,24.338109,92.327153,2025-09-16,,,,83.0,4.92,,0,10.446
NEG_004323,pseudo_negative,0,Tripura,24.391223,92.615656,2016-07-12,,,,50.0,13.33,,6,6.635
NEG_004324,pseudo_negative,0,Tripura,24.368744,93.197631,2025-05-29,,,,500.0,17.81,,21,5.753
NEG_004325,pseudo_negative,0,Tripura,24.296923,93.390905,2014-06-09,,,,1162.0,9.23,,10,4.049
NEG_004326,pseudo_negative,0,Tripura,24.254889,93.622843,2026-05-26,,,,1137.0,26.35,,21,3.806
NEG_004327,pseudo_negative,0,Tripura,24.662984,91.296253,2023-05-10,,,,7.0,2.33,,0,58.645
NEG_004328,pseudo_negative,0,Tripura,24.477441,91.657237,2005-11-26,,,,11.0,4.65,,0,35.872
NEG_004329,pseudo_negative,0,Tripura,24.488499,91.889783,2005-08-05,,,,20.0,5.19,,0,26.574
NEG_004330,pseudo_negative,0,Tripura,24.521291,92.302784,2015-10-28,,,,78.0,5.2,,1,9.982
NEG_004331,pseudo_negative,0,Tripura,24.627793,92.623988,2014-05-12,,,,32.0,4.65,,5,8.743
NEG_004332,pseudo_negative,0,Tripura,24.628149,93.180179,2020-11-05,,,,552.0,17.19,,23,1.371
NEG_004333,pseudo_negative,0,Tripura,24.580317,93.529564,2025-06-02,,,,1004.0,28.48,,14,6.919
NEG_004334,pseudo_negative,0,Tripura,24.477789,93.847421,2022-06-03,,,,770.0,0.0,,5,5.32
NEG_004335,pseudo_negative,0,Tripura,24.882135,91.448544,2015-08-20,,,,10.0,3.69,,0,31.216
NEG_004336,pseudo_negative,0,Tripura,24.852268,91.755673,2024-04-11,,,,12.0,2.34,,0,35.853
NEG_004337,pseudo_negative,0,Tripura,24.804348,91.894791,2009-07-15,,,,18.0,3.69,,0,41.37
NEG_004338,pseudo_negative,0,Tripura,24.74414,92.493279,2005-07-22,,,,24.0,7.34,,5,3.9
NEG_004339,pseudo_negative,0,Tripura,24.915124,92.666384,2020-05-09,,,,21.0,0.0,,13,5.031
NEG_004340,pseudo_negative,0,Tripura,24.82783,92.982414,2024-06-27,,,,28.0,4.94,,2,7.284
NEG_004341,pseudo_negative,0,Tripura,24.773643,93.854282,2017-08-22,,,,775.0,4.8,,15,6.29
NEG_004342,pseudo_negative,0,Tripura,23.240046,91.349146,2010-08-14,,,,31.0,5.14,,0,14.277
NEG_004343,pseudo_negative,0,Tripura,23.187669,91.685451,2012-08-06,,,,58.0,3.26,,0,19.984
NEG_004344,pseudo_negative,0,Tripura,23.118992,92.220074,2008-06-05,,,,32.0,0.0,,0,28.128
NEG_004345,pseudo_negative,0,Tripura,23.155802,92.323383,2010-08-10,,,,73.0,11.38,,0,16.945
NEG_004346,pseudo_negative,0,Tripura,23.141836,92.658353,2024-06-04,,,,364.0,31.5,,154,1.755
NEG_004347,pseudo_negative,0,Tripura,23.316779,93.042562,2022-07-25,,,,668.0,19.82,,25,2.406
NEG_004348,pseudo_negative,0,Tripura,23.204274,93.539533,2026-10-01,,,,1840.0,26.17,,0,19.086
NEG_004349,pseudo_negative,0,Tripura,23.212423,93.720978,2010-06-28,,,,839.0,28.93,,0,37.034
NEG_004350,pseudo_negative,0,Tripura,23.553958,91.513043,2011-06-09,,,,52.0,13.61,,0,23.401
NEG_004351,pseudo_negative,0,Tripura,23.516079,91.602277,2025-05-23,,,,98.0,11.74,,0,23.733
NEG_004352,pseudo_negative,0,Tripura,23.377275,92.051416,2012-08-24,,,,153.0,5.87,,0,30.766
NEG_004353,pseudo_negative,0,Tripura,23.469569,92.317,2026-05-13,,,,133.0,11.4,,0,19.185
NEG_004354,pseudo_negative,0,Tripura,23.393617,92.678787,2008-05-19,,,,423.0,16.35,,99,4.773
NEG_004355,pseudo_negative,0,Tripura,23.339967,93.15007,2014-11-01,,,,1096.0,38.48,,44,3.161
NEG_004356,pseudo_negative,0,Tripura,23.410383,93.258191,2006-08-28,,,,1117.0,45.8,,100,2.793
NEG_004357,pseudo_negative,0,Tripura,23.517274,93.749855,2013-08-11,,,,2072.0,36.83,,0,37.329
NEG_004358,pseudo_negative,0,Tripura,23.651969,91.382198,2017-06-09,,,,54.0,2.02,,0,20.164
NEG_004359,pseudo_negative,0,Tripura,23.57787,91.803893,2005-11-11,,,,98.0,5.88,,0,23.025
NEG_004360,pseudo_negative,0,Tripura,23.618504,92.042655,2009-08-10,,,,271.0,26.05,,12,3.972
NEG_004361,pseudo_negative,0,Tripura,23.744045,92.390967,2006-08-12,,,,234.0,19.48,,4,5.091
NEG_004362,pseudo_negative,0,Tripura,23.726941,93.004412,2022-08-21,,,,816.0,21.04,,59,2.454
NEG_004363,pseudo_negative,0,Tripura,23.585931,93.367414,2005-09-13,,,,1277.0,21.99,,24,2.29
NEG_004364,pseudo_negative,0,Tripura,23.688927,93.754859,2024-01-10,,,,1442.0,26.56,,0,35.219
NEG_004365,pseudo_negative,0,Tripura,23.792525,91.273514,2022-05-04,,,,31.0,1.37,,2,1.147
NEG_004366,pseudo_negative,0,Tripura,23.925826,91.743344,2022-08-02,,,,170.0,13.74,,4,3.156
NEG_004367,pseudo_negative,0,Tripura,23.821266,92.008984,2019-07-31,,,,95.0,11.43,,2,1.66
NEG_004368,pseudo_negative,0,Tripura,23.795721,92.343002,2008-05-21,,,,246.0,7.29,,7,1.843
NEG_004369,pseudo_negative,0,Tripura,24.008599,92.713919,2023-07-01,,,,557.0,11.67,,80,2.493
NEG_004370,pseudo_negative,0,Tripura,23.942634,93.068681,2025-11-28,,,,298.0,35.59,,42,3.124
NEG_004371,pseudo_negative,0,Tripura,23.819697,93.283444,2009-08-10,,,,1330.0,37.3,,33,2.383
NEG_004372,pseudo_negative,0,Tripura,23.925565,93.69362,2018-06-29,,,,1021.0,6.92,,0,15.278
NEG_004373,pseudo_negative,0,Tripura,24.200764,91.477117,2006-05-04,,,,12.0,2.32,,0,21.113
NEG_004374,pseudo_negative,0,Tripura,24.065977,91.851488,2022-09-11,,,,61.0,5.18,,1,8.075
NEG_004375,pseudo_negative,0,Tripura,24.126122,92.036517,2013-07-29,,,,86.0,13.3,,0,12.028
NEG_004376,pseudo_negative,0,Tripura,24.187183,92.369408,2006-05-04,,,,124.0,11.46,,13,4.01
NEG_004377,pseudo_negative,0,Tripura,24.064387,92.816137,2026-07-12,,,,584.0,7.3,,52,2.889
NEG_004378,pseudo_negative,0,Tripura,24.040047,93.126177,2020-08-25,,,,591.0,24.37,,22,1.513
NEG_004379,pseudo_negative,0,Tripura,24.242049,93.261551,2017-07-01,,,,1204.0,42.01,,20,4.025
NEG_004380,pseudo_negative,0,Tripura,24.077698,93.836415,2013-05-25,,,,1206.0,30.13,,7,5.446
NEG_004381,pseudo_negative,0,Tripura,24.45549,91.201053,2011-06-21,,,,7.0,2.33,,0,55.451
NEG_004382,pseudo_negative,0,Tripura,24.398304,91.568555,2020-11-29,,,,21.0,1.65,,0,32.324
NEG_004383,pseudo_negative,0,Tripura,24.364428,92.054541,2024-07-20,,,,64.0,16.1,,1,7.571
NEG_004384,pseudo_negative,0,Tripura,24.369953,92.426137,2024-08-27,,,,52.0,3.68,,0,10.151
NEG_004385,pseudo_negative,0,Tripura,24.290384,92.8821,2005-05-07,,,,217.0,16.32,,55,3.172
NEG_004386,pseudo_negative,0,Tripura,24.473733,92.985188,2026-07-04,,,,202.0,14.85,,3,7.599
NEG_004387,pseudo_negative,0,Tripura,24.434862,93.276836,2009-05-16,,,,409.0,36.72,,5,7.411
NEG_004388,pseudo_negative,0,Tripura,24.34367,93.718511,2009-11-05,,,,807.0,1.64,,38,2.932
NEG_004389,pseudo_negative,0,Tripura,24.619691,91.480929,2023-11-28,,,,9.0,5.2,,0,57.718
NEG_004390,pseudo_negative,0,Tripura,24.645602,91.640599,2017-07-26,,,,15.0,0.0,,0,54.333
NEG_004391,pseudo_negative,0,Tripura,24.53657,92.011926,2015-07-10,,,,15.0,2.33,,0,16.849
NEG_004392,pseudo_negative,0,Tripura,24.653204,92.390229,2023-05-09,,,,28.0,3.68,,0,10.848
NEG_004393,pseudo_negative,0,Tripura,24.670234,92.711192,2021-08-14,,,,33.0,2.33,,6,5.338
NEG_004394,pseudo_negative,0,Tripura,24.668854,93.087664,2010-05-20,,,,73.0,10.84,,11,2.575
NEG_004395,pseudo_negative,0,Tripura,24.688384,93.451402,2020-05-23,,,,259.0,24.21,,45,5.616
NEG_004396,pseudo_negative,0,Tripura,24.620157,93.727112,2016-08-14,,,,1128.0,7.12,,45,1.404
NEG_004397,pseudo_negative,0,Tripura,24.885471,91.311003,2005-05-28,,,,6.0,2.34,,0,34.592
NEG_004398,pseudo_negative,0,Tripura,24.832054,91.587014,2022-11-09,,,,16.0,2.33,,0,36.845
NEG_004399,pseudo_negative,0,Tripura,24.705887,92.194293,2018-08-11,,,,24.0,1.65,,2,9.665
NEG_004400,pseudo_negative,0,Tripura,24.724231,92.444062,2017-07-29,,,,36.0,7.34,,4,4.033
NEG_004401,pseudo_negative,0,Tripura,24.786109,92.840681,2020-05-23,,,,28.0,4.94,,1,9.57
NEG_004402,pseudo_negative,0,Tripura,24.855579,93.140502,2026-06-23,,,,56.0,8.31,,4,8.254
NEG_004403,pseudo_negative,0,Tripura,24.795069,93.586367,2013-07-18,,,,638.0,32.2,,66,2.938
NEG_004404,pseudo_negative,0,Tripura,24.929069,93.679134,2017-08-13,,,,758.0,32.8,,22,2.594
NEG_004405,pseudo_negative,0,Tripura,23.264573,91.523487,2016-06-20,,,,27.0,4.61,,2,3.85
NEG_004406,pseudo_negative,0,Tripura,23.192386,91.565827,2008-05-29,,,,47.0,1.63,,1,8.313
NEG_004407,pseudo_negative,0,Tripura,23.226266,92.017303,2012-06-05,,,,185.0,17.46,,0,47.349
NEG_004408,pseudo_negative,0,Tripura,23.246373,92.234096,2005-11-29,,,,287.0,11.27,,0,25.126
NEG_004409,pseudo_negative,0,Tripura,23.120749,92.866418,2006-05-11,,,,502.0,23.83,,43,2.59
NEG_004410,pseudo_negative,0,Tripura,23.171439,93.190146,2020-05-21,,,,732.0,28.93,,47,1.047
NEG_004411,pseudo_negative,0,Tripura,23.265963,93.499555,2020-07-24,,,,2028.0,24.71,,0,16.13
NEG_004412,pseudo_negative,0,Tripura,23.288794,93.820876,2022-09-04,,,,1065.0,38.23,,0,45.574
NEG_004413,pseudo_negative,0,Tripura,23.404315,91.433423,2008-06-21,,,,58.0,7.27,,0,17.807
NEG_004414,pseudo_negative,0,Tripura,23.367225,91.77415,2005-09-26,,,,64.0,3.26,,0,31.87
NEG_004415,pseudo_negative,0,Tripura,23.473592,91.957417,2010-08-10,,,,249.0,6.71,,0,21.522
NEG_004416,pseudo_negative,0,Tripura,23.424244,92.475462,2025-01-10,,,,322.0,22.21,,0,12.834
NEG_004417,pseudo_negative,0,Tripura,23.468326,92.774368,2026-05-20,,,,790.0,13.23,,181,2.889
NEG_004418,pseudo_negative,0,Tripura,23.504687,93.466262,2013-08-13,,,,1147.0,15.77,,6,9.334
NEG_004419,pseudo_negative,0,Tripura,23.461801,93.775906,2011-05-21,,,,1488.0,8.12,,0,40.448
NEG_004420,pseudo_negative,0,Tripura,23.767362,91.306087,2010-09-07,,,,48.0,3.7,,1,5.234
NEG_004421,pseudo_negative,0,Tripura,23.611974,91.877688,2009-06-13,,,,146.0,6.71,,0,15.12
NEG_004422,pseudo_negative,0,Tripura,23.573264,91.893533,2018-01-03,,,,169.0,9.85,,0,15.931
NEG_004423,pseudo_negative,0,Tripura,23.633912,92.330197,2025-05-14,,,,298.0,21.84,,2,6.555
NEG_004424,pseudo_negative,0,Tripura,23.600743,93.020699,2021-06-05,,,,546.0,5.16,,75,2.856
NEG_004425,pseudo_negative,0,Tripura,23.770099,93.345969,2010-08-06,,,,879.0,23.02,,20,3.698
NEG_004426,pseudo_negative,0,Tripura,23.671393,93.616386,2024-08-25,,,,862.0,34.11,,0,25.527
NEG_004427,pseudo_negative,0,Tripura,24.011539,91.513714,2024-08-19,,,,83.0,1.64,,3,5.224
NEG_004428,pseudo_negative,0,Tripura,23.881608,91.840755,2008-06-17,,,,117.0,5.17,,5,3.387
NEG_004429,pseudo_negative,0,Tripura,23.79007,92.080998,2026-09-16,,,,148.0,14.43,,5,3.7
NEG_004430,pseudo_negative,0,Tripura,23.830691,92.503997,2009-08-01,,,,502.0,29.36,,17,2.336
NEG_004431,pseudo_negative,0,Tripura,23.887052,92.98869,2011-09-06,,,,539.0,13.67,,67,3.055
NEG_004432,pseudo_negative,0,Tripura,23.840017,93.509589,2006-04-22,,,,1163.0,34.57,,0,12.96
NEG_004433,pseudo_negative,0,Tripura,23.989519,93.871814,2020-09-24,,,,1240.0,25.49,,6,5.391
NEG_004434,pseudo_negative,0,Tripura,24.150043,91.53267,2012-05-06,,,,26.0,1.64,,0,17.378
NEG_004435,pseudo_negative,0,Tripura,24.177873,91.636121,2007-06-19,,,,41.0,10.4,,0,13.294
NEG_004436,pseudo_negative,0,Tripura,24.093056,92.186596,2012-05-05,,,,62.0,3.67,,4,9.235
NEG_004437,pseudo_negative,0,Tripura,24.16956,92.492707,2012-05-26,,,,52.0,12.92,,11,2.769
NEG_004438,pseudo_negative,0,Tripura,24.218593,92.77734,2020-05-26,,,,330.0,40.28,,30,2.565
NEG_004439,pseudo_negative,0,Tripura,24.148763,93.290026,2011-08-17,,,,1061.0,31.76,,24,1.021
NEG_004440,pseudo_negative,0,Tripura,24.09948,93.772474,2024-10-10,,,,799.0,15.21,,1,8.614
NEG_004441,pseudo_negative,0,Tripura,24.38269,91.380499,2024-08-30,,,,8.0,2.33,,0,41.815
NEG_004442,pseudo_negative,0,Tripura,24.309604,91.755837,2013-04-29,,,,24.0,3.67,,0,15.484
NEG_004443,pseudo_negative,0,Tripura,24.388957,91.933126,2016-08-26,,,,32.0,2.33,,0,19.543
NEG_004444,pseudo_negative,0,Tripura,24.459987,92.453805,2026-07-01,,,,37.0,3.68,,3,4.286
NEG_004445,pseudo_negative,0,Tripura,24.452362,92.647493,2024-08-03,,,,45.0,2.33,,8,4.644
NEG_004446,pseudo_negative,0,Tripura,24.309625,93.368392,2009-07-21,,,,894.0,9.91,,11,1.433
NEG_004447,pseudo_negative,0,Tripura,24.357057,93.877751,2020-08-09,,,,770.0,3.29,,8,7.038
NEG_004448,pseudo_negative,0,Tripura,24.558517,91.334754,2012-08-18,,,,7.0,2.33,,0,61.45
NEG_004449,pseudo_negative,0,Tripura,24.690701,91.627541,2015-07-04,,,,10.0,3.68,,0,53.046
NEG_004450,pseudo_negative,0,Tripura,24.599515,91.957622,2013-09-27,,,,54.0,4.93,,0,24.734
NEG_004451,pseudo_negative,0,Tripura,24.587374,92.37825,2008-07-02,,,,92.0,17.29,,0,14.46
NEG_004452,pseudo_negative,0,Tripura,24.610735,92.874431,2015-05-16,,,,28.0,1.65,,5,3.63
NEG_004453,pseudo_negative,0,Tripura,24.51561,92.966756,2009-09-29,,,,66.0,13.05,,4,3.234
NEG_004454,pseudo_negative,0,Tripura,24.663142,93.5452,2011-08-03,,,,718.0,6.15,,40,1.309
NEG_004455,pseudo_negative,0,Tripura,24.635584,93.677504,2014-08-16,,,,866.0,21.19,,68,1.311
NEG_004456,pseudo_negative,0,Tripura,24.908585,91.228761,2008-11-27,,,,6.0,4.95,,0,32.519
NEG_004457,pseudo_negative,0,Tripura,24.914598,91.536613,2014-08-07,,,,8.0,2.34,,0,27.161
NEG_004458,pseudo_negative,0,Tripura,24.776868,91.900169,2020-04-23,,,,16.0,2.33,,0,40.142
NEG_004459,pseudo_negative,0,Tripura,24.805308,92.549491,2023-11-14,,,,50.0,15.93,,2,1.288
NEG_004460,pseudo_negative,0,Tripura,24.796837,92.686863,2011-06-04,,,,23.0,5.21,,2,4.758
NEG_004461,pseudo_negative,0,Tripura,24.913752,93.263474,2025-08-04,,,,166.0,22.01,,1,6.984
NEG_004462,pseudo_negative,0,Tripura,24.814169,93.702306,2015-05-09,,,,673.0,37.83,,90,1.297
NEG_004463,pseudo_negative,0,Tripura,23.221631,91.19677,2015-06-23,,,,7.0,5.86,,0,29.977
NEG_004464,pseudo_negative,0,Tripura,23.199064,91.716358,2014-11-07,,,,75.0,5.14,,0,22.843
NEG_004465,pseudo_negative,0,Tripura,23.257477,92.178696,2015-07-15,,,,60.0,0.0,,0,30.793
NEG_004466,pseudo_negative,0,Tripura,23.155656,92.410871,2017-07-19,,,,73.0,7.25,,8,8.25
NEG_004467,pseudo_negative,0,Tripura,23.134658,92.661536,2011-06-01,,,,569.0,14.7,,155,1.825
NEG_004468,pseudo_negative,0,Tripura,23.234288,93.240682,2017-05-06,,,,933.0,15.03,,31,2.236
NEG_004469,pseudo_negative,0,Tripura,23.169196,93.309895,2013-01-22,,,,1167.0,28.54,,43,2.551
NEG_004470,pseudo_negative,0,Tripura,23.325847,93.894638,2006-11-15,,,,879.0,22.2,,0,52.31
NEG_004471,pseudo_negative,0,Tripura,23.473948,91.532803,2012-12-09,,,,80.0,5.87,,0,25.063
NEG_004472,pseudo_negative,0,Tripura,23.371473,91.656594,2009-06-29,,,,80.0,3.65,,0,21.706
NEG_004473,pseudo_negative,0,Tripura,23.378244,91.899619,2009-06-05,,,,83.0,3.65,,0,33.587
NEG_004474,pseudo_negative,0,Tripura,23.426619,92.410049,2025-03-26,,,,283.0,36.74,,0,17.075
NEG_004475,pseudo_negative,0,Tripura,23.522703,92.766222,2015-08-24,,,,795.0,33.16,,221,1.44
NEG_004476,pseudo_negative,0,Tripura,23.536911,92.943872,2019-11-18,,,,1226.0,27.59,,9,4.316
NEG_004477,pseudo_negative,0,Tripura,23.494806,93.28917,2008-09-19,,,,1005.0,39.06,,91,1.589
NEG_004478,pseudo_negative,0,Tripura,23.393124,93.817823,2006-07-27,,,,1748.0,19.83,,0,44.1
NEG_004479,pseudo_negative,0,Tripura,23.603499,91.379951,2023-06-18,,,,32.0,4.9,,0,24.726
NEG_004480,pseudo_negative,0,Tripura,23.714582,91.6841,2023-09-27,,,,115.0,9.46,,2,4.103
NEG_004481,pseudo_negative,0,Tripura,23.743223,92.060217,2006-08-07,,,,175.0,9.87,,15,5.139
NEG_004482,pseudo_negative,0,Tripura,23.574833,92.401487,2012-07-02,,,,224.0,6.71,,2,7.003
NEG_004483,pseudo_negative,0,Tripura,23.628136,93.408843,2015-11-26,,,,1157.0,14.5,,15,6.041
NEG_004484,pseudo_negative,0,Tripura,23.777275,93.634632,2007-07-10,,,,2030.0,31.29,,0,24.129
