Slide_No,State,District,Slide_Name,NH_SH_Location,Latitude,Longitude,Material_Involved,Movement_Type,History,Occurrence_Date,Occurrence_Year,event_date,event_year,event_month,landslide_event,rainfall_mm,rainfall_3day_mm,soil_moisture
MH/RGD/47F08/2012/0001,Maharashtra,Raigarh (Raygad),Dasgaon Slide,Near 113 Km stone NH - 17,18.0915,73.36483,Debris,Slide,26 July 2005,2005-07-26,2005.0,2005-07-26,2005,7,1,96.4,190.0,0.485
KER/IDUK/58C14/2007/0022,Kerala,Idukki,Edadumuttam 2,Elappally,9.7386,76.8754,Debris,Avalanche,31 July 2005,2005-07-31,2005.0,2005-07-31,2005,7,1,38.1,92.5,0.481
MAN/TAM/83H09/2007/C-1,Manipur,Tamenglong,Khongsong slide,,24.81722,93.51722,,,16 June 2007,2007-06-16,2007.0,2007-06-16,2007,6,1,34.6,65.1,0.429
MEGH/WKH/78O07/2007/D-15,Meghalaya,West Khasi Hills,Jashiar East slide,,25.38803,91.46977,Debris,Slide,16 June 2007,2007-06-16,2007.0,2007-06-16,2007,6,1,79.6,123.9,0.485
MEGH/WKH/78O11/2007/D-14,Meghalaya,West Khasi Hills,Jakrem East slide,,25.40023,91.5159,Debris,Slide,16 June 2007,2007-06-16,2007.0,2007-06-16,2007,6,1,79.6,123.9,0.485
KER/IDUK/58C14/2007/0021,Kerala,Idukki,Edadumuttam1,Elappally,9.7409,76.8724,Debris,Slide,22 June 2007,2007-06-22,2007.0,2007-06-22,2007,6,1,105.9,193.0,0.487
KER/PALA/58B10/2007/0039,Kerala,Palakkad,Kundarachola-Cherunelli,"PadaGiri hillock, Pothundi reservoir",10.5185,76.6306,Debris,Slide,16 July 2007,2007-07-16,2007.0,2007-07-16,2007,7,1,20.3,36.2,0.476
KER/PALA/58B10/2007/0040,Kerala,Palakkad,Kundarachola-Cherunelli-2,Pothundi dam,10.5252,76.6391,Debris,Slide,16 July 2007,2007-07-16,2007.0,2007-07-16,2007,7,1,20.3,36.2,0.476
KER/PALA/58B10/2007/0041,Kerala,Palakkad,Kundarachola-cherunelli-3,Pothundi dam,10.5248,76.6413,Debris,Flow,16 July 2007,2007-07-16,2007.0,2007-07-16,2007,7,1,20.3,36.2,0.476
KER/PALA/58B10/2007/0042,Kerala,Palakkad,Cherunelli Estate,Nelliyampathy,10.5249,76.6414,Debris,Flow,16 July 2007,2007-07-16,2007.0,2007-07-16,2007,7,1,20.3,36.2,0.476
KER/PALA/58B10/2007/0043,Kerala,Palakkad,Cherunelli Estate-2,Pada Giri hillock,10.5259,76.6566,Debris,Slide,16 July 2007,2007-07-16,2007.0,2007-07-16,2007,7,1,20.3,36.2,0.477
KER/PALA/58B10/2007/0044,Kerala,Palakkad,Cherunelli Estate-3,,10.528,76.6587,Debris,Slide,16 July 2007,2007-07-16,2007.0,2007-07-16,2007,7,1,20.3,36.2,0.477
KER/PALA/58B10/2007/0045,Kerala,Palakkad,Cherunelli Estate-4,,10.527,76.6603,Debris,Avalanche,16 July 2007,2007-07-16,2007.0,2007-07-16,2007,7,1,20.3,36.2,0.477
KER/PALA/58B10/2007/0046,Kerala,Palakkad,Cherunelli Estate-5,,10.528,76.6675,Debris,Slide,16 July 2007,2007-07-16,2007.0,2007-07-16,2007,7,1,20.3,36.2,0.477
KER/MALA/58A03/2007/0012,Kerala,Malappuram,Odakkayam-Muppari mala,Vettilapara,11.275,76.123,Debris,Slide,17 July 2007,2007-07-17,2007.0,2007-07-17,2007,7,1,47.4,127.7,0.482
MEGH/WKH/78O07/2007/D-13,Meghalaya,West Khasi Hills,Mawpon slide,,25.44465,91.34622,Debris,Slide,17 July 2007,2007-07-17,2007.0,2007-07-17,2007,7,1,50.0,88.5,0.48
ME/EKJ/78O15/2015/134,Meghalaya,East Khasi Hills,,Approach road to Nongsder,25.320833,91.9275,Rock,Slide,19 July 2007,2007-07-19,2007.0,2007-07-19,2007,7,1,114.7,267.4,0.485
ME/EKJ/78O15/2015/140,Meghalaya,East Khasi Hills,,1 km SW of Myllad village,25.315176,91.923021,Rock,Slide,19 July 2007,2007-07-19,2007.0,2007-07-19,2007,7,1,114.7,267.4,0.485
MEG/EKH/78O10/2021/04,Meghalaya,East Khasi Hills,,,25.50368056,91.72342222,Rock,Slide,19 July 2007,2007-07-19,2007.0,2007-07-19,2007,7,1,85.0,209.2,0.484
MEGH/WKH/78O06/2007/D-9,Meghalaya,West Khasi Hills,Nongjyllieh-2 slide,,25.50667,91.28318,Debris,Slide,19 July 2007,2007-07-19,2007.0,2007-07-19,2007,7,1,59.9,151.0,0.482
MEGH/WKH/78O07/2007/D-10,Meghalaya,West Khasi Hills,Tynnai (West) slide,,25.31488,91.44913,Rock cum Debris,Slide,19 July 2007,2007-07-19,2007.0,2007-07-19,2007,7,1,70.5,190.5,0.482
MEGH/WKH/78O07/2007/D-11,Meghalaya,West Khasi Hills,Rangjadong slide,,25.31488,91.33367,Debris,Slide,19 July 2007,2007-07-19,2007.0,2007-07-19,2007,7,1,90.2,209.6,0.484
MEGH/WKH/78O07/2007/D-12,Meghalaya,West Khasi Hills,Tynnai East slide,,25.31848,91.45262,Debris,Fall,19 July 2007,2007-07-19,2007.0,2007-07-19,2007,7,1,70.5,190.5,0.482
MEGH/WKH/78O06/2007/D-6,Meghalaya,West Khasi Hills,Lawab slide,Road (Nongstoin by pass),25.5208,91.25985,Rock cum Debris,Slide,25 July 2007,2007-07-25,2007.0,2007-07-25,2007,7,1,,,
MEGH/WKH/78O06/2007/D-7,Meghalaya,West Khasi Hills,Mawkawah slide,PWD road (SH),25.51973,91.28443,Debris,Fall,25 July 2007,2007-07-25,2007.0,2007-07-25,2007,7,1,106.0,205.5,0.488
MEGH/WKH/78O06/2007/D-8,Meghalaya,West Khasi Hills,Nongjyllieh slide,,25.50335,91.28335,Rock,Slide,25 July 2007,2007-07-25,2007.0,2007-07-25,2007,7,1,,,
MEGH/WGH/78K02/2007/D-19,Meghalaya,West Garo Hills,Tura town (Rishipara) slide,,25.51028,90.21678,,,27 July 2007,2007-07-27,2007.0,2007-07-27,2007,7,1,59.4,173.5,0.495
MEGH/JH/83C08/2007/D-22,Meghalaya,Jaintia Hills,Tongseng slide,NH - 44,25.134194,92.383528,Rock cum Debris,Slide,31 July 2007,2007-07-31,2007.0,2007-07-31,2007,7,1,19.1,68.1,0.474
MEGH/JH/83C08/2007/D-23,Meghalaya,Jaintia Hills,Sonapur slide,NH-44,25.12186,92.388583,,Flow,31 July 2007,2007-07-31,2007.0,2007-07-31,2007,7,1,15.2,53.8,0.474
NAG/KOH/83K02/2008/F-3B,Nagaland,Kohima,Officer Hill/ Naga Hospital Colony slide,,25.66667,94.10972,Debris,Slide,12 August 2007,2007-08-12,2007.0,2007-08-12,2007,8,1,21.3,44.3,0.482
ME/EKJ/78O15/2015/87,Meghalaya,East Khasi Hills,,lyngshing approach road,25.407917,91.998889,Rock,Fall,18 August 2007,2007-08-18,2007.0,2007-08-18,2007,8,1,8.2,45.2,0.47
MG/SGH/78K11/2018/7,Meghalaya,South Garo hills,Nengkhra-Nongalbibra road slide,NH-62,25.403061,90.724166,Debris,Slide,18 August 2007,2007-08-18,2007.0,2007-08-18,2007,8,1,9.7,28.1,0.475
MEGH/WKH/78O07/2007/D-3,Meghalaya,West Khasi Hills,Laitlawsnai slide,,25.425,91.405,Debris,Slide,18 August 2007,2007-08-18,2007.0,2007-08-18,2007,8,1,10.6,57.7,0.486
MEGH/WKH/78O07/2007/D-4,Meghalaya,West Khasi Hills,Mawthawiang slide,,25.4013,91.45855,Debris,Slide,18 August 2007,2007-08-18,2007.0,2007-08-18,2007,8,1,10.6,57.7,0.496
MEGH/WKH/78O07/2007/D-5,Meghalaya,West Khasi Hills,Umjarain East slide,,25.40547,91.53712,Rock cum Debris,Slide,18 August 2007,2007-08-18,2007.0,2007-08-18,2007,8,1,10.6,57.7,0.496
MAN/TAM/83H09/2007/C-2,Manipur,Tamenglong,Tamenglong slide,,24.98611,93.50583,Debris,Slide,24 August 2007,2007-08-24,2007.0,2007-08-24,2007,8,1,10.9,22.6,0.421
MN/KAN/83L01/2018/47,Manipur,Kangpokpi,,Khonkon village,24.997972,94.020444,Rock cum debris,Slide,28 August 2007,2007-08-28,2007.0,2007-08-28,2007,8,1,4.2,72.9,0.495
MAN/TAM/83H05/2007/C-5,Manipur,Tamenglong,Guigailuang-2 slide,,24.99306,93.4975,Debris,Slide,28 August 2007,2007-08-28,2007.0,2007-08-28,2007,8,1,0.4,75.6,0.41
MAN/TAM/83H09/2007/C-6,Manipur,Tamenglong,Tamenglong-2 slide,,24.99694,93.50222,,,28 August 2007,2007-08-28,2007.0,2007-08-28,2007,8,1,0.4,75.6,0.41
MAN/TAM/83H09/2007/C-7A,Manipur,Tamenglong,Capentry area slide,,24.99083,93.50583,Debris,Slide,28 August 2007,2007-08-28,2007.0,2007-08-28,2007,8,1,0.4,75.6,0.41
MAN/TAM/83H09/2007/C-7B,Manipur,Tamenglong,Capentary area-2 slide,,24.99083,93.50583,Debris,Slide,28 August 2007,2007-08-28,2007.0,2007-08-28,2007,8,1,0.4,75.6,0.41
MN/UKH/83L01/2018/14,Manipur,Ukhrul,,Lamlai Chingphei,24.994278,94.205917,Rock cum debris,Slide,28 August 2007,2007-08-28,2007.0,2007-08-28,2007,8,1,6.8,41.2,0.469
MAN/CHAN/83L03/2007/C-10,Manipur,Chandel,Bongyang slide,,24.40639,94.06583,Debris,Slide,7 September 2007,2007-09-07,2007.0,2007-09-07,2007,9,1,28.6,109.3,0.445
MEGH/EKH/78O14/2007/D-17,Meghalaya,East Khasi Hills,Nongrimbah slide,,25.56667,91.90194,Debris,Slide,08 September 2007,2007-09-08,2007.0,2007-09-08,2007,9,1,60.7,279.4,0.481
MIZO/AIZ/84A10/2007/E-3,Mizoram,Aizawl,Bawng Venglai slide,,23.751694,92.731528,Debris,Slide,8 September 2007,2007-09-08,2007.0,2007-09-08,2007,9,1,11.0,72.8,0.425
MAN/SEN/83K03/2007/C-12,Manipur,Senapati,Shajouba landslide,,25.47217,94.15433,Debris,Slide,09 September 2007,2007-09-09,2007.0,2007-09-09,2007,9,1,20.9,76.4,0.485
MAN/TAM/83H09/2007/C-13,Manipur,Tamenglong,Taobam landslide,,24.81778,93.51583,Debris,Slide,10 September 2007,2007-09-10,2007.0,2007-09-10,2007,9,1,7.1,51.0,0.424
MAN/TAM/83H05/2007/C-14,Manipur,Tamenglong,Lamkaolong slide,,24.84833,93.45917,Rock,Fall,12 September 2007,2007-09-12,2007.0,2007-09-12,2007,9,1,15.6,28.8,0.417
ME/EKJ/78O14/2015/23,Meghalaya,East Khasi Hills,,NH-40,25.695552,91.903777,Debris,Slide,15 September 2007,2007-09-15,2007.0,2007-09-15,2007,9,1,21.2,82.5,0.481
MEG/WKH/78O10/2016/51,Meghalaya,West Khasi Hills,,NongkhlawPatharkhammah road,25.687056,91.6485,Debris,Slide,15 September 2007,2007-09-15,2007.0,2007-09-15,2007,9,1,22.2,83.7,0.48
MEGH/WKH/78O02/2007/D-1,Meghalaya,West Khasi Hills,Nongjri (Porthangjah) slide,,25.68625,91.118358,Debris,Fall,15 September 2007,2007-09-15,2007.0,2007-09-15,2007,9,1,,,
MEGH/WKH/78O02/2007/D-2,Meghalaya,West Khasi Hills,Tynrong Mawsaw slide,,25.69483,91.11836,Debris,Slide,15 September 2007,2007-09-15,2007.0,2007-09-15,2007,9,1,9.9,50.3,0.458
MAN/TAM/83H05/2008/C-17,Manipur,Tamenglong,Tamenglong - Khongsang road slide,,24.84833,93.45917,Debris,Slide,19 June 2008,2008-06-19,2008.0,2008-06-19,2008,6,1,21.9,53.7,0.427
MAN/TAM/83H05/2008/C-18,Manipur,Tamenglong,Tamenglong-Khongsang road (near Tabanglong) slide,,24.90139,93.45389,Debris,Slide,19 June 2008,2008-06-19,2008.0,2008-06-19,2008,6,1,18.0,42.3,0.424
MAN/TAM/83H05/2008/C-19,Manipur,Tamenglong,Tamenglong-Khongsang road-2 slide,,24.83278,93.46333,Debris,Slide,1 July 2008,2008-07-01,2008.0,2008-07-01,2008,7,1,12.4,68.0,0.425
NAG/KOH/83K02/2008/F-3A,Nagaland,Kohima,PR Hills slide,,25.66083,94.10278,Debris,Fall,02 August 2008,2008-08-02,2008.0,2008-08-02,2008,8,1,24.9,70.2,0.478
MEGH/WKH/78O04/2008/D-27,Meghalaya,West Khasi Hills,Shipur slide,,25.20283,91.20908,Debris,Fall,10 August 2008,2008-08-10,2008.0,2008-08-10,2008,8,1,34.1,44.1,0.491
MEGH/WKH/78O04/2008/D-26,Meghalaya,West Khasi Hills,Rajai slide,,25.201,91.234,Debris,Fall,12 August 2008,2008-08-12,2008.0,2008-08-12,2008,8,1,38.3,94.8,0.48
NAG/KOH/83K02/2008/F-4(A),Nagaland,Kohima,New Market slide,,25.66917,94.10722,Debris,Slide,16 August 2008,2008-08-16,2008.0,2008-08-16,2008,8,1,9.1,39.8,0.479
7192,Assam,Kamrup,,,26.2272613,91.6922458,Debris,slide,26 December 2008,2008-12-26,2008.0,2008-12-26,2008,12,1,4.8,5.9,0.357
NAG/TUE/83J15/2009/F-13,Nagaland,Tuensang,Ajang (Bhumbak Village),,26.36083,94.84,Rock,Fall,04 June 2009,2009-06-04,2009.0,2009-06-04,2009,6,1,12.5,19.6,0.444
NAG/TUE/83J15/2009/F-12,Nagaland,Tuensang,Washomung (Bhumbak Village) slide,,26.37639,94.84056,Debris,Slide,20 June 2009,2009-06-20,2009.0,2009-06-20,2009,6,1,13.7,29.0,0.443
NAG/TUE/83J15/2009/F-14,Nagaland,Tuensang,Ajang (Bhumbak Village),,26.34417,94.83333,,Slide,20 June 2009,2009-06-20,2009.0,2009-06-20,2009,6,1,12.6,19.0,0.48
NAG/KIPH/83K13/2009/F-7,Nagaland,Tuensang,Kesunisiki slide,,25.9,94.78917,,Slide,21 June 2009,2009-06-21,2009.0,2009-06-21,2009,6,1,0.4,16.4,0.444
NAG/KIPH/83K13/2009/F-8,Nagaland,Tuensang,Mission compound slide,,25.88667,94.78639,,Flow,21 June 2009,2009-06-21,2009.0,2009-06-21,2009,6,1,0.4,16.4,0.444
MEGH/EKH/78O11/2009/D-37,Meghalaya,East Khasi Hills,Umstew landslide,Road (Shillong-Sohra),25.300389,91.726722,Debris,Slide,29 June 2009,2009-06-29,2009.0,2009-06-29,2009,6,1,103.4,193.2,0.488
MEGH/EKH/83C02/2009/D-31,Meghalaya,East Khasi Hills,Puriang slide,NH-44 (Shillong - Silchar),25.54261,92.10867,Debris,Slide,1 July 2009,2009-07-01,2009.0,2009-07-01,2009,7,1,46.3,201.5,0.48
MEGH/EKH/83C02/2009/D-32,Meghalaya,East Khasi Hills,Puriang-2 slide,NH-44 (Shillong - Silchar),25.54328,92.10478,Rock,Fall,1 July 2009,2009-07-01,2009.0,2009-07-01,2009,7,1,46.3,201.5,0.48
MEGH/EKH/83C02/2009/D-33,Meghalaya,East Khasi Hills,Puriang-3 slide,NH-44 (Shillong - Silchar),25.54264,92.10214,Rock,Slide,1 July 2009,2009-07-01,2009.0,2009-07-01,2009,7,1,46.3,201.5,0.48
MEGH/EKH/83C02/2009/D-34,Meghalaya,East Khasi Hills,Puriang-4 slide,NH-44 (Shillong - Silchar),25.54231,92.1,Rock cum Debris,Slide,1 July 2009,2009-07-01,2009.0,2009-07-01,2009,7,1,46.3,201.5,0.48
MEGH/EKH/83C02/2009/D-35,Meghalaya,Jaintia Hills,Kongong-2 slide,NH-44 (Shillong-Silchar road),25.54261,92.09842,Debris,Slide,1 July 2009,2009-07-01,2009.0,2009-07-01,2009,7,1,46.3,201.5,0.48
TRI/TRI-W/79M05/2009/G-1,Tripura,West Tripura,Kayerpur Landslide,,23.85417,91.34361,Debris,Slide,10 July 2009,2009-07-10,2009.0,2009-07-10,2009,7,1,4.5,11.3,0.442
LS1/2009,Maharashtra,Mumbai,,Jogeshwari-Wikroli link road,19.13194444,72.87472222,,,15 July 2009,2009-07-15,2009.0,2009-07-15,2009,7,1,51.9,104.8,0.393
MEGH/JH/78O15/2009/D-36,Meghalaya,Jaintia Hills,Laitlongkot slide,NH-40 (Shillong-Pynursla),25.43561,91.862056,Debris,Slide,17 July 2009,2009-07-17,2009.0,2009-07-17,2009,7,1,6.5,30.8,0.5
NAG/TUE/83J15/2009/F-10,Nagaland,Tuensang,Yangpi Village slide,,26.38778,94.82583,Rock,Slide,27 July 2009,2009-07-27,2009.0,2009-07-27,2009,7,1,10.4,31.5,0.448
AS/NC/83G04/2009/B-5,Assam,Dima Hasao,Phaiding Landslide,,26.20261,91.14528,Debris,,20 August 2009,2009-08-20,2009.0,2009-08-20,2009,8,1,5.1,34.4,0.471
NAG/TUE/83J15/2009/F-11,Nagaland,Tuensang,Noksen-Tuengsang road slide,,26.38778,94.82583,Debris,Slide,20 August 2009,2009-08-20,2009.0,2009-08-20,2009,8,1,18.8,45.7,0.454
KA/UK/48J01/2025/11,Karnataka,Uttar Kannada,--,Jariwada,14.842847,74.176548,Debris,Slide,02 October 2009,2009-10-02,2009.0,2009-10-02,2009,10,1,27.3,126.1,0.478
MN-12/2010,Manipur,Tamenglong,Khoupum slide,,24.73133333,93.92738889,,Nil,28 March 2010,2010-03-28,2010.0,2010-03-28,2010,3,1,4.2,6.7,0.189
AS/CAC/83D10/2009-10/AS-1,Assam,Cachar,Palgana slide,Paglagaon (near Mursabarti) under Baghbahar GP part 3,24.57025,92.685,Debris,Slide,02 April 2010,2010-04-02,2010.0,2010-04-02,2010,4,1,8.6,200.0,0.42
AS/NC/83C16/2009-10/AS-5,Assam,Dima Hasao,Mailongdisa-Harangajao-2 slide,Between Mailongdisa and Harangajao railway station (Chainage: 130.100 Km to 130.400 Km),25.124306,92.904278,Debris,Slide,02 April 2010,2010-04-02,2010.0,2010-04-02,2010,4,1,11.5,168.4,0.448
AS/NC/83G04/2009-10/AS-6,Assam,Dima Hasao,Mahur-Wadringdisa slide,,25.229556,93.1556,Debris,Slide,02 April 2010,2010-04-02,2010.0,2010-04-02,2010,4,1,2.7,16.2,0.483
ML-10/2010,Meghalaya,Jaintia Hills,Umkiang Slide,,25.05108333,92.40219444,,,22 April 2010,2010-04-22,2010.0,2010-04-22,2010,4,1,14.4,186.0,0.472
ML-11/2010,Meghalaya,Jaintia Hills,Dona Slide,,25.04305556,92.42041667,,,22 April 2010,2010-04-22,2010.0,2010-04-22,2010,4,1,14.4,186.0,0.482
ML-12/2010,Meghalaya,Jaintia Hills,Ratachera Slide,,25.04222222,92.44127778,,,22 April 2010,2010-04-22,2010.0,2010-04-22,2010,4,1,14.4,186.0,0.482
ML-6/2010,Meghalaya,Jaintia Hills,Tongseng Landslide,,25.13561111,92.3805,,,22 April 2010,2010-04-22,2010.0,2010-04-22,2010,4,1,20.7,204.6,0.472
ML-7/2010,Meghalaya,Jaintia Hills,Tongseng Landslide,,25.13486111,92.382,,,22 April 2010,2010-04-22,2010.0,2010-04-22,2010,4,1,24.4,225.6,0.472
ML-8/2010,Meghalaya,Jaintia Hills,Sonapur,,25.12383333,92.38519444,,,22 April 2010,2010-04-22,2010.0,2010-04-22,2010,4,1,14.4,186.0,0.472
ML-9/2010,Meghalaya,Jaintia Hills,Kulyng Slide,,25.07533333,92.36341667,,,22 April 2010,2010-04-22,2010.0,2010-04-22,2010,4,1,24.4,225.6,0.472
AS/KAR/83D06/2009-10/AS-2,Assam,Karimganj,Rongpur slide,Rongpur Village,24.710833,92.481167,Debris,Slide,03 June 2010,2010-06-03,2010.0,2010-06-03,2010,6,1,5.7,36.4,0.505
TR-3/09-10,Tripura,Dhalai,Datarampara slide,,23.9,91.75622222,,,3 June 2010,2010-06-03,2010.0,2010-06-03,2010,6,1,6.2,14.2,0.41
MAN/TAM/83H09/2009-10/MN- 2,Manipur,Tamenglong,Lukhambi slide,"NH-53(Imphal-Jiribam, 3km from None towards Nungba)",24.862444,93.610639,,Slide,05 June 2010,2010-06-05,2010.0,2010-06-05,2010,6,1,9.5,24.9,0.425
MN-10/2010,Manipur,Tamenglong,None slide,,24.86469444,93.62116667,,Nil,08 June 2010,2010-06-08,2010.0,2010-06-08,2010,6,1,39.2,51.4,0.425
MN-11/2010,Manipur,Tamenglong,Khumji slide,,24.86297222,93.62397222,,Nil,08 June 2010,2010-06-08,2010.0,2010-06-08,2010,6,1,39.2,51.4,0.425
MAN/TAM/83H09/2009-10/MN- 1,Manipur,Tamenglong,Tupul Slide,"Tupul (Along NH-53, Juncture of Tupul & Ijai Rivers)",24.792333,93.658222,Debris,Slide,10 June 2010,2010-06-10,2010.0,2010-06-10,2010,6,1,3.3,44.1,0.44
AS/NC/83C16/2009-10/AS-3,Assam,Dima Hasao,Jatinga-Longrangajao slide,Between Jatinga and Longrangajao Railway stations (Chainage:120.100 km to 120.400 km),25.124583,92.989111,Debris,Slide,16 June 2010,2010-06-16,2010.0,2010-06-16,2010,6,1,9.6,50.0,0.462
AS/NC/83C16/2009-10/AS-4,Assam,Dima Hasao,Mailongdisa-Harangajao slide,Between Mailongdisa and Harangajao Railway stations. CHainage:128.400 km to 128.600 km,25.121,92.915028,Debris,Slide,20 June 2010,2010-06-20,2010.0,2010-06-20,2010,6,1,69.4,100.0,0.46
ML-2/2010,Meghalaya,East Khasi Hills,Meghalaya Police's C.I.D Quarters,,25.56183333,91.86855556,,,28 June 2010,2010-06-28,2010.0,2010-06-28,2010,6,1,99.4,270.6,0.491
ML-3/2010,Meghalaya,East Khasi Hills,Lumsohra,,25.57188889,91.90127778,,,28 June 2010,2010-06-28,2010.0,2010-06-28,2010,6,1,68.2,179.4,0.491
ML-4/2010,Meghalaya,East Khasi Hills,CathedralChurch,,25.56852778,91.89219444,,,28 June 2010,2010-06-28,2010.0,2010-06-28,2010,6,1,68.2,179.4,0.491
ML-1/2010,Meghalaya,East Khasi Hills,Wall collase of mosque,,25.57711111,91.88141667,,,27 August 2010,2010-08-27,2010.0,2010-08-27,2010,8,1,16.7,28.2,0.476
KER/IDUK/53C13/2010/0001,Kerala,Idukki,Poochapra,"SH 33, Kuruttikalam",9.8222,76.8433,Rock cum Debris,Slide,27 October 2010,2010-10-27,2010.0,2010-10-27,2010,10,1,17.7,22.3,0.469
KER/IDUK/53C13/2010/0002,Kerala,Idukki,Kurutikalam,"SH 33,",9.823,76.8397,Debris,Slide,27 October 2010,2010-10-27,2010.0,2010-10-27,2010,10,1,17.7,22.3,0.469
KER/IDUK/53C13/2010/0003,Kerala,Idukki,Karippilangadi,Arakulum village,9.8116,76.8508,Debris,Subsidence,27 October 2010,2010-10-27,2010.0,2010-10-27,2010,10,1,17.7,22.3,0.471
KER/IDUK/53G02/2010/0004,Kerala,Idukki,Pottakalli,Kattapana village,9.7005,77.1069,Rock cum Debris,Slide and flow,27 October 2010,2010-10-27,2010.0,2010-10-27,2010,10,1,16.2,22.9,0.481
KER/IDUK/53G02/2010/0005,Kerala,Idukki,East Mattukada,Ayappan Kovil Village,9.7015,77.1066,Rock cum Debris,Slide and flow,27 October 2010,2010-10-27,2010.0,2010-10-27,2010,10,1,16.2,22.9,0.481
AS/KAM/78N16/2014/05,Assam,Kamrup (Metro),Karghuli,Chandmari Road,26.19622,91.76336,Earth,Flow,23 March 2011,2011-03-23,2011.0,2011-03-23,2011,3,1,0.0,6.0,0.412
MZ-31/2011,Mizoram,Aizawl,Naizawl rock fall,,23.70213889,92.71822222,,,22 May 2011,2011-05-22,2011.0,2011-05-22,2011,5,1,5.3,20.7,0.397
MN-33/2011,Manipur,TAMENGLONG,Gadailong slide,,24.985,93.52113889,Earth,Slide,31 May 2011,2011-05-31,2011.0,2011-05-31,2011,5,1,58.6,128.6,0.428
ML-94/2011,Manipur,Ri-Bhoi,Umsaw Khwan slide,,25.67469444,91.88652778,,Nil,26 June 2011,2011-06-26,2011.0,2011-06-26,2011,6,1,10.6,70.6,0.498
ML- 94/2011,Meghalaya,Ri-Bhoi,Umsaw Khwan slide,,25.67469444,91.88652778,Earth,slide,26 June 2011,2011-06-26,2011.0,2011-06-26,2011,6,1,10.6,70.6,0.498
MN-34/2011,Manipur,TAMENGLONG,Sinam Kuki SLIDE,,24.79083333,93.72333333,Rock,Slide,6 July 2011,2011-07-06,2011.0,2011-07-06,2011,7,1,3.4,14.9,0.467
SKM-07/2012-13,Sikkim,North Sikkim,Theng Slide,On Mangan-Chungthang road,27.57502778,88.65402778,Debris,Slide,22 June 2012,2012-06-22,2012.0,2012-06-22,2012,6,1,78.8,110.5,0.429
SKM-08/2012-13,Sikkim,North Sikkim,Tung Slide,On Mangan-Chungthang road,27.56111111,88.65452778,Debris,Slide,22 June 2012,2012-06-22,2012.0,2012-06-22,2012,6,1,78.8,110.5,0.429
SKM-09/2012-13,Sikkim,North Sikkim,Rubom Slide,On Mangan-Chungthang road,27.52838889,88.59972222,Debris,Slide,22 June 2012,2012-06-22,2012.0,2012-06-22,2012,6,1,78.8,110.5,0.429
SKM-10/2012-13,Sikkim,North Sikkim,Singik Slide,On Mangan-Chungthang road,27.56941667,88.65272222,Debris,Slide,22 June 2012,2012-06-22,2012.0,2012-06-22,2012,6,1,78.8,110.5,0.429
SKM-06/2012-13,Sikkim,North Sikkim,Pegong Slide,Mangan-Chungthang road,27.59027778,88.65394444,Debris,Slide,26 June 2012,2012-06-26,2012.0,2012-06-26,2012,6,1,46.2,163.1,0.426
SKM-04/2012-13,Sikkim,East Sikkim,Rockse Slide 1,Panthang to Dikchu road,27.37441667,88.54505556,Rock,,13 July 2012,2012-07-13,2012.0,2012-07-13,2012,7,1,50.2,170.3,0.428
SKM-05/2012-13,Sikkim,East Sikkim,Rockse Slide 2,Panthang to Dikchu road,27.36977778,88.54466667,Rock,,13 July 2012,2012-07-13,2012.0,2012-07-13,2012,7,1,50.2,170.3,0.428
SKM-11/2012-13,Sikkim,North Sikkim,Deodara Slide,On Mangan-Chungthang road,27.51491667,88.56313889,Debris,Slide,17 July 2012,2012-07-17,2012.0,2012-07-17,2012,7,1,21.0,156.2,0.427
NL/KOH/83K02/2014/04,Nagaland,Kohima,Meriema,National Highway (NH)- 61,25.71611,94.08883,Debris,Flow,03 July 2013,2013-07-03,2013.0,2013-07-03,2013,7,1,13.8,63.9,0.477
NL/DIM/83G13/2014/01,Nagaland,Dimapur,Kukidolong-1,NH 29,25.78417,93.80028,Earth,Slide,16 July 2013,2013-07-16,2013.0,2013-07-16,2013,7,1,62.6,79.1,0.48
NL/DIM/83G13/2014/02,Nagaland,Dimapur,Kukidolong-2,NH 29,25.76939,93.80278,Earth,Slide,16 July 2013,2013-07-16,2013.0,2013-07-16,2013,7,1,62.6,79.1,0.48
ML/SWKH/78O07/2014/01,Meghalaya,South West Khasi Hills,Tynnai Ground crack,Tynnai Village,25.31458,91.45242,Rock,Creep,6 August 2013,2013-08-06,2013.0,2013-08-06,2013,8,1,36.2,56.4,0.482
MIZ/AZL/2023/102,Mizoram,Aizawl,,,24.18561111,92.94536111,Debris,Slide,15 August 2013,2013-08-15,2013.0,2013-08-15,2013,8,1,10.5,34.9,0.425
NL/MON/83J15/2014/08,Nagaland,Mon,Shamnyu slide,State Highway (Tobu to Mon road),26.39094,94.94406,Rock cum Debris,Flow,16 August 2013,2013-08-16,2013.0,2013-08-16,2013,8,1,19.2,41.1,0.449
NL/MON/83J15/2014/11,Nagaland,Mon,Chaklangsho-2,State Highway (Tobu to Mon road),26.40908,94.96308,Rock cum Debris,Slide,17 August 2013,2013-08-17,2013.0,2013-08-17,2013,8,1,19.2,51.2,0.463
NL/MON/83J15/2014/12,Nagaland,Mon,Telangsao slide,State Highway (Tobu to Mon road),26.41931,94.97369,Debris,Slide,18 August 2013,2013-08-18,2013.0,2013-08-18,2013,8,1,3.1,41.5,0.441
SK/EAS/78A11/2014/01,Sikkim,East Sikkim,Dhankutey dhara Slide,3km away from Rumtek on Rumtek - Martam road.,27.28408,88.54611,Earth,Slide,28 August 2013,2013-08-28,2013.0,2013-08-28,2013,8,1,33.3,89.4,0.416
NL/KOH/83G14/2014/15,Nagaland,Kohima,Piphema Peducha,NH-29,25.74697,93.98167,Rock cum Debris,Slide,08 September 2013,2013-09-08,2013.0,2013-09-08,2013,9,1,19.5,33.2,0.491
HP/KAN/52D/03/2019/17,Himachal Pradesh,Kangra,Niangal slide 1,Niangal Village,32.25430556,76.08022222,Debris cum soil,Slide,23 October 2013,2013-10-23,2013.0,2013-10-23,2013,10,1,0.0,0.0,0.238
Tamil Nadu/THENI/58G/2/2014/01.,Tamil Nadu,Theni,Kollam-Theni NH-220 slide/01,Kollam-Theni NH-220 between Kumily and Cumbum,9.616,77.19,Earth/soil with rock fragments and trees,Soil slide,07 May 2014,2014-05-07,2014.0,2014-05-07,2014,5,1,22.7,58.3,0.475
Tamil Nadu/THENI/58G/2/2014/02.,Tamil Nadu,Theni,Kollam-Theni NH-220 slide/02,Kollam-Theni NH-220 between Kumily and Cumbum,9.617,77.19,Earth/soil with rock fragments and trees,Flow,07 May 2014,2014-05-07,2014.0,2014-05-07,2014,5,1,22.7,58.3,0.475
AS/KRM/83D06/2014-15/0001,Assam,Karimganj,"Satkaragul (Pathariya Hills RF),","NH-44. Satkaragul Village near Nilambazar, Nilambazar Circle, Karimganj.",24.70619444,92.28997222,Earth,Flow,10 May 2014,2014-05-10,2014.0,2014-05-10,2014,5,1,41.1,160.9,0.468
SKM/NOR/78A11/2014/007,Sikkim,North Sikkim,Tanek Rockslide,Tanek (On North-Sikkim High Way),27.4097,88.54371,Rock,Fall,24 June 2014,2014-06-24,2014.0,2014-06-24,2014,6,1,32.0,131.8,0.426
AS/KAMRUP (M)/78N16/2014- 15/0002,Assam,Kamrup (Metro),Udayachal Slide.,"Guwahati-Shillong Road (Merges with NH-37), Udayachal pahar, Near Guwahati Medical College.",26.15477778,91.77411111,Earth,Flow,27 june 2014,2014-06-27,2014.0,2014-06-27,2014,6,1,7.1,38.6,0.489
AS/KAMRUP(M)/78N16/2014- 15/0003,Assam,Kamrup (Metro),"Bamunimaidan, South Railway Colony slide.","SH: Zoo Tiniali-Narengi Road. Localtiy: Bamunimaidan, South Railway Colony (Near Hatigar), Guwahati.",26.17672222,91.78672222,Earth,Flow,27 june 2014,2014-06-27,2014.0,2014-06-27,2014,6,1,7.1,38.6,0.489
AS/KAMRUP(M)/78N16/2014- 15/0004,Assam,Kamrup (Metro),"Nabragraha Slide, Bapuji Nagar Housing Complex.","SH: Chandmari Road. Localtiy: Bapuji Nagar Housing Complex, Guwahati.",26.18866667,91.76694444,Earth,Flow,27 June 2014,2014-06-27,2014.0,2014-06-27,2014,6,1,7.1,38.6,0.489
AS/KAMRUP(M)/78N16/2014- 15/0005,Assam,Kamrup (Metro),"Karghuli Landslide, Bankuwar Nagar, Guwahati.(Twin Slide in same road)","SH: Chandmari Road. Localtiy: Bankuwar Nagar, Karghuli Pahar, Guwahati.",26.19622222,91.76336111,Earth,Flow,27 June 2014,2014-06-27,2014.0,2014-06-27,2014,6,1,7.1,38.6,0.489
SKM/NOR/78A10/2014/004,Sikkim,North Sikkim,Pakshek Landslide,Pakshek ( Mangan-Chungthang road on North highway),27.5091,88.53848,Rock,Slide,1 July 2014,2014-07-01,2014.0,2014-07-01,2014,7,1,13.9,163.7,0.426
SKM/NOR/78A11/2014/006,Sikkim,North Sikkim,Ambithang Landslide,Ambithang (On Rangrang- Mangan road ),27.48603,88.53269,Debris,Slide,8 July 2014,2014-07-08,2014.0,2014-07-08,2014,7,1,31.3,79.4,0.429
6986,Assam,Kamrup,Sundarpur village,,25.757752,91.252285,Debris,flow,17 July 2014,2014-07-17,2014.0,2014-07-17,2014,7,1,23.1,70.0,0.483
7201,Assam,West Khasi Hills,Harsanagar,,25.740148,91.224044,Soil,slide,18 July 2014,2014-07-18,2014.0,2014-07-18,2014,7,1,17.3,73.3,0.478
ASM/DH/83G4/ PD /2016/03,Assam,Dima Hasao (N.C. Hills),Heuwangberam subsidence zone-1,"NH 54, Heuwangberam,",25.20738889,93.12277778,Debris,"Initially started as a subsidence, now movement of slope mass has already been initiated.",20 August 2014,2014-08-20,2014.0,2014-08-20,2014,8,1,1.4,8.2,0.48
Tamil Nadu/Dindigul/58F/12/2014/01.,Tamil Nadu,Dindigul,NNE of Mother Teresa Women College/Slide 01,Near Mother Teresa Women College,10.24138889,77.50508333,Earth/soil with rock fragments,Debris slide,22 August 2014,2014-08-22,2014.0,2014-08-22,2014,8,1,24.9,55.9,0.421
Tamil Nadu/Dindigul/58F/12/2014/02.,Tamil Nadu,Dindigul,Opposite of Mother Teresa Women College,Indira Nagar,10.24097222,77.50466667,Earth/soil with rock fragments and trees,Planar,22 August 2014,2014-08-22,2014.0,2014-08-22,2014,8,1,24.9,55.9,0.421
Tamil Nadu/Dindigul/58F/12/2014/03.,Tamil Nadu,Dindigul,Srinivasapuram colony/Slide 03,Srinivasapuran colony.,11.23847222,77.50402778,Earth/soil with rock fragments,Slide,22 August 2014,2014-08-22,2014.0,2014-08-22,2014,8,1,18.2,38.1,0.395
Tamil Nadu/Dindigul/58F/12/2014/04.,Tamil Nadu,Dindigul,Srinivasapuram colony/Slide 04,Srinivasapuran colony.,11.23952778,77.50566667,Earth/soil with rock fragments,Slide,22 August 2014,2014-08-22,2014.0,2014-08-22,2014,8,1,18.2,38.1,0.395
SKM/EAS/78A12/2014/002,Sikkim,East Sikkim,6 km from Martam,0.5 km before Sikkim Supreme (On NH-31A),27.23772,88.51384,Debris,Slide,26 August 2014,2014-08-26,2014.0,2014-08-26,2014,8,1,35.0,92.4,0.426
ML/RIB/78N16/2014/02,Meghalaya,Ri-Bhoi,17 Mile B,GS road,26.02547,91.87158,Earth,Slide,20 September 2014,2014-09-20,2014.0,2014-09-20,2014,9,1,74.1,102.8,0.491
AS/KAMRUP(M)/78N16/2014- 15/0006,Assam,Kamrup (Metro),"Dakhingaon, slide.",Near Kahilipara-Ganesh mandir road.,26.13441667,91.74875,Debris,Flow,22 September 2014,2014-09-22,2014.0,2014-09-22,2014,9,1,55.8,142.1,0.482
7115,Assam,Kamrup,lepgaon,,25.872268,91.213965,Debris,flow,23 September 2014,2014-09-23,2014.0,2014-09-23,2014,9,1,16.4,88.3,0.461
AS/KAMRUP(M)/78N16/2014- 15/0007,Assam,Kamrup (Metro),Ganeshpur-Lalmati Slide,"About 500 m south of Game village, Lalmati, NH-37",26.10711111,91.78916667,Earth,Flow,23 September 2014,2014-09-23,2014.0,2014-09-23,2014,9,1,37.9,104.6,0.466
ML/EKH/78O14/2014/03,Meghalaya,East Khasi Hills,Barapathar,Barapathar,25.57822,91.86545,Debris,Slide,23 September 2014,2014-09-23,2014.0,2014-09-23,2014,9,1,125.6,276.1,0.487
ML/RIB/78N16/2014/06,Meghalaya,Ri-Bhoi,19 Mile,GS Road,26.00294,91.86692,Debris,Slide,23 September 2014,2014-09-23,2014.0,2014-09-23,2014,9,1,37.9,104.6,0.475
AS/KAMRUP/78N12/2015- 16/0004,Assam,Kamrup,Jorabat-Khanapara,"About 200 m North of NH-31, In front of IIT(G) approach",26.09961111,91.87811111,Earth,Slide the loose soil from top (already cut in the area) due to heavy rain.,25 September 2014,2014-09-25,2014.0,2014-09-25,2014,9,1,12.1,86.8,0.478
SKM/NORTH/78A11/2015/003,Sikkim,North Sikkim,Rangrang Landslide,Rangrang (On Mangan to Dikchu road ),27.46166,88.52341,Debris,Debris slide,1 June 2015,2015-06-01,2015.0,2015-06-01,2015,6,1,20.6,75.2,0.427
SKM/EAST/78A12/2015/002,Sikkim,East Sikkim,Kumrek landslide,Kumrek (On Rangpo-Kumrek road ),27.179,88.53313889,Rock,Slide,8 July 2015,2015-07-08,2015.0,2015-07-08,2015,7,1,1.8,21.2,0.399
SKM/EAST/78A11/2015/004,Sikkim,East Sikkim,Tumin Landslide,Tumin,27.33208,88.50902,Debris,Debris slide,11 July 2015,2015-07-11,2015.0,2015-07-11,2015,7,1,10.6,81.1,0.415
NAG/ KOH/ 83K2/ 2015/02,Nagaland,Kohima,Near bridge,NH-29,25.73425,94.00119444,Debris,Slide & subsidence,15 July 2015,2015-07-15,2015.0,2015-07-15,2015,7,1,23.9,51.5,0.484
Manipur/ Ukhrul/ 83 L5/ 2015/01,Manipur,Ukhrul,Phungyar Landslide,Phungyar village,24.82022222,94.35255556,Debris,Deep translational,30 July 2015,2015-07-30,2015.0,2015-07-30,2015,7,1,64.0,145.9,0.429
AS/KAMRUP/78N12/2015- 16/0001,Assam,Kamrup,Jayguru Kalipahar Slide,"About 200 m North of NH-31, In north of IIT(G) approach",26.21111111,91.68416667,Debris,Toppled the wedged weathered rocks blocks.,01 September 2015,2015-09-01,2015.0,2015-09-01,2015,9,1,35.3,132.0,0.473
ASM/KAMRUP(M)/78N16/2016- 17/057,Assam,Kamrup (Metro),Jyotinagar Slide,"Akashi Nagar, Jyoti Nagar, Guwahati.",26.1895,91.78716667,Earth,Slide,18 April 2016,2016-04-18,2016.0,2016-04-18,2016,4,1,15.9,31.0,0.494
ARN/TWG/FM/2016-17/01,Arunachal Pradesh,Tawang,Famla Slide,,27.58741667,91.88694444,Debris,Slide,22 April 2016,2016-04-22,2016.0,2016-04-22,2016,4,1,24.1,66.5,0.428
ARN/TWG/FM/2016-17/02,Arunachal Pradesh,Tawang,Famla Slide,,27.58741667,91.88694444,Earth / soil,Slide,22 April 2016,2016-04-22,2016.0,2016-04-22,2016,4,1,24.1,66.5,0.428
ARN/TWNG/78M14/2016/0001,Arunachal Pradesh,Tawang,Famla Slide,,27.587417,91.886944,Debris,Slide,22 April 2016,2016-04-22,2016.0,2016-04-22,2016,4,1,24.1,66.5,0.428
ARN/TWNG/78M14/2016/0002,Arunachal Pradesh,Tawang,Famla Slide,,27.587417,91.886944,,Slide,22 April 2016,2016-04-22,2016.0,2016-04-22,2016,4,1,24.1,66.5,0.428
ARN/TWNG/78M14/2016/0008,Arunachal Pradesh,Tawang,All India Radio Colony Slide,,27.591806,91.865028,,Fall,22 April 2016,2016-04-22,2016.0,2016-04-22,2016,4,1,29.8,80.0,0.427
ARN/TWNG/78M14/2016/0010,Arunachal Pradesh,Tawang,D.C. & S. P. Bungalows Slide,,27.593139,91.873889,,Slide,22 April 2016,2016-04-22,2016.0,2016-04-22,2016,4,1,29.8,80.0,0.427
ARN/TWNG/78M14/2016/0013,Arunachal Pradesh,Tawang,Duda Slide (District Urban Development Authority Colony),,27.594833,91.866417,Debris,Slide,22 April 2016,2016-04-22,2016.0,2016-04-22,2016,4,1,29.8,80.0,0.427
ARN/TWG/NYD/2016-17/06,Arunachal Pradesh,Tawang,Nyungmadung Slide,,27.59152778,91.88044444,Earth / soil,Flows,23 April 2016,2016-04-23,2016.0,2016-04-23,2016,4,1,24.6,70.3,0.426
ARN/TWNG/78M14/2016/0004,Arunachal Pradesh,Tawang,Namet Slide,,27.591389,91.9025,Rock cum Debris,Slide,23 April 2016,2016-04-23,2016.0,2016-04-23,2016,4,1,24.6,70.3,0.427
ARN/TWNG/78M14/2016/0022,Arunachal Pradesh,Tawang,New Lebrang slide,,27.589417,91.861444,,Slide,23 April 2016,2016-04-23,2016.0,2016-04-23,2016,4,1,26.3,84.0,0.426
ARN/TWNG/78M14/2016/0023,Arunachal Pradesh,Tawang,Changpu sinking zone,,27.593361,91.879444,,Subsidence,23 April 2016,2016-04-23,2016.0,2016-04-23,2016,4,1,24.6,70.3,0.426
ARN/TWNG/78M14/2016/0024,Arunachal Pradesh,Tawang,SSB Colony slide,,27.596639,91.878972,Debris,Slide,23 April 2016,2016-04-23,2016.0,2016-04-23,2016,4,1,24.6,70.3,0.426
ARN/TWNG/78M14/2016/0025,Arunachal Pradesh,Tawang,Q.M. Store slide,,27.596639,91.878972,Debris,Slide,23 April 2016,2016-04-23,2016.0,2016-04-23,2016,4,1,24.6,70.3,0.426
ASM/DH/83G4/ PD/2016 /35,Assam,Dima Hasao,Haflong – Gunjung road section soil creep-6,Haflong – Gunjung road section,25.23230556,93.03333333,Earth,Creep,17 May 2016,2016-05-17,2016.0,2016-05-17,2016,5,1,12.4,46.0,0.481
ASM/DH/83G4/ PD/2016/25,Assam,Dima Hasao,Mahadev Tila slide-2,"Haflong town, Dima Hasao (NC Hills)",25.15561111,93.02222222,Debris,Slide,17 May 2016,2016-05-17,2016.0,2016-05-17,2016,5,1,12.4,46.0,0.481
ASM/DH/83G4/ PD/2016 /01,Assam,Dima Hasao (N.C. Hills),Migrendisa slide,"Near Migrendisa Railway Station, Migrendisa.",25.17986111,93.07077778,Debris,Slide,17 May 2016,2016-05-17,2016.0,2016-05-17,2016,5,1,12.4,46.0,0.498
ASM/DH/83G4/PD/2016/02,Assam,Dima Hasao (N.C. Hills),New Haflong R. S slide(1),West slope of New Haflong Railway Station.,25.14677778,93.03097222,Debris,Slide,17 May 2016,2016-05-17,2016.0,2016-05-17,2016,5,1,12.4,46.0,0.455
ASM/DH/83G4/PD/2016/43,Assam,Dima Hasao (N.C. Hills),New Haflong R.S. slide - (2),New Haflong Railway Station,25.14872222,93.03191667,Debris,Creep,17 May 2016,2016-05-17,2016.0,2016-05-17,2016,5,1,12.4,46.0,0.455
ASM/DH/83G4/PD/2016/44,Assam,Dima Hasao (N.C. Hills),New Haflong R. S slide(3),"New Haflong Railway Station, Dima Hasao (NC Hills)",25.14525,93.02916667,Debris,Slide,17 May 2016,2016-05-17,2016.0,2016-05-17,2016,5,1,,,
ASM/HLKD/83D10/2016/58,Assam,Hailakandi,Terracherra Slide,Terracherra area,24.478972,92.682861,Debris,Slide,17 May 2016,2016-05-17,2016.0,2016-05-17,2016,5,1,23.0,36.6,0.414
ASM/HLKD/83D10/2016/59,Assam,Hailakandi,Lalcherra Slide (Rabinala),Near Patakhouri Durga Mandir Under Bilaipur Forest Village; Lala Police Station,24.511306,92.693028,Debris,Slide,18 May 2016,2016-05-18,2016.0,2016-05-18,2016,5,1,28.0,56.5,0.42
ASM/HLKD/83D10/2016/60,Assam,Hailakandi,Ramchandi (Koyabasti),Ramchandi area,24.515944,92.540889,Earth,Slide,18 May 2016,2016-05-18,2016.0,2016-05-18,2016,5,1,31.7,70.4,0.427
ASM/KRGJ/83D06/2016/61,Assam,Karimganj,Rakhalbasti,"Rakhalbasti, near Sonaicherra TG. Under Ram Krishna",24.659389,92.497361,Earth,Slide,18 May 2016,2016-05-18,2016.0,2016-05-18,2016,5,1,55.8,119.8,0.472
ASM/DH/83G4/ PD/2016/08,Assam,Dima Hasao,Khongsai slide- 2,"Khongsai village, Haflong, Dima Hasao (NC Hills)",25.17691667,93.02655556,Earth,Slide,22 May 2016,2016-05-22,2016.0,2016-05-22,2016,5,1,21.3,107.5,0.482
ASM/DH/83G4/ PD/2016/09,Assam,Dima Hasao,Muolhoi /Gilgal,"Muolhoi /Gilgal village, Haflong, Dima Hasao (NC Hills)",25.17702778,93.02088889,Earth,Slide,22 May 2016,2016-05-22,2016.0,2016-05-22,2016,5,1,21.3,107.5,0.482
ASM/DH/83G4/ PD/2016/10,Assam,Dima Hasao,N.D Raji.-1,"N.D Raji village, Haflong, Dima Hasao (NC Hills)",25.17597222,93.02016667,Debris,Slide,22 May 2016,2016-05-22,2016.0,2016-05-22,2016,5,1,21.3,107.5,0.482
ASM/DH/83G4/ PD/2016/11,Assam,Dima Hasao,N.D Raji (Hamar)-2,"N.D Raji (Hamar)village, Haflong, Dima Hasao (NC Hills)",25.17505556,93.02041667,Debris,Slide,22 May 2016,2016-05-22,2016.0,2016-05-22,2016,5,1,21.3,107.5,0.482
ASM/DH/83G4/ PD/2016/12,Assam,Dima Hasao,"Huonveng, N.D Raji-3","N.D Raji (Hmar)village, Haflong, Dima Hasao (NC Hills)",25.17188889,93.02061111,Debris,Slide,22 May 2016,2016-05-22,2016.0,2016-05-22,2016,5,1,21.3,107.5,0.482
ASM/DH/83G4/ PD/2016/13,Assam,Dima Hasao,Songpiang-1,"Songpiang village, Haflong, Dima Hasao (NC Hills)",25.16563889,93.02544444,Debris,Fall,22 May 2016,2016-05-22,2016.0,2016-05-22,2016,5,1,21.3,107.5,0.482
ASM/DH/83G4/ PD/2016/14,Assam,Dima Hasao,Songpiang-2,"Songpiang village, Haflong, Dima Hasao (NC Hills)",25.16344444,93.02316667,Debris,Slide,22 May 2016,2016-05-22,2016.0,2016-05-22,2016,5,1,21.3,107.5,0.482
ASM/DH/83G4/ PD/2016/15,Assam,Dima Hasao,Boro Haflong-1,"Near Boro Haflong village, Haflong, Dima Hasao (NC Hills)",25.15069444,93.02583333,Debris,slide,22 May 2016,2016-05-22,2016.0,2016-05-22,2016,5,1,21.3,107.5,0.482
ASM/DH/83G4/ PD/2016/16,Assam,Dima Hasao,"Vidya Mandir, Boro Haflong-2","Boro Haflong, Haflong, Dima Hasao (NC Hills)",25.14586111,93.02419444,Debris,Slide,22 May 2016,2016-05-22,2016.0,2016-05-22,2016,5,1,21.3,107.5,0.438
ASM/DH/83G4/ PD/2016/17,Assam,Dima Hasao,"Near and below Assam rifles camp, Boro Haflong-3.","Boro Haflong, Haflong, Dima Hasao (NC Hills)",25.14041667,93.02038889,Debris,Slide,22 May 2016,2016-05-22,2016.0,2016-05-22,2016,5,1,21.3,107.5,0.438
ASM/DH/83G4/ PD/2016/18,Assam,Dima Hasao,Jatinga-Haflong Road section-1.,"Jatinga-Haflong Road section, Haflong, Dima Hasao (NC Hills)",25.13961111,93.01955556,Debris,Slide,22 May 2016,2016-05-22,2016.0,2016-05-22,2016,5,1,21.3,107.5,0.438
ASM/DH/83G4/ PD/2016/19,Assam,Dima Hasao,Jatinga-2,"Jatinga, Haflong, Dima Hasao (NC Hills)",25.13447222,93.01897222,Rock,Slide,22 May 2016,2016-05-22,2016.0,2016-05-22,2016,5,1,21.3,107.5,0.438
ASM/DH/83G4/ PD/2016/23,Assam,Dima Hasao,Mahur,"Mahur, Dima Hasao (NC Hills)",25.17638889,93.11613889,Debris,Slide,22 May 2016,2016-05-22,2016.0,2016-05-22,2016,5,1,21.3,107.5,0.494
ASM/DH/83G4/ PD/2016/24,Assam,Dima Hasao,Mahadev Tilla-1,"Mahadev Tilla, Haflong,Dima Hasao (NC Hills)",25.15572222,93.02277778,Earth,Slide,22 May 2016,2016-05-22,2016.0,2016-05-22,2016,5,1,21.3,107.5,0.482
ASM/DH/83G4/ PD/2016/28,Assam,Dima Hasao,Haflong-Jatinga road section slide-03,"Haflong town, Dima Hasao (NC Hills)",25.15736111,93.01608333,Rock,Slide,22 May 2016,2016-05-22,2016.0,2016-05-22,2016,5,1,21.3,107.5,0.482
ASM/DH/83G4/ PD/2016/30,Assam,Dima Hasao,Gadhi Rojai Slide,"Haflong town, Dima Hasao (NC Hills)",25.15933333,93.017,Earth,Slide,22 May 2016,2016-05-22,2016.0,2016-05-22,2016,5,1,21.3,107.5,0.482
ASM/DH/83G4/ PD/2016/31,Assam,Dima Hasao,Haflong – Gunjung road section slide- 02,Haflong – Gunjung road section,25.24597222,93.02827778,Debris,Slide,22 May 2016,2016-05-22,2016.0,2016-05-22,2016,5,1,21.3,107.5,0.482
ASM/DH/83G4/ PD/2016/33,Assam,Dima Hasao,Haflong – Gunjung road section slide- 04,Haflong – Gunjung road section,25.23880556,93.03219444,Rock,Slide,22 May 2016,2016-05-22,2016.0,2016-05-22,2016,5,1,21.3,107.5,0.482
ASM/DH/83G4/PD/2016/26,Assam,Dima Hasao,Haflong-Jatinga road section slide-01,"Haflong town, Dima Hasao (NC Hills)",25.15658333,93.01961111,Debris,Slide,22 May 2016,2016-05-22,2016.0,2016-05-22,2016,5,1,21.3,107.5,0.482
ASM/DH/83G4/ PD/2016/04,Assam,Dima Hasao (N.C. Hills),Mupa – Langting RF Rock slide,"NH 54, Mupa – Langting Reserved Forest,",25.41733333,93.12908333,Rock,Slide,22 May 2016,2016-05-22,2016.0,2016-05-22,2016,5,1,18.7,79.9,0.474
ASM/DH/83G4/ PD/2016/05,Assam,Dima Hasao (N.C. Hills),Khongsai slide-1,"Khongsai village, Haflong,",25.1775,93.02622222,Earth,Shallow rotational,22 May 2016,2016-05-22,2016.0,2016-05-22,2016,5,1,21.3,107.5,0.482
ASM/DH/83G4/ PD/2016/07,Assam,Dima Hasao (N.C. Hills),Haflong – Gunjung slide-1,Near Gunjung village road section,25.20552778,93.02013889,Debris,Slide,22 May 2016,2016-05-22,2016.0,2016-05-22,2016,5,1,21.3,107.5,0.482
ASM/DH/83G4/ PD/2016/40,Assam,Dima Hasao (N.C. Hills),Lungkok slide (Haflong – Gunjung road 11),"-Haflong – Gunjung road section, Lungkok village, Lower Haflong",25.19669444,93.01858333,Rock,Slide,22 May 2016,2016-05-22,2016.0,2016-05-22,2016,5,1,21.3,107.5,0.482
ASM/DH/83G4/ PD/2016/41,Assam,Dima Hasao (N.C. Hills),Lower Haflong slide (Haflong – Gunjung road-12),"Haflong – Gunjung road section, Lower Haflong",25.18844444,93.01966667,Rock,Slide,22 May 2016,2016-05-22,2016.0,2016-05-22,2016,5,1,21.3,107.5,0.482
ASM/DH/83G4/ PD/2016/42,Assam,Dima Hasao (N.C. Hills),96 km Migrendisa slide,"96 km, Migrendisa – Haflong rail section, near Diyung bridge.",25.164,93.04019444,Debris,Slide,22 May 2016,2016-05-22,2016.0,2016-05-22,2016,5,1,21.3,107.5,0.482
ASM/DH/83G4/ PD/2016/53,Assam,Dima Hasao (N.C. Hills),Mahur railway station slide,"Mahur railway station, Haflong, Dima Hasao (NC Hills)",25.18955556,93.09641667,Debris,Slide,22 May 2016,2016-05-22,2016.0,2016-05-22,2016,5,1,21.3,107.5,0.494
ASM/DH/83G4/ PD/2016/55,Assam,Dima Hasao (N.C. Hills),Nutan Lampur slide -1,"NH 54, near Nutan Lampur",25.24194444,93.14319444,Debris,Slide,22 May 2016,2016-05-22,2016.0,2016-05-22,2016,5,1,23.1,90.8,0.494
ASM/DH/83G4/ PD/2016/56,Assam,Dima Hasao (N.C. Hills),Nutan Lampur slide -2,"NH 54, near Nutan Lampur,",25.27480556,93.14555556,Rock,Slide,22 May 2016,2016-05-22,2016.0,2016-05-22,2016,5,1,23.1,90.8,0.481
ASM/DH/83G4/ PD/2016/29,Assam,Dima Hasao (N.C. Hills),Haflong-Jatinga road section slide-04,"Haflong town,",25.15713889,93.01719444,Debris,Slide,27 May 2016,2016-05-27,2016.0,2016-05-27,2016,5,1,5.2,18.1,0.49
ASM/KAMRUP(M)/78N16/2016- 17/62,Assam,Kamrup (Metro),Piyali Phukan Nagar Slide,"Njiura Par Path, Piyali Phukan Nagar, Guwahati.",26.19552778,91.78055556,Earth,Slide,22 June 2016,2016-06-22,2016.0,2016-06-22,2016,6,1,11.7,18.7,0.478
ASM/ Nijabara/78N16/2016- 17/64,Assam,Kamrup (Metro),Nijabara slide (Guwahati),"Noonmati, Guwahati.",26.19038889,91.80994444,Earth,Slide,14 July 2016,2016-07-14,2016.0,2016-07-14,2016,7,1,10.0,34.4,0.492
ASM/West Sarania/78N16/2016- 17/65,Assam,Kamrup (Metro),West Sarania slide (Guwahati),"Pub Sarania hill, Guwahati.",26.1755,91.76175,Debris,Slide,14 July 2016,2016-07-14,2016.0,2016-07-14,2016,7,1,10.0,34.4,0.492
ARN/LS/83E15/2016/02,Arunachal Pradesh,Lower Subansiri,Possa-Potin slide,National Highway 713-A,27.339267,93.802581,Debris,Slide,16 July 2016,2016-07-16,2016.0,2016-07-16,2016,7,1,27.1,68.1,0.448
ARN/LS/83E15/2016/04,Arunachal Pradesh,Lower Subansiri,Hoj-Potin slide,National Highway 713-A,27.193425,93.780983,Debris,Slide,16 July 2016,2016-07-16,2016.0,2016-07-16,2016,7,1,27.1,68.1,0.423
ARN/LS/83E15/2016/03,Arunachal Pradesh,Lower Subansiri,Possa-Potin slide,National Highway 713-A,27.307072,93.806008,Debris,Slide,17 July 2016,2016-07-17,2016.0,2016-07-17,2016,7,1,6.0,57.2,0.463
ARN/LS/83E15/2016/05,Arunachal Pradesh,Lower Subansiri,Hoj-Potin slide,National Highway 713-A,27.294886,93.803328,Debris,Slide,17 July 2016,2016-07-17,2016.0,2016-07-17,2016,7,1,6.0,57.2,0.463
ARN/LS/83E15/2016/06,Arunachal Pradesh,Lower Subansiri,Hoj-Potin slide,National Highway 713-A,27.254756,93.801303,Debris,Slide,17 July 2016,2016-07-17,2016.0,2016-07-17,2016,7,1,6.0,57.2,0.416
ARN/LS/83E15/2016/07,Arunachal Pradesh,Lower Subansiri,Hoj-Potin slide,National Highway 713-A,27.246131,93.804711,Debris,Slide,17 July 2016,2016-07-17,2016.0,2016-07-17,2016,7,1,6.0,57.2,0.416
ARN/LS/83E15/2016/08,Arunachal Pradesh,Lower Subansiri,Hoj-Potin slide,National Highway 713-A,27.23995,93.806589,Debris,Slide,17 July 2016,2016-07-17,2016.0,2016-07-17,2016,7,1,6.0,57.2,0.416
ASM/KAM(M)/78N16/2016/63,Assam,Kamrup (Metro),Mandakini slide,"Mandakini path, Kharghuli",26.19244444,91.76422222,Earth,Slide,20 July 2016,2016-07-20,2016.0,2016-07-20,2016,7,1,19.0,48.3,0.475
ASM/CCR/83H2/2016/66,Assam,Cachar,Khasiapunji slide,Khasiapunji village,24.645417,93.005361,Debris,Slide,31 August 2016,2016-08-31,2016.0,2016-08-31,2016,8,1,8.7,18.2,0.423
ASM/DH/83G3/ PD/2017 /02,Assam,Dima Hasao (N.C. Hills),Mupa slide,"Between Mupa and Dinhaku Railway Station,",25.40586111,93.11097222,Debris,Slide,20 May 2017,2017-05-20,2017.0,2017-05-20,2017,5,1,2.0,13.4,0.482
ASM/DH/83G3/ PD/2017 /01,Assam,Dima Hasao (N.C. Hills),Boila bridge slide,"Between Mupa and Dinhaku Bridge approach no102, at km 51/9 as 52/1",25.39155556,93.11316667,Soil,Subsidence,03 June 2017,2017-06-03,2017.0,2017-06-03,2017,6,1,32.2,163.6,0.502
Tripura/Dhalai/78P16/2017/002,Tripura,Dhalai,Vidya Mohan Para landslide 2,West Lambuchhara (~4.5 km from Khowai-Kamalpur State Highway),24.16966667,91.76686111,Debris,Slide,3 June 2017,2017-06-03,2017.0,2017-06-03,2017,6,1,5.5,28.1,0.416
MZ/LUN/84B09/2017/0001,Mizoram,Lunglei,Phairuangkai Slide,"Phairuangkai-West Rotlang road, ChangpuiVeng, Phairuangkai.",22.82104167,92.63873333,Soil,Flow,12 June 2017,2017-06-12,2017.0,2017-06-12,2017,6,1,231.1,282.0,0.429
ASM/KAM (M)/78N16/2017/0003,Assam,Kamrup (Metro),Anandapur-Gangapur slide,Hengrabari,26.15427778,91.79263889,Debris,Slide,13 June 2017,2017-06-13,2017.0,2017-06-13,2017,6,1,68.7,118.7,0.511
ASM/KAM (M)/78N16/2017/0004,Assam,Kamrup (Metro),Dakshin Saraniya-2,Ganpat Mandir road,26.17755556,91.76588889,Debris,Slide,13 June 2017,2017-06-13,2017.0,2017-06-13,2017,6,1,68.7,118.7,0.511
ASM/KAM (M)/78N16/2017/04,Assam,Kamrup (Metro),Dakshin Saraniya-1,Ganpat Mandir road,26.17672222,91.76525,Debris,Slide,13 June 2017,2017-06-13,2017.0,2017-06-13,2017,6,1,68.7,118.7,0.511
ASM/KMP/78N16/2017/0004,Assam,Kamrup (Metro),Dakshin Saraniya-2,Ganpat Mandir road,26.17756,91.76589,Debris,Slide,13 June 2017,2017-06-13,2017.0,2017-06-13,2017,6,1,68.7,118.7,0.511
ASM/KMP/78N16/2017/03,Assam,Kamrup (Metro),Anandapur-Gangapur slide,Hengrabari,26.15428,91.79264,Debris,Slide,13 June 2017,2017-06-13,2017.0,2017-06-13,2017,6,1,68.7,118.7,0.511
ASM/KMP/78N16/2017/05,Assam,Kamrup (Metro),Dakshin Saraniya-1,Ganpat Mandir road,26.17672,91.76525,Debris,Slide,13 June 2017,2017-06-13,2017.0,2017-06-13,2017,6,1,68.7,118.7,0.511
ASM/KAM (M)/78N16/2017/0006,Assam,Kamrup (Metro),"Bonda, Hajongdisa slide",Tuinang colony,26.18841667,91.85125,Earth,Slide,16 June 2017,2017-06-16,2017.0,2017-06-16,2017,6,1,44.0,53.0,0.51
ASM/KMP/78N16/2017/06,Assam,Kamrup (Metro),Bonda-Hajongdisa slide,Tuinang colony,26.18842,91.85125,Earth,Slide,16 June 2017,2017-06-16,2017.0,2017-06-16,2017,6,1,44.0,53.0,0.51
MEG/RB/78O14/2017/01,Meghalaya,Ri-Bhoi,Tharia slide,Tharia village,25.663444,91.915944,Debris,Slide,17 June 2017,2017-06-17,2017.0,2017-06-17,2017,6,1,56.6,97.7,0.51
JK/Katra/43K/13& 16/RD 0/850,Jammu & Kashmir,Reasi,RD 0/850,Himkoti,33.02986111,74.93555556,,Slide.,1 July 2017,2017-07-01,2017.0,2017-07-01,2017,7,1,3.0,147.3,0.485
ASM/KAM/78N16/2017/09,Assam,Kamrup (Metro),Panikhaiti–Bongaon slide,"Panikhaiti, Bongaon, near railway line.",26.20536,91.86497,Debris,Slide,03 July 2017,2017-07-03,2017.0,2017-07-03,2017,7,1,66.9,146.9,0.512
ASM/KAM/78N16/2017/07,Assam,Kamrup (Metro),Bonda colony slide no. 1,"Babubasti–Panikhaiti road section/Bonda colony, Amgaon",26.37456,91.84561,Earth,Slide,04 July 2017,2017-07-04,2017.0,2017-07-04,2017,7,1,41.6,116.3,0.508
ASM/KAM/78N16/2017/08,Assam,Kamrup (Metro),Bonda colony slide no. 2,"Babubasti–Panikhaiti road section/Bonda colony, Amgaon",26.19081,91.84528,Earth,Slide,04 July 2017,2017-07-04,2017.0,2017-07-04,2017,7,1,36.8,130.6,0.505
SK/ED/78A12/2017/01,Sikkim,East Sikkim,Pachey landslide near Pakyong Town,Pakyong-Machong Road near Pakyong,27.24144,88.60681,Debris,Fall and Slide,9 July 2017,2017-07-09,2017.0,2017-07-09,2017,7,1,96.9,168.6,0.434
UK/Pithoragarh/62B/12- 2017/00,Uttarakhand,Pithoragarh,SHYAMKHOLA GAD (MANGTI NALA) flash flood,"Kailash-Mansarowar Route, Mangti, Dharchula",30.00561111,80.71802778,River Borne material,Flow,14 August 2017,2017-08-14,2017.0,2017-08-14,2017,8,1,4.4,42.7,0.416
Tamil Nadu/Dindigul/58F/11/2017/01.,Tamil Nadu,Dindigul,Near B.L.Shed/Slide 01,Near B.L.Shed,10.29675,77.55144444,Earth/soil with rock fragments and trees,Slide,02 September 2017,2017-09-02,2017.0,2017-09-02,2017,9,1,,,
Tamil Nadu/Dindigul/58F/11/2017/02.,Tamil Nadu,Dindigul,Near B.L.Shed/Slide 02,Near B.L.Shed,10.29675,77.55144444,Earth/soil with rock fragments and trees,Slide,02 September 2017,2017-09-02,2017.0,2017-09-02,2017,9,1,,,
Tamil Nadu/Dindigul/58F/11/2017/03.,Tamil Nadu,Dindigul,Pethuparai Pirivu slide 03,Pethuparai Pirivu,10.30719444,77.55527778,Debris with rock fragments,Slide,02 September 2017,2017-09-02,2017.0,2017-09-02,2017,9,1,17.1,33.7,0.417
Tamil Nadu/Dindigul/58F/11/2017/04.,Tamil Nadu,Dindigul,Pethuparai Pirivu slide 04,Near Pethuparai Pirivu,10.30777778,77.55672222,Debris with rock fragments,Rock toppling,02 September 2017,2017-09-02,2017.0,2017-09-02,2017,9,1,17.1,33.7,0.417
Tamil Nadu/Dindigul/58F/11/2017/05.,Tamil Nadu,Dindigul,Vadakavunchi slide 05,Near Vadakavunchi,10.31041667,77.56047222,Earth/soil with rock fragments,Slide,02 September 2017,2017-09-02,2017.0,2017-09-02,2017,9,1,17.1,33.7,0.417
Tamil Nadu/Dindigul/58F/11/2017/06.,Tamil Nadu,Dindigul,Vadakavunchi slide 06,Near Vadakavunchi,10.31061111,77.56072222,Rock with Boulders,Slide,02 September 2017,2017-09-02,2017.0,2017-09-02,2017,9,1,17.1,33.7,0.417
Tamil Nadu/Nilgiri/58A/15/2017/03.,Tamil Nadu,Nilgiri,Slide 04,Kattabettu,11.41589167,76.817125,Debris,slide,10 September 2017,2017-09-10,2017.0,2017-09-10,2017,9,1,6.2,40.5,0.422
Tamil Nadu/Nilgiri/58A/07/2017/03.,Tamil Nadu,Nilgiri,Slide 03,Kilenadugani,11.44088889,76.39384444,Debris with rock fragments,Slide,12 September 2017,2017-09-12,2017.0,2017-09-12,2017,9,1,22.5,35.2,0.505
Tamil Nadu/Nilgiri/58A/11/2017/02.,Tamil Nadu,Nilgiri,Slide 02,Nundanamattam,11.35680278,76.69265833,Earth/debris,Slide,12 September 2017,2017-09-12,2017.0,2017-09-12,2017,9,1,8.4,20.1,0.421
Tamil Nadu/Nilgiri/58A/15/2017/01.,Tamil Nadu,Nilgiri,Slide 01,NH-67,11.33736111,76.82255556,Earth/debris,Slide,12 September 2017,2017-09-12,2017.0,2017-09-12,2017,9,1,15.2,30.3,0.426
NL/KOH/83K02/2022/001,Nagaland,Kohima,Meriema landslide,NH-2/ Kohima-Wokha Highway,25.71711111,94.08561111,Soil,Slide,29 October 2017,2017-10-29,2017.0,2017-10-29,2017,10,1,16.3,18.3,0.484
Mizoram/Aizawl/84A09/2018/0 02,Mizoram,Aizawl,Selesih Slide,"Near the Auditorium of Central Agricultural University (College of Veterinary Science and Animal Husbandry), Selesih village, Aizawl District, Mizoram",24.80375556,92.733375,Rock,Creep,28 April 2018,2018-04-28,2018.0,2018-04-28,2018,4,1,0.3,2.6,0.422
MN/TMG/83H01/2018/001,Manipur,Tamenglong,Makru Bridge Landslide,NH37/ ImphalJiribam Highway/ Makru Bridge,24.985167,93.508306,Debris,Slide,3 May 2018,2018-05-03,2018.0,2018-05-03,2018,5,1,6.6,31.6,0.405
MEG/EJH/83CO8/2018/01,Meghalaya,East Jaintia Hills,Sonapur 4km mile stone,NH-6,25.09178,92.35469,Rock,Slide,07 May 2018,2018-05-07,2018.0,2018-05-07,2018,5,1,125.9,304.3,0.511
TR/GMT/79 M09/2018/008,Tripura,Gomati,Sontang no.3 landslide,"Palku, Ompi Block",23.980333,91.475278,Soil,Slide,18 May 2018,2018-05-18,2018.0,2018-05-18,2018,5,1,26.6,84.2,0.426
TR/WTR/78P08/2018/001,Tripura,West Tripura,Birchandrapara landslide,"Subolsingh, Hezamara R.D. Block",24.781694,93.776056,Soil,Slide,18 May 2018,2018-05-18,2018.0,2018-05-18,2018,5,1,5.4,9.8,0.478
TR/WTR/79 M09/2018/004,Tripura,West Tripura,Narengbari landslide,"Champabari, Belbari Block (formerly part of Jirania block)",24.003417,91.45425,Debris,Slide,18 May 2018,2018-05-18,2018.0,2018-05-18,2018,5,1,,,
TR/WTR/79M05/2018/003,Tripura,West Tripura,Belfung landslide,"Kumbukcherra area, Hezamara Block",24.325444,94.232583,Soil,Slide,18 May 2018,2018-05-18,2018.0,2018-05-18,2018,5,1,5.5,13.4,0.391
TR/GMT/79 M10/2018/006,Tripura,Gomati,Taidu landslide (opposite to Taidu Police Station),"Near Taidu Police Station, Ompi Block",23.793444,91.552056,Soil,Slide,20 May 2018,2018-05-20,2018.0,2018-05-20,2018,5,1,31.8,81.4,0.425
TR/GMT/79M10/2018/007,Tripura,Gomati,Taidu Police Station landslide,"Taidu, Ompi",23.794253,91.553533,Soil,Slide,20 May 2018,2018-05-20,2018.0,2018-05-20,2018,5,1,31.8,81.4,0.425
MN/NON/83H13/2018/001,Manipur,Noney,Kotlen landslide,NH37/Kotlen,24.9252,94.3371,Rock,Slide,06 June 2018,2018-06-06,2018.0,2018-06-06,2018,6,1,5.7,16.9,0.417
Tamil Nadu/Coimbatore/58B/15/2018 /02.,Tamil Nadu,Coimbatore,Slide 02,Sholaiyar dam,10.30816944,76.88727222,Soil/earth,Slide,09 June 2018,2018-06-09,2018.0,2018-06-09,2018,6,1,91.8,192.1,0.43
Tamil Nadu/Coimbatore/58B/15/2018 /03.,Tamil Nadu,Coimbatore,Slide 03,SH-78/ Valparai,10.32735278,76.96034167,Soil,Slide,09 June 2018,2018-06-09,2018.0,2018-06-09,2018,6,1,65.8,119.9,0.43
Tamil Nadu/Coimbatore/58B/15/2018 /04.,Tamil Nadu,Coimbatore,Slide 04,SH-78,10.37085833,76.99396667,Soil,Slide,09 June 2018,2018-06-09,2018.0,2018-06-09,2018,6,1,76.4,124.3,0.43
Tamil Nadu/Coimbatore/58B/15/2018 /01.,Tamil Nadu,Coimbatore,Slide 01,SH-78/ Varatuparai,10.351675,76.93656111,Debris,Slide,10 June 2018,2018-06-10,2018.0,2018-06-10,2018,6,1,68.4,174.0,0.43
Tamil Nadu/Coimbatore/58B/15/2018 /05,Tamil Nadu,Coimbatore,Slide 05,SH-78,10.38453333,76.99467222,Soil,Slide,10 June 2018,2018-06-10,2018.0,2018-06-10,2018,6,1,62.3,177.9,0.43
MN/UKH/83L01/2018/48,Manipur,Ukhrul,,Mayophung,24.983528,94.158333,Soil cum debris,Slide,12 June 2018,2018-06-12,2018.0,2018-06-12,2018,6,1,65.9,105.4,0.512
AS/DH/83C16/2018/001,Assam,Dima Hasao,Bandarkhal landslide.,Between NFR Bridge No. 305 and Tunnel No. 19 (~2 km SW of Bandarkhal Railway Station).,26.11,94.76,Debris,Slide,14 June 2018,2018-06-14,2018.0,2018-06-14,2018,6,1,16.1,159.6,0.51
AS/DH/83C16/2018/002,Assam,Dima Hasao,Jatinga Lampur landslide.,Between Jatinga Lampur Railway Station and Harangajao Railway Station.,25.146306,93.942167,Debris,Slide,14 June 2018,2018-06-14,2018.0,2018-06-14,2018,6,1,29.8,233.0,0.511
AS/DH/83G04/2018/003,Assam,Dima Hasao,Phiding slide,"Near Phiding Railway Station. Between Mahur and Phiding RS, NFR.",25.224278,93.222861,Debris,Slide,14 June 2018,2018-06-14,2018.0,2018-06-14,2018,6,1,63.8,290.0,0.506
AS/DH/83G04/2018/004,Assam,Dima Hasao,Dautohaja Tunnel No. 3 slide.,"Between Phiding and Dautohaja Railway Station, NFR.",26.098167,91.881278,Debris,Slide,14 June 2018,2018-06-14,2018.0,2018-06-14,2018,6,1,10.1,26.1,0.504
MN/UKH/83L05/2018/001,Manipur,Ukhrul,Landslide at 1.5 km South of Leiting Village,NH102A.(Near Leiting Village),22.873558,92.755953,Debris,Slide,14 June 2018,2018-06-14,2018.0,2018-06-14,2018,6,1,33.7,251.5,0.428
MN/TAM/83H05/2018/1,Manipur,Tamenglong,,New Kanan Tamenglong,24.983806,93.497528,Debris,Slide,22 June 2018,2018-06-22,2018.0,2018-06-22,2018,6,1,16.8,32.1,0.424
MIZ/AZL/2022/53,Mizoram,Aizawl,"Tuikual N, D Mual",,23.73053889,92.716019,Compacted Debris,Debris flow,22 June 2018,2018-06-22,2018.0,2018-06-22,2018,6,1,4.3,20.9,0.389
Nagaland/Kohima/83K- 02/2018/001,Nagaland,Kohima,Lower Para Medical Landslide,NH-29/ Lower Para Medical Colony,25.66772222,94.08908333,Debris,Subsidence and slide,08 July 2018,2018-07-08,2018.0,2018-07-08,2018,7,1,47.6,129.7,0.511
MN/TMG/83H09/2018/001,Manipur,Tamenglong,New Salem Slide,New Salem (Along TamenglongTamei State Highway),25.047833,92.789306,Soil,Slide,11 July 2018,2018-07-11,2018.0,2018-07-11,2018,7,1,8.0,24.7,0.498
KL/KTM/58C/14/2018/26,Kerala,Kottayam,Chonamala debris slide,Chonamala,9.74295,76.82049167,Debris,Slide,15 July 2018,2018-07-15,2018.0,2018-07-15,2018,7,1,85.1,210.3,0.51
KL/KTM/58C/14/2018/27,Kerala,Kottayam,Chonamala slide 2,Road from Chonamala to Illikkakal,9.743238889,76.81921667,Debris,Slide,16 July 2018,2018-07-16,2018.0,2018-07-16,2018,7,1,75.6,228.4,0.512
HP/SIR/53F06 /2018/02,Himachal Pradesh,Sirmur,Bhatgarh Slide,"Bhatgarh Village on Dadahu- Koti-Daman Road, Dist.Sirmour",30.62602778,77.50877778,Debris cum rock,Slide,26 July 2018,2018-07-26,2018.0,2018-07-26,2018,7,1,42.2,60.1,0.503
MN/TGPL/83L03/2018/009,Manipur,Tengnoupal,Lokchao Landslide,Lokchao village,24.813306,93.243417,Rock,Slide,2 August 2018,2018-08-02,2018.0,2018-08-02,2018,8,1,7.1,44.4,0.422
H.P./MANDI/53A014/2018/08,Himachal Pradesh,Mandi,Chumukha Landslide,NH-21/Chumukha/5.2km away from Sundernagar towards Chandigarh,31.50016194,76.87331194,Rock cum debris,Slide,03 August 2018,2018-08-03,2018.0,2018-08-03,2018,8,1,8.8,15.3,0.389
KER/WYD/49M14/2018/38,Kerala,Wayanad,Sugandhagiri 4th unit 1,Sugandhagiri forest Rd,11.55283333,75.99897222,Debris,Flows,08 August 2018,2018-08-08,2018.0,2018-08-08,2018,8,1,40.7,96.4,0.513
KER/WYD/49M14/2018/45,Kerala,Wayanad,Chiriyanaripara,Padinjarathara-Pulinjal Forest Rd,11.69177778,75.94311111,Debris,Flows,08 August 2018,2018-08-08,2018.0,2018-08-08,2018,8,1,55.8,133.6,0.514
KER/WYD/49M14/2018/47,Kerala,Wayanad,Kapikalam,Padinjarathara-Pulinjal Forest Rd,11.67075,75.93683333,Debris,Flows,08 August 2018,2018-08-08,2018.0,2018-08-08,2018,8,1,,,
KER/WYD/58A2/2018/113,Kerala,Wayanad,Narikundu 1,Narikundu local road,11.59002778,76.2085,Debris,Slide,08 August 2018,2018-08-08,2018.0,2018-08-08,2018,8,1,25.8,57.2,0.513
KER/WYD/58A2/2018/114,Kerala,Wayanad,Narikundu 2,Narikundu local road,11.58425,76.19588889,Debris,Slide,08 August 2018,2018-08-08,2018.0,2018-08-08,2018,8,1,25.8,57.2,0.513
KER/WYD/58A2/2018/28,Kerala,Wayanad,50Acre,Sugandhagiri forest Rd,11.54197222,76.00038889,Debris,Flows,08 August 2018,2018-08-08,2018.0,2018-08-08,2018,8,1,40.7,96.4,0.513
KER/WYD/58A2/2018/29,Kerala,Wayanad,50Acre 2,Sugandhagiri forest Rd,11.53919444,76.00422222,Debris,Flows,08 August 2018,2018-08-08,2018.0,2018-08-08,2018,8,1,40.7,96.4,0.513
KER/WYD/58A2/2018/30,Kerala,Wayanad,Sugandhagiri 1,Sugandhagiri forest Rd,11.54044444,76.01061111,Debris,Slide,08 August 2018,2018-08-08,2018.0,2018-08-08,2018,8,1,40.7,96.4,0.513
KER/WYD/58A2/2018/32,Kerala,Wayanad,Sugandhagiri 2nd unit 2,Sugandhagiri forest Rd,11.54483333,76.01169444,Debris,Flows,08 August 2018,2018-08-08,2018.0,2018-08-08,2018,8,1,40.7,96.4,0.513
KER/WYD/58A2/2018/33,Kerala,Wayanad,Sugandhagiri 2nd unit 3,Sugandhagiri forest Rd,11.54777778,76.00877778,Debris,Flows,08 August 2018,2018-08-08,2018.0,2018-08-08,2018,8,1,40.7,96.4,0.513
KER/WYD/58A2/2018/34,Kerala,Wayanad,Sugandhagiri 2nd unit 4,Sugandhagiri forest Rd,11.54769444,76.00922222,Debris,Flows,08 August 2018,2018-08-08,2018.0,2018-08-08,2018,8,1,40.7,96.4,0.513
KER/WYD/58A2/2018/37,Kerala,Wayanad,Sugandhagiri 3rd unit,Sugandhagiri forest Rd,11.549,76.00258333,Debris,Flows,08 August 2018,2018-08-08,2018.0,2018-08-08,2018,8,1,40.7,96.4,0.513
KER/WYD/58A2/2018/41,Kerala,Wayanad,Chennayakavala 2,Sugandhagiri forest,11.55875,76.00136111,rock-cum-debris,Flows,08 August 2018,2018-08-08,2018.0,2018-08-08,2018,8,1,,,
KER/WYD/58A2/2018/42,Kerala,Wayanad,Chennayakavala 3,Sugandhagiri forest,11.55580556,76.00141667,Debris,Slide,08 August 2018,2018-08-08,2018.0,2018-08-08,2018,8,1,40.7,96.4,0.513
KER/WYD/58A2/2018/43,Kerala,Wayanad,Chennayakavala 4,Sugandhagiri forest,11.55508333,76.00147222,Debris,Slide,08 August 2018,2018-08-08,2018.0,2018-08-08,2018,8,1,40.7,96.4,0.513
KER/WYD/58A2/2018/48,Kerala,Wayanad,Vellaram kunnu 1,NH-212,11.58427778,76.06791667,Debris,,08 August 2018,2018-08-08,2018.0,2018-08-08,2018,8,1,31.0,65.7,0.507
KER/WYD/58A2/2018/49,Kerala,Wayanad,Vattappara1,NH-212,11.53666667,76.03577778,Debris,Slide,08 August 2018,2018-08-08,2018.0,2018-08-08,2018,8,1,40.7,96.4,0.513
KER/WYD/58A2/2018/50,Kerala,Wayanad,Vattappara2,Old Vythiri-Kunnathidavakka Road,11.53636111,76.04152778,Debris,Slide,08 August 2018,2018-08-08,2018.0,2018-08-08,2018,8,1,40.7,96.4,0.513
KER/WYD/58A2/2018/51,Kerala,Wayanad,Ayisha plantation1,Vythiri-Ayisha Plantation Road,11.54516667,76.04319827,rock-cum-debris,Slide,08 August 2018,2018-08-08,2018.0,2018-08-08,2018,8,1,40.7,96.4,0.513
KER/WYD/58A2/2018/52,Kerala,Wayanad,Ayisha plantation pond,Old Vythiri-Kunnathidavakka Road,11.52961111,76.04455556,Debris,Slide,08 August 2018,2018-08-08,2018.0,2018-08-08,2018,8,1,53.0,118.9,0.514
KER/WYD/58A2/2018/53,Kerala,Wayanad,Niket,Vythiri-Niket Forest Road,11.53786111,76.059,Debris,Slide,08 August 2018,2018-08-08,2018.0,2018-08-08,2018,8,1,47.2,95.5,0.514
KER/WYD/58A2/2018/54,Kerala,Wayanad,Thalimala charity bridge,Vythiri-Thalimala Road,11.54494444,76.04491667,rock-cum-debris,Slide,08 August 2018,2018-08-08,2018.0,2018-08-08,2018,8,1,40.7,96.4,0.513
KER/WYD/58A2/2018/55,Kerala,Wayanad,Thalimala Ayisha1,Vythiri-Thailakunnu-Thalimala Road,11.54602778,76.04630278,Debris,Slide,08 August 2018,2018-08-08,2018.0,2018-08-08,2018,8,1,40.7,96.4,0.513
KER/WYD/58A2/2018/56,Kerala,Wayanad,Thalimala Ayisha 2,Vythiri-Thailakunnu-Thalimala Road,11.54412759,76.05525848,Debris,Slide,08 August 2018,2018-08-08,2018.0,2018-08-08,2018,8,1,40.7,96.4,0.513
KER/WYD/58A2/2018/57,Kerala,Wayanad,Thalimala ayisha 3,Vythiri-Thailakunnu-Thalimala Road,11.54969444,76.05577778,rock-cum-debris,Slide,08 August 2018,2018-08-08,2018.0,2018-08-08,2018,8,1,40.7,96.4,0.513
KER/WYD/58A2/2018/58,Kerala,Wayanad,Chelode estate,Chundale-Olivumala Road,11.56612222,76.05433333,rock-cum-debris,Slide,08 August 2018,2018-08-08,2018.0,2018-08-08,2018,8,1,40.7,96.4,0.513
KER/WYD/58A2/2018/64,Kerala,Wayanad,Erumakolli 1,Meppadi-Chembra Peak Road,11.55233333,76.10127778,Debris,Flows,08 August 2018,2018-08-08,2018.0,2018-08-08,2018,8,1,47.2,95.5,0.514
KER/WYD/58A2/2018/67,Kerala,Wayanad,Chembra peak 1,Meppadi-Chembra Peak Road,11.5535,76.08627778,Debris,Flows,08 August 2018,2018-08-08,2018.0,2018-08-08,2018,8,1,47.2,95.5,0.514
KER/WYD/58A2/2018/73,Kerala,Wayanad,Manjalamkolli,Kunnampetta-Puttoorvayal road,11.59138889,76.088,soil,Subsidence,08 August 2018,2018-08-08,2018.0,2018-08-08,2018,8,1,31.0,65.7,0.507
KER/WYD/58A2/2018/74,Kerala,Wayanad,Sreepuram ST colony 1,Chundale-Shivapuram road,11.58430556,76.05083333,Debris,Slide,08 August 2018,2018-08-08,2018.0,2018-08-08,2018,8,1,40.7,96.4,0.513
KER/WYD/58A2/2018/76,Kerala,Wayanad,Sreepuram ST colony 3,Chundale-Shivapuram road,11.58516667,76.04786111,Debris,Slide,08 August 2018,2018-08-08,2018.0,2018-08-08,2018,8,1,40.7,96.4,0.513
KER/WYD/58A2/2018/86,Kerala,Wayanad,Kappamkolli,NH-212,11.56669444,76.11777778,soil,Slide,08 August 2018,2018-08-08,2018.0,2018-08-08,2018,8,1,47.2,95.5,0.514
KER/WYD/49M13/2018/128,Kerala,Wayanad,Thirunelli 1,Tirunelli-Kattikulam Rd,11.90919444,75.99958333,Soil,Lateral spread,09 August 2018,2018-08-09,2018.0,2018-08-09,2018,8,1,9.7,42.6,0.506
KER/WYD/49M13/2018/129,Kerala,Wayanad,Thirunelli 2,Tirunelli-Kattikulam Rd,11.91005556,75.99888889,Soil,Slide,09 August 2018,2018-08-09,2018.0,2018-08-09,2018,8,1,9.7,42.6,0.506
KER/WYD/49M13/2018/130,Kerala,Wayanad,Vellachal,Tirunelli-Kattikulam Rd,11.90366667,75.99972222,Debris,Slide,09 August 2018,2018-08-09,2018.0,2018-08-09,2018,8,1,9.7,42.6,0.506
KER/WYD/49M13/2018/135,Kerala,Wayanad,Thalapuzha 1,SH-59,11.83938889,75.95588889,debris-cum-rock,Slide,09 August 2018,2018-08-09,2018.0,2018-08-09,2018,8,1,20.9,89.1,0.51
KER/WYD/49M13/2018/136,Kerala,Wayanad,Thalapuzha 2,SH-59,11.84044444,75.95202778,Debris,Slide,09 August 2018,2018-08-09,2018.0,2018-08-09,2018,8,1,20.9,89.1,0.51
KER/WYD/49M13/2018/137,Kerala,Wayanad,Thalapuzha 3,SH-59,11.84061111,75.95144444,rock-cum-debris,Slide,09 August 2018,2018-08-09,2018.0,2018-08-09,2018,8,1,20.9,89.1,0.51
KER/WYD/49M13/2018/138,Kerala,Wayanad,Thalapuzha 4,SH-59,11.84066667,75.94527778,Soil,Slide,09 August 2018,2018-08-09,2018.0,2018-08-09,2018,8,1,20.9,89.1,0.51
KER/WYD/49M13/2018/139,Kerala,Wayanad,Thalapuzha 5,SH-59,11.83913889,75.94394444,Debris,Slide,09 August 2018,2018-08-09,2018.0,2018-08-09,2018,8,1,20.9,89.1,0.51
KER/WYD/49M13/2018/140,Kerala,Wayanad,Thalapuzha 6,SH-59,11.83702778,75.94019444,rock-cum-debris,Slide,09 August 2018,2018-08-09,2018.0,2018-08-09,2018,8,1,38.1,148.1,0.511
KER/WYD/49M13/2018/141,Kerala,Wayanad,Thalapuzha 7,SH-59,11.83477778,75.93636111,debris-cum-rock,Slide,09 August 2018,2018-08-09,2018.0,2018-08-09,2018,8,1,38.1,148.1,0.511
KER/WYD/49M13/2018/142,Kerala,Wayanad,Thalapuzha 8,SH-59,11.83644444,75.93258333,Debris,Slide,09 August 2018,2018-08-09,2018.0,2018-08-09,2018,8,1,38.1,148.1,0.511
KER/WYD/49M13/2018/143,Kerala,Wayanad,Thalapuzha 9,SH-59,11.83658333,75.932,rock-cum-debris,Slide,09 August 2018,2018-08-09,2018.0,2018-08-09,2018,8,1,38.1,148.1,0.511
KER/WYD/49M13/2018/144,Kerala,Wayanad,Thalapuzha 10,SH-59,11.83830556,75.92672222,rock-cum-debris,Slide,09 August 2018,2018-08-09,2018.0,2018-08-09,2018,8,1,38.1,148.1,0.511
KER/WYD/49M13/2018/145,Kerala,Wayanad,Thalapuzha 11,SH-59,11.83913889,75.92577778,Debris,Slide,09 August 2018,2018-08-09,2018.0,2018-08-09,2018,8,1,38.1,148.1,0.511
KER/WYD/49M13/2018/146,Kerala,Wayanad,Boys town,Mananthavady-Nedumpoil road,11.83963889,75.91594444,Soil,Slide,09 August 2018,2018-08-09,2018.0,2018-08-09,2018,8,1,38.1,148.1,0.511
KER/WYD/49M13/2018/147,Kerala,Wayanad,Boys town 42 mile,Mananthavady-Nedumpoil road,11.83827778,75.9175,Debris,Slide,09 August 2018,2018-08-09,2018.0,2018-08-09,2018,8,1,38.1,148.1,0.511
KER/WYD/49M13/2018/149,Kerala,Wayanad,New Wayanad Eng. college,SH-59,11.83255556,75.96986111,Debris,Slide,09 August 2018,2018-08-09,2018.0,2018-08-09,2018,8,1,20.9,89.1,0.51
KER/WYD/49M14/2018/123,Kerala,Wayanad,Naimoola,Vythiri-Tharuvana road,11.66852778,75.96925,debris-cum-rock,Slide,09 August 2018,2018-08-09,2018.0,2018-08-09,2018,8,1,,,
KER/WYD/58A1/2018/125,Kerala,Wayanad,Tirunelli-Kattikulam Rd-1,Tirunelli-Kattikulam Rd,11.90411111,76.01644444,Debris,Slide,09 August 2018,2018-08-09,2018.0,2018-08-09,2018,8,1,9.7,42.6,0.506
KER/WYD/58A1/2018/126,Kerala,Wayanad,Tirunelli-Kattikulam Rd-2,Tirunelli-Kattikulam Rd,11.90438889,76.01625,Debris,Slide,09 August 2018,2018-08-09,2018.0,2018-08-09,2018,8,1,9.7,42.6,0.506
KER/WYD/58A1/2018/127,Kerala,Wayanad,Tirunelli-Kattikulam Rd-3,Tirunelli-Kattikulam Rd,11.90288889,76.01180556,Soil,Slide,09 August 2018,2018-08-09,2018.0,2018-08-09,2018,8,1,9.7,42.6,0.506
KER/WYD/58A1/2018/131,Kerala,Wayanad,Panavalli Rd,Panavalli Rd,11.87958333,76.03261111,Debris,Slide,09 August 2018,2018-08-09,2018.0,2018-08-09,2018,8,1,9.7,42.6,0.506
KER/WYD/58A1/2018/132,Kerala,Wayanad,Kuricharmoola colony,Aanappara road,11.84219444,76.03925,Soil,Subsidence,09 August 2018,2018-08-09,2018.0,2018-08-09,2018,8,1,14.0,52.5,0.509
KER/WYD/58A1/2018/133,Kerala,Wayanad,Kottayatukunnu,Jumma-Masjid road,11.75983333,76.01458333,Soil,Spread,09 August 2018,2018-08-09,2018.0,2018-08-09,2018,8,1,19.3,58.1,0.505
KER/WYD/58A1/2018/134,Kerala,Wayanad,Thonichal,4th Mile-Mananthavady road,11.76883333,76.00266667,Debris,Slide,09 August 2018,2018-08-09,2018.0,2018-08-09,2018,8,1,26.6,88.9,0.509
KER/WYD/58A2/2018/104,Kerala,Wayanad,Pozhuthana 3,Vythiri-Tharuvana road,11.568611,76.019722,debris-cum-rock,Slide,09 August 2018,2018-08-09,2018.0,2018-08-09,2018,8,1,54.3,131.2,0.51
KER/WYD/58A2/2018/105,Kerala,Wayanad,12th bridge,Vythiri-Tharuvana road,11.567777,76.028333,rock-cum-debris,Slide,09 August 2018,2018-08-09,2018.0,2018-08-09,2018,8,1,54.3,131.2,0.51
KER/WYD/58A2/2018/106,Kerala,Wayanad,Pookod-Pozhuthana Rd,Pookod-Pozhuthana Rd,11.55055,76.035,debris-cum-rock,Slide,09 August 2018,2018-08-09,2018.0,2018-08-09,2018,8,1,,,
KER/WYD/58A2/2018/107,Kerala,Wayanad,Pookode lake 1,Pookode lake road,11.54,76.027222,rock-cum-debris,Slide,09 August 2018,2018-08-09,2018.0,2018-08-09,2018,8,1,54.3,131.2,0.51
KER/WYD/58A2/2018/108,Kerala,Wayanad,Pookode lake 2,Pookode lake road,11.5375,76.0275,debris-cum-rock,Slide,09 August 2018,2018-08-09,2018.0,2018-08-09,2018,8,1,54.3,131.2,0.51
KER/WYD/58A2/2018/109,Kerala,Wayanad,Pookode lake 3,Pookode lake road,11.53888,76.02722,debris-cum-rock,Slide,09 August 2018,2018-08-09,2018.0,2018-08-09,2018,8,1,54.3,131.2,0.51
KER/WYD/58A2/2018/110,Kerala,Wayanad,Vythiri 2,NH-212,11.54888,76.39166,debris-cum-rock,Slide,09 August 2018,2018-08-09,2018.0,2018-08-09,2018,8,1,24.7,59.6,0.508
KER/WYD/58A2/2018/111,Kerala,Wayanad,Vythiri 3,NH-212,11.55,76.0386,debris-cum-rock,Slide,09 August 2018,2018-08-09,2018.0,2018-08-09,2018,8,1,54.3,131.2,0.51
KER/WYD/58A2/2018/118,Kerala,Wayanad,Anoth 1,Anoth Road,11.59269444,76.03736111,rock-cum-debris,Slide,09 August 2018,2018-08-09,2018.0,2018-08-09,2018,8,1,54.3,131.2,0.51
KER/WYD/58A2/2018/119,Kerala,Wayanad,Anoth 2,Anoth Road,11.59316667,76.03441667,Soil,Slide,09 August 2018,2018-08-09,2018.0,2018-08-09,2018,8,1,54.3,131.2,0.51
KER/WYD/58A2/2018/124,Kerala,Wayanad,Chuzhali,Kunnampetta-Madiyoor-Kuni road,11.59483333,76.08002778,Debris,Slide,09 August 2018,2018-08-09,2018.0,2018-08-09,2018,8,1,39.0,94.0,0.504
KER/WYD/58A2/2018/150,Kerala,Wayanad,Chenamala 1,Thurkey bazar-Kaithakolly local road,11.60169444,76.06908333,Debris,Slide,09 August 2018,2018-08-09,2018.0,2018-08-09,2018,8,1,39.0,94.0,0.504
KER/WYD/58A2/2018/151,Kerala,Wayanad,Chenamala 2,Thurkey bazar-Kaithakolly local road,11.60177778,76.06994444,Debris,Slide,09 August 2018,2018-08-09,2018.0,2018-08-09,2018,8,1,39.0,94.0,0.504
KER/WYD/58A2/2018/152,Kerala,Wayanad,Chenamala 3,Anoth local road,11.59652778,76.02827325,Debris,Slide,09 August 2018,2018-08-09,2018.0,2018-08-09,2018,8,1,54.3,131.2,0.51
KER/WYD/58A2/2018/153,Kerala,Wayanad,Thekumthara,Pinangode-Thekumthara local road,11.62777778,76.02786111,Soil,Slide,09 August 2018,2018-08-09,2018.0,2018-08-09,2018,8,1,53.4,121.2,0.509
KER/WYD/58A2/2018/154,Kerala,Wayanad,Korattapadi,Thekumthara-Korattapadi local road,11.64625,76.03088889,Soil,Creep,09 August 2018,2018-08-09,2018.0,2018-08-09,2018,8,1,,,
KER/WYD/58A2/2018/23,Kerala,Wayanad,Vythiri busstand,NH-212,11.55277778,76.03888889,Debris,Slide,09 August 2018,2018-08-09,2018.0,2018-08-09,2018,8,1,54.3,131.2,0.51
KER/WYD/58A2/2018/24,Kerala,Wayanad,Ammara anganvadi,Chundale-Anoth Road,11.58477778,76.03427778,Debris,Slide,09 August 2018,2018-08-09,2018.0,2018-08-09,2018,8,1,54.3,131.2,0.51
KER/WYD/58A2/2018/25,Kerala,Wayanad,Chundel estate 2,Chundale-Anoth Road,11.58519444,76.039,Debris,Slide,09 August 2018,2018-08-09,2018.0,2018-08-09,2018,8,1,54.3,131.2,0.51
KER/WYD/58A2/2018/26,Kerala,Wayanad,Chundel estate 3,Chundale-Anoth Road,11.58455556,76.03836111,Debris,Slide,09 August 2018,2018-08-09,2018.0,2018-08-09,2018,8,1,54.3,131.2,0.51
KER/WYD/58A2/2018/27,Kerala,Wayanad,Chundel estate 4,Chundale-Anoth Road,11.5855,76.03833333,Debris,Flows,09 August 2018,2018-08-09,2018.0,2018-08-09,2018,8,1,54.3,131.2,0.51
KER/WYD/58A2/2018/61,Kerala,Wayanad,Edapetti,Edapetty-Kolpara forest Road,11.62494434,76.10330032,Debris,Flows,09 August 2018,2018-08-09,2018.0,2018-08-09,2018,8,1,39.0,94.0,0.504
KER/WYD/58A2/2018/62,Kerala,Wayanad,Kolpara_Govindan,Edapetty-Kolpara forest Road,11.62322222,76.10641667,Debris,Flows,09 August 2018,2018-08-09,2018.0,2018-08-09,2018,8,1,39.0,94.0,0.504
KER/WYD/58A2/2018/63,Kerala,Wayanad,Meppadi PHC,Meppadi local Road,11.55683333,76.12963889,Debris,Slide,09 August 2018,2018-08-09,2018.0,2018-08-09,2018,8,1,48.0,130.5,0.509
KER/WYD/58A2/2018/65,Kerala,Wayanad,Erumakolli 2,Meppadi-Chembra Peak Road,11.55458333,76.09483333,rock-cum-debris,Slide,09 August 2018,2018-08-09,2018.0,2018-08-09,2018,8,1,48.0,130.5,0.509
KER/WYD/58A2/2018/78,Kerala,Wayanad,Chelode 2,NH-212,11.56875,76.04397222,rock-cum-debris,Flows,09 August 2018,2018-08-09,2018.0,2018-08-09,2018,8,1,,,
KER/WYD/58A2/2018/79,Kerala,Wayanad,Chelode 3,NH-212,11.57127778,76.04416667,Debris,Slide,09 August 2018,2018-08-09,2018.0,2018-08-09,2018,8,1,54.3,131.2,0.51
KER/WYD/58A2/2018/82,Kerala,Wayanad,82,NH-212,11.56580556,76.11833333,Debris,Slide,09 August 2018,2018-08-09,2018.0,2018-08-09,2018,8,1,48.0,130.5,0.509
KER/WYD/58A2/2018/84,Kerala,Wayanad,NH-212,NH-212,11.53444444,76.02647222,rock-cum-debris,Slide,09 August 2018,2018-08-09,2018.0,2018-08-09,2018,8,1,54.3,131.2,0.51
KER/WYD/58A2/2018/87,Kerala,Wayanad,Nedumkarana,NH-212,11.54316667,76.178,Debris,Slide,09 August 2018,2018-08-09,2018.0,2018-08-09,2018,8,1,48.2,111.0,0.509
KER/WYD/58A2/2018/88,Kerala,Wayanad,Padivayal,NH-212,11.54819444,76.20772222,Debris,Slide,09 August 2018,2018-08-09,2018.0,2018-08-09,2018,8,1,48.2,111.0,0.509
KER/WYD/58A2/2018/90,Kerala,Wayanad,Kottavayal,Meppadi-Kalpetta Road,11.578055,76.110833,Debris,Slide,09 August 2018,2018-08-09,2018.0,2018-08-09,2018,8,1,48.0,130.5,0.509
KER/WYD/58A2/2018/91,Kerala,Wayanad,Chembothara,Meppadi-Chembothara Road,11.568888,76.126666,Debris,Slide,09 August 2018,2018-08-09,2018.0,2018-08-09,2018,8,1,48.0,130.5,0.509
KER/WYD/58A2/2018/92,Kerala,Wayanad,Nellimunda,Meppadi-Nellimunda-Arrapetta road,11.530277,76.14,Debris,Slide,09 August 2018,2018-08-09,2018.0,2018-08-09,2018,8,1,51.8,168.4,0.428
KER/WYD/58A2/2018/94,Kerala,Wayanad,Rattakolly,Meppadi-Rattakolly road,11.502222,76.164722,soil,Slide,09 August 2018,2018-08-09,2018.0,2018-08-09,2018,8,1,42.7,114.2,0.508
6863,Karnataka,Kodagu,,,12.47957,75.713107,Debris,Flow,15 August 2018,2018-08-15,2018.0,2018-08-15,2018,8,1,62.3,183.0,0.508
KL/TSR/58B/07/2019/38,Kerala,Thrissur,Puttankadu slide1,Puttankadu village,10.48799444,76.32170278,Debris,Slide,15 August 2018,2018-08-15,2018.0,2018-08-15,2018,8,1,105.3,239.9,0.515
KL/TSR/58B/07/2019/39,Kerala,Thrissur,Puttankadu slide2,Puttankadu village,10.48781389,76.32260278,Debris,Slide,15 August 2018,2018-08-15,2018.0,2018-08-15,2018,8,1,105.3,239.9,0.515
KAR/KOD/48P11/2018/09,Karnataka,KODAGU,,,12.41302222,75.73569167,Debris,Slide,16 August 2018,2018-08-16,2018.0,2018-08-16,2018,8,1,83.7,201.2,0.509
KAR/KOD/48P11/2018/10,Karnataka,KODAGU,,,12.41206944,75.73421944,Debris,Slide,16 August 2018,2018-08-16,2018.0,2018-08-16,2018,8,1,83.7,201.2,0.509
KAR/KOD/48P11/2018/16,Karnataka,KODAGU,,,12.44961944,75.67183611,Debris,Slide,16 August 2018,2018-08-16,2018.0,2018-08-16,2018,8,1,83.7,201.2,0.509
KAR/KOD/48P11/2018/59,Karnataka,KODAGU,,,12.42281111,75.73883889,Debris,Slide,16 August 2018,2018-08-16,2018.0,2018-08-16,2018,8,1,83.7,201.2,0.509
KAR/KOD/48P15/2018/37,Karnataka,KODAGU,,,12.46079611,75.77621722,Debris,Slide,16 August 2018,2018-08-16,2018.0,2018-08-16,2018,8,1,89.8,221.1,0.51
KAR/KOD/48P15/2018/38,Karnataka,KODAGU,,,12.46072556,75.78086694,Debris,Slide,16 August 2018,2018-08-16,2018.0,2018-08-16,2018,8,1,89.8,221.1,0.51
KAR/KOD/48P15/2018/39,Karnataka,KODAGU,,,12.45886667,75.77799944,Debris,Slide,16 August 2018,2018-08-16,2018.0,2018-08-16,2018,8,1,89.8,221.1,0.51
KAR/KOD/48P15/2018/40,Karnataka,KODAGU,,,12.46076389,75.76718889,Debris,Slide,16 August 2018,2018-08-16,2018.0,2018-08-16,2018,8,1,89.8,221.1,0.51
KAR/KOD/48P15/2018/42,Karnataka,KODAGU,,,12.44222222,75.75735833,Debris,Slide,16 August 2018,2018-08-16,2018.0,2018-08-16,2018,8,1,89.8,221.1,0.51
KAR/KOD/48P15/2018/48,Karnataka,KODAGU,,,12.48675833,75.78433333,Debris,Slide,16 August 2018,2018-08-16,2018.0,2018-08-16,2018,8,1,89.8,221.1,0.51
KAR/KOD/48P15/2018/49,Karnataka,KODAGU,,,12.48693694,75.78735278,Debris,Slide,16 August 2018,2018-08-16,2018.0,2018-08-16,2018,8,1,89.8,221.1,0.51
KAR/KOD/48P15/2018/49A,Karnataka,KODAGU,,,12.48650278,75.7883375,Debris,Slide,16 August 2018,2018-08-16,2018.0,2018-08-16,2018,8,1,89.8,221.1,0.51
KAR/KOD/48P15/2018/50,Karnataka,KODAGU,,,12.48655778,75.79119194,Debris,Slide,16 August 2018,2018-08-16,2018.0,2018-08-16,2018,8,1,89.8,221.1,0.51
KAR/KOD/48P15/2018/81,Karnataka,KODAGU,,,12.43415,75.73625278,Debris,Slide,16 August 2018,2018-08-16,2018.0,2018-08-16,2018,8,1,83.7,201.2,0.509
KL/KTM/58C/14/2018/25,Kerala,Kottayam,Muttam Rock-cum-debris Flow,Thalanadu Village,9.731455556,76.81583333,Rock-cum-debris,Flow,16 August 2018,2018-08-16,2018.0,2018-08-16,2018,8,1,150.1,466.1,0.51
KL/MAL/58A03/2018/17,Kerala,Malappuram,Kandilapara,Kurumbalangode,11.347728,76.095533,Debris,Flow,16 August 2018,2018-08-16,2018.0,2018-08-16,2018,8,1,121.4,366.5,0.43
KL/PTMT/58C/15/2018/14,Kerala,Pathanamthitta,Maniyar slide 1,Seethathodu Village/Maniyar.,9.324669444,76.87481667,Soil,Slide,16 August 2018,2018-08-16,2018.0,2018-08-16,2018,8,1,81.3,241.4,0.512
KL/TSR/58B/06/2019/16,Kerala,Thrissur,Kolankundu slide,Kolankundu village,10.50783333,76.33771389,Debris,Slide,16 August 2018,2018-08-16,2018.0,2018-08-16,2018,8,1,89.5,291.1,0.511
KL/TSR/58B/06/2019/17,Kerala,Thrissur,Kolankundu debris slump,Kolankundu village,10.50971111,76.33816667,Debris,Slump,16 August 2018,2018-08-16,2018.0,2018-08-16,2018,8,1,89.5,291.1,0.511
KL/TSR/58B/06/2019/23,Kerala,Thrissur,KSEB Dam slide,"KSEB office, Lower Sholayar",10.31509722,76.7335,Debris,Flow,16 August 2018,2018-08-16,2018.0,2018-08-16,2018,8,1,123.1,424.8,0.511
KL/TSR/58B/06/2019/34,Kerala,Thrissur,Chalakudy-Malakkapara road slide 8,Road from Chalakudy to Malakkapara,10.30290278,76.75796944,Debris,Slide,16 August 2018,2018-08-16,2018.0,2018-08-16,2018,8,1,92.1,328.2,0.43
KL/TSR/58B/07/2019/04,Kerala,Thrissur,Konnakuzhy Slide,Konnakuzhy cattle breeding farm (Kerala veterinary and animal science university).,10.30133333,76.41955556,Rock cum debris,Flow,16 August 2018,2018-08-16,2018.0,2018-08-16,2018,8,1,85.9,283.4,0.509
KL/TSR/58B/07/2019/05,Kerala,Thrissur,Konnakuzhy Slide 2,"Kerala veterinary and animal science university, Konnakuzhy",10.30375,76.43389722,Rock cum debris,Flow,16 August 2018,2018-08-16,2018.0,2018-08-16,2018,8,1,95.1,334.4,0.513
KL/TSR/58B/07/2019/06,Kerala,Thrissur,Chattukayyintara Slide,Chattukayyintara; Chalakudi- Athirapalli road.,10.30137778,76.443125,Debris,Flow,16 August 2018,2018-08-16,2018.0,2018-08-16,2018,8,1,95.1,334.4,0.513
KL/TSR/58B/07/2019/07,Kerala,Thrissur,Chattukayyintara Slide 2,Chalakudi-Athirapalli road.,10.29847222,76.45830556,Rock cum debris,Flow,16 August 2018,2018-08-16,2018.0,2018-08-16,2018,8,1,95.1,334.4,0.513
KL/TSR/58B/11/2019/11,Kerala,Thrissur,Peringalkuthu dam slide,Peringalkuthu dam,10.31431944,76.63327778,Debris,Slide,16 August 2018,2018-08-16,2018.0,2018-08-16,2018,8,1,133.0,473.5,0.511
KL/TSR/58B/11/2019/27,Kerala,Thrissur,Tavalakuzhi para slide 1,Tavalakuzhi para,10.29035278,76.67788056,Debris,Slide,16 August 2018,2018-08-16,2018.0,2018-08-16,2018,8,1,113.7,399.8,0.514
KL/TSR/58B/11/2019/28,Kerala,Thrissur,Tavalakuzhi para slide 2,Tavalakuzhi para,10.29038889,76.67469444,Debris,Slide,16 August 2018,2018-08-16,2018.0,2018-08-16,2018,8,1,113.7,399.8,0.514
KL/TSR/58B/11/2019/29,Kerala,Thrissur,Anakkayam Cutslope failure,Road from Chalakudy to Malakkapara,10.30348056,76.705925,Debris,Slide,16 August 2018,2018-08-16,2018.0,2018-08-16,2018,8,1,113.7,399.8,0.514
KL/TSR/58B/11/2019/30,Kerala,Thrissur,Chalakudy-Malakkapara road slide 4,Road from Chalakudy to Malakkapara,10.30573333,76.74543611,Debris,Slide,16 August 2018,2018-08-16,2018.0,2018-08-16,2018,8,1,92.1,328.2,0.43
KL/TSR/58B/11/2019/31,Kerala,Thrissur,Chalakudy-Malakkapara road slide 5,Road from Chalakudy to Malakkapara,10.30611944,76.74497778,Debris,Slide,16 August 2018,2018-08-16,2018.0,2018-08-16,2018,8,1,123.1,424.8,0.511
KL/TSR/58B/11/2019/32,Kerala,Thrissur,Chalakudy-Malakkapara road slide 6,Road from Chalakudy to Malakkapara,10.30677778,76.74486944,Debris,slide,16 August 2018,2018-08-16,2018.0,2018-08-16,2018,8,1,92.1,328.2,0.43
KL/TSR/58B/15/2019/24,Kerala,Thrissur,Chalakudy-Malakkapara road slide,Road from Chalakudy to Malakkapara,10.29346111,76.840075,Debris,Slide,16 August 2018,2018-08-16,2018.0,2018-08-16,2018,8,1,146.2,447.9,0.43
KL/TSR/58B/15/2019/25,Kerala,Thrissur,Chalakudy-Malakkapara road slide 2,Road from Chalakudy to Malakkapara,10.29894722,76.832175,Debris,Slide,16 August 2018,2018-08-16,2018.0,2018-08-16,2018,8,1,146.2,447.9,0.43
KL/TSR/58B/15/2019/26,Kerala,Thrissur,Chalakudy-Malakkapara road slide 3,Road from Chalakudy to Malakkapara,10.29924167,76.83186667,Debris,Slide,16 August 2018,2018-08-16,2018.0,2018-08-16,2018,8,1,146.2,447.9,0.43
KL/TSR/58B/15/2019/33,Kerala,Thrissur,Chalakudy-Malakkapara road slide 7,Road from Chalakudy to Malakkapara,10.301875,76.75135833,Debris,Slide,16 August 2018,2018-08-16,2018.0,2018-08-16,2018,8,1,92.1,328.2,0.43
KL/TSR/58B/15/2019/35,Kerala,Thrissur,Chalakudy-Malakkapara road slide 9,Road from Chalakudy to Malakkapara,10.30138333,76.78339444,Debris,Slide,16 August 2018,2018-08-16,2018.0,2018-08-16,2018,8,1,92.1,328.2,0.43
KL/TSR/58B/15/2019/36,Kerala,Thrissur,Chalakudy-Malakkapara road slide 10,Road from Chalakudy to Malakkapara,10.29795833,76.82603611,Debris,Slide,16 August 2018,2018-08-16,2018.0,2018-08-16,2018,8,1,146.2,447.9,0.43
KL/TSR/58B/15/2019/37,Kerala,Thrissur,Chalakudy-Malakkapara road slide 11,Road from Chalakudy to Malakkapara,10.30053056,76.82913056,Debris,Slide,16 August 2018,2018-08-16,2018.0,2018-08-16,2018,8,1,146.2,447.9,0.43
KAR/KOD/48P11/2018/15,Karnataka,KODAGU,,,12.43607306,75.66980889,Debris,Slide,17 August 2018,2018-08-17,2018.0,2018-08-17,2018,8,1,92.9,298.6,0.513
KAR/KOD/48P15/2018/41,Karnataka,KODAGU,,,12.4626,75.76325278,Debris,Slide,17 August 2018,2018-08-17,2018.0,2018-08-17,2018,8,1,66.5,218.6,0.508
H.P./SOL/53F01/2018/09,Himachal Pradesh,Solan,Barog Slide,"MDR-9/Barog /Solan District/H.P., 1Km away from Barog to Kumarhatti MDR-9 road.",30.88988889,77.07122222,Rock,Slide,18 August 2018,2018-08-18,2018.0,2018-08-18,2018,8,1,5.5,22.1,0.416
KAR/KOD/48P11/2018/26,Karnataka,KODAGU,,,12.41637,75.68655861,Debris,Slide,18 August 2018,2018-08-18,2018.0,2018-08-18,2018,8,1,45.7,197.9,0.511
KAR/KOD/48P11/2018/27,Karnataka,KODAGU,,,12.41743806,75.686465,Debris,Slide,18 August 2018,2018-08-18,2018.0,2018-08-18,2018,8,1,45.7,197.9,0.511
NL/KOH/83K02/2023/58,Nagaland,Kohima,Kohima-Nuiland road,Kohima-Nuiland road,25.85442778,94.15844444,Debris,Slide,23 August 2018,2018-08-23,2018.0,2018-08-23,2018,8,1,1.4,12.4,0.489
NL/KOH/83K02/2023/59,Nagaland,Kohima,Kohima-Nuiland road,Kohima-Nuiland road,25.857991,94.159346,Debris,Slide,23 August 2018,2018-08-23,2018.0,2018-08-23,2018,8,1,1.4,12.4,0.489
AS/KRP/78N/16/2018/003,Assam,Kamrup,Hastinapur landslide,Hastinapur Near Jorabat opposite of cow bazaar.,26.11266667,91.85388889,Debris,Slide,24 August 2018,2018-08-24,2018.0,2018-08-24,2018,8,1,17.2,41.4,0.508
AS/KRP/78N16/2018/001,Assam,Kamrup,Shankardev Nagar slide,NH37 towards Shillong.,26.112667,91.853889,Debris,Slide,24 August 2018,2018-08-24,2018.0,2018-08-24,2018,8,1,17.2,41.4,0.508
AS/KRP/78N16/2018/003,Assam,Kamrup,Hastinapur landslide,Hastinapur Near Jorabat opposite of Cow bazaar,26.195306,91.765639,Debris,Slide,24 August 2018,2018-08-24,2018.0,2018-08-24,2018,8,1,31.6,74.5,0.509
UK_Tehri_Kot_Slide 01,Uttarakhand,Tehri,Kot Slide,Chamiyala-Titurana Road,30.59461111,78.68130556,Debris,Slide,29 August 2018,2018-08-29,2018.0,2018-08-29,2018,8,1,14.6,45.8,0.506
UK_Tehri_Kot_Slide 02,Uttarakhand,Tehri,Kot Slide,Chamiyala-Titurana Road,30.59472222,78.68147222,Debris,Flow,29 August 2018,2018-08-29,2018.0,2018-08-29,2018,8,1,14.6,45.8,0.506
AS/KRP/78N16/2018/002,Assam,Kamrup,Kharghuli slide,"Kharghuli area, near Kharghuli post office in Guwahati.",26.19530556,91.76563889,Debris,Slide,31 August 2018,2018-08-31,2018.0,2018-08-31,2018,8,1,18.1,34.8,0.503
KL/PTMT/58C/16/2018/41,Kerala,Pathanamthitta,Muttaakkuzhi slide,"Muttaakkuzhi, Aruvaappalam, Konni.",9.170569444,76.87509167,Debris,Flow,13 October 2018,2018-10-13,2018.0,2018-10-13,2018,10,1,26.0,44.0,0.499
KL/PTMT/58C/16/2018/42,Kerala,Pathanamthitta,Muttaakkuzhi slide 2,"Muttaakkuzhi, Aruvaappalam, Konni.",9.170291667,76.87375278,Debris,slide,13 October 2018,2018-10-13,2018.0,2018-10-13,2018,10,1,26.0,44.0,0.499
KL/PTMT/58C/16/2018/44,Kerala,Pathanamthitta,Vakayar slide,"Muthupezhungal, Vakayar",9.170822222,76.87366111,Soil,Slide,13 October 2018,2018-10-13,2018.0,2018-10-13,2018,10,1,26.0,44.0,0.499
KL/PTMT/58C/16/2018/45,Kerala,Pathanamthitta,Athirungal slide,Vakayar-Athirungal road,9.164555556,76.87303056,Soil,Slide,13 October 2018,2018-10-13,2018.0,2018-10-13,2018,10,1,26.0,44.0,0.499
KL/PTMT/58C/16/2018/46,Kerala,Pathanamthitta,Kulathuman slide,Athirungal-Kulathuman-Kalleli road,9.166425,76.87938333,Debris,Slide,13 October 2018,2018-10-13,2018.0,2018-10-13,2018,10,1,26.0,44.0,0.499
KL/PTMT/58C/16/2018/47,Kerala,Pathanamthitta,Kulathuman slide,Murinjakal-Athirungal road,9.167266667,76.86105556,Soil,Slide,13 October 2018,2018-10-13,2018.0,2018-10-13,2018,10,1,26.0,44.0,0.499
KL/PTMT/58C/16/2018/48,Kerala,Pathanamthitta,Thannimoodu slide,Thannimoodu,9.176258333,76.85974722,Soil,Slide,13 October 2018,2018-10-13,2018.0,2018-10-13,2018,10,1,26.0,44.0,0.499
KL/PTMT/58C/16/2018/49,Kerala,Pathanamthitta,Mlaanthadam slide,Mlaanthadam,9.177086111,76.863,Soil,Slide,13 October 2018,2018-10-13,2018.0,2018-10-13,2018,10,1,26.0,44.0,0.499
KL/PTMT/58C/16/2018/50,Kerala,Pathanamthitta,Chuvattupara cut slope failure,Chuvattupara,9.184813889,76.86902778,Soil,Slide,13 October 2018,2018-10-13,2018.0,2018-10-13,2018,10,1,26.0,44.0,0.499
KL/PTMT/58C/16/2018/51,Kerala,Pathanamthitta,Athirungal - Vakayar road slide,Athirungal - Vakayar road,9.164555556,76.87303056,Soil,Slide,13 October 2018,2018-10-13,2018.0,2018-10-13,2018,10,1,26.0,44.0,0.499
Tamil Nadu/Dindigul/58F/11/2018/01,Tamil Nadu,Dindigul,Slide 01,SH-156,10.27858333,77.565575,Debris,Slide,18 November 2018,2018-11-18,2018.0,2018-11-18,2018,11,1,10.2,99.6,0.415
Tamil Nadu/Dindigul/58F/11/2018/02,Tamil Nadu,Dindigul,Slide 02,Near Kurusadi,10.27690833,77.55985833,Debris,Flow,18 November 2018,2018-11-18,2018.0,2018-11-18,2018,11,1,9.7,104.5,0.408
Tamil Nadu/Dindigul/58F/11/2018/03,Tamil Nadu,Dindigul,Slide 03,SH-156,10.26785,77.55747222,Debris,Slide,18 November 2018,2018-11-18,2018.0,2018-11-18,2018,11,1,2.7,106.5,0.403
Tamil Nadu/Dindigul/58F/11/2018/04,Tamil Nadu,Dindigul,Slide 04,Chinnapalam,10.26056667,77.467925,Debris,Slide,18 November 2018,2018-11-18,2018.0,2018-11-18,2018,11,1,4.6,117.6,0.407
Tamil Nadu/Dindigul/58F/7/2018/05,Tamil Nadu,Dindigul,Slide 03,Road from Chinnapalam to Vilpatti,10.25370278,77.47976944,Debris,Slide,18 November 2018,2018-11-18,2018.0,2018-11-18,2018,11,1,4.6,117.6,0.407
PDLS/25,Jammu & Kashmir,Ramban,Pira-2 (GPS082),Peera – Ramban National Highway (NH-44),33.16994444,75.29666667,Rock cum Debris,Slide,23 January 2019,2019-01-23,2019.0,2019-01-23,2019,1,1,2.8,103.3,0.495
PDLS/26,Jammu & Kashmir,Udhampur,Chaneni (Near Chaneni Tunnel portal) (GPS083),"Jammu-Srinagar National highway, Near Chaneni Tunnel portal",33.04477778,75.27886111,Rock cum Debris,Slide,23 January 2019,2019-01-23,2019.0,2019-01-23,2019,1,1,1.7,90.8,0.504
PDLS/27,Jammu & Kashmir,Udhampur,Chaneni-2 (Near Chaneni Tunnel portal),"Jammu-Srinagar National highway, Near Chaneni Tunnel portal",33.04477778,75.27886111,Rock cum Debris,Slide,23 January 2019,2019-01-23,2019.0,2019-01-23,2019,1,1,1.7,90.8,0.504
PDLS/28,Jammu & Kashmir,Jammu,"Letar, Kalidhar.(GPS 084)",Jammu-Akhnoor-Rajouri National highway,33.04138889,74.59238889,Rock cum Debris,Slide,24 January 2019,2019-01-24,2019.0,2019-01-24,2019,1,1,0.0,35.3,0.266
PDLS/29,Jammu & Kashmir,Jammu,"Dab Jagir, Kalidhar. (GPS 085)",Jammu-Akhnoor-Rajouri National highway,33.048,74.61683333,Rock cum Debris,Slide,24 January 2019,2019-01-24,2019.0,2019-01-24,2019,1,1,0.0,35.3,0.266
PDLS/20,Jammu & Kashmir,Reasi,Thanpal Slide,Reasi-Talwara-Thanpal-Kanthan road via Salal Dam,33.17312778,74.783,Rock and Debris,Slide,1 March 2019,2019-03-01,2019.0,2019-03-01,2019,3,1,0.5,2.1,0.225
NL/DMR/83F-16/2019/01,Nagaland,Dimapur,Zhekhise Slide,Niuland,26.07256,93.928,Sandy Soil,Slide,09 May 2019,2019-05-09,2019.0,2019-05-09,2019,5,1,2.4,2.7,0.438
MEG/EKH/78O8/2019/07,Meghalaya,East Khasi Hills,Balat road slide - I,Pomblang Landslide,25.23211111,91.37252778,Debris,Slide,27 June 2019,2019-06-27,2019.0,2019-06-27,2019,6,1,141.3,206.7,0.512
MEG/EKH/78O8/2019/08,Meghalaya,East Khasi Hills,Balat road,Balat road slide - II,25.22194444,91.38422222,Debris,Slide,27 June 2019,2019-06-27,2019.0,2019-06-27,2019,6,1,141.3,206.7,0.512
MEG/EKH/78O8/2019/11,Meghalaya,East Khasi Hills,Balat-Shella road,Balat 4 km Slide,25.18688889,91.39855556,Debris,Slide,27 June 2019,2019-06-27,2019.0,2019-06-27,2019,6,1,141.3,206.7,0.512
ML/EKH/78O11/2019-20/03,Meghalaya,East Khasi Hills,"Mawsynram, East Khasi Hills District, Meghalaya",Mawsynram - Lawbah,25.281,91.57330556,Debris,Slide,7 July 2019,2019-07-07,2019.0,2019-07-07,2019,7,1,96.7,224.6,0.514
ASM/KAM/78N16/2019/03,Assam,Kamrup (Metro),Amiya Nagar Slide,Chandmari,26.19236111,91.78080556,Debris,Subsidence,10 July 2019,2019-07-10,2019.0,2019-07-10,2019,7,1,34.9,128.8,0.511
MEG/EKH/SHILLONG/02,Meghalaya,East Khasi Hills,Rynjah,Rynjah GSI Office slide,25.56663056,91.91370556,Rock (with thin overburden/debris),Slide,10 July 2019,2019-07-10,2019.0,2019-07-10,2019,7,1,67.0,89.8,0.511
ASM/KAM/78N12/2019/04,Assam,Kamrup (Metro),Bezbaruah Nagar slide,"Nilachalpur, Bezbaruah Nagar",26.15805556,91.71258333,Debris,Slide,16 July 2019,2019-07-16,2019.0,2019-07-16,2019,7,1,18.0,94.4,0.498
MH/PUN/47H10/2021/01,Maharashtra,Ratnagiri,Oni,Oni (Tisewadi),16.69676667,73.57213889,Soil,Subsidence,6 August 2019,2019-08-06,2019.0,2019-08-06,2019,8,1,71.4,253.0,0.512
TN/NIL/58A07/2019/22,Tamil Nadu,Nilgiri,Bar wood slide-2,Barwood estate,11.39624444,76.48404167,Debris,Slide,06 August 2019,2019-08-06,2019.0,2019-08-06,2019,8,1,66.1,137.7,0.43
TN/NIL/58A11/2019/3,Tamil Nadu,Nilgiri,Hanumapuram slide-2,Eastern parts of Hanumapuram,11.459491,76.593253,Debris,Slide,06 August 2019,2019-08-06,2019.0,2019-08-06,2019,8,1,30.9,60.0,0.429
TN/NIL/58A11/2019/4,Tamil Nadu,Nilgiri,Hanumapuram slide-3,Eastern parts of Hanumapuram,11.460005,76.591319,Debris,Slide,06 August 2019,2019-08-06,2019.0,2019-08-06,2019,8,1,30.9,60.0,0.429
TN/NIL/58A11/2019/10,Tamil Nadu,Nilgiri,Woodbrook slide-2,NE parts of Wood brook,11.46975556,76.56556389,Debris,Slide,07 August 2019,2019-08-07,2019.0,2019-08-07,2019,8,1,40.2,89.4,0.429
TN/NIL/58A11/2019/11,Tamil Nadu,Nilgiri,Junction of Naduvattam flume slide,Naduvatam,11.46933889,76.56520833,Debris,Slide,07 August 2019,2019-08-07,2019.0,2019-08-07,2019,8,1,40.2,89.4,0.429
TN/NIL/58A11/2019/12,Tamil Nadu,Nilgiri,Needle hill slide,Needle hill,11.48909722,76.53898333,Rock-cum-debris,Slide,07 August 2019,2019-08-07,2019.0,2019-08-07,2019,8,1,30.5,63.7,0.427
TN/NIL/58A11/2019/13,Tamil Nadu,Nilgiri,View point 1st bend towards Ooty to Gudalur slide-1,Gudalur,11.49066944,76.52748889,Rock cum Debris,Slide,07 August 2019,2019-08-07,2019.0,2019-08-07,2019,8,1,52.3,119.2,0.429
TN/NIL/58A11/2019/9,Tamil Nadu,Nilgiri,Wood brook slide,North western part of wood brook,11.46814444,76.56437778,Rock cum debris,Slide,07 August 2019,2019-08-07,2019.0,2019-08-07,2019,8,1,40.2,89.4,0.429
TN/NIL/58A/11/2019/62,Tamil Nadu,Nilgiri,TNEB PH-6 debris slide,"TNEB R-type quarters, Kattukuppai",11.36275,76.60348,Debris,Slide,8 August 2019,2019-08-08,2019.0,2019-08-08,2019,8,1,116.4,323.8,0.43
TN/NIL/58A/11/2019/63,Tamil Nadu,Nilgiri,TNEB PH-6 debris slide 2,"TNEB, R-Type quarters, Kundah PH-6",11.34398,76.63676,Debris,Slide,8 August 2019,2019-08-08,2019.0,2019-08-08,2019,8,1,15.7,38.6,0.419
TN/NIL/58A/11/2019/64,Tamil Nadu,Nilgiri,TNEB PH-6 debris slide 3,"Downslope of road from TNEB, R-Type quarters to PH-6",11.36296,76.60427,Debris,Slide,8 August 2019,2019-08-08,2019.0,2019-08-08,2019,8,1,116.4,323.8,0.43
TN/NIL/58A/11/2019/65,Tamil Nadu,Nilgiri,PH-6 road cut slope failure,Road from Emerald colony to PH-6,11.36133,76.60171,Earth,Slide,8 August 2019,2019-08-08,2019.0,2019-08-08,2019,8,1,116.4,323.8,0.43
TN/NIL/58A/11/2019/66,Tamil Nadu,Nilgiri,West of Emerald Earth slide,West of Emerald colony,11.32286,76.61794,Earth,Slide,8 August 2019,2019-08-08,2019.0,2019-08-08,2019,8,1,32.7,83.7,0.43
TN/NIL/58A/11/2019/67,Tamil Nadu,Nilgiri,Emerald colony Earth slide,Emerald colony,11.32247,76.6224,Earth,Slide,8 August 2019,2019-08-08,2019.0,2019-08-08,2019,8,1,32.7,83.7,0.43
TN/NIL/58A/11/2019/68,Tamil Nadu,Nilgiri,Emerald colony cut slope failure,Emerald colony,11.32275,76.62117,Earth,Slide,8 August 2019,2019-08-08,2019.0,2019-08-08,2019,8,1,32.7,83.7,0.43
TN/NIL/58A/11/2019/69,Tamil Nadu,Nilgiri,Kundah road Earth flow 1,Approach road to Kundah PH-6,11.34464,76.59638,Earth,Flow,8 August 2019,2019-08-08,2019.0,2019-08-08,2019,8,1,116.4,323.8,0.43
TN/NIL/58A/11/2019/70,Tamil Nadu,Nilgiri,Kundah road Earth flow 2,Approach road to Kundah PH-6,11.34471,76.59548,Earth,Flow,8 August 2019,2019-08-08,2019.0,2019-08-08,2019,8,1,116.4,323.8,0.43
TN/NIL/58A/11/2019/71,Tamil Nadu,Nilgiri,Kundah road cut slope failure,Approach road to Kundah PH-6,11.35807,76.59917,Debris,slide,8 August 2019,2019-08-08,2019.0,2019-08-08,2019,8,1,116.4,323.8,0.43
TN/NIL/58A/11/2019/72,Tamil Nadu,Nilgiri,TRT exit stream bank failure,South of Kundah PH-6,11.36013,76.60118,Debris,slide,8 August 2019,2019-08-08,2019.0,2019-08-08,2019,8,1,116.4,323.8,0.43
TN/NIL/58A/11/2019/73,Tamil Nadu,Nilgiri,Kundah PH 6 road stream bank failure,Downslope of Kundah Power house-6 road,11.36078,76.60156,Debris,slide,8 August 2019,2019-08-08,2019.0,2019-08-08,2019,8,1,116.4,323.8,0.43
TN/NIL/58A/11/2019/74,Tamil Nadu,Nilgiri,Silambu north west slide1,North West of Silambu,11.35854,76.59167,Debris,slide,8 August 2019,2019-08-08,2019.0,2019-08-08,2019,8,1,38.9,110.0,0.429
TN/NIL/58A/11/2019/75,Tamil Nadu,Nilgiri,Silambu north west slide2,North West of Silambu,11.36079,76.59161,Debris,slide,8 August 2019,2019-08-08,2019.0,2019-08-08,2019,8,1,38.9,110.0,0.429
TN/NIL/58A/11/2019/76,Tamil Nadu,Nilgiri,Red Hill Nature Resort subsidence,"Red Hill Nature Resort, Emerald road",11.34166,76.59664,Earth,Subsidence,8 August 2019,2019-08-08,2019.0,2019-08-08,2019,8,1,116.4,323.8,0.43
TN/NIL/58A/11/2019/77,Tamil Nadu,Nilgiri,Indra Nagar colony cut slope failure,"Indra Nagar colony, Emarald",11.33736,76.60422,Debris,slide,8 August 2019,2019-08-08,2019.0,2019-08-08,2019,8,1,32.7,83.7,0.43
TN/NIL/58A07/2019/23,Tamil Nadu,Nilgiri,Barwood-3,Barwood estate,11.49186944,76.43094722,Debris.,Slide,08 August 2019,2019-08-08,2019.0,2019-08-08,2019,8,1,57.8,201.2,0.514
TN/NIL/58A07/2019/24,Tamil Nadu,Nilgiri,Bar wood-4,Barwood estate,11.43076111,76.49176944,Debris,Slide,08 August 2019,2019-08-08,2019.0,2019-08-08,2019,8,1,111.7,338.4,0.51
TN/NIL/58A07/2019/25,Tamil Nadu,Nilgiri,Appukodu slide,Appukodu,11.35913611,76.65180833,Soil,Slide,08 August 2019,2019-08-08,2019.0,2019-08-08,2019,8,1,15.7,38.6,0.419
TN/NIL/58A07/2019/26,Tamil Nadu,Nilgiri,Murgan temple slide,Murgan temple,11.34962222,76.64144167,Debris,Slide,08 August 2019,2019-08-08,2019.0,2019-08-08,2019,8,1,15.7,38.6,0.419
TN/NIL/58A07/2019/27,Tamil Nadu,Nilgiri,Emerlad slide -1,Emerlad,11.31956389,76.62323333,Debris.,Slide,08 August 2019,2019-08-08,2019.0,2019-08-08,2019,8,1,32.7,83.7,0.43
TN/NIL/58A07/2019/33,Tamil Nadu,Nilgiri,Not Available,Nerkandi,11.31278333,76.62521111,Debris,Slide,08 August 2019,2019-08-08,2019.0,2019-08-08,2019,8,1,32.7,83.7,0.43
TN/NIL/58A07/2019/37,Tamil Nadu,Nilgiri,Not Available,New Attubail,11.30400222,76.61938694,Debris,Slide,08 August 2019,2019-08-08,2019.0,2019-08-08,2019,8,1,32.7,83.7,0.43
TN/NIL/58A07/2019/38,Tamil Nadu,Nilgiri,Not Available,New Attubail,11.30533472,76.61881611,Debris,Slide,08 August 2019,2019-08-08,2019.0,2019-08-08,2019,8,1,32.7,83.7,0.43
TN/NIL/58A07/2019/40,Tamil Nadu,Nilgiri,Not Available,Newattboil,11.30777778,76.61816667,Debris,Slide,8 August 2019,2019-08-08,2019.0,2019-08-08,2019,8,1,32.7,83.7,0.43
TN/NIL/58A07/2019/42,Tamil Nadu,Nilgiri,Not Available,Road towards Eddakadu village,11.30527222,76.63084722,Debris,Slide,8 August 2019,2019-08-08,2019.0,2019-08-08,2019,8,1,32.7,83.7,0.43
TN/NIL/58A07/2019/43,Tamil Nadu,Nilgiri,Not Available,Pathakandi village,11.29669444,76.63436111,Debris,Slide,8 August 2019,2019-08-08,2019.0,2019-08-08,2019,8,1,32.7,83.7,0.43
TN/NIL/58A07/2019/44,Tamil Nadu,Nilgiri,Not Available,Avalanchi Forest Road,11.31093611,76.61947778,Debris,Slide,8 August 2019,2019-08-08,2019.0,2019-08-08,2019,8,1,32.7,83.7,0.43
TN/NIL/58A07/2019/46,Tamil Nadu,Nilgiri,Not Available,Bharathi Nagar,11.309525,76.63230278,Debris,Slide,8 August 2019,2019-08-08,2019.0,2019-08-08,2019,8,1,32.7,83.7,0.43
TN/NIL/58A07/2019/48,Tamil Nadu,Nilgiri,Not Available,Emerald,11.31774167,76.62316667,Debris,Slide,8 August 2019,2019-08-08,2019.0,2019-08-08,2019,8,1,32.7,83.7,0.43
TN/NIL/58A07/2019/53,Tamil Nadu,Nilgiri,Not Available,Near Bharathiyar University College,11.49304444,76.45360278,Debris,Slide,8 August 2019,2019-08-08,2019.0,2019-08-08,2019,8,1,57.8,201.2,0.514
TN/NIL/58A07/2019/54,Tamil Nadu,Nilgiri,Not Available,Near Bharathiyar University College,11.49326667,76.45346667,Debris,Slide,8 August 2019,2019-08-08,2019.0,2019-08-08,2019,8,1,57.8,201.2,0.514
TN/NIL/58A07/2019/55,Tamil Nadu,Nilgiri,Not Available,Near 1.5km NE of Nadugani Village,11.47850556,76.4215,Debris,Slide,8 August 2019,2019-08-08,2019.0,2019-08-08,2019,8,1,57.8,201.2,0.514
TN/NIL/58A07/2019/56,Tamil Nadu,Nilgiri,Not Available,Near Marala Malai,11.45208333,76.40720278,Debris,Slide,8 August 2019,2019-08-08,2019.0,2019-08-08,2019,8,1,57.8,201.2,0.514
TN/NIL/58A07/2019/57,Tamil Nadu,Nilgiri,Not Available,Near Marala Malai (Kil Nadugani),11.44234444,76.39845278,Rock cum Debris,Slide,8 August 2019,2019-08-08,2019.0,2019-08-08,2019,8,1,83.7,257.2,0.509
TN/NIL/58A07/2019/58,Tamil Nadu,Nilgiri,Not Available,Near Marala Malai (Kil Nadugani),11.438075,76.39306111,Debris,Slide,8 August 2019,2019-08-08,2019.0,2019-08-08,2019,8,1,83.7,257.2,0.509
TN/NIL/58A07/2019/59,Tamil Nadu,Nilgiri,Not Available,Near Marala Malai (Kil Nadugani),11.43790556,76.39236111,Debris,Slide,8 August 2019,2019-08-08,2019.0,2019-08-08,2019,8,1,83.7,257.2,0.509
TN/NIL/58A07/2019/60,Tamil Nadu,Nilgiri,Not Available,Near Panthalur,11.50833333,76.31916667,Debris flow,Flow,8 August 2019,2019-08-08,2019.0,2019-08-08,2019,8,1,69.2,183.5,0.51
TN/NIL/58A07/2019/61,Tamil Nadu,Nilgiri,Kattukuppai debris flow,"Road from Emerald colony to Kundah PH-6, Kattukuppai",11.34749,76.59668,Debris,Flow,8 August 2019,2019-08-08,2019.0,2019-08-08,2019,8,1,116.4,323.8,0.43
TN/NIL/58A11/2019/49,Tamil Nadu,Nilgiri,Not Available,Emerald,11.31813889,76.62159722,Rock cum debris,Slide,8 August 2019,2019-08-08,2019.0,2019-08-08,2019,8,1,32.7,83.7,0.43
TN/NIL/58A11/2019/50,Tamil Nadu,Nilgiri,Not Available,Emerald Dam,11.32480833,76.61985556,Debris,Slide,8 August 2019,2019-08-08,2019.0,2019-08-08,2019,8,1,32.7,83.7,0.43
TN/NIL/58A11/2019/51,Tamil Nadu,Nilgiri,Not Available,Emerald Dam towards Kattukupai,11.34251667,76.59768611,Debris,Slide,8 August 2019,2019-08-08,2019.0,2019-08-08,2019,8,1,116.4,323.8,0.43
TN/NIL/58A11/2019/52,Tamil Nadu,Nilgiri,Not Available,Emerald Dam towards Kattukupai,11.34599167,76.59545,Debris,Slide,8 August 2019,2019-08-08,2019.0,2019-08-08,2019,8,1,116.4,323.8,0.43
TN/NIL/58A11/2019/7,Tamil Nadu,Nilgiri,Indranagar,South West part of Brook dale,11.46818333,76.58011389,Debris,Slide,08 August 2019,2019-08-08,2019.0,2019-08-08,2019,8,1,38.9,110.0,0.429
3353,Karnataka,Chikmagalur,,,13.1280464,75.5153175,Debris,Flow,09 August 2019,2019-08-09,2019.0,2019-08-09,2019,8,1,88.9,301.9,0.513
3355,Karnataka,Chikmagalur,,,13.1485672,75.4586835,Debris,Flow,09 August 2019,2019-08-09,2019.0,2019-08-09,2019,8,1,78.3,236.2,0.508
HP/CHAM/43P15/2019/13,Himachal Pradesh,Chamba,Phina Singh Dam slide,"near Lahru village, Nurpur",32.40133889,75.98525278,Debris,Slide,17 August 2019,2019-08-17,2019.0,2019-08-17,2019,8,1,117.2,131.9,0.371
HP/KAN/52D/03/2019/18,Himachal Pradesh,Kangra,Niangal slide - 2,"Niangal Village,",32.25710556,76.07544444,Debris cum soil,Slide,17 August 2019,2019-08-17,2019.0,2019-08-17,2019,8,1,232.3,242.8,0.435
State: Sikkim/District : West District/Toposheet: 78A/03/year: 2019,Sikkim,West District,Yuksom-Tsong Village landslide,"Yuksom in West Sikkim, local village road up to Tsong Village",27.36473056,88.23727778,Multiple slide comprising of Earth or soil slide / flow,Multiple type of movements includes debris slide / Earth or soil slide / flow / lateral spread,16 September 2019,2019-09-16,2019.0,2019-09-16,2019,9,1,44.9,139.9,0.435
TN/NIL/58A/11/2019/01,Tamil Nadu,Nilgiri,Nondimedu cut slope failure,"NH-67, near Nondimedu",11.40039,76.71645,Debris,Slide,16 November 2019,2019-11-16,2019.0,2019-11-16,2019,11,1,3.0,13.3,0.422
TN/NIL/58A/11/2019/02,Tamil Nadu,Nilgiri,NH-67 debris flow,NH-67,11.39668,76.71731,Debris,Flow,16 November 2019,2019-11-16,2019.0,2019-11-16,2019,11,1,3.0,13.3,0.422
TN/NIL/58A/11/2019/03,Tamil Nadu,Nilgiri,NH-67 cut slope failure 1,NH-67,11.39112,76.7178,Debris,Slide,16 November 2019,2019-11-16,2019.0,2019-11-16,2019,11,1,3.0,13.3,0.422
TN/NIL/58A/11/2019/04,Tamil Nadu,Nilgiri,NH-67 cut slope failure 2,NH-67,11.39108,76.71756,Debris,Slide,16 November 2019,2019-11-16,2019.0,2019-11-16,2019,11,1,3.0,13.3,0.422
TN/NIL/58A/11/2019/05,Tamil Nadu,Nilgiri,NH-67 cut slope failure 3,NH-67,11.39002,76.71868,Debris,Slide,16 November 2019,2019-11-16,2019.0,2019-11-16,2019,11,1,3.0,13.3,0.422
TN/NIL/58A/11/2019/06,Tamil Nadu,Nilgiri,Manthada road cut slope failure,Manthada,11.38885,76.72575,Debris,Slide,16 November 2019,2019-11-16,2019.0,2019-11-16,2019,11,1,3.0,13.3,0.422
TN/NIL/58A/11/2019/07,Tamil Nadu,Nilgiri,NH -67 rock fall,NH- 67,11.38797,76.73164,Rock,Fall,16 November 2019,2019-11-16,2019.0,2019-11-16,2019,11,1,3.0,13.3,0.422
TN/NIL/58A/15/2019/08,Tamil Nadu,Nilgiri,NH-67 cut slope failure 4,NH-67,11.38733,76.73406,Debris,Slide,16 November 2019,2019-11-16,2019.0,2019-11-16,2019,11,1,3.0,13.3,0.422
TN/NIL/58A/15/2019/09,Tamil Nadu,Nilgiri,Annai Velankani Nagar debris slide,"Annai Velankani Nagar, Coonoor",11.347847,76.789084,Debris,Slide,16 November 2019,2019-11-16,2019.0,2019-11-16,2019,11,1,6.5,15.4,0.422
TN/NIL/58A/15/2019/10,Tamil Nadu,Nilgiri,Krishnapuram stream bank erosion,"Krishnapuram, Coonoor",11.348423,76.792504,Soil,Flow,16 November 2019,2019-11-16,2019.0,2019-11-16,2019,11,1,6.5,15.4,0.422
TN/NIL/58A/15/2019/11,Tamil Nadu,Nilgiri,Gandhipuram rock fall,Gandhipuram,11.34123,76.79759,Debris cum rock,Fall,16 November 2019,2019-11-16,2019.0,2019-11-16,2019,11,1,6.5,15.4,0.422
TN/NIL/58A/15/2019/12,Tamil Nadu,Nilgiri,Gandhipuram road debris slide,Near Gandhipuram,11.33963,76.79743,Debris,Slide,16 November 2019,2019-11-16,2019.0,2019-11-16,2019,11,1,6.5,15.4,0.422
TN/NIL/58A/15/2019/13,Tamil Nadu,Nilgiri,Gandhipuram debris slide,Gandhipuram,11.33669,76.79845,Debris,Slide,16 November 2019,2019-11-16,2019.0,2019-11-16,2019,11,1,,,
TN/NIL/58A/15/2019/14,Tamil Nadu,Nilgiri,Reactivated Sagayamatha hospital slide,"Down slope of Sagayamatha hospital, Coonoor",11.33453,76.7958,Debris,Flow,16 November 2019,2019-11-16,2019.0,2019-11-16,2019,11,1,6.5,15.4,0.422
TN/NIL/58A/15/2019/16,Tamil Nadu,Nilgiri,Katteri road subsidence,Near Katteri road junction,11.33591,76.79098,Debris,Subsidence,16 November 2019,2019-11-16,2019.0,2019-11-16,2019,11,1,6.5,15.4,0.422
TN/NIL/58A/15/2019/17,Tamil Nadu,Nilgiri,Burliar road cut slope failure 1,"NH-67, near Burliar",11.33217,76.79413,Debris,Slide,16 November 2019,2019-11-16,2019.0,2019-11-16,2019,11,1,6.5,15.4,0.422
TN/NIL/58A/15/2019/18,Tamil Nadu,Nilgiri,Burliar road cut slope failure 2,"NH-67, near Burliar",11.3307,76.79916,Debris,Slide,16 November 2019,2019-11-16,2019.0,2019-11-16,2019,11,1,6.5,15.4,0.422
TN/NIL/58A/15/2019/19,Tamil Nadu,Nilgiri,Burliar road cut slope failure 3,"NH-67, near Burliar",11.32999,76.803,Debris,Slide,16 November 2019,2019-11-16,2019.0,2019-11-16,2019,11,1,5.6,15.4,0.417
TN/NIL/58A/15/2019/20,Tamil Nadu,Nilgiri,Burliar road cut slope failure 4,"NH-67, near Burliar",11.3353,76.81397,Debris,Slide,16 November 2019,2019-11-16,2019.0,2019-11-16,2019,11,1,5.6,15.4,0.417
TN/NIL/58A/15/2019/21,Tamil Nadu,Nilgiri,Burliar road cut slope failure 5,"NH-67, near Burliar",11.33449,76.81551,Debris,Slide,16 November 2019,2019-11-16,2019.0,2019-11-16,2019,11,1,5.6,15.4,0.417
TN/NIL/58A/15/2019/22,Tamil Nadu,Nilgiri,Burliar road cut slope failure 6,"NH-67, near Burliar",11.33815,76.8267,Debris,Slide,16 November 2019,2019-11-16,2019.0,2019-11-16,2019,11,1,5.6,15.4,0.417
TN/NIL/58A/15/2019/23,Tamil Nadu,Nilgiri,Burliar road cut slope failure 7,"NH-67, near Burliar",11.3392,76.8392,Debris,Slide,16 November 2019,2019-11-16,2019.0,2019-11-16,2019,11,1,6.2,9.8,0.41
TN/NIL/58A/15/2019/24,Tamil Nadu,Nilgiri,Lamb’s rock road cut slope failure,Lamb’s rock road,11.35161,76.83177,Debris,Slide,16 November 2019,2019-11-16,2019.0,2019-11-16,2019,11,1,6.5,15.4,0.422
TN/NIL/58A/15/2019/25,Tamil Nadu,Nilgiri,Spencer’s road cut slope failure,"Spencer’s road, Coonoor",11.34167,76.80274,Debris,Slide,16 November 2019,2019-11-16,2019.0,2019-11-16,2019,11,1,6.5,15.4,0.422
TN/NIL/58A/15/2019/27,Tamil Nadu,Nilgiri,KMK street cut slope failure,"KMK street, Coonoor",11.34065,76.80033,Debris,Slide,16 November 2019,2019-11-16,2019.0,2019-11-16,2019,11,1,,,
TN/NIL/58A/15/2019/28,Tamil Nadu,Nilgiri,Spencer’s road cut slope failure 2,"Down slope of Spencer’s road, Coonoor",11.3416,76.80029,Debris,Slide,16 November 2019,2019-11-16,2019.0,2019-11-16,2019,11,1,6.5,15.4,0.422
TN/NIL/58A/15/2019/29,Tamil Nadu,Nilgiri,Gymkhana road cut slope failure,"Gymkhana road, Coonoor",11.35857,76.79312,Debris,Slide,16 November 2019,2019-11-16,2019.0,2019-11-16,2019,11,1,6.5,15.4,0.422
TN/NIL/58A/15/2019/30,Tamil Nadu,Nilgiri,Orange Groove road cut slope failure 1,"Orange Groove road, Coonoor",11.35724,76.79177,Debris,Slide,16 November 2019,2019-11-16,2019.0,2019-11-16,2019,11,1,6.5,15.4,0.422
TN/NIL/58A/15/2019/31,Tamil Nadu,Nilgiri,Orange Groove road cut slope failure 2,"Orange Groove road, Coonoor",11.35744,76.79195,Debris,Slide,16 November 2019,2019-11-16,2019.0,2019-11-16,2019,11,1,,,
TN/NIL/58A/15/2019/32,Tamil Nadu,Nilgiri,Ottupattarai road junction cut slope failure,"Ottupattarai, Coonoor",11.34342,76.79352,Debris,Slide,16 November 2019,2019-11-16,2019.0,2019-11-16,2019,11,1,6.5,15.4,0.422
TN/NIL/58A/15/2019/26,Tamil Nadu,Nilgiri,Kanni Mariamman Koil street debris flow,"Kanni Mariamman Koil street, Coonoor, behind Masjid-e-Bilal",11.34165,76.80003,Debris,Flow,17 November 2019,2019-11-17,2019.0,2019-11-17,2019,11,1,3.8,16.9,0.412
PDLS/40,Jammu & Kashmir,Ramban,Digdol/ DIG,"NH-44, 163 Km from Jammu toward Srinagar Digdol",33.30781389,75.18145,Rock,Slide,15 December 2019,2019-12-15,2019.0,2019-12-15,2019,12,1,0.0,90.5,0.493
PDLS/22,Jammu & Kashmir,Ramban,Near Ramban Pul (GPS 080),NH-44/Peera – Ramban National Highway stretch,33.20755556,75.27888889,Rock cum debris,Slide,24 December 2019,2019-12-24,2019.0,2019-12-24,2019,12,1,0.0,0.0,0.465
PDLS/21,Jammu & Kashmir,Udhampur,Kheri (near Kheri Slide) GPS078,Jammu-Srinagar NH-44,32.95769444,75.16283333,Debris,Slide,13 January 2020,2020-01-13,2020.0,2020-01-13,2020,1,1,44.4,46.2,0.5
Mizoram/Aizawl/84A14/2020/0 01,Mizoram,Aizawl,Zemabawk landslide,"Zemabawk area near Bharat Petroleum, Zemabawk, along NH6/306A Aizawl-Seling- Champhai road",24.73197222,92.75988889,Rock,Slide,2 February 2020,2020-02-02,2020.0,2020-02-02,2020,2,1,0.0,3.0,0.263
3344,Meghalaya,West Jaintia Hills,,,25.47704743,92.16831285,Debris,Slide,25 May 2020,2020-05-25,2020.0,2020-05-25,2020,5,1,19.0,29.2,0.514
3345,Meghalaya,West Jaintia Hills,,,25.2842285,92.11314877,Rock,Slide,26 May 2020,2020-05-26,2020.0,2020-05-26,2020,5,1,230.2,385.4,0.515
3348,Meghalaya,West Jaintia Hills,,,25.46307925,92.25426106,Soil,Slide,26 May 2020,2020-05-26,2020.0,2020-05-26,2020,5,1,91.8,111.9,0.513
MEG/WJH/83C3/2020/2,Meghalaya,West Jaintia Hills,Iawmusiang Wahthanad,Iawmusiang Landslide - I,25.44233333,92.19447222,Debris,Slide,26 May 2020,2020-05-26,2020.0,2020-05-26,2020,5,1,166.4,240.1,0.515
MEG/WJH/83C3/2020/3,Meghalaya,West Jaintia Hills,Iawmusiang Wahthanad,Iawmusiang Landslide - II,25.44177778,92.19558333,Debris,Slide,26 May 2020,2020-05-26,2020.0,2020-05-26,2020,5,1,166.4,240.1,0.515
MEG/WJH/83C3/2020/5,Meghalaya,West Jaintia Hills,Chutwakhu Rd near Govt. Boy’s Higher secondary school,Chutwakhu road landslide,25.43630556,92.19525,Soil,Slide,26 May 2020,2020-05-26,2020.0,2020-05-26,2020,5,1,,,
MEG/WJH/83C3/2020/6,Meghalaya,West Jaintia Hills,Chilliangraij,Chilliangraij Landslide,25.43505556,92.19836111,Debris,Slide,26 May 2020,2020-05-26,2020.0,2020-05-26,2020,5,1,166.4,240.1,0.515
MEG/WJH/83C3/2020/7,Meghalaya,West Jaintia Hills,Salaroh,Salaroh Landslide,25.44741667,92.20138889,Soil,Slide,26 May 2020,2020-05-26,2020.0,2020-05-26,2020,5,1,166.4,240.1,0.515
MEG/WJH/83C3/2020/8,Meghalaya,West Jaintia Hills,Caroline colony,Caroline-Jowai,25.45075,92.19452778,Debris,Slide,26 May 2020,2020-05-26,2020.0,2020-05-26,2020,5,1,,,
MEG/WJH/83C3/2020/9,Meghalaya,West Jaintia Hills,Shillong-Agartala-Sabrum Rd,Shillong-Agartala-Sabrum Rd,25.45351667,92.18784722,Soil,Slide,26 May 2020,2020-05-26,2020.0,2020-05-26,2020,5,1,86.0,113.2,0.514
ASM/CHR/83H01/2020/001,Assam,Cachar,Kanakpur Slide,"Kanakpur Pt. III, Lakhipur, Joypur",24.92097,93.07306,Earth,Slide,02 June 2020,2020-06-02,2020.0,2020-06-02,2020,6,1,47.4,70.0,0.425
ASM/HLK/83D09/2020/006,Assam,Hailakandi,Chandipur Grant Slide,"Bowarthar, Chandipur, Algapur Circle.",24.79489,92.55506,Debris,Slide,02 June 2020,2020-06-02,2020.0,2020-06-02,2020,6,1,20.5,39.2,0.504
ASM/HLK/83D10/2020/004,Assam,Hailakandi,Mohanpur Grant Slide 2,"Mohanpur Grant, Hailakandi Circle.",24.70656,92.65008,Debris,Slide,02 June 2020,2020-06-02,2020.0,2020-06-02,2020,6,1,15.8,35.2,0.506
ASM/HLK/83D10/2020/005,Assam,Hailakandi,Mohanpur Grant Slide 3,"Mohanpur Grant, Hailakandi Circle.",24.73117,92.64739,Debris,Slide,02 June 2020,2020-06-02,2020.0,2020-06-02,2020,6,1,15.8,35.2,0.506
ASM/KGJ/83D05/2020/0008,Assam,Karimganj,Karimpur Slide 2,"Karimpur, Nilam Bazar",24.78002778,92.45372222,Earth,Slide,02 June 2020,2020-06-02,2020.0,2020-06-02,2020,6,1,21.3,39.1,0.505
ASM/KGJ/83D05/2020/007,Assam,Karimganj,Karimpur Slide 1,"Karimpur, Nilam Bazar",24.78380556,92.45563889,Earth,Slide,02 June 2020,2020-06-02,2020.0,2020-06-02,2020,6,1,21.3,39.1,0.505
ASM/CHR/83D14/2020/0002,Assam,Cachar,Govindnagar Slide,"Govindnagar Pt. II, Sonai",24.72192,92.90381,Debris,Slide,05 June 2020,2020-06-05,2020.0,2020-06-05,2020,6,1,3.5,35.3,0.411
ARN/Papumpare/83E12/2020/0 1,Arunachal Pradesh,Papum Pare,,,27.08130556,93.61283333,Unconsolidated rock debris and sandy soil.,Translation (Debris flow),25 June 2020,2020-06-25,2020.0,2020-06-25,2020,6,1,32.9,62.2,0.43
ASM/KAM/78N12/2020/003,Assam,Kamrup (Metro),Gauripur landslide,NH-31,26.21305556,91.6925,Rock,Fall,26 June 2020,2020-06-26,2020.0,2020-06-26,2020,6,1,129.1,173.5,0.515
3351,Meghalaya,West Jaintia Hills,,,25.28422636,92.11294194,Debris,Slide,26 June 2020,2020-06-26,2020.0,2020-06-26,2020,6,1,111.2,167.0,0.51
ASM/KAM/78N16/2020/002,Assam,Kamrup (Metro),Ambher landslide,12th mile near Jorabat,26.09150556,91.87898611,Earth,Slide,12 July 2020,2020-07-12,2020.0,2020-07-12,2020,7,1,15.5,70.7,0.505
JK/JAM/43L14/2020/32,Jammu & Kashmir,Jammu,Circular road,"Circular road, Jammu",32.734316,74.872952,Debris (Mainly fill material),Subsidence/Slid e,16 August 2020,2020-08-16,2020.0,2020-08-16,2020,8,1,15.7,17.1,0.283
JK/JAM/43L14/2021/12,Jammu & Kashmir,Jammu,Circular road subsidence,Circular road Jammu,32.734316,74.872952,Debris (Mainly fill material),Subsidence/Slid e,16 August 2020,2020-08-16,2020.0,2020-08-16,2020,8,1,15.7,17.1,0.283
UK/TehriGarhwal/53J/08/2020/ 01,Uttarakhand,Tehri Garhwal,Kaudiyala Slide,NH-7/Kaudiyala,30.071,78.49072222,Rock,Topple,24 August 2020,2020-08-24,2020.0,2020-08-24,2020,8,1,9.3,25.5,0.504
JK/UDH/43O04/2021/28,Jammu & Kashmir,Udhampur,Samroli 2,Udhampur - Ramban National Highway-44,33.00333056,75.21495556,Rock,Slide,5 January 2021,2021-01-05,2021.0,2021-01-05,2021,1,1,27.9,50.4,0.509
JK/UDH/43O04/2021/29,Jammu & Kashmir,Udhampur,Samroli 3,Udhampur - Ramban National Highway-44,33.00401667,75.21649444,Debris,Slide,5 January 2021,2021-01-05,2021.0,2021-01-05,2021,1,1,27.9,50.4,0.509
JK/UDH/43O04/2021/30,Jammu & Kashmir,Udhampur,Samroli 4,Udhampur - Ramban National Highway-44,33.00307778,75.213475,Debris,Slide,5 January 2021,2021-01-05,2021.0,2021-01-05,2021,1,1,27.9,50.4,0.509
JK/UDH/43P01/2021/27,Jammu & Kashmir,Udhampur,Samroli 1,Udhampur - Ramban National Highway-44,32.99101111,75.19445278,Rock,Slide,5 January 2021,2021-01-05,2021.0,2021-01-05,2021,1,1,27.9,50.4,0.509
AS/UDA/83B01/2021/01,Assam,Udalguri,,,26.89074,92.12068,Rock-cum- debris,Falls,28 April 2021,2021-04-28,2021.0,2021-04-28,2021,4,1,0.1,2.1,0.071
AS/UDA/83B01/2021/02,Assam,Udalguri,,,26.88969,92.12266,Rock-cum- debris,Falls,28 April 2021,2021-04-28,2021.0,2021-04-28,2021,4,1,0.1,2.1,0.071
SK/ES/78 A11/IBP-I,Sikkim,East Sikkim,Indira Bye Pass -I,Indira Bye Pass Road,27.32888889,88.60777778,Rock,Slide,18 May 2021,2021-05-18,2021.0,2021-05-18,2021,5,1,59.3,144.3,0.434
MH/SIN/47H07/2021/01A,Maharashtra,Sindhudurg/Devgad,Ghadiwadi Landslide,200m NE of Mutat village by Vaghotan-Mutat road,16.49198889,73.48366944,Soil,Subsidence,15 June 2021,2021-06-15,2021.0,2021-06-15,2021,6,1,87.7,186.9,0.511
MH/SIN/47H07/2021/01B,Maharashtra,Sindhudurg/Devgad,Ghadiwadi Landslide,200m NE of Mutat village by Vaghotan-Mutat road,16.49180556,73.48386111,Debris,Slide,15 June 2021,2021-06-15,2021.0,2021-06-15,2021,6,1,87.7,186.9,0.511
MH/SIN/47H16/2021/08,Maharashtra,Sindhudurg/Kudal,Palmalaiwadi Slide,Talamba-Nerur road.,16.07805,73.87784167,Debris,Slide,16 June 2021,2021-06-16,2021.0,2021-06-16,2021,6,1,,,
MH/SIN/47H011/2021/02,Maharashtra,Sindhudurg/Devgad,Gavthanwadi,Talere-Pendhari-Vijaydurg Road,16.45944444,73.50780556,Soil,Subsidence,17 June 2021,2021-06-17,2021.0,2021-06-17,2021,6,1,30.9,175.4,0.511
SK/NS/78 A10/ Bop 1,Sikkim,North Sikkim,Bop Slide,Chungthang-Lachung Road,27.61936111,88.66131389,Rock,Slide,18 June 2021,2021-06-18,2021.0,2021-06-18,2021,6,1,109.9,202.3,0.435
MII/RAI/47F12/2021/07,Maharashtra,Raigad/Poladpur,Adacha Kond of Morsade,15km distance from Poladpur,18.03822222,73.55033333,Soil,Subsidence,1 July 2021,2021-07-01,2021.0,2021-07-01,2021,7,1,7.9,23.1,0.505
MH/RAT/47H05/2021/51,Maharashtra,Ratnagiri,Golap,10km south of Ratnagiri,16.89833611,73.32015,Debris,Slide,16 July 2021,2021-07-16,2021.0,2021-07-16,2021,7,1,,,
UK/MussoorieKemptyfalls/53J/0 3/2021/03,Uttarakhand,Dehradun,,,30.422793,78.072472,Rock-cum-debris,Creep,17 July 2021,2021-07-17,2021.0,2021-07-17,2021,7,1,11.0,14.7,0.493
MH/SIN/47H10/2021/03,Maharashtra,Sindhudurg/Devgad,Pombhurle-Maplewadi Road,Phombhurle-Malpewadi Road,16.51114722,73.52661944,Soil,Subsidence,18 July 2021,2021-07-18,2021.0,2021-07-18,2021,7,1,74.0,173.5,0.51
MH/RAT/47G01/2021/58,Maharashtra,Ratnagiri/Dapoli,Asud,Dapoli-Harnai road at 7 km NW of Dapoli.,17.78031667,73.14555833,Soil,Subsidence,19 July 2021,2021-07-19,2021.0,2021-07-19,2021,7,1,102.5,202.8,0.509
MH/SIN/47H12/2021/05A,Maharashtra,Sindhudurg/Kudal,"Velwadi Landslide, Ground Cracks",1km kaouth of Chandavan Village of Naiknagar,16.0024,73.59081944,Soil,Subsidence,20 July 2021,2021-07-20,2021.0,2021-07-20,2021,7,1,37.6,201.9,0.429
MH/SIN/47H12/2021/05B,Maharashtra,Sindhudurg/Kudal,"Velwadi Landslide, Earth Slide",1km kaouth of Chandavan Village of Naiknagar,16.002175,73.59096944,Earth,Slide,20 July 2021,2021-07-20,2021.0,2021-07-20,2021,7,1,37.6,201.9,0.429
MH/RAI/47F12/2021/12,Maharashtra,Raigad/Poladpur,Morsade Balmachi,18 km away Kamathe road via Kapde Bu.,18.04758333,73.56177778,Debris,Slide,21 July 2021,2021-07-21,2021.0,2021-07-21,2021,7,1,118.8,286.4,0.438
MH/RAI/47G09/2021/15,Maharashtra,Raigad,Lahulse,16 km awayPoladpur-Borwale road,17.96511111,73.58875,Soil,Subsidence,22 July 2021,2021-07-22,2021.0,2021-07-22,2021,7,1,114.3,317.2,0.512
MH/RGD/47F12/2021-22/12,Maharashtra,Raigad/Mahad,Bhivghar,14 km away from Mahad town in the eastern direction,18.08033333,73.51354444,Debris,Slide,22 July 2021,2021-07-22,2021.0,2021-07-22,2021,7,1,111.3,325.8,0.512
MH/RGD/47F12/2021-22/13,Maharashtra,Raigad/Mahad,Dudhancwadi-Pimpalwadi Slide,26.2 km away from Mahad town in the eastern direction,18.06133333,73.58175,Debris,Slide,22 July 2021,2021-07-22,2021.0,2021-07-22,2021,7,1,,,
MH/RAI/47F12/2021/08,Maharashtra,Raigad/Poladpu,Chikhali,18 km distance from the Poladpur,18.00878889,73.53707778,Debris,Slide,22 July 2021,2021-07-22,2021.0,2021-07-22,2021,7,1,114.3,317.2,0.512
MH/RAI/47F12/2021/10,Maharashtra,Raigad/Poladpu,Kamthe,23 km distance by Poladpur- Kamthe road,18.03365833,73.60383889,Debris,Slide with flow,22 July 2021,2021-07-22,2021.0,2021-07-22,2021,7,1,114.3,317.2,0.512
MH/RAI/47F12/2021/14,Maharashtra,Raigad/Poladpur,Adavale Budruk,15 km awayPoladpur-Borwale road,18.01436944,73.54708333,Debris,Slide with flow,22 July 2021,2021-07-22,2021.0,2021-07-22,2021,7,1,114.3,317.2,0.512
MH/RAI/47G09/2021/03,Maharashtra,Raigad/Poladpur,Kevnale-Ambemachi,20 km from Poladpur town,17.94133333,73.55816667,Debris,Subsidence,22 July 2021,2021-07-22,2021.0,2021-07-22,2021,7,1,139.5,342.4,0.513
MH/RAI/47G09/2021/05,Maharashtra,Raigad/Poladpur,Chandke,18 km distance from Poladpur town and can be accessed by SH-72,17.98683333,73.58605556,Debris,Slide with flow,22 July 2021,2021-07-22,2021.0,2021-07-22,2021,7,1,114.3,317.2,0.512
MlH/RAT/47G10/2021/64,Maharashtra,Ralnasgiri/Clmiplun,Tiware,,17.58794167,73.668025,Debris,Slide with flow,22 July 2021,2021-07-22,2021.0,2021-07-22,2021,7,1,126.4,362.8,0.513
MH/RAT/47G10/202 1/82,Maharashtra,Ratnagiri/Chiplun,Owali,20 km northeast of Chiplun via Pimpli Khurd Nandivase road.,17.52450278,73.65857778,Debris,Slide with flow,22 July 2021,2021-07-22,2021.0,2021-07-22,2021,7,1,134.1,374.7,0.514
MH/RAT/47G10/2021/65,Maharashtra,Ratnagiri/Chiplun,Tiware,,17.60334444,73.67849167,Debris,Slide,22 July 2021,2021-07-22,2021.0,2021-07-22,2021,7,1,126.4,362.8,0.513
MH/RAT/47G10/2021/70,Maharashtra,Ratnagiri/Chiplun,Tiwadi,24km nortwest of chiplun via Chiplun-Kherdi-Rictoli village road.,17.57364167,73.68100833,Debris,Slide with flow,22 July 2021,2021-07-22,2021.0,2021-07-22,2021,7,1,134.1,374.7,0.514
MH/RAT/47G10/2021/71,Maharashtra,Ratnagiri/Chiplun,Tiwadi,,17.57310278,73.69601667,Soil,Subsidence,22 July 2021,2021-07-22,2021.0,2021-07-22,2021,7,1,134.1,374.7,0.514
MH/RAT/47G10/2021/81,Maharashtra,Ratnagiri/Chiplun,Nandivise,22 km northeast of Chiplun via Pimpli Khurd Nandivase road.,17.53805,73.69429444,Debris,Fall,22 July 2021,2021-07-22,2021.0,2021-07-22,2021,7,1,134.1,374.7,0.514
MH/RAT/47GI0/202I/72,Maharashtra,Ratnagiri/Chiplun,Tiwadi,24km northeast of Chiplun via Kherdi-Ricroii road,17.57786944,73.67541667,Debris,Slide,22 July 2021,2021-07-22,2021.0,2021-07-22,2021,7,1,126.4,362.8,0.513
MH/RAT/47G01/2021/59,Maharashtra,Ratnagiri/Dapoli,Pajpandhari,15km NW of Dapoli by Dapoli- Anjarle road.,17.83694444,73.09149722,Debris,Slide,22 July 2021,2021-07-22,2021.0,2021-07-22,2021,7,1,46.5,168.5,0.511
MH/SAT/47G09/2021-22/26,Maharashtra,SATARA,Jor,Jor,17.99186111,73.67366667,Debris,Slide,22 July 2021,2021-07-22,2021.0,2021-07-22,2021,7,1,69.9,214.8,0.51
MH/SAT/47G09/2021-22/42A,Maharashtra,Satara/Javli,Bhuteghar,Bhuteghar,17.90808333,73.72808333,Debris,Slide,22 July 2021,2021-07-22,2021.0,2021-07-22,2021,7,1,59.3,191.0,0.512
MH/SAT/47G09/2021/33A,Maharashtra,Satara/Mahabaleshwar,Nawali,Nawali,17.88946111,73.69458333,Debris,Slide,22 July 2021,2021-07-22,2021.0,2021-07-22,2021,7,1,125.8,330.7,0.513
MH/SAT/47G09/2021/33B,Maharashtra,Satara/Mahabaleshwar,Nawali,Nawali,17.88970556,73.69664722,Debris,Slide,22 July 2021,2021-07-22,2021.0,2021-07-22,2021,7,1,59.3,191.0,0.512
MH/SAT/47G15/2021/17A,Maharashtra,Satara/Patan,Khudupalewadi,23km Patan-Chalkewadi road,17.45248889,73.80168611,Debris,Flow Slide,22 July 2021,2021-07-22,2021.0,2021-07-22,2021,7,1,64.0,221.0,0.511
MH/SAT/47G15/2021/17B,Maharashtra,Satara/Patan,Khudupalewadi,23km Patan-Chalkewadi road,17.45646667,73.80301667,Debris,Flow Slide,22 July 2021,2021-07-22,2021.0,2021-07-22,2021,7,1,112.9,323.6,0.514
7364,Maharashtra,Ratnagiri,,Posare Bk road,17.634129,73.653206,Debris,Slide,23 July 2021,2021-07-23,2021.0,2021-07-23,2021,7,1,89.1,342.6,0.511
7366,Maharashtra,Ratnagiri,Nive,,17.67867778,73.63783611,Debris,Slide,23 July 2021,2021-07-23,2021.0,2021-07-23,2021,7,1,90.5,350.3,0.513
7368,Maharashtra,Ratnagiri,Nive,,17.680125,73.638769,Debris,Slide,23 July 2021,2021-07-23,2021.0,2021-07-23,2021,7,1,90.5,350.3,0.513
7375,Maharashtra,Ratnagiri,Sadewadi,,17.626863,73.618628,Debris,Slide,23 July 2021,2021-07-23,2021.0,2021-07-23,2021,7,1,89.1,342.6,0.511
MH/RAT/47G10/2021/80,Maharashtra,Ratnagiri/Chiplun,Nandivase,22 km east of Chiplun via Pimpli Khurd-Nandivase road,17.54953056,73.69101667,Debris,Slide,23 July 2021,2021-07-23,2021.0,2021-07-23,2021,7,1,93.9,361.2,0.51
MH/SAT/47G14/2021/23B,Maharashtra,SATARA,Sandavali,26km in the southwest of Satara,17.63913889,73.83630556,Earth,Slide,23 July 2021,2021-07-23,2021.0,2021-07-23,2021,7,1,53.5,247.6,0.511
MH/SAT/47G14/2021/23C,Maharashtra,SATARA,Sandavali,26km in the southwest of Satara,17.63897222,73.83763889,Debris,Slide,23 July 2021,2021-07-23,2021.0,2021-07-23,2021,7,1,53.5,247.6,0.511
MH/SAT/47G14/2021/25C,Maharashtra,SATARA,Morewadi,Morewadi,17.57166667,73.89536111,,N.A.,23 July 2021,2021-07-23,2021.0,2021-07-23,2021,7,1,26.4,121.7,0.513
MH/SAT/47G09/2021/40,Maharashtra,Satara/Mahabaleshwar,Shindola,Shindola,17.899,73.68797222,Debris,Slide,23 July 2021,2021-07-23,2021.0,2021-07-23,2021,7,1,89.7,336.3,0.511
MH/SAT/47G15/2021/12A,Maharashtra,Satara/Patan,Kahir Debris Slide,17km in the southwest of Patan through Morgiri road.,17.27477778,73.815,Debris,Slide,23 July 2021,2021-07-23,2021.0,2021-07-23,2021,7,1,60.0,242.6,0.507
MH/SAT/47G15/2021/12B,Maharashtra,Satara/Patan,Kahir,17km in the southwest of Patan through Morgiri road.,17.27469444,73.81555556,,_,23 July 2021,2021-07-23,2021.0,2021-07-23,2021,7,1,60.0,242.6,0.507
MH/SAT/47G15/2021/12C,Maharashtra,Satara/Patan,Kahir,17km in the southwest of Patan through Morgiri road.,17.27455556,73.81577778,,_,23 July 2021,2021-07-23,2021.0,2021-07-23,2021,7,1,60.0,242.6,0.507
MH/SIN/47H10/2021/04,Maharashtra,Sindhudurg/Devgad,"Manche, Ground Cracks with subsidence",Dusankarwadi of Manche,16.50587222,73.50623056,Soil,Subsidence,26 July 2021,2021-07-26,2021.0,2021-07-26,2021,7,1,18.5,56.2,0.511
H.P./SIR/53F10/2021,Himachal Pradesh,Sirmur,Kali Dhank Landslide (NH-707),NH-707-(Paonta Sahib- Sataun- Hatkoti road),30.59083333,77.65777778,Debris,Slide,30 July 2021,2021-07-30,2021.0,2021-07-30,2021,7,1,12.4,105.5,0.504
SK/ES/78 A/11/2021/15,Sikkim,East Sikkim,Mangthang,Mangthang,27.2533846,88.5489504,Debris,Flows,22 August 2021,2021-08-22,2021.0,2021-08-22,2021,8,1,55.9,231.9,0.435
SK/ES/78 A/07/2021/14,Sikkim,East Sikkim,Dikchu-Samdong road,Near Jurassic Park Sikkim,27.3699335,88.4859279,Debris cum rock,Slide,23 August 2021,2021-08-23,2021.0,2021-08-23,2021,8,1,263.5,452.9,0.437
SK/ES/78 A11/2021/NPB-1,Sikkim,East Sikkim,Pagla Bhir slide,Rumtek-Sang Road through Martam Rice valley,27.28577778,88.5535,Debris,Slide,27 August 2021,2021-08-27,2021.0,2021-08-27,2021,8,1,23.4,279.0,0.429
SK/ES/78 A11/PB,Sikkim,East Sikkim,Pagla Bhir,Rumtek-Rice Valley road.,27.28666667,88.55347222,Rock cum debris,Slide,27 August 2021,2021-08-27,2021.0,2021-08-27,2021,8,1,23.4,279.0,0.429
NL/WKH/83J04/2021/01,Nagaland,Wokha,E-Khel slide,,26.10694722,94.25328889,Insitu Soil,Slide,18 September 2021,2021-09-18,2021.0,2021-09-18,2021,9,1,3.5,12.9,0.496
JK/Jam/43L13/2021/17,Jammu & Kashmir,Jammu,Ban Toll Plaza,Ban Toll Plaza,32.839381,74.940761,Rock,Topple,7 January 2022,2022-01-07,2022.0,2022-01-07,2022,1,1,50.0,115.2,0.349
MEG/EKH/78O15/2022/01,Meghalaya,East Khasi Hills,,,25.296,91.932,Rock,Slide,04 April 2022,2022-04-04,2022.0,2022-04-04,2022,4,1,93.3,100.9,0.511
MIZ/AZL/2022/49,Mizoram,Aizawl,Muthi,,23.65530556,92.7025,"Insitu Earth (upslope), rock at road level and flatground",Rock slide,5 April 2022,2022-04-05,2022.0,2022-04-05,2022,4,1,0.4,3.9,0.234
ASM/DH/83G04/2022-23/033,Assam,Dima Hasao,Mahadev Tilla slide 2,Mahadev Tilla village,25.1568056,93.019722,Debris,Slide,13 May 2022,2022-05-13,2022.0,2022-05-13,2022,5,1,18.2,64.3,0.503
ASM/DH/83C15/2023-24/001,Assam,Dima Hasao,Old Sangbar playground slide,Old Sangbar,25.366255,92.823037,Debris,Slide,14 May 2022,2022-05-14,2022.0,2022-05-14,2022,5,1,25.1,75.7,0.505
ASM/DH/83C16/2023-24/001,Assam,Dima Hasao,Lower Boulsol slide,Lower Boulsol,25.117665,92.847709,Debris,Slide,14 May 2022,2022-05-14,2022.0,2022-05-14,2022,5,1,109.8,201.2,0.434
ASM/DH/83G04/2022-23/015,Assam,Dima Hasao,South Bagetar Slide 2,South Bagetar,25.16579,93.00948,Debris,Slide,14 May 2022,2022-05-14,2022.0,2022-05-14,2022,5,1,30.9,67.9,0.509
ASM/DH/83G04/2022-23/016,Assam,Dima Hasao,Kana Basti Slide 1,"Kana Basti, Haflong",25.15859,93.01292,Debris,Slide,14 May 2022,2022-05-14,2022.0,2022-05-14,2022,5,1,30.9,67.9,0.509
ASM/DH/83G04/2022-23/017,Assam,Dima Hasao,Kana Basti Slide 2,"Kana Basti, Haflong",25.16023,93.01084,Debris,Slide,14 May 2022,2022-05-14,2022.0,2022-05-14,2022,5,1,30.9,67.9,0.509
ASM/DH/83G04/2022-23/021,Assam,Dima Hasao,Moulhoi Slide 1,"Gilgal Veng, Moulhoi, Haflong",25.17623,93.01326,Debris,Slide,14 May 2022,2022-05-14,2022.0,2022-05-14,2022,5,1,30.9,67.9,0.509
ASM/DH/83G04/2022-23/023,Assam,Dima Hasao,Disgao Raji Slide,"Disgao Raji, Haflong",25.17136,93.01102,Debris,Slide,14 May 2022,2022-05-14,2022.0,2022-05-14,2022,5,1,30.9,67.9,0.509
ASM/DH/83G04/2022-23/025,Assam,Dima Hasao,Tularam Raji Slide 2,"Tularam Raji, Haflong",25.16804,93.02503,Debris,Slide,14 May 2022,2022-05-14,2022.0,2022-05-14,2022,5,1,30.9,67.9,0.509
ASM/DH/83G04/2022-23/027,Assam,Dima Hasao,Mahadev Tilla Slide 1,"Mahadev Tilla, Haflong",25.15556,93.021583,Debris,Slide,14 May 2022,2022-05-14,2022.0,2022-05-14,2022,5,1,30.9,67.9,0.509
ASM/DH/83G04/2022-23/044,Assam,Dima Hasao,Tularam Raji Slide 3,"Tularam Raji, Haflong",25.168083,93.024922,Earth,Slide,14 May 2022,2022-05-14,2022.0,2022-05-14,2022,5,1,30.9,67.9,0.509
ASM/DH/83G04/2022-23/047,Assam,Dima Hasao,Natun Basti Slide 5,"Natun Basti, Haflong",25.162667,93.009806,Debris,Slide,14 May 2022,2022-05-14,2022.0,2022-05-14,2022,5,1,30.9,67.9,0.509
ASM/DH/83G04/2022-23/014,Assam,Dima Hasao,South Bagetar Slide 1,South Bagetar,25.16736,93.00953,Debris,Slide,15 May 2022,2022-05-15,2022.0,2022-05-15,2022,5,1,12.2,61.3,0.5
ASM/DH/83G04/2022-23/022,Assam,Dima Hasao,Lower Haflong Slide 2,Lower Haflong,25.18919,93.02118,Debris,Slide,15 May 2022,2022-05-15,2022.0,2022-05-15,2022,5,1,12.2,61.3,0.5
ASM/DH/83G04/2022-23/026,Assam,Dima Hasao,Lower Songpijang Slide 1,"Lower Sonpijang, Haflong",25.158138,93.024778,Earth,Slide,15 May 2022,2022-05-15,2022.0,2022-05-15,2022,5,1,12.2,61.3,0.5
ASM/DH/83G04/2022-23/032,Assam,Dima Hasao,Moulhoi Slide 3,Moulhoi village,25.17483,93.019861,Debris,Slide,15 May 2022,2022-05-15,2022.0,2022-05-15,2022,5,1,12.2,61.3,0.5
ASM/DH/83G04/2022-23/030,Assam,Dima Hasao,Merryland Slide,Merryland colony,25.177416,93.00975,Debris,Slide,16 May 2022,2022-05-16,2022.0,2022-05-16,2022,5,1,,,
SKM/ES/78 A11/2022/TVP-I1,Sikkim,East Sikkim,Tashi view point-II(TVP-II),"NH-10, Gangtok-Mangan highway",27.37211111,88.61671944,Debris,Slide,29 May 2022,2022-05-29,2022.0,2022-05-29,2022,5,1,5.1,12.2,0.377
SK/ES/78 A07/Sherwani 02,Sikkim,East Sikkim,Sherwani 02,Singtam-Sherwani road,27.24297222,88.47055556,Debris,Slide,15 June 2022,2022-06-15,2022.0,2022-06-15,2022,6,1,56.4,107.2,0.435
ASM/DH/83G03/2023-24/004,Assam,Dima Hasao,Gunjung subsidence,Gunjung,25.316197,93.006158,Earth,Subsidence,16 June 2022,2022-06-16,2022.0,2022-06-16,2022,6,1,24.0,53.7,0.513
ASM/K(M)/78N16/2022-23/001,Assam,Kamrup (Metro),Upper Luitpur,Upper Luitpur,26.19322,91.77033,Earth,Slide,16 June 2022,2022-06-16,2022.0,2022-06-16,2022,6,1,37.6,96.2,0.511
ASM/K(M)/78N16/2022-23/003,Assam,Kamrup (Metro),Salbari,Near Noonmati bazaar road,26.1916,91.80361,Debris,Slide,16 June 2022,2022-06-16,2022.0,2022-06-16,2022,6,1,37.6,96.2,0.511
ASM/K(M)/78N16/2022-23/002,Assam,Kamrup (Metro),Anandanagar,Anandanagar,26.18789,91.79493,Earth,Slide,17 June 2022,2022-06-17,2022.0,2022-06-17,2022,6,1,71.9,146.0,0.51
MEG/SG/78K12/2022/03,Meghalaya,South Garo Hills,Baghmara along the road.,Bhagmara slide,25.21022222,90.63220278,Debris,Slide,17 June 2022,2022-06-17,2022.0,2022-06-17,2022,6,1,127.4,300.9,0.513
MH/RAI/47G/05/2022-23/01,Maharashtra,Raigad/Poladpur,Cholai Landslide,"Poladpur-Khed road (NH 66, erstwhile NH 17).",17.974175,73.46293333,Debris,Fall,5 July 2022,2022-07-05,2022.0,2022-07-05,2022,7,1,44.6,86.2,0.512
KA/Kodagu/48P11/2024/06,Karnataka,Kodagu,Kartoji-Made,NH-275 road,12.4244,75.6786,Debris,Slide,06 July 2022,2022-07-06,2022.0,2022-07-06,2022,7,1,40.7,191.6,0.512
TN/COIM/58A11/2022/3,Tamil Nadu,Coimbatore,Rottikadai Slide,Valparai-Iyyarpadi,10.36322167,76.98113,Debris,Slide,14 July 2022,2022-07-14,2022.0,2022-07-14,2022,7,1,48.7,104.5,0.429
UK/MussoorieKemptyfalls/53J/0 3/2021/02,Uttarakhand,Dehradun,,,30.418297,78.077244,Debris,Slide,14 July 2022,2022-07-14,2022.0,2022-07-14,2022,7,1,6.1,12.5,0.395
JK/DOD/43O16/2022/14,Jammu & Kashmir,Doda,--,Kahara,33.089997,75.861423,Debris,Flow (Flash flood),20 July 2022,2022-07-20,2022.0,2022-07-20,2022,7,1,0.5,1.0,0.299
TN/GUD/58A07/2022/06,Tamil Nadu,Nilgiri,Needle rock slide,Enroute to needle rock,11.4905,76.5275,Debris,Slide,27 July 2022,2022-07-27,2022.0,2022-07-27,2022,7,1,6.4,15.4,0.412
TN/GUD/58A07/2022/07,Tamil Nadu,Nilgiri,Gudular road slide,Gudalur,11.4905,76.5325,Debris,Slide,27 July 2022,2022-07-27,2022.0,2022-07-27,2022,7,1,13.0,16.5,0.415
TN/DD/2022/2,Tamil Nadu,Dindigul,Thandikudi LSD1,Thandikudi,10.30272,77.66003,Debris,Slide,29 July 2022,2022-07-29,2022.0,2022-07-29,2022,7,1,3.5,47.3,0.405
TN/NIL/58A11/2022/5,Tamil Nadu,Nilgiri,Emerald,Emerald,11.341462,76.633856,Debris,Slide,3 August 2022,2022-08-03,2022.0,2022-08-03,2022,8,1,27.6,64.5,0.428
TN/NIL/58A11/2022/6,Tamil Nadu,Nilgiri,Nerkandi Slide,Nerkandi Village,11.312808,76.625429,Debris,Slide,3 August 2022,2022-08-03,2022.0,2022-08-03,2022,8,1,40.4,109.8,0.428
TN/NIL/58A11/2022/7,Tamil Nadu,Nilgiri,New Attubail,New Attubail,11.30989722,76.62255833,Earth,Flow,3 August 2022,2022-08-03,2022.0,2022-08-03,2022,8,1,40.4,109.8,0.428
TN/COIM/58A11/2022/1,Tamil Nadu,Coimbatore,Hairpinbend-26,Aliayar to Attakatty ghat road section,10.43226139,76.98764083,Debris,Slide,4 August 2022,2022-08-04,2022.0,2022-08-04,2022,8,1,54.1,156.7,0.43
TN/COIM/58A11/2022/2,Tamil Nadu,Coimbatore,Hairpinbend-20,Aliayar to Attakatty ghat road section,10.43735917,76.98563194,Debris,Slide,4 August 2022,2022-08-04,2022.0,2022-08-04,2022,8,1,54.1,156.7,0.43
TN/DIN/58F12/2022/2,Tamil Nadu,Dindigul,Adukkam-18/6 km,Adukkam-Periyakulam road,10.22914722,77.55147528,Debris,Slide,4 August 2022,2022-08-04,2022.0,2022-08-04,2022,8,1,24.8,93.8,0.429
TN/DIN/58F12/2022/3,Tamil Nadu,Dindigul,Adukkam-18/10 km,Adukkam-Periyakulam road,10.22721806,77.55028417,Debris,Slide,4 August 2022,2022-08-04,2022.0,2022-08-04,2022,8,1,21.6,117.9,0.428
TN/DIN/58F12/2022/4,Tamil Nadu,Dindigul,Near Adukkam village,Adukkam-Periyakulam road,10.233872,77.552927,Rock,Slide,4 August 2022,2022-08-04,2022.0,2022-08-04,2022,8,1,24.8,93.8,0.429
TN/NIL/58A07/2022/4,Tamil Nadu,Nilgiri,Naduvattum,3 Km south of Naduvattum,11.48891,76.537294,Debris,Slide,5 August 2022,2022-08-05,2022.0,2022-08-05,2022,8,1,41.5,123.0,0.43
TN/NIL/58A07/2022/1,Tamil Nadu,Nilgiri,Nadu Gudalur,Pillayar Koil Street,11.497633,76.497433,Debris,Flow,18 August 2022,2022-08-18,2022.0,2022-08-18,2022,8,1,2.6,2.8,0.445
TN/NIL/58A11/2022/2,Tamil Nadu,Nilgiri,Nadu Gudalur NH slide,Nadu Gudalur NH slide,11.495153,76.516963,Debris,Subsidence,18 August 2022,2022-08-18,2022.0,2022-08-18,2022,8,1,4.7,6.3,0.381
TN/NIL/58A11/2022/3,Tamil Nadu,Nilgiri,Gudalur Government college,Gudalur college slide,11.492567,76.453354,Debris,Slide,18 August 2022,2022-08-18,2022.0,2022-08-18,2022,8,1,2.6,2.8,0.445
SKM/ES/78 A12/2022/Kitgolai,Sikkim,Pakyong,Kitgolai Landslide,SH-717,27.21391667,88.60833333,Debris,Slide,25 August 2022,2022-08-25,2022.0,2022-08-25,2022,8,1,0.2,5.1,0.365
TN/SAL/58I01/2022/4,Tamil Nadu,Salem,,Salem-Yercaud road Corridor,11.7501675,78.18769167,Debris,Slide,4 September 2022,2022-09-04,2022.0,2022-09-04,2022,9,1,27.1,35.6,0.406
TN/SAL/58I01/2022/5,Tamil Nadu,Salem,60 feet bridge,Salem-Yercaud road Corridor,11.75093778,78.18851,Debris cum rock,Flow/slide/Fall,4 September 2022,2022-09-04,2022.0,2022-09-04,2022,9,1,27.1,35.6,0.406
TN/SAL/58I01/2022/6,Tamil Nadu,Salem,,Salem-Yercaud road Corridor,11.76150028,78.188325,Rock cum Debris,Slide,4 September 2022,2022-09-04,2022.0,2022-09-04,2022,9,1,9.5,27.8,0.411
TN/SAL/58I01/2022/7,Tamil Nadu,Salem,,Salem-Yercaud road Corridor,11.76307472,78.18866333,Debris,Slide,4 September 2022,2022-09-04,2022.0,2022-09-04,2022,9,1,9.5,27.8,0.411
TN/SAL/58I01/2022/8,Tamil Nadu,Salem,,Salem-Yercaud road Corridor,11.76376111,78.18828694,Debris,Slide,4 September 2022,2022-09-04,2022.0,2022-09-04,2022,9,1,9.5,27.8,0.411
TN/SAL/58I012022/9,Tamil Nadu,Salem,,Salem-Yercaud road Corridor,11.7645275,78.18838167,Debris,Slide,4 September 2022,2022-09-04,2022.0,2022-09-04,2022,9,1,9.5,27.8,0.411
TN/SAL/58I02/2022/1,Tamil Nadu,Salem,,Salem-Yercaud road Corridor,11.74043917,78.18203667,Debris,Slide,4 September 2022,2022-09-04,2022.0,2022-09-04,2022,9,1,12.8,17.3,0.401
TN/SAL/58I02/2022/2,Tamil Nadu,Salem,,Salem-Yercaud road Corridor,11.74705472,78.185225,Debris,Slide,4 September 2022,2022-09-04,2022.0,2022-09-04,2022,9,1,27.1,35.6,0.406
TN/SAL/58I03/2022/3,Tamil Nadu,Salem,,Salem-Yercaud road Corridor,11.7484725,78.18662694,Debris/Rock,Slide/Fall,4 September 2022,2022-09-04,2022.0,2022-09-04,2022,9,1,27.1,35.6,0.406
TN/SAL/58I05/2022/10,Tamil Nadu,Salem,,Yarcaud-Kuppanur road section,11.77961444,78.27011667,Debris,Slide,4 September 2022,2022-09-04,2022.0,2022-09-04,2022,9,1,9.5,27.8,0.411
TN/SAL/58I05/2022/11,Tamil Nadu,Salem,Near Muniyappan Temple,Yarcaud-Kuppanur road section,11.77561444,78.270105,Debris,Slide,4 September 2022,2022-09-04,2022.0,2022-09-04,2022,9,1,9.5,27.8,0.411
TN/SAL/58I05/2022/12,Tamil Nadu,Salem,,Yarcaud-Kuppanur road section,11.77557639,78.26948667,Debris,Slide,4 September 2022,2022-09-04,2022.0,2022-09-04,2022,9,1,9.5,27.8,0.411
TN/DD/2022/1,Tamil Nadu,Dindigul,Pannaikadu-hairpinbend LSD,Paniikadu-tandikudi road,10.27456,77.61869,Debris,Slide,5 September 2022,2022-09-05,2022.0,2022-09-05,2022,9,1,2.9,23.9,0.404
NL/KOH/83K02/2022/002,Nagaland,Kohima,Meriema village landslide,Inside Meriema village,25.712031,94.089791,Weathered rock,Slide,12 September 2022,2022-09-12,2022.0,2022-09-12,2022,9,1,23.7,47.7,0.51
NL/KOH/83K02/2022/003,Nagaland,Kohima,Chiesema,Chiesema,25.7491204,94.0804548,Debris,Slide,25 September 2022,2022-09-25,2022.0,2022-09-25,2022,9,1,21.8,83.7,0.497
NL/KOH/83K02/2022/004,Nagaland,Kohima,New secretariat-Meriema road,New secretariat-Meriema road,25.7179491,94.0917724,Weathered rock,Slide,28 September 2022,2022-09-28,2022.0,2022-09-28,2022,9,1,15.9,52.7,0.498
NL/KOH/83G13/2022/006,Nagaland,Kohima,Piphema,NH29/Piphema,25.771451,93.907041,Debris,Slide,30 September 2022,2022-09-30,2022.0,2022-09-30,2022,9,1,5.0,39.8,0.499
SKM/ES/78 A12/2022/Basnettgaon,Sikkim,Pakyong,Basnettgaon Landslide.,Old Pakyong Airport Road,27.24883333,88.60191667,Debris,Slide,10 October 2022,2022-10-10,2022.0,2022-10-10,2022,10,1,31.4,95.2,0.428
NL/KOH/83G13/2022/005,Nagaland,Kohima,Piphema,NH29/Piphema,25.770055,93.937873,Debris,Slide,15 October 2022,2022-10-15,2022.0,2022-10-15,2022,10,1,2.4,12.0,0.496
TN/DD/2022/10,Tamil Nadu,Dindigul,KPDAI-SILVERCASCADE LSD2,Kodaikanal road,10.23826,77.50792,Debris,Slide,11 November 2022,2022-11-11,2022.0,2022-11-11,2022,11,1,37.2,48.2,0.427
TN/DD/2022/3,Tamil Nadu,Dindigul,Kilavayil slide2,Thandikudi,10.2543,77.33308,Debris,LSD,11 November 2022,2022-11-11,2022.0,2022-11-11,2022,11,1,34.5,47.8,0.427
TN/DD/2022/4,Tamil Nadu,Dindigul,mannavanur house LSD,Mannavanur,10.22302,77.34488,Debris,Slide,11 November 2022,2022-11-11,2022.0,2022-11-11,2022,11,1,43.9,62.6,0.429
TN/DD/2022/5,Tamil Nadu,Dindigul,Mannavanur-KumburLSD,Mannavanur,10.22713,77.33827,Earth,Slide,11 November 2022,2022-11-11,2022.0,2022-11-11,2022,11,1,43.9,62.6,0.429
TN/DD/2022/6,Tamil Nadu,Dindigul,Mannavanur LSD,Mannavanur,10.22466,77.34555,Debris,Slide,11 November 2022,2022-11-11,2022.0,2022-11-11,2022,11,1,43.9,62.6,0.429
TN/DD/2022/7,Tamil Nadu,Dindigul,Kilavayayil-Mannvanur.RV,Kilavayayil,10.24369,77.33454,Earth,Slide,11 November 2022,2022-11-11,2022.0,2022-11-11,2022,11,1,43.9,62.6,0.429
TN/DD/2022/9,Tamil Nadu,Dindigul,Kodai-silverfalls LSD,Kodaikanal road,10.23786,77.50736,Debris,Slide,11 November 2022,2022-11-11,2022.0,2022-11-11,2022,11,1,37.2,48.2,0.427
NL/KOH/83K02/2022/010,Nagaland,Kohima,Piphema,Piphema,25.770064,93.937891,Debris,Slide,12 November 2022,2022-11-12,2022.0,2022-11-12,2022,11,1,2.5,2.6,0.391
MIZ/AZL/2022/39,Mizoram,Hnahthial,"Shalom Vengthar, Bawngkawn",,22.91452778,92.89333333,Rock,Rock slide,14 November 2022,2022-11-14,2022.0,2022-11-14,2022,11,1,0.0,0.0,0.236
TN/DD/2022/8,Tamil Nadu,Dindigul,Padmalodge-LSD,Munjikkal,10.23888,77.49593,Debris,Slide,14 November 2022,2022-11-14,2022.0,2022-11-14,2022,11,1,7.3,56.3,0.418
SKM/ Namchi/78 A07/2022/01,Sikkim,Namchi,Pathing Yang Yang Slide,Ravangla-Yang Yang Road via Pathing,27.30140833,88.3916,Debris cum rock,Slide,18 November 2022,2022-11-18,2022.0,2022-11-18,2022,11,1,0.0,0.0,0.271
SKM/ Soreng/78 A08/2022/01,Sikkim,Soreng,01/JR/Baiguney,Jorethang-Legship Road,27.14871944,88.28128889,Debris,Slide,20 November 2022,2022-11-20,2022.0,2022-11-20,2022,11,1,0.0,0.1,0.241
TN/NIL/58A15/2022/01,Tamil Nadu,Nilgiri,Slide-1,Mettupalayam-Gudalur highways,11.3366,76.8261,Debris,Slide,13 December 2022,2022-12-13,2022.0,2022-12-13,2022,12,1,5.7,35.8,0.413
TN/NIL/58A15/2022/02,Tamil Nadu,Nilgiri,Slide-2,Mettupalayam-Gudalur highways,11.3355,76.81671,Debris,Slide,13 December 2022,2022-12-13,2022.0,2022-12-13,2022,12,1,5.7,35.8,0.413
TN/NIL/58A15/2022/03,Tamil Nadu,Nilgiri,Slide-3,Mettupalayam-Gudalur highways,11.3345,76.8158,Earth,Slide,13 December 2022,2022-12-13,2022.0,2022-12-13,2022,12,1,5.7,35.8,0.413
TN/NIL/58A15/2022/04,Tamil Nadu,Nilgiri,Slide-4,Mettupalayam-Gudalur highways,11.3356,76.8146,Debris,Slide,13 December 2022,2022-12-13,2022.0,2022-12-13,2022,12,1,5.7,35.8,0.413
TN/NIL/58A15/2022/05,Tamil Nadu,Nilgiri,Slide-5,Mettupalayam-Gudalur highways,11.3355,76.814,Debris,Slide,13 December 2022,2022-12-13,2022.0,2022-12-13,2022,12,1,5.7,35.8,0.413
TN/NIL/58A15/2022/06,Tamil Nadu,Nilgiri,Slide-6,Mettupalayam-Gudalur highways,11.3353,76.8135,Debris,Slide,13 December 2022,2022-12-13,2022.0,2022-12-13,2022,12,1,5.7,35.8,0.413
TN/NIL/58A15/2022/07,Tamil Nadu,Nilgiri,Slide-7,Mettupalayam-Gudalur highways,11.335,76.8127,Earth,Slide,13 December 2022,2022-12-13,2022.0,2022-12-13,2022,12,1,5.7,35.8,0.413
TN/NIL/58A15/2022/08,Tamil Nadu,Nilgiri,Slide-8,Mettupalayam-Gudalur highways,11.3312,76.7994,Debris,Slide,13 December 2022,2022-12-13,2022.0,2022-12-13,2022,12,1,4.4,50.0,0.416
TN/NIL/58A15/2022/09,Tamil Nadu,Nilgiri,Slide-9,Mettupalayam-Gudalur highways,11.3495,76.786,Earth,Slide,13 December 2022,2022-12-13,2022.0,2022-12-13,2022,12,1,4.4,50.0,0.416
TN/NIL/58A15/2022/10,Tamil Nadu,Nilgiri,Slide-10,Mettupalayam-Gudalur highways,11.3497,76.7855,Debris,Slide,13 December 2022,2022-12-13,2022.0,2022-12-13,2022,12,1,4.4,50.0,0.416
TN/NIL/58A15/2022/11,Tamil Nadu,Nilgiri,Slide-11,Mettupalayam-Gudalur highways,11.360667,76.781267,Debris,Slide,13 December 2022,2022-12-13,2022.0,2022-12-13,2022,12,1,4.4,50.0,0.416
TN/NIL/58A15/2022/12,Tamil Nadu,Nilgiri,Slide-12,Mettupalayam-Gudalur highways,11.3492,76.787,Earth,Slide,13 December 2022,2022-12-13,2022.0,2022-12-13,2022,12,1,4.4,50.0,0.416
TN/NIL/58A15/2022/13,Tamil Nadu,Nilgiri,Slide-13,Mettupalayam-Ooty railway corridor,11.342,76.8308,Debris,Slide,13 December 2022,2022-12-13,2022.0,2022-12-13,2022,12,1,5.7,35.8,0.413
TN/NIL/58A15/2022/14,Tamil Nadu,Nilgiri,Slide-14,Mettupalayam-Ooty railway corridor,11.3428,76.8287,Debris,Slide,13 December 2022,2022-12-13,2022.0,2022-12-13,2022,12,1,5.7,35.8,0.413
TN/NIL/58A15/2022/15,Tamil Nadu,Nilgiri,Slide-15,Mettupalayam-Ooty railway corridor,11.341,76.8277,Debris,Slide,13 December 2022,2022-12-13,2022.0,2022-12-13,2022,12,1,5.7,35.8,0.413
TN/NIL/58A15/2022/16,Tamil Nadu,Nilgiri,Slide-16,Mettupalayam-Ooty railway corridor,11.3389,76.8253,Debris,Slide,13 December 2022,2022-12-13,2022.0,2022-12-13,2022,12,1,5.7,35.8,0.413
TN/NIL/58A15/2022/17,Tamil Nadu,Nilgiri,Slide-17,Mettupalayam-Ooty railway corridor,11.3387,76.822,Rock,Fall,13 December 2022,2022-12-13,2022.0,2022-12-13,2022,12,1,5.7,35.8,0.413
TN/NIL/58A15/2022/18,Tamil Nadu,Nilgiri,Slide-18,Mettupalayam-Ooty railway corridor,11.3408,76.8325,Debris,Slide,13 December 2022,2022-12-13,2022.0,2022-12-13,2022,12,1,5.7,35.8,0.413
TN/NIL/58A15/2022/19,Tamil Nadu,Nilgiri,Slide-19,Mettupalayam-Ooty railway corridor,11.3499,76.8478,Debris,Slide,13 December 2022,2022-12-13,2022.0,2022-12-13,2022,12,1,2.3,50.0,0.406
TN/NIL/58A15/2022/20,Tamil Nadu,Nilgiri,Slide-20,Mettupalayam-Ooty railway corridor,11.3494,76.8484,Debris,Slide,13 December 2022,2022-12-13,2022.0,2022-12-13,2022,12,1,2.3,50.0,0.406
TN/NIL/58A15/2022/21,Tamil Nadu,Nilgiri,Slide-21,Mettupalayam-Ooty railway corridor,11.3491,76.8486,Debris,Slide,13 December 2022,2022-12-13,2022.0,2022-12-13,2022,12,1,2.3,50.0,0.406
TN/NIL/58A15/2022/22,Tamil Nadu,Nilgiri,Slide-22,Mettupalayam-Ooty railway corridor,11.3575,76.7837,Earth,Slide,13 December 2022,2022-12-13,2022.0,2022-12-13,2022,12,1,4.4,50.0,0.416
TN/NIL/58A15/2022/23,Tamil Nadu,Nilgiri,Slide-23,Mettupalayam-Ooty railway corridor,11.3428,76.8665,Debris,Slide,13 December 2022,2022-12-13,2022.0,2022-12-13,2022,12,1,9.0,33.7,0.413
TN/NIL/58A15/2022/24,Tamil Nadu,Nilgiri,Slide-24,Mettupalayam-Ooty railway corridor,11.3485,76.8699,Debris,Slide,13 December 2022,2022-12-13,2022.0,2022-12-13,2022,12,1,6.9,40.9,0.403
TN/NIL/58A15/2022/25,Tamil Nadu,Nilgiri,Slide-25,Mettupalayam-Ooty railway corridor,11.3444,76.861345,Debris,Slide,13 December 2022,2022-12-13,2022.0,2022-12-13,2022,12,1,9.0,33.7,0.413
LS1,Uttarakhand,Uttarkashi,LS-1,Mastari Village,30.71027778,78.46675,Debris,Slide,07 March 2023,2023-03-07,2023.0,2023-03-07,2023,3,1,0.0,0.4,0.322
MEG/EKH/78O15/2023/01,Meghalaya,East Khasi Hills,NH-40,"Ryngngain slide, before Lyngkyrdem village",25.365263,91.878497,Rock,Slide,13 April 2023,2023-04-13,2023.0,2023-04-13,2023,4,1,0.0,0.0,0.199
MIZ/AZL/2023/152,Mizoram,Aizawl,,,23.49991667,92.70136111,Debris,Slide,2 June 2023,2023-06-02,2023.0,2023-06-02,2023,6,1,0.1,4.0,0.292
MZ/AZL/84A/10/2023/01,Mizoram,Aizawl,Vaivakawn landslide,"Vaivakawn, Aizawl",23.74150833,92.70785833,Rock,Slide,04 June 2023,2023-06-04,2023.0,2023-06-04,2023,6,1,0.9,2.1,0.248
MIZ/AZL/2023/142,Mizoram,Aizawl,,,23.57166667,92.71083333,Debris,Slide,9 June 2023,2023-06-09,2023.0,2023-06-09,2023,6,1,20.3,41.8,0.405
MIZ/AZL/2023/145,Mizoram,Aizawl,,,23.55944444,92.70833333,Earth,Slide,06 July 2023,2023-07-06,2023.0,2023-07-06,2023,7,1,4.0,38.2,0.393
KA/DK/48P1/2024/04,Karnataka,Dakshina Kannada/Bantwal,Goodibabali village-Mooda village,-,12.87813611,75.03807222,Debris,Slide,08 July 2023,2023-07-08,2023.0,2023-07-08,2023,7,1,65.5,172.8,0.51
HP/Man-kul/2024/6,Himachal Pradesh,Kullu,Seobagh,NH-03,31.99953056,77.1265,Debris,Slide,11 July 2023,2023-07-11,2023.0,2023-07-11,2023,7,1,19.2,223.7,0.494
JK/KAT/43P9/2023/07,Jammu & Kashmir,Kathua,Bani,Basholi- Bani Road,32.704972,75.809583,Debris,Slide,18 July 2023,2023-07-18,2023.0,2023-07-18,2023,7,1,30.4,53.1,0.499
JK/KAT/43P9/2023/05,Jammu & Kashmir,Kathua,"Arvard- ward no. 3, Tehsil Bani","Local road, Bani- Balzedi Road section",32.693347,75.783772,Debris,Slide,19 July 2023,2023-07-19,2023.0,2023-07-19,2023,7,1,34.3,72.7,0.503
MH/PUN/47F01/2024/01,Maharashtra,Raigad,Irshalwadi,5km North of NH 48 from Chouk,18.93247222,73.23425,Debris,Slide/Flow,19 July 2023,2023-07-19,2023.0,2023-07-19,2023,7,1,,,
MH/KOL/47L02/2025/01,Maharashtra,Kolhapur,Shipekarwadi Slide,Village road,16.634207,74.064669,Rock,Slide,23 July 2023,2023-07-23,2023.0,2023-07-23,2023,7,1,51.4,117.8,0.515
MIZ/AZL/2024/649,Mizoram,Aizawl,,,23.77166667,92.84805556,Debris,Slide,23 July 2023,2023-07-23,2023.0,2023-07-23,2023,7,1,15.8,45.1,0.412
MIZ/KOL/2023/164,Mizoram,Kolasib,,,23.00638889,92.67691667,Rock,Slide,23 July 2023,2023-07-23,2023.0,2023-07-23,2023,7,1,3.3,33.2,0.385
MIZ/AZL/2023/85,Mizoram,Aizawl,Sakawrdai to Zohmun road,,24.27138889,92.96,Debris,Slide,24 July 2023,2023-07-24,2023.0,2023-07-24,2023,7,1,27.2,51.5,0.418
MIZ/AZL/2023/144,Mizoram,Aizawl,,,23.58591667,92.71777778,Earth,Slide,25 July 2023,2023-07-25,2023.0,2023-07-25,2023,7,1,22.0,47.6,0.402
MIZ/AZL/2023/149,Mizoram,Aizawl,,,23.535,92.69694444,Rock,Slide,28 July 2023,2023-07-28,2023.0,2023-07-28,2023,7,1,3.7,27.6,0.385
MIZ/AZL/2023/150,Mizoram,Aizawl,,,23.53333333,92.69722222,Earth,Slide,2 August 2023,2023-08-02,2023.0,2023-08-02,2023,8,1,9.4,23.7,0.389
UK/RDP/53N02/2023/01,Uttarakhand,Rudraprayag,Dartpool,(NH-107),30.652,79.0244,Rock,Fall/Topple,02 August 2023,2023-08-02,2023.0,2023-08-02,2023,8,1,6.3,30.5,0.413
MIZ/AZL/2023/151,Mizoram,Aizawl,,,23.52972222,92.69611111,Debris,Slide,3 August 2023,2023-08-03,2023.0,2023-08-03,2023,8,1,5.1,18.3,0.395
MIZ/AZL/2023/146,Mizoram,Aizawl,,,23.54380556,92.70136111,Debris,Slide,06 August 2023,2023-08-06,2023.0,2023-08-06,2023,8,1,27.4,46.9,0.422
MIZ/AZL/2023/147,Mizoram,Aizawl,,,23.54027778,92.70138889,Rock,Slide,06 August 2023,2023-08-06,2023.0,2023-08-06,2023,8,1,27.4,46.9,0.422
MIZ/AZL/2023/148,Mizoram,Aizawl,,,23.53986111,92.70063889,Debris,Slide,06 August 2023,2023-08-06,2023.0,2023-08-06,2023,8,1,27.4,46.9,0.422
MIZ/AZL/2023/143,Mizoram,Aizawl,,,23.58388889,92.71722222,Rock,Slide,8 August 2023,2023-08-08,2023.0,2023-08-08,2023,8,1,2.9,67.3,0.416
UK/RDP/53N02/2023/04,Uttarakhand,Rudraprayag,,(NH-107),30.61,79.01,Rock,Slide,08 August 2023,2023-08-08,2023.0,2023-08-08,2023,8,1,25.1,63.8,0.423
MIZ/AZL/2023/153,Mizoram,Aizawl,,,23.5,92.70111111,Debris,Slide,09 August 2023,2023-08-09,2023.0,2023-08-09,2023,8,1,3.7,58.0,0.412
MEG/WJH/83C03/2023-24/2,Meghalaya,West Jaintia Hills,Pynthor Langtein village,Pynthor Langtein slide,25.41955556,92.16194444,Earth,Slide,10 August 2023,2023-08-10,2023.0,2023-08-10,2023,8,1,2.4,33.4,0.496
MIZ/AZL/2024/472,Mizoram,Aizawl,,,23.54166667,92.66472222,Debris,Complex,12 August 2023,2023-08-12,2023.0,2023-08-12,2023,8,1,1.9,8.0,0.395
MIZ/KOL/2023/158,Mizoram,Kolasib,,,23.05805556,92.67583333,Debris,Slide,12 August 2023,2023-08-12,2023.0,2023-08-12,2023,8,1,11.1,17.5,0.402
HP/SOLAN/53B/13/2025/09,Himachal Pradesh,Solan,Chyali Jhajhatti Subsidence,-,30.981344,76.977305,Debris,Subsidence,13 August 2023,2023-08-13,2023.0,2023-08-13,2023,8,1,12.6,32.0,0.428
MIZ/AZL/2023/81,Mizoram,Aizawl,Aizawl-Thenzawl-Lunglei Highway,,23.51980556,92.70066667,Debris,Slide,13 August 2023,2023-08-13,2023.0,2023-08-13,2023,8,1,9.6,14.1,0.392
HP/KUL/53E7/2023/14,Himachal Pradesh,Kullu,"Rageli, Nigloodhar landslide",-,31.46975,77.36669444,Debris,Slide,14 August 2023,2023-08-14,2023.0,2023-08-14,2023,8,1,67.1,102.2,0.511
HP/KUL/53E7/2023/15,Himachal Pradesh,Kullu,"Dharta, Nigloodhar landslide",-,31.473,77.36772222,Debris,Slide,14 August 2023,2023-08-14,2023.0,2023-08-14,2023,8,1,48.8,65.2,0.505
HP/SOL/53B13/2023/,Himachal Pradesh,Solan,Subathu Slide,Dharampur-Subathu Road,30.970355,76.992139,Debris,Slide,14 August 2023,2023-08-14,2023.0,2023-08-14,2023,8,1,17.0,38.1,0.424
UK/CHAM/53N07/2023/44,Uttarakhand,Chamoli,Pipalkoti slide,(NH-07),30.43675,79.42864,Rock,Slide,14 August 2023,2023-08-14,2023.0,2023-08-14,2023,8,1,,,
HP/SOLAN/53B/13/2025/03,Himachal Pradesh,Solan,Banoi debris flow & Subsidence,Link road,30.90009,76.930137,Debris,Flow/Subsidenc e,17 August 2023,2023-08-17,2023.0,2023-08-17,2023,8,1,2.1,3.8,0.378
NL/MON/83J15/2014/09,Nagaland,Mon,Shense slide,State Highway (Tobu to Mon road),26.39936,94.94553,Debris,Flow,17 August 2023,2023-08-17,2023.0,2023-08-17,2023,8,1,2.6,10.7,0.495
UK/CHAM/53N07/2023/38,Uttarakhand,Chamoli,Maithana Slide,(NH-07),30.35608,78.31892,Debris,Slide and subsidence,18 August 2023,2023-08-18,2023.0,2023-08-18,2023,8,1,14.1,18.0,0.475
UK/CHAM/53N07/2023/45,Uttarakhand,Chamoli,Pagal Nala slide,(NH-07),30.4777,78.4671,Rock,Slide & flow,18 August 2023,2023-08-18,2023.0,2023-08-18,2023,8,1,4.3,12.8,0.483
NL/KOH/83G13/2023/03,Nagaland,Kohima,Piphema,NH-29,25.76618333,93.94043611,Debris,Slide,08 September 2023,2023-09-08,2023.0,2023-09-08,2023,9,1,27.6,76.6,0.503
MIZ/KOL/2023/160,Mizoram,Kolasib,,,23.05222222,92.67027778,Debris,Slide,12 September 2023,2023-09-12,2023.0,2023-09-12,2023,9,1,11.2,59.2,0.416
MIZ/KOL/2023/162,Mizoram,Kolasib,,,23.03016667,92.67336111,Debris,Slide,12 September 2023,2023-09-12,2023.0,2023-09-12,2023,9,1,11.2,59.2,0.416
MIZ/KOL/2023/157,Mizoram,Kolasib,,,23.93027778,92.6525,Rock,Slide,17 September 2023,2023-09-17,2023.0,2023-09-17,2023,9,1,19.8,22.3,0.352
MIZ/KOL/2023/163,Mizoram,Kolasib,,,23.02280556,92.67255556,Debris,Slide,17 September 2023,2023-09-17,2023.0,2023-09-17,2023,9,1,27.8,31.3,0.39
MZ/AZL/84A10/2024/044,Mizoram,Aizawl,,"Republic Veng, Lungli Road, Aizawl",23.7175,92.71972222,Debris,Complex,19 September 2023,2023-09-19,2023.0,2023-09-19,2023,9,1,25.2,69.2,0.421
JK/RAM/43O3/2023/08,Jammu & Kashmir,Ramban,Chamalwas,NH-44,33.365063,75.183576,Rock,Slide,21 September 2023,2023-09-21,2023.0,2023-09-21,2023,9,1,3.0,7.7,0.405
MIZ/AZL/2024/345,Mizoram,Aizawl,,,23.61583333,92.79111111,Debris,Slide,23 September 2023,2023-09-23,2023.0,2023-09-23,2023,9,1,0.2,9.2,0.369
MIZ/KOL/2023/169,Mizoram,Kolasib,,,23.91777778,92.73805556,Rock,Slide,27 September 2023,2023-09-27,2023.0,2023-09-27,2023,9,1,3.9,16.0,0.376
MIZ/KOL/2023/170,Mizoram,Kolasib,,,23.89638889,92.73638889,Rock,Slide,27 September 2023,2023-09-27,2023.0,2023-09-27,2023,9,1,5.3,16.3,0.372
MZ/AZL/84A10/2024/055,Mizoram,Aizawl,,"Melriat, Aizawl",23.64638889,92.72638889,Debris,Slide,02 October 2023,2023-10-02,2023.0,2023-10-02,2023,10,1,2.7,32.5,0.357
NL/KOH/83K02/2023/19,Nagaland,Kohima,Khonoma,Jotsoma-Padi-Benreu road,25.66754722,94.08075278,Debris,Slide,02 October 2023,2023-10-02,2023.0,2023-10-02,2023,10,1,12.8,30.4,0.494
SKM/MAN/78A11/11/2023,Sikkim,Mangan,South Dikchu,Dikchu-Makha Road,27.40251944,88.51868056,Debris,Slide,4 October 2023,2023-10-04,2023.0,2023-10-04,2023,10,1,26.4,30.8,0.423
JK/RAM/43O3/2023/10,Jammu & Kashmir,Ramban,Shalgad Nala slide. (Chamlawas),National Highway-44,33.388583,75.201361,Rock,Rock slide,17 October 2023,2023-10-17,2023.0,2023-10-17,2023,10,1,10.2,34.7,0.481
JK/RAM/43O3/2023/13,Jammu & Kashmir,Ramban,Ramsoo,National High (Jammu to Srinagar),33.332022,75.200139,Debris,Flow,17 October 2023,2023-10-17,2023.0,2023-10-17,2023,10,1,10.2,34.7,0.481
JK/RAM/43O4/2023/12,Jammu & Kashmir,Ramban,Cafeteria- Mehar,NH-44,33.23526,75.2456,Debris,Flow and shooting stone,17 October 2023,2023-10-17,2023.0,2023-10-17,2023,10,1,11.8,39.3,0.488
MIZ/AZL/2023/155,Mizoram,Aizawl,,,23.78138889,92.67638889,Rock,Slide,25 October 2023,2023-10-25,2023.0,2023-10-25,2023,10,1,12.1,16.2,0.357
TN/Nil/2023/CSF-1,Tamil Nadu,Nilgiri,CSF-1,NH-181,11.33833,76.87086,Debris,Slide,23 November 2023,2023-11-23,2023.0,2023-11-23,2023,11,1,13.4,34.1,0.364
TN/Nil/2023/CSF-10,Tamil Nadu,Nilgiri,CSF-10,NH-181,11.34083,76.85725,Debris,Slide,23 November 2023,2023-11-23,2023.0,2023-11-23,2023,11,1,12.0,39.2,0.404
TN/Nil/2023/CSF-11,Tamil Nadu,Nilgiri,CSF-11,NH-181,11.34097,76.85692,Earth,Slide,23 November 2023,2023-11-23,2023.0,2023-11-23,2023,11,1,12.0,39.2,0.404
TN/Nil/2023/CSF-12,Tamil Nadu,Nilgiri,CSF-12,NH-181,11.33972,76.84953,Earth,Slide,23 November 2023,2023-11-23,2023.0,2023-11-23,2023,11,1,12.0,39.2,0.404
TN/Nil/2023/CSF-13,Tamil Nadu,Nilgiri,CSF-13,NH-181,11.34036,76.84983,Earth,Slide,23 November 2023,2023-11-23,2023.0,2023-11-23,2023,11,1,12.0,39.2,0.404
TN/Nil/2023/CSF-14,Tamil Nadu,Nilgiri,CSF-14,NH-181,11.34183,76.85008,Earth,Slide,23 November 2023,2023-11-23,2023.0,2023-11-23,2023,11,1,12.0,39.2,0.404
TN/Nil/2023/CSF-15,Tamil Nadu,Nilgiri,CSF-15,NH-181,11.34244,76.85006,Earth,Slide,23 November 2023,2023-11-23,2023.0,2023-11-23,2023,11,1,12.0,39.2,0.404
TN/Nil/2023/CSF-16,Tamil Nadu,Nilgiri,CSF-16,NH-181,11.34419,76.84842,Earth,Slide,23 November 2023,2023-11-23,2023.0,2023-11-23,2023,11,1,20.0,34.1,0.41
TN/Nil/2023/CSF-17,Tamil Nadu,Nilgiri,CSF-17,NH-181,11.34242,76.84642,Earth,Slide,23 November 2023,2023-11-23,2023.0,2023-11-23,2023,11,1,20.0,34.1,0.41
TN/Nil/2023/CSF-18,Tamil Nadu,Nilgiri,CSF-18,NH-181,11.3423,76.84593,Debris,Slide,23 November 2023,2023-11-23,2023.0,2023-11-23,2023,11,1,20.0,34.1,0.41
TN/Nil/2023/CSF-19,Tamil Nadu,Nilgiri,CSF-19,NH-181,11.33889,76.84272,Earth,Slide,23 November 2023,2023-11-23,2023.0,2023-11-23,2023,11,1,20.0,34.1,0.41
TN/Nil/2023/CSF-2,Tamil Nadu,Nilgiri,CSF-2,NH-181,11.34019,76.86667,Debris,Slide,23 November 2023,2023-11-23,2023.0,2023-11-23,2023,11,1,12.0,39.2,0.404
TN/Nil/2023/CSF-20,Tamil Nadu,Nilgiri,CSF-20,NH-181,11.33975,76.84194,Earth,Slide,23 November 2023,2023-11-23,2023.0,2023-11-23,2023,11,1,20.0,34.1,0.41
TN/Nil/2023/CSF-21,Tamil Nadu,Nilgiri,CSF-21,NH-181,11.33969,76.84094,Earth,Slide,23 November 2023,2023-11-23,2023.0,2023-11-23,2023,11,1,5.5,33.1,0.417
TN/Nil/2023/CSF-22,Tamil Nadu,Nilgiri,CSF-22,NH-181,11.33525,76.82756,Earth,Slide,23 November 2023,2023-11-23,2023.0,2023-11-23,2023,11,1,,,
TN/Nil/2023/CSF-23,Tamil Nadu,Nilgiri,CSF-23,NH-181,11.33578,76.82769,Debris,Slide,23 November 2023,2023-11-23,2023.0,2023-11-23,2023,11,1,5.5,33.1,0.417
TN/Nil/2023/CSF-24,Tamil Nadu,Nilgiri,CSF-24,NH-181,11.33675,76.82814,Earth,Slide,23 November 2023,2023-11-23,2023.0,2023-11-23,2023,11,1,19.6,51.4,0.425
TN/Nil/2023/CSF-25,Tamil Nadu,Nilgiri,CSF-25,NH-181,11.33844,76.82786,Earth,Slide,23 November 2023,2023-11-23,2023.0,2023-11-23,2023,11,1,5.5,33.1,0.417
TN/Nil/2023/CSF-26,Tamil Nadu,Nilgiri,CSF-26,NH-181,11.33675,76.82742,Debris,Slide,23 November 2023,2023-11-23,2023.0,2023-11-23,2023,11,1,19.6,51.4,0.425
TN/Nil/2023/CSF-27,Tamil Nadu,Nilgiri,CSF-27,NH-181,11.33589,76.82678,Debris,Slide,23 November 2023,2023-11-23,2023.0,2023-11-23,2023,11,1,19.6,51.4,0.425
TN/Nil/2023/CSF-28,Tamil Nadu,Nilgiri,CSF-28,NH-181,11.33647,76.82564,Debris,Slide,23 November 2023,2023-11-23,2023.0,2023-11-23,2023,11,1,19.6,51.4,0.425
TN/Nil/2023/CSF-29,Tamil Nadu,Nilgiri,CSF-29,NH-181,11.33728,76.82531,Earth,Slide,23 November 2023,2023-11-23,2023.0,2023-11-23,2023,11,1,19.6,51.4,0.425
TN/Nil/2023/CSF-3,Tamil Nadu,Nilgiri,CSF-3,NH-181,11.34039,76.86431,Debris,Slide,23 November 2023,2023-11-23,2023.0,2023-11-23,2023,11,1,12.0,39.2,0.404
TN/Nil/2023/CSF-30,Tamil Nadu,Nilgiri,CSF-30,NH-181,11.33736,76.82425,Earth,Slide,23 November 2023,2023-11-23,2023.0,2023-11-23,2023,11,1,19.6,51.4,0.425
TN/Nil/2023/CSF-31,Tamil Nadu,Nilgiri,CSF-31,NH-181,11.33736,76.82419,Earth,Slide,23 November 2023,2023-11-23,2023.0,2023-11-23,2023,11,1,19.6,51.4,0.425
TN/Nil/2023/CSF-32,Tamil Nadu,Nilgiri,CSF-32,NH-181,11.33578,76.81989,Earth,Slide,23 November 2023,2023-11-23,2023.0,2023-11-23,2023,11,1,19.6,51.4,0.425
TN/Nil/2023/CSF-33,Tamil Nadu,Nilgiri,CSF-33,NH-181,11.33475,76.8195,Earth,Slide,23 November 2023,2023-11-23,2023.0,2023-11-23,2023,11,1,,,
TN/Nil/2023/CSF-34,Tamil Nadu,Nilgiri,CSF-34,NH-181,11.33492,76.81864,Earth,Slide,23 November 2023,2023-11-23,2023.0,2023-11-23,2023,11,1,19.6,51.4,0.425
TN/Nil/2023/CSF-35,Tamil Nadu,Nilgiri,CSF-35,NH-181,11.33492,76.82417,Earth,Slide,23 November 2023,2023-11-23,2023.0,2023-11-23,2023,11,1,5.5,33.1,0.417
TN/Nil/2023/CSF-36,Tamil Nadu,Nilgiri,CSF-36,NH-181,11.33439,76.81717,Earth,Slide,23 November 2023,2023-11-23,2023.0,2023-11-23,2023,11,1,19.6,51.4,0.425
TN/Nil/2023/CSF-37,Tamil Nadu,Nilgiri,CSF-37,NH-181,11.33477,76.81732,Earth,Slide,23 November 2023,2023-11-23,2023.0,2023-11-23,2023,11,1,19.6,51.4,0.425
TN/Nil/2023/CSF-38,Tamil Nadu,Nilgiri,CSF-38,NH-181,11.33477,76.81728,Earth,Slide,23 November 2023,2023-11-23,2023.0,2023-11-23,2023,11,1,19.6,51.4,0.425
TN/Nil/2023/CSF-39,Tamil Nadu,Nilgiri,CSF-39,NH-181,11.33428,76.81322,Earth,Slide,23 November 2023,2023-11-23,2023.0,2023-11-23,2023,11,1,19.6,51.4,0.425
TN/Nil/2023/CSF-4,Tamil Nadu,Nilgiri,CSF-4,NH-181,11.34025,76.86203,Debris,Slide,23 November 2023,2023-11-23,2023.0,2023-11-23,2023,11,1,12.0,39.2,0.404
TN/Nil/2023/CSF-40,Tamil Nadu,Nilgiri,CSF-40,NH-181,11.33558,76.815,Earth,Slide,23 November 2023,2023-11-23,2023.0,2023-11-23,2023,11,1,19.6,51.4,0.425
TN/Nil/2023/CSF-41,Tamil Nadu,Nilgiri,CSF-41,NH-181,11.33547,76.81456,Debris,Slide,23 November 2023,2023-11-23,2023.0,2023-11-23,2023,11,1,19.6,51.4,0.425
TN/Nil/2023/CSF-42,Tamil Nadu,Nilgiri,CSF-42,NH-181,11.33547,76.8145,Debris,Slide,23 November 2023,2023-11-23,2023.0,2023-11-23,2023,11,1,19.6,51.4,0.425
TN/Nil/2023/CSF-43,Tamil Nadu,Nilgiri,CSF-43,NH-181,11.33528,76.81331,Debris,Slide,23 November 2023,2023-11-23,2023.0,2023-11-23,2023,11,1,19.6,51.4,0.425
TN/Nil/2023/CSF-44,Tamil Nadu,Nilgiri,CSF-44,NH-181,11.33536,76.81286,Earth,Slide,23 November 2023,2023-11-23,2023.0,2023-11-23,2023,11,1,19.6,51.4,0.425
TN/Nil/2023/CSF-45,Tamil Nadu,Nilgiri,CSF-45,NH-181,11.33536,76.81281,Earth,Slide,23 November 2023,2023-11-23,2023.0,2023-11-23,2023,11,1,19.6,51.4,0.425
TN/Nil/2023/CSF-46,Tamil Nadu,Nilgiri,CSF-46,NH-181,11.33433,76.81244,Earth,Slide,23 November 2023,2023-11-23,2023.0,2023-11-23,2023,11,1,19.6,51.4,0.425
TN/Nil/2023/CSF-47,Tamil Nadu,Nilgiri,CSF-47,NH-181,11.33231,76.80869,Earth,Slide,23 November 2023,2023-11-23,2023.0,2023-11-23,2023,11,1,19.6,51.4,0.425
TN/Nil/2023/CSF-48,Tamil Nadu,Nilgiri,CSF-48,NH-181,11.33042,76.80783,Earth,Slide,23 November 2023,2023-11-23,2023.0,2023-11-23,2023,11,1,19.6,51.4,0.425
TN/Nil/2023/CSF-49,Tamil Nadu,Nilgiri,CSF-49,NH-181,11.32925,76.80642,Earth,Slide,23 November 2023,2023-11-23,2023.0,2023-11-23,2023,11,1,,,
TN/Nil/2023/CSF-5,Tamil Nadu,Nilgiri,CSF-5,NH-181,11.33842,76.86083,Debris,Slide,23 November 2023,2023-11-23,2023.0,2023-11-23,2023,11,1,12.0,39.2,0.404
TN/Nil/2023/CSF-50,Tamil Nadu,Nilgiri,CSF-50,NH-181,11.33147,76.80142,Debris,Slide,23 November 2023,2023-11-23,2023.0,2023-11-23,2023,11,1,19.6,51.4,0.425
TN/Nil/2023/CSF-51,Tamil Nadu,Nilgiri,CSF-51,NH-181,11.33128,76.79947,Earth,Slide,23 November 2023,2023-11-23,2023.0,2023-11-23,2023,11,1,17.8,41.9,0.425
TN/Nil/2023/CSF-52,Tamil Nadu,Nilgiri,CSF-52,NH-181,11.33128,76.79944,Earth,Slide,23 November 2023,2023-11-23,2023.0,2023-11-23,2023,11,1,17.8,41.9,0.425
TN/Nil/2023/CSF-53,Tamil Nadu,Nilgiri,CSF-53,NH-181,11.33244,76.79422,Earth,Slide,23 November 2023,2023-11-23,2023.0,2023-11-23,2023,11,1,17.8,41.9,0.425
TN/Nil/2023/CSF-54,Tamil Nadu,Nilgiri,CSF-54,NH-181,11.33461,76.79083,Earth,Slide,23 November 2023,2023-11-23,2023.0,2023-11-23,2023,11,1,17.8,41.9,0.425
TN/Nil/2023/CSF-55,Tamil Nadu,Nilgiri,CSF-55,NH-181,11.33372,76.79764,Debris,Slide,23 November 2023,2023-11-23,2023.0,2023-11-23,2023,11,1,17.8,41.9,0.425
TN/Nil/2023/CSF-56,Tamil Nadu,Nilgiri,CSF-56,NH-181,11.33406,76.79825,Debris,Slide,23 November 2023,2023-11-23,2023.0,2023-11-23,2023,11,1,17.8,41.9,0.425
TN/Nil/2023/CSF-57,Tamil Nadu,Nilgiri,CSF-57,NH-181,11.33406,76.79831,Debris,Slide,23 November 2023,2023-11-23,2023.0,2023-11-23,2023,11,1,17.8,41.9,0.425
TN/Nil/2023/CSF-58,Tamil Nadu,Nilgiri,CSF-58,NH-181,11.33597,76.79875,Debris,Slide,23 November 2023,2023-11-23,2023.0,2023-11-23,2023,11,1,,,
TN/Nil/2023/CSF-59,Tamil Nadu,Nilgiri,CSF-59,NH-181,11.33646,76.79841,Rock,Fall,23 November 2023,2023-11-23,2023.0,2023-11-23,2023,11,1,17.8,41.9,0.425
TN/Nil/2023/CSF-6,Tamil Nadu,Nilgiri,CSF-6,NH-181,11.33814,76.86067,Earth,Slide,23 November 2023,2023-11-23,2023.0,2023-11-23,2023,11,1,12.0,39.2,0.404
TN/Nil/2023/CSF-60,Tamil Nadu,Nilgiri,CSF-60,NH-181,11.34025,76.79775,Debris,Slide,23 November 2023,2023-11-23,2023.0,2023-11-23,2023,11,1,17.8,41.9,0.425
TN/Nil/2023/CSF-61,Tamil Nadu,Nilgiri,CSF-61,NH-181,11.34058,76.79775,Earth,Slide,23 November 2023,2023-11-23,2023.0,2023-11-23,2023,11,1,17.8,41.9,0.425
TN/Nil/2023/CSF-62,Tamil Nadu,Nilgiri,CSF-62,NH-181,11.341,76.79756,Debris,Slide,23 November 2023,2023-11-23,2023.0,2023-11-23,2023,11,1,17.8,41.9,0.425
TN/Nil/2023/CSF-63,Tamil Nadu,Nilgiri,CSF-63,NH-181,11.34175,76.79606,Earth,Slide,23 November 2023,2023-11-23,2023.0,2023-11-23,2023,11,1,,,
TN/Nil/2023/CSF-64,Tamil Nadu,Nilgiri,CSF-64,NH-181,11.34181,76.79556,Debris,Slide,23 November 2023,2023-11-23,2023.0,2023-11-23,2023,11,1,17.8,41.9,0.425
TN/Nil/2023/CSF-65,Tamil Nadu,Nilgiri,CSF-65,NH-181,11.34208,76.79533,Earth,Slide,23 November 2023,2023-11-23,2023.0,2023-11-23,2023,11,1,17.8,41.9,0.425
TN/Nil/2023/CSF-66,Tamil Nadu,Nilgiri,CSF-66,NH-181,11.34481,76.79025,Earth,Slide,23 November 2023,2023-11-23,2023.0,2023-11-23,2023,11,1,,,
TN/Nil/2023/CSF-67,Tamil Nadu,Nilgiri,CSF-67,NH-181,11.345,76.79022,Earth,Slide,23 November 2023,2023-11-23,2023.0,2023-11-23,2023,11,1,17.8,41.9,0.425
TN/Nil/2023/CSF-68,Tamil Nadu,Nilgiri,CSF-68,NH-181,11.34569,76.78942,Earth,Slide,23 November 2023,2023-11-23,2023.0,2023-11-23,2023,11,1,17.8,41.9,0.425
TN/Nil/2023/CSF-69,Tamil Nadu,Nilgiri,CSF-69,NH-181,11.34597,76.78917,Debris,Slide,23 November 2023,2023-11-23,2023.0,2023-11-23,2023,11,1,17.8,41.9,0.425
TN/Nil/2023/CSF-7,Tamil Nadu,Nilgiri,CSF-7,NH-181,11.33906,76.8575,Debris,Slide,23 November 2023,2023-11-23,2023.0,2023-11-23,2023,11,1,12.0,39.2,0.404
TN/Nil/2023/CSF-70,Tamil Nadu,Nilgiri,CSF-70,NH-181,11.34758,76.78822,Debris,Slide,23 November 2023,2023-11-23,2023.0,2023-11-23,2023,11,1,17.8,41.9,0.425
TN/Nil/2023/CSF-71,Tamil Nadu,Nilgiri,CSF-71,NH-181,11.3495,76.78722,Earth,Slide,23 November 2023,2023-11-23,2023.0,2023-11-23,2023,11,1,17.8,41.9,0.425
TN/Nil/2023/CSF-72,Tamil Nadu,Nilgiri,CSF-72,NH-181,11.34973,76.7869,Earth,Slide,23 November 2023,2023-11-23,2023.0,2023-11-23,2023,11,1,17.8,41.9,0.425
TN/Nil/2023/CSF-73,Tamil Nadu,Nilgiri,CSF-73,NH-181,11.34958,76.78603,Earth,Slide,23 November 2023,2023-11-23,2023.0,2023-11-23,2023,11,1,17.8,41.9,0.425
TN/Nil/2023/CSF-74,Tamil Nadu,Nilgiri,CSF-74,NH-181,11.34961,76.78558,Earth,Slide,23 November 2023,2023-11-23,2023.0,2023-11-23,2023,11,1,17.8,41.9,0.425
TN/Nil/2023/CSF-75,Tamil Nadu,Nilgiri,CSF-75,NH-181,11.35036,76.78528,Debris,Slide,23 November 2023,2023-11-23,2023.0,2023-11-23,2023,11,1,17.8,41.9,0.425
TN/Nil/2023/CSF-76,Tamil Nadu,Nilgiri,CSF-76,NH-181,11.35256,76.78483,Earth,Slide,23 November 2023,2023-11-23,2023.0,2023-11-23,2023,11,1,17.8,41.9,0.425
TN/Nil/2023/CSF-77,Tamil Nadu,Nilgiri,CSF-77,NH-181,11.35333,76.785,Debris,Slide,23 November 2023,2023-11-23,2023.0,2023-11-23,2023,11,1,17.8,41.9,0.425
TN/Nil/2023/CSF-78,Tamil Nadu,Nilgiri,CSF-78,NH-181,11.35414,76.78528,Debris,Slide,23 November 2023,2023-11-23,2023.0,2023-11-23,2023,11,1,17.8,41.9,0.425
TN/Nil/2023/CSF-79,Tamil Nadu,Nilgiri,CSF-79,NH-181,11.35983,76.78161,Debris,Slide,23 November 2023,2023-11-23,2023.0,2023-11-23,2023,11,1,17.8,41.9,0.425
TN/Nil/2023/CSF-8,Tamil Nadu,Nilgiri,CSF-8,NH-181,11.33956,76.85731,Earth,Slide,23 November 2023,2023-11-23,2023.0,2023-11-23,2023,11,1,12.0,39.2,0.404
TN/Nil/2023/CSF-80,Tamil Nadu,Nilgiri,CSF-80,NH-181,11.36067,76.78136,Debris,Slide,23 November 2023,2023-11-23,2023.0,2023-11-23,2023,11,1,17.8,41.9,0.425
TN/Nil/2023/CSF-81,Tamil Nadu,Nilgiri,CSF-81,NH-181,11.36231,76.7795,Earth,Slide,23 November 2023,2023-11-23,2023.0,2023-11-23,2023,11,1,17.8,41.9,0.425
TN/Nil/2023/CSF-82,Tamil Nadu,Nilgiri,CSF-82,NH-181,11.36292,76.77873,Earth,Slide,23 November 2023,2023-11-23,2023.0,2023-11-23,2023,11,1,17.8,41.9,0.425
TN/Nil/2023/CSF-83,Tamil Nadu,Nilgiri,CSF-83,NH-181,11.36631,76.77342,Earth,Slide,23 November 2023,2023-11-23,2023.0,2023-11-23,2023,11,1,17.8,41.9,0.425
TN/Nil/2023/CSF-84,Tamil Nadu,Nilgiri,CSF-84,NH-181,11.36644,76.77225,Earth,Slide,23 November 2023,2023-11-23,2023.0,2023-11-23,2023,11,1,17.8,41.9,0.425
TN/Nil/2023/CSF-85,Tamil Nadu,Nilgiri,CSF-85,NH-181,11.3665,76.77164,Debris,Slide,23 November 2023,2023-11-23,2023.0,2023-11-23,2023,11,1,17.8,41.9,0.425
TN/Nil/2023/CSF-86,Tamil Nadu,Nilgiri,CSF-86,NH-181,11.3665,76.77125,Debris,Slide,23 November 2023,2023-11-23,2023.0,2023-11-23,2023,11,1,17.8,41.9,0.425
TN/Nil/2023/CSF-87,Tamil Nadu,Nilgiri,CSF-87,NH-181,11.36659,76.77039,Debris,Slide,23 November 2023,2023-11-23,2023.0,2023-11-23,2023,11,1,17.8,41.9,0.425
TN/Nil/2023/CSF-88,Tamil Nadu,Nilgiri,CSF-88,NH-181,11.36706,76.76914,Debris,Slide,23 November 2023,2023-11-23,2023.0,2023-11-23,2023,11,1,17.8,41.9,0.425
TN/Nil/2023/CSF-89,Tamil Nadu,Nilgiri,CSF-89,NH-181,11.36689,76.76739,Debris,Slide,23 November 2023,2023-11-23,2023.0,2023-11-23,2023,11,1,17.8,41.9,0.425
TN/Nil/2023/CSF-9,Tamil Nadu,Nilgiri,CSF-9,NH-181,11.34003,76.85708,Debris,Slide,23 November 2023,2023-11-23,2023.0,2023-11-23,2023,11,1,12.0,39.2,0.404
TN/Nil/2023/CSF-90,Tamil Nadu,Nilgiri,CSF-90,NH-181,11.34333,76.79572,Earth,Slide,23 November 2023,2023-11-23,2023.0,2023-11-23,2023,11,1,17.8,41.9,0.425
TN/Nil/58A11/2023/100,Tamil Nadu,Nilgiri,Kothagiri slide,Kothagiri to Mettupalayam road SH-15 (Near Melthattapallam village),11.3837739,76.89157885,Debris,Slide,23 November 2023,2023-11-23,2023.0,2023-11-23,2023,11,1,19.6,51.4,0.425
TN/Nil/58A11/2023/101,Tamil Nadu,Nilgiri,Kothagiri slide,Kothagiri to Mettupalayam road SH-15,11.38272038,76.89171657,Earth,Slide,23 November 2023,2023-11-23,2023.0,2023-11-23,2023,11,1,19.6,51.4,0.425
TN/Nil/58A11/2023/102,Tamil Nadu,Nilgiri,Kothagiri slide,Kothagiri to Mettupalayam road SH-15,11.3825477,76.89280582,Debris,Slide,23 November 2023,2023-11-23,2023.0,2023-11-23,2023,11,1,19.6,51.4,0.425
TN/Nil/58A11/2023/103,Tamil Nadu,Nilgiri,Kothagiri slide,Kothagiri to Mettupalayam road SH-15,11.38051118,76.89818045,Debris,Slide,23 November 2023,2023-11-23,2023.0,2023-11-23,2023,11,1,19.6,51.4,0.425
TN/Nil/58A11/2023/104,Tamil Nadu,Nilgiri,Kothagiri slide,Kothagiri to Mettupalayam road SH-15,11.38437302,76.90040614,Debris,Slide,23 November 2023,2023-11-23,2023.0,2023-11-23,2023,11,1,19.6,51.4,0.425
TN/Nil/58A11/2023/105,Tamil Nadu,Nilgiri,Kothagiri slide,Kothagiri to Mettupalayam road SH-15,11.37317615,76.90097896,Debris,Slide,23 November 2023,2023-11-23,2023.0,2023-11-23,2023,11,1,19.6,51.4,0.425
TN/Nil/58A11/2023/106,Tamil Nadu,Nilgiri,Kothagiri slide,Kothagiri to Mettupalayam road SH-15,11.36943894,76.90015075,Debris,Slide,23 November 2023,2023-11-23,2023.0,2023-11-23,2023,11,1,19.6,51.4,0.425
TN/Nil/58A11/2023/107,Tamil Nadu,Nilgiri,Kothagiri slide,Kothagiri to Mettupalayam road SH-15,11.36671495,76.89784123,Debris,Slide,23 November 2023,2023-11-23,2023.0,2023-11-23,2023,11,1,19.6,51.4,0.425
TN/Nil/58A11/2023/108,Tamil Nadu,Nilgiri,Kothagiri slide,Kothagiri to Mettupalayam road SH-15,11.36658063,76.89767177,Debris,Slide,23 November 2023,2023-11-23,2023.0,2023-11-23,2023,11,1,19.6,51.4,0.425
TN/Nil/58A11/2023/109,Tamil Nadu,Nilgiri,Kothagiri slide,Kothagiri to Mettupalayam road SH-15,11.36596682,76.89974834,Debris,Slide,23 November 2023,2023-11-23,2023.0,2023-11-23,2023,11,1,19.6,51.4,0.425
TN/Nil/58A11/2023/110,Tamil Nadu,Nilgiri,Kothagiri slide,Kothagiri to Mettupalayam road SH-15,11.36495906,76.90157783,Earth,Slide,23 November 2023,2023-11-23,2023.0,2023-11-23,2023,11,1,17.3,36.1,0.405
TN/Nil/58A11/2023/111,Tamil Nadu,Nilgiri,Kothagiri slide,Kothagiri to Mettupalayam road SH-15,11.36400221,76.9098213,Earth,Slide,23 November 2023,2023-11-23,2023.0,2023-11-23,2023,11,1,17.3,36.1,0.405
TN/Nil/58A11/2023/112,Tamil Nadu,Nilgiri,Kothagiri slide,Kothagiri to Mettupalayam road SH-15,11.36353226,76.9128616,Earth,Slide,23 November 2023,2023-11-23,2023.0,2023-11-23,2023,11,1,17.3,36.1,0.405
TN/Nil/58A11/2023/113,Tamil Nadu,Nilgiri,Kothagiri slide,Kothagiri to Mettupalayam road SH-15,11.36272917,76.91433431,Debris,Slide,23 November 2023,2023-11-23,2023.0,2023-11-23,2023,11,1,17.3,36.1,0.405
TN/Nil/58A11/2023/114,Tamil Nadu,Nilgiri,Kothagiri slide,Kothagiri to Mettupalayam road SH-15,11.36182795,76.91594312,Earth,Slide,23 November 2023,2023-11-23,2023.0,2023-11-23,2023,11,1,17.3,36.1,0.405
TN/Nil/58A11/2023/115,Tamil Nadu,Nilgiri,Kothagiri slide,Kothagiri to Mettupalayam road SH-15,11.3607386,76.91736774,Earth,Slide,23 November 2023,2023-11-23,2023.0,2023-11-23,2023,11,1,17.3,36.1,0.405
TN/Nil/58A11/2023/116,Tamil Nadu,Nilgiri,Kothagiri slide,Kothagiri to Mettupalayam road SH-15,11.36128851,76.91924593,Debris,Slide,23 November 2023,2023-11-23,2023.0,2023-11-23,2023,11,1,17.3,36.1,0.405
TN/Nil/58A11/2023/117,Tamil Nadu,Nilgiri,Kothagiri slide,Kothagiri to Mettupalayam road SH-15,11.35951023,76.91986142,Earth,Slide,23 November 2023,2023-11-23,2023.0,2023-11-23,2023,11,1,17.3,36.1,0.405
TN/Nil/58A11/2023/118,Tamil Nadu,Nilgiri,Kothagiri slide,Kothagiri to Mettupalayam road SH-15,11.35895452,76.91988671,Debris,Slide,23 November 2023,2023-11-23,2023.0,2023-11-23,2023,11,1,17.3,36.1,0.405
TN/Nil/58A11/2023/119,Tamil Nadu,Nilgiri,Kothagiri slide,Kothagiri to Mettupalayam road SH-15,11.35891845,76.92087799,Earth,Slide,23 November 2023,2023-11-23,2023.0,2023-11-23,2023,11,1,20.0,34.1,0.41
TN/Nil/58A11/2023/120,Tamil Nadu,Nilgiri,Kothagiri slide,Kothagiri to Mettupalayam road SH-15,11.35896363,76.92145754,Earth,Slide,23 November 2023,2023-11-23,2023.0,2023-11-23,2023,11,1,20.0,34.1,0.41
TN/Nil/58A11/2023/121,Tamil Nadu,Nilgiri,Kothagiri slide,Kothagiri to Mettupalayam road SH-15,11.35744628,76.92692457,Earth,Slide,23 November 2023,2023-11-23,2023.0,2023-11-23,2023,11,1,20.0,34.1,0.41
TN/Nil/58A11/2023/122,Tamil Nadu,Nilgiri,Kothagiri slide,SH-15 (Kunjapanai),11.35687261,76.93210853,Earth,Slide,23 November 2023,2023-11-23,2023.0,2023-11-23,2023,11,1,20.0,34.1,0.41
TN/Nil/58A11/2023/123,Tamil Nadu,Nilgiri,Kothagiri slide,SH-15 (Mettupalayam view point),11.35629482,76.93299509,Earth,Slide,23 November 2023,2023-11-23,2023.0,2023-11-23,2023,11,1,20.0,34.1,0.41
TN/Nil/58A11/2023/124,Tamil Nadu,Nilgiri,Kothagiri slide,SH-15 (Near Mettupalayam view point),11.35809188,76.93395232,Debris,Slide,23 November 2023,2023-11-23,2023.0,2023-11-23,2023,11,1,20.0,34.1,0.41
TN/Nil/58A11/2023/125,Tamil Nadu,Nilgiri,Kothagiri slide,SH-15,11.35886681,76.93557575,Earth,Slide,23 November 2023,2023-11-23,2023.0,2023-11-23,2023,11,1,20.0,34.1,0.41
TN/Nil/58A11/2023/126,Tamil Nadu,Nilgiri,Kothagiri slide,SH-15,11.3599745,76.93761436,Debris,Slide,23 November 2023,2023-11-23,2023.0,2023-11-23,2023,11,1,20.0,34.1,0.41
TN/Nil/58A11/2023/127,Tamil Nadu,Nilgiri,Kothagiri slide,SH-15 (Hair pin bend-4),11.36019869,76.93834319,Debris,Slide,23 November 2023,2023-11-23,2023.0,2023-11-23,2023,11,1,20.0,34.1,0.41
TN/Nil/58A11/2023/128,Tamil Nadu,Nilgiri,Kothagiri slide,SH-15,11.35951049,76.93782025,Earth,Slide,23 November 2023,2023-11-23,2023.0,2023-11-23,2023,11,1,20.0,34.1,0.41
TN/Nil/58A11/2023/129,Tamil Nadu,Nilgiri,Kothagiri slide,SH-15 (Hair pin bend-5),11.35879872,76.93760927,Debris,Slide,23 November 2023,2023-11-23,2023.0,2023-11-23,2023,11,1,20.0,34.1,0.41
TN/Nil/58A11/2023/130,Tamil Nadu,Nilgiri,Kothagiri slide,SH-15,11.3596238,76.93847834,Debris,Slide,23 November 2023,2023-11-23,2023.0,2023-11-23,2023,11,1,20.0,34.1,0.41
TN/Nil/58A11/2023/131,Tamil Nadu,Nilgiri,Kothagiri slide,SH-15,11.36079743,76.93940047,Debris,Slide,23 November 2023,2023-11-23,2023.0,2023-11-23,2023,11,1,20.0,34.1,0.41
TN/Nil/58A11/2023/132,Tamil Nadu,Nilgiri,Kothagiri slide,SH-15,11.36052844,76.94006873,Debris,Slide,23 November 2023,2023-11-23,2023.0,2023-11-23,2023,11,1,20.0,34.1,0.41
TN/Nil/58A11/2023/133,Tamil Nadu,Nilgiri,Kothagiri slide,SH-15,11.36007456,76.94174795,Earth,Slide,23 November 2023,2023-11-23,2023.0,2023-11-23,2023,11,1,20.0,34.1,0.41
TN/Nil/58A11/2023/134,Tamil Nadu,Nilgiri,Kothagiri slide,SH-15,11.35988891,76.94218111,Earth,Slide,23 November 2023,2023-11-23,2023.0,2023-11-23,2023,11,1,20.0,34.1,0.41
TN/Nil/58A11/2023/135,Tamil Nadu,Nilgiri,Kothagiri slide,SH-15,11.35992556,76.94277581,Earth,Slide,23 November 2023,2023-11-23,2023.0,2023-11-23,2023,11,1,20.0,34.1,0.41
TN/Nil/58A11/2023/136,Tamil Nadu,Nilgiri,Kothagiri slide,SH-15,11.3613242,76.94567928,Debris,Slide,23 November 2023,2023-11-23,2023.0,2023-11-23,2023,11,1,20.0,34.1,0.41
TN/Nil/58A11/2023/137,Tamil Nadu,Nilgiri,Kothagiri slide,SH-15,11.35991999,76.9427611,Debris,Slide,23 November 2023,2023-11-23,2023.0,2023-11-23,2023,11,1,20.0,34.1,0.41
TN/Nil/58A11/2023/138,Tamil Nadu,Nilgiri,Kothagiri slide,SH-15,11.36168682,76.94604898,Debris,Slide,23 November 2023,2023-11-23,2023.0,2023-11-23,2023,11,1,20.0,34.1,0.41
TN/Nil/58A11/2023/139,Tamil Nadu,Nilgiri,Kothagiri slide,SH-15,11.36209752,76.94641095,Debris,Slide,23 November 2023,2023-11-23,2023.0,2023-11-23,2023,11,1,20.0,34.1,0.41
TN/Nil/58A11/2023/140,Tamil Nadu,Nilgiri,Kothagiri slide,SH-15,11.36256559,76.94760942,Debris,Slide,23 November 2023,2023-11-23,2023.0,2023-11-23,2023,11,1,20.0,34.1,0.41
TN/Nil/58A11/2023/141,Tamil Nadu,Nilgiri,Kothagiri slide,SH-15,11.36214007,76.94926543,Earth,Slide,23 November 2023,2023-11-23,2023.0,2023-11-23,2023,11,1,20.0,34.1,0.41
TN/Nil/58A11/2023/142,Tamil Nadu,Nilgiri,Kothagiri slide,SH-15,11.36206926,76.9497801,Earth,Slide,23 November 2023,2023-11-23,2023.0,2023-11-23,2023,11,1,20.0,34.1,0.41
TN/Nil/58A11/2023/143,Tamil Nadu,Nilgiri,Kothagiri slide,SH-15,11.36176027,76.95017151,Earth,Slide,23 November 2023,2023-11-23,2023.0,2023-11-23,2023,11,1,20.0,34.1,0.41
TN/Nil/58A11/2023/144,Tamil Nadu,Nilgiri,Kothagiri slide,SH-15,11.36127232,76.95066827,Debris,Slide,23 November 2023,2023-11-23,2023.0,2023-11-23,2023,11,1,20.0,34.1,0.41
TN/Nil/58A11/2023/145,Tamil Nadu,Nilgiri,Kothagiri slide,SH-15,11.36214007,76.94926543,Debris,Slide,23 November 2023,2023-11-23,2023.0,2023-11-23,2023,11,1,20.0,34.1,0.41
TN/Nil/58A11/2023/146,Tamil Nadu,Nilgiri,Kothagiri slide,SH-15,11.36054865,76.94816795,Debris,Slide,23 November 2023,2023-11-23,2023.0,2023-11-23,2023,11,1,20.0,34.1,0.41
TN/Nil/58A11/2023/147,Tamil Nadu,Nilgiri,Kothagiri slide,SH-15,11.35960568,76.94661845,Debris,Slide,23 November 2023,2023-11-23,2023.0,2023-11-23,2023,11,1,20.0,34.1,0.41
TN/Nil/58A11/2023/148,Tamil Nadu,Nilgiri,Kothagiri slide,SH-15,11.35914057,76.94630165,Debris,Slide,23 November 2023,2023-11-23,2023.0,2023-11-23,2023,11,1,20.0,34.1,0.41
TN/Nil/58A11/2023/149,Tamil Nadu,Nilgiri,Kothagiri slide,SH-15,11.35809154,76.94533891,Debris,Slide,23 November 2023,2023-11-23,2023.0,2023-11-23,2023,11,1,20.0,34.1,0.41
TN/Nil/58A11/2023/150,Tamil Nadu,Nilgiri,Kothagiri slide,SH-15,11.35649634,76.94579092,Debris,Slide,23 November 2023,2023-11-23,2023.0,2023-11-23,2023,11,1,20.0,34.1,0.41
TN/Nil/58A11/2023/151,Tamil Nadu,Nilgiri,Kothagiri slide,SH-15,11.35763256,76.94602336,Debris,Slide,23 November 2023,2023-11-23,2023.0,2023-11-23,2023,11,1,20.0,34.1,0.41
TN/Nil/58A11/2023/152,Tamil Nadu,Nilgiri,Kothagiri slide,SH-15,11.35774289,76.94668593,Debris,Slide,23 November 2023,2023-11-23,2023.0,2023-11-23,2023,11,1,20.0,34.1,0.41
TN/Nil/58A11/2023/153,Tamil Nadu,Nilgiri,Kothagiri slide,SH-15,11.35811507,76.94959631,Earth,Slide,23 November 2023,2023-11-23,2023.0,2023-11-23,2023,11,1,20.0,34.1,0.41
TN/Nil/58A11/2023/154,Tamil Nadu,Nilgiri,Kothagiri slide,SH-15,11.35793098,76.94887613,Debris,Slide,23 November 2023,2023-11-23,2023.0,2023-11-23,2023,11,1,20.0,34.1,0.41
TN/Nil/58A11/2023/155,Tamil Nadu,Nilgiri,Kothagiri slide,SH-15,11.35760003,76.94858135,Debris,Slide,23 November 2023,2023-11-23,2023.0,2023-11-23,2023,11,1,20.0,34.1,0.41
TN/Nil/58A11/2023/156,Tamil Nadu,Nilgiri,Kothagiri slide,SH-15,11.35746737,76.9480396,Debris,Slide,23 November 2023,2023-11-23,2023.0,2023-11-23,2023,11,1,20.0,34.1,0.41
TN/Nil/58A11/2023/157,Tamil Nadu,Nilgiri,Kothagiri slide,SH-15,11.35730415,76.94762268,Debris,Slide,23 November 2023,2023-11-23,2023.0,2023-11-23,2023,11,1,20.0,34.1,0.41
TN/Nil/58A11/2023/158,Tamil Nadu,Nilgiri,Kothagiri slide,SH-15,11.35708672,76.9470253,Debris,Slide,23 November 2023,2023-11-23,2023.0,2023-11-23,2023,11,1,20.0,34.1,0.41
TN/Nil/58A11/2023/159,Tamil Nadu,Nilgiri,Kothagiri slide,SH-15,11.35680547,76.94697583,Debris,Slide,23 November 2023,2023-11-23,2023.0,2023-11-23,2023,11,1,20.0,34.1,0.41
TN/Nil/58A11/2023/160,Tamil Nadu,Nilgiri,Kothagiri slide,SH-15,11.35473266,76.94561356,Debris,Slide,23 November 2023,2023-11-23,2023.0,2023-11-23,2023,11,1,20.0,34.1,0.41
TN/Nil/58A11/2023/161,Tamil Nadu,Nilgiri,Kothagiri slide,SH-15,11.35444989,76.94379168,Debris,Slide,23 November 2023,2023-11-23,2023.0,2023-11-23,2023,11,1,20.0,34.1,0.41
TN/Nil/58A11/2023/162,Tamil Nadu,Nilgiri,Kothagiri slide,SH-15,11.35488905,76.9430774,Debris,Slide,23 November 2023,2023-11-23,2023.0,2023-11-23,2023,11,1,20.0,34.1,0.41
TN/Nil/58A11/2023/163,Tamil Nadu,Nilgiri,Kothagiri slide,SH-15,11.35450826,76.94263034,Debris,Slide,23 November 2023,2023-11-23,2023.0,2023-11-23,2023,11,1,20.0,34.1,0.41
TN/Nil/58A11/2023/164,Tamil Nadu,Nilgiri,Kothagiri slide,SH-15,11.35346901,76.94214577,Debris,Slide,23 November 2023,2023-11-23,2023.0,2023-11-23,2023,11,1,20.0,34.1,0.41
TN/Nil/58A11/2023/165,Tamil Nadu,Nilgiri,Kothagiri slide,SH-15,11.34981179,76.9411861,Debris,Slide,23 November 2023,2023-11-23,2023.0,2023-11-23,2023,11,1,20.0,34.1,0.41
TN/Nil/58A11/2023/166,Tamil Nadu,Nilgiri,Kothagiri slide,SH-15,11.34967677,76.94147878,Earth,Slide,23 November 2023,2023-11-23,2023.0,2023-11-23,2023,11,1,20.0,34.1,0.41
TN/Nil/58A11/2023/167,Tamil Nadu,Nilgiri,Kothagiri slide,SH-15,11.34962812,76.94181618,Earth,Slide,23 November 2023,2023-11-23,2023.0,2023-11-23,2023,11,1,13.4,34.1,0.364
TN/Nil/58A11/2023/168,Tamil Nadu,Nilgiri,Kothagiri slide,SH-15,11.34893439,76.94316226,Earth,Slide,23 November 2023,2023-11-23,2023.0,2023-11-23,2023,11,1,13.4,34.1,0.364
TN/Nil/58A11/2023/169,Tamil Nadu,Nilgiri,Kothagiri slide,SH-15,11.34853389,76.94340348,Earth,Slide,23 November 2023,2023-11-23,2023.0,2023-11-23,2023,11,1,13.4,34.1,0.364
TN/Nil/58A11/2023/170,Tamil Nadu,Nilgiri,Kothagiri slide,SH-15,11.34824292,76.94361365,Earth,Slide,23 November 2023,2023-11-23,2023.0,2023-11-23,2023,11,1,13.4,34.1,0.364
TN/Nil/58A11/2023/171,Tamil Nadu,Nilgiri,Kothagiri slide,SH-15,11.34809917,76.94380445,Earth,Slide,23 November 2023,2023-11-23,2023.0,2023-11-23,2023,11,1,13.4,34.1,0.364
TN/Nil/58A11/2023/172,Tamil Nadu,Nilgiri,Kothagiri slide,SH-15,11.34777823,76.94398539,Earth,Slide,23 November 2023,2023-11-23,2023.0,2023-11-23,2023,11,1,13.4,34.1,0.364
TN/Nil/58A11/2023/173,Tamil Nadu,Nilgiri,Kothagiri slide,SH-15,11.34765289,76.94450377,Debris,Slide,23 November 2023,2023-11-23,2023.0,2023-11-23,2023,11,1,13.4,34.1,0.364
TN/Nil/58A11/2023/174,Tamil Nadu,Nilgiri,Kothagiri slide,SH-15,11.34700889,76.94478131,Debris,Slide,23 November 2023,2023-11-23,2023.0,2023-11-23,2023,11,1,13.4,34.1,0.364
TN/Nil/58A11/2023/175,Tamil Nadu,Nilgiri,Kothagiri slide,SH-15,11.34612638,76.94402605,Debris,Slide,23 November 2023,2023-11-23,2023.0,2023-11-23,2023,11,1,13.4,34.1,0.364
TN/Nil/58A11/2023/176,Tamil Nadu,Nilgiri,Kothagiri slide,SH-15,11.34619369,76.94389937,Debris,Slide,23 November 2023,2023-11-23,2023.0,2023-11-23,2023,11,1,13.4,34.1,0.364
TN/Nil/58A11/2023/177,Tamil Nadu,Nilgiri,Kothagiri slide,SH-15,11.34641057,76.9435889,Debris,Slide,23 November 2023,2023-11-23,2023.0,2023-11-23,2023,11,1,13.4,34.1,0.364
TN/Nil/58A11/2023/178,Tamil Nadu,Nilgiri,Kothagiri slide,SH-15,11.34653207,76.94348491,Debris,Slide,23 November 2023,2023-11-23,2023.0,2023-11-23,2023,11,1,13.4,34.1,0.364
TN/Nil/58A11/2023/179,Tamil Nadu,Nilgiri,Kothagiri slide,SH-15,11.34677326,76.94266173,Debris,Slide,23 November 2023,2023-11-23,2023.0,2023-11-23,2023,11,1,13.4,34.1,0.364
TN/Nil/58A11/2023/180,Tamil Nadu,Nilgiri,Kothagiri slide,SH-15,11.34687267,76.94157503,Debris,Slide,23 November 2023,2023-11-23,2023.0,2023-11-23,2023,11,1,13.4,34.1,0.364
TN/Nil/58A11/2023/181,Tamil Nadu,Nilgiri,Kothagiri slide,SH-15,11.34493399,76.93814992,Debris,Slide,23 November 2023,2023-11-23,2023.0,2023-11-23,2023,11,1,13.4,34.1,0.364
TN/Nil/58A11/2023/182,Tamil Nadu,Nilgiri,Kothagiri slide,SH-15,11.34263136,76.93718243,Debris,Slide,23 November 2023,2023-11-23,2023.0,2023-11-23,2023,11,1,13.4,34.1,0.364
TN/Nil/58A11/2023/91,Tamil Nadu,Nilgiri,Kothagiri slide,Kothagiri to Mettupalayam road SH-15 (Kaithala village),11.41479928,76.87340635,Earth,Slide,23 November 2023,2023-11-23,2023.0,2023-11-23,2023,11,1,17.8,40.3,0.422
TN/Nil/58A11/2023/92,Tamil Nadu,Nilgiri,Kothagiri slide,Kothagiri to Mettupalayam road SH-15 (Aravenu village),11.40396239,76.8755371,Earth,Slide,23 November 2023,2023-11-23,2023.0,2023-11-23,2023,11,1,17.8,40.3,0.422
TN/Nil/58A11/2023/93,Tamil Nadu,Nilgiri,Kothagiri slide,Kothagiri to Mettupalayam road SH-15,11.39869649,76.88035008,Earth,Slide,23 November 2023,2023-11-23,2023.0,2023-11-23,2023,11,1,17.8,40.3,0.422
TN/Nil/58A11/2023/94,Tamil Nadu,Nilgiri,Kothagiri slide,Kothagiri to Mettupalayam road SH-15 (Kaithala village),11.39647571,76.88035008,Debris,Slide,23 November 2023,2023-11-23,2023.0,2023-11-23,2023,11,1,17.8,40.3,0.422
TN/Nil/58A11/2023/95,Tamil Nadu,Nilgiri,Kothagiri slide,Kothagiri to Mettupalayam road SH-15,11.39428321,76.88478423,Debris,Slide,23 November 2023,2023-11-23,2023.0,2023-11-23,2023,11,1,17.8,40.3,0.422
TN/Nil/58A11/2023/96,Tamil Nadu,Nilgiri,Kothagiri slide,Kothagiri to Mettupalayam road SH-15,11.39101342,76.88567563,Debris,Slide,23 November 2023,2023-11-23,2023.0,2023-11-23,2023,11,1,17.8,40.3,0.422
TN/Nil/58A11/2023/97,Tamil Nadu,Nilgiri,Kothagiri slide,Kothagiri to Mettupalayam road SH-15,11.39004228,76.89137908,Debris,Slide,23 November 2023,2023-11-23,2023.0,2023-11-23,2023,11,1,19.6,51.4,0.425
TN/Nil/58A11/2023/98,Tamil Nadu,Nilgiri,Kothagiri slide,Kothagiri to Mettupalayam road SH-15,11.38678231,76.89223945,Debris,Slide,23 November 2023,2023-11-23,2023.0,2023-11-23,2023,11,1,19.6,51.4,0.425
TN/Nil/58A11/2023/99,Tamil Nadu,Nilgiri,Kothagiri slide,Kothagiri to Mettupalayam road SH-15 (Melthattapallam village),11.38445676,76.89046944,Debris,Slide,23 November 2023,2023-11-23,2023.0,2023-11-23,2023,11,1,19.6,51.4,0.425
JK/RAM/43O3/2023/14,Jammu & Kashmir,Ramban,Hingni,NH-44,33.351361,75.177917,Debris,Flow,24 December 2023,2023-12-24,2023.0,2023-12-24,2023,12,1,0.0,1.7,0.398
JK/ BUD/43J16/2024/18,Jammu & Kashmir,Budgam,RTC-CRPF Humhama,Humhama,34.02194444,74.7625,Soil (Earth),Slide,9 January 2024,2024-01-09,2024.0,2024-01-09,2024,1,1,0.0,0.0,0.329
JK/RAM/43O3/2024/20,Jammu & Kashmir,Ramban,Kishtwari,National Highway-44 (Jammu to Srinagar),33.36625,75.18625,Rock and Debris,Rock slide.,1 February 2024,2024-02-01,2024.0,2024-02-01,2024,2,1,,,
JK/RAM/43O3/2024/22,Jammu & Kashmir,Ramban,Nachlana,Nachlana-Khari,33.362619,75.175742,Rock,Slide,3 March 2024,2024-03-03,2024.0,2024-03-03,2024,3,1,27.4,151.1,0.509
ARA/DIB/82P15/2024/01,Arunachal Pradesh,Lower Dibang Valley,,,28.38919722,95.92776111,Rock,flow,24 April 2024,2024-04-24,2024.0,2024-04-24,2024,4,1,66.9,204.7,0.428
JK/RAM/43O04/2024/01,Jammu & Kashmir,Ramban,Pernote,Road connecting Ramban and Gool,33.24235,75.20798889,Overburden material,Debris,25 April 2024,2024-04-25,2024.0,2024-04-25,2024,4,1,0.0,1.0,0.396
JK/REA/43K16/2024/14,Jammu & Kashmir,Reasi,Kuroon Kote,Kuroon Kote village,33.14553,74.97701,Debris,Slide and subsidence,2 May 2024,2024-05-02,2024.0,2024-05-02,2024,5,1,0.0,12.1,0.456
TN/CBE/58B15/2024/01,Tamil Nadu,Coimbatore,Pollachi-Valparai-Road-16th hairpin bend/35/6,SH-78,10.447257,76.984351,Rock,Slide,19 May 2024,2024-05-19,2024.0,2024-05-19,2024,5,1,16.2,114.5,0.399
TN/CBE/58B15/2024/02,Tamil Nadu,Coimbatore,Pollachi-Valparai-Road-31/8,SH-78,10.451245,76.981973,Debris,Slide,19 May 2024,2024-05-19,2024.0,2024-05-19,2024,5,1,3.0,18.0,0.317
TN/CBE/58B15/2024/03,Tamil Nadu,Coimbatore,Pollachi-Valparai-Road-31/4,SH-78,10.451802,76.981495,Debris,Slide,19 May 2024,2024-05-19,2024.0,2024-05-19,2024,5,1,3.0,18.0,0.317
TN/CBE/58B15/2024/04,Tamil Nadu,Coimbatore,Pollachi-Valparai-Road-29/10,SH-78,10.450891,76.976945,Debris,Slide,19 May 2024,2024-05-19,2024.0,2024-05-19,2024,5,1,3.0,18.0,0.317
TN/CBE/58B15/2024/05,Tamil Nadu,Coimbatore,Pollachi-Valparai-Road-30/8,SH-78,10.449755,76.976183,Rock,Slide,19 May 2024,2024-05-19,2024.0,2024-05-19,2024,5,1,3.0,18.0,0.317
TN/CBE/58B15/2024/06,Tamil Nadu,Coimbatore,Pollachi-Valparai-Road-31/2,SH-78,10.450355,76.979802,Rock,Slide,19 May 2024,2024-05-19,2024.0,2024-05-19,2024,5,1,3.0,18.0,0.317
TN/CBE/58B15/2024/07,Tamil Nadu,Coimbatore,Pollachi-Valparai-Road-31/2,SH-78,10.450497,76.97869,Rock,Slide,19 May 2024,2024-05-19,2024.0,2024-05-19,2024,5,1,3.0,18.0,0.317
TN/CBE/58B15/2024/08,Tamil Nadu,Coimbatore,Pollachi-Valparai-Road-31/2,SH-78,10.450672,76.98034,Debris,Slide,19 May 2024,2024-05-19,2024.0,2024-05-19,2024,5,1,3.0,18.0,0.317
TN/CBE/58B15/2024/09,Tamil Nadu,Coimbatore,Pollachi-Valparai-Road-27th hairpin bend-40/6,SH-78,10.431505,76.98407,Rock,Slide,19 May 2024,2024-05-19,2024.0,2024-05-19,2024,5,1,16.2,114.5,0.399
AS/K(M)/76N16/2024/01,Assam,Kamrup (Metro),Rudra Nagar Slide,"Rudra Nagar, Near Rajohuwa Namghar, Chandmari",26.19044,91.77502,Earth,Slide,24 May 2024,2024-05-24,2024.0,2024-05-24,2024,5,1,2.5,3.7,0.399
MIZ/AZL/2024/358,Mizoram,Aizawl,,,23.60111111,92.75888889,Debris,Slide,26 May 2024,2024-05-26,2024.0,2024-05-26,2024,5,1,16.4,52.1,0.37
MEG/EKH/78O14/2024/01,Meghalaya,East Khasi Hills,,,25.6251,91.9118,Slope cut debris (weathered quartzite),Slide,27 May 2024,2024-05-27,2024.0,2024-05-27,2024,5,1,61.5,75.1,0.508
7246,Meghalaya,Eastern-West Khasi Hill,,Mairang-Guwahati Road,25.68798889,91.65838889,Debris,Slide,28 May 2024,2024-05-28,2024.0,2024-05-28,2024,5,1,72.8,139.1,0.51
7247,Meghalaya,Eastern-West Khasi Hill,,Nongkhlaw-Guwahati Road,25.68805,91.66653,Debris,Slide,28 May 2024,2024-05-28,2024.0,2024-05-28,2024,5,1,,,
6892,Meghalaya,South West Khasi Hills,Wamney,Village Road,25.39295833,91.55163333,Debris,Slide,28 May 2024,2024-05-28,2024.0,2024-05-28,2024,5,1,128.0,217.3,0.511
ME/SWK/2025/4,Meghalaya,South West Khasi Hills,Mawkyllung,Mawkyllung-Nongstoin Road,25.40288611,91.43424167,Debris,Fall,28 May 2024,2024-05-28,2024.0,2024-05-28,2024,5,1,106.1,199.5,0.51
MIZ/AZL/2024/220,Mizoram,Aizawl,,,23.60861111,92.85055556,Debris,Slide,28 May 2024,2024-05-28,2024.0,2024-05-28,2024,5,1,69.5,102.1,0.425
MIZ/AZL/2024/228,Mizoram,Aizawl,,,23.73222222,92.75,Debris,Slide,28 May 2024,2024-05-28,2024.0,2024-05-28,2024,5,1,68.0,108.3,0.426
MIZ/AZL/2024/229,Mizoram,Aizawl,,,23.73194444,92.75,Debris,Slide,28 May 2024,2024-05-28,2024.0,2024-05-28,2024,5,1,68.0,108.3,0.426
MIZ/AZL/2024/230,Mizoram,Aizawl,,,23.74083333,92.74111111,Debris,Slide,28 May 2024,2024-05-28,2024.0,2024-05-28,2024,5,1,68.0,108.3,0.426
MIZ/AZL/2024/235,Mizoram,Aizawl,,,23.76972222,92.74472222,Earth,Slide,28 May 2024,2024-05-28,2024.0,2024-05-28,2024,5,1,58.6,98.0,0.426
MIZ/AZL/2024/247,Mizoram,Aizawl,,,23.74916667,92.69416667,Debris,Slide,28 May 2024,2024-05-28,2024.0,2024-05-28,2024,5,1,68.8,125.9,0.427
MIZ/AZL/2024/254,Mizoram,Aizawl,,,23.69277778,92.72055556,Debris,Slide,28 May 2024,2024-05-28,2024.0,2024-05-28,2024,5,1,78.0,120.5,0.426
MIZ/AZL/2024/265,Mizoram,Aizawl,,,23.70972222,92.72222222,Debris,Slide,28 May 2024,2024-05-28,2024.0,2024-05-28,2024,5,1,68.0,108.3,0.426
MIZ/AZL/2024/266,Mizoram,Aizawl,,,23.69944444,92.71972222,Debris,Complex,28 May 2024,2024-05-28,2024.0,2024-05-28,2024,5,1,68.0,108.3,0.426
MIZ/AZL/2024/278,Mizoram,Aizawl,,,23.66416667,92.72055556,Debris,Complex,28 May 2024,2024-05-28,2024.0,2024-05-28,2024,5,1,78.0,120.5,0.426
MIZ/AZL/2024/279,Mizoram,Aizawl,,,23.66055556,92.72527778,Debris,Slide,28 May 2024,2024-05-28,2024.0,2024-05-28,2024,5,1,78.0,120.5,0.426
MIZ/AZL/2024/280,Mizoram,Aizawl,,,23.66,92.72638889,Debris,Slide,28 May 2024,2024-05-28,2024.0,2024-05-28,2024,5,1,78.0,120.5,0.426
MIZ/AZL/2024/281,Mizoram,Aizawl,,,23.65527778,92.72694444,Debris,Slide,28 May 2024,2024-05-28,2024.0,2024-05-28,2024,5,1,78.0,120.5,0.426
MIZ/AZL/2024/282,Mizoram,Aizawl,,,23.65138889,92.72694444,Debris,Slide,28 May 2024,2024-05-28,2024.0,2024-05-28,2024,5,1,78.0,120.5,0.426
MIZ/AZL/2024/283,Mizoram,Aizawl,,,23.64555556,92.72444444,Debris,Slide,28 May 2024,2024-05-28,2024.0,2024-05-28,2024,5,1,78.0,120.5,0.426
MIZ/AZL/2024/285,Mizoram,Aizawl,,,23.64444444,92.72527778,Debris,Complex,28 May 2024,2024-05-28,2024.0,2024-05-28,2024,5,1,78.0,120.5,0.426
MIZ/AZL/2024/286,Mizoram,Aizawl,,,23.64166667,92.72416667,Debris,Slide,28 May 2024,2024-05-28,2024.0,2024-05-28,2024,5,1,78.0,120.5,0.426
MIZ/AZL/2024/287,Mizoram,Aizawl,,,23.64083333,92.72472222,Debris,Slide,28 May 2024,2024-05-28,2024.0,2024-05-28,2024,5,1,78.0,120.5,0.426
MIZ/AZL/2024/288,Mizoram,Aizawl,,,23.6375,92.72277778,Debris,Slide,28 May 2024,2024-05-28,2024.0,2024-05-28,2024,5,1,78.0,120.5,0.426
MIZ/AZL/2024/294,Mizoram,Aizawl,,,23.62611111,92.72638889,Debris,Slide,28 May 2024,2024-05-28,2024.0,2024-05-28,2024,5,1,86.1,119.8,0.427
MIZ/AZL/2024/295,Mizoram,Aizawl,,,23.6325,92.72388889,Debris,Slide,28 May 2024,2024-05-28,2024.0,2024-05-28,2024,5,1,78.0,120.5,0.426
MIZ/AZL/2024/297,Mizoram,Aizawl,,,23.62972222,92.72555556,Debris,Slide,28 May 2024,2024-05-28,2024.0,2024-05-28,2024,5,1,78.0,120.5,0.426
MIZ/AZL/2024/302,Mizoram,Aizawl,,,23.61611111,92.71722222,Debris,Slide,28 May 2024,2024-05-28,2024.0,2024-05-28,2024,5,1,86.1,119.8,0.427
MIZ/AZL/2024/305,Mizoram,Aizawl,,,23.61861111,92.72611111,Debris,Slide,28 May 2024,2024-05-28,2024.0,2024-05-28,2024,5,1,86.1,119.8,0.427
MIZ/AZL/2024/306,Mizoram,Aizawl,,,23.60555556,92.725,Debris,Slide,28 May 2024,2024-05-28,2024.0,2024-05-28,2024,5,1,86.1,119.8,0.427
MIZ/AZL/2024/312,Mizoram,Aizawl,,,23.59194444,92.75055556,Debris,Slide,28 May 2024,2024-05-28,2024.0,2024-05-28,2024,5,1,86.1,119.8,0.427
MIZ/AZL/2024/313,Mizoram,Aizawl,,,23.595,92.81611111,Earth,Slide,28 May 2024,2024-05-28,2024.0,2024-05-28,2024,5,1,69.5,102.1,0.425
MIZ/AZL/2024/319,Mizoram,Aizawl,,,23.60861111,92.80972222,Debris,Slide,28 May 2024,2024-05-28,2024.0,2024-05-28,2024,5,1,78.0,120.5,0.426
MIZ/AZL/2024/323,Mizoram,Aizawl,,,23.60972222,92.80916667,Debris,Slide,28 May 2024,2024-05-28,2024.0,2024-05-28,2024,5,1,78.0,120.5,0.426
MIZ/AZL/2024/324,Mizoram,Aizawl,,,23.61361111,92.80777778,Earth,Slide,28 May 2024,2024-05-28,2024.0,2024-05-28,2024,5,1,78.0,120.5,0.426
MIZ/AZL/2024/327,Mizoram,Aizawl,,,23.61222222,92.80527778,Debris,Slide,28 May 2024,2024-05-28,2024.0,2024-05-28,2024,5,1,78.0,120.5,0.426
MIZ/AZL/2024/328,Mizoram,Aizawl,,,23.61138889,92.80333333,Debris,Slide,28 May 2024,2024-05-28,2024.0,2024-05-28,2024,5,1,78.0,120.5,0.426
MIZ/AZL/2024/342,Mizoram,Aizawl,,,23.61611111,92.79777778,Debris,Complex,28 May 2024,2024-05-28,2024.0,2024-05-28,2024,5,1,78.0,120.5,0.426
MIZ/AZL/2024/343,Mizoram,Aizawl,,,23.61472222,92.79583333,Debris,Complex,28 May 2024,2024-05-28,2024.0,2024-05-28,2024,5,1,78.0,120.5,0.426
MIZ/AZL/2024/344,Mizoram,Aizawl,,,23.615,92.79222222,Debris,Slide,28 May 2024,2024-05-28,2024.0,2024-05-28,2024,5,1,78.0,120.5,0.426
MIZ/AZL/2024/346,Mizoram,Aizawl,,,23.61861111,92.79,Debris,Slide,28 May 2024,2024-05-28,2024.0,2024-05-28,2024,5,1,78.0,120.5,0.426
MIZ/AZL/2024/350,Mizoram,Aizawl,,,23.62333333,92.78888889,Debris,Slide,28 May 2024,2024-05-28,2024.0,2024-05-28,2024,5,1,78.0,120.5,0.426
MIZ/AZL/2024/352,Mizoram,Aizawl,,,23.62527778,92.78638889,Debris,Slide,28 May 2024,2024-05-28,2024.0,2024-05-28,2024,5,1,78.0,120.5,0.426
MIZ/AZL/2024/365,Mizoram,Aizawl,,,23.59527778,92.71722222,Debris,Complex,28 May 2024,2024-05-28,2024.0,2024-05-28,2024,5,1,86.1,119.8,0.427
MIZ/AZL/2024/366,Mizoram,Aizawl,,,23.59055556,92.71611111,Debris,Slide,28 May 2024,2024-05-28,2024.0,2024-05-28,2024,5,1,86.1,119.8,0.427
MIZ/AZL/2024/367,Mizoram,Aizawl,,,23.59027778,92.71583333,Earth,Slide,28 May 2024,2024-05-28,2024.0,2024-05-28,2024,5,1,86.1,119.8,0.427
MIZ/AZL/2024/382,Mizoram,Aizawl,,,23.57138889,92.70972222,Debris,Slide,28 May 2024,2024-05-28,2024.0,2024-05-28,2024,5,1,86.1,119.8,0.427
MIZ/AZL/2024/383,Mizoram,Aizawl,,,23.57055556,92.70888889,Debris,Complex,28 May 2024,2024-05-28,2024.0,2024-05-28,2024,5,1,86.1,119.8,0.427
MIZ/AZL/2024/384,Mizoram,Aizawl,,,23.57027778,92.70722222,Debris,Complex,28 May 2024,2024-05-28,2024.0,2024-05-28,2024,5,1,86.1,119.8,0.427
MIZ/AZL/2024/385,Mizoram,Aizawl,,,23.55388889,92.70472222,Debris,Slide,28 May 2024,2024-05-28,2024.0,2024-05-28,2024,5,1,78.3,116.8,0.428
MIZ/AZL/2024/386,Mizoram,Aizawl,,,23.55444444,92.70527778,Debris,Slide,28 May 2024,2024-05-28,2024.0,2024-05-28,2024,5,1,78.3,116.8,0.428
MIZ/AZL/2024/389,Mizoram,Aizawl,,,23.55,92.70444444,Debris,Slide,28 May 2024,2024-05-28,2024.0,2024-05-28,2024,5,1,78.3,116.8,0.428
MIZ/AZL/2024/390,Mizoram,Aizawl,,,23.53222222,92.735,Rock,Slide,28 May 2024,2024-05-28,2024.0,2024-05-28,2024,5,1,78.3,116.8,0.428
MIZ/AZL/2024/401,Mizoram,Aizawl,,,23.53555556,92.72333333,Debris,Slide,28 May 2024,2024-05-28,2024.0,2024-05-28,2024,5,1,78.3,116.8,0.428
MIZ/AZL/2024/409,Mizoram,Aizawl,,,23.54833333,92.71083333,Debris,Slide,28 May 2024,2024-05-28,2024.0,2024-05-28,2024,5,1,78.3,116.8,0.428
MIZ/AZL/2024/414,Mizoram,Aizawl,,,23.54888889,92.70555556,Debris,Complex,28 May 2024,2024-05-28,2024.0,2024-05-28,2024,5,1,78.3,116.8,0.428
MIZ/AZL/2024/415,Mizoram,Aizawl,,,23.545,92.70333333,Debris,Slide,28 May 2024,2024-05-28,2024.0,2024-05-28,2024,5,1,78.3,116.8,0.428
MIZ/AZL/2024/416,Mizoram,Aizawl,,,23.54027778,92.70138889,Debris,Complex,28 May 2024,2024-05-28,2024.0,2024-05-28,2024,5,1,78.3,116.8,0.428
MIZ/AZL/2024/420,Mizoram,Aizawl,,,23.53694444,92.6975,Debris,Slide,28 May 2024,2024-05-28,2024.0,2024-05-28,2024,5,1,78.3,116.8,0.428
MIZ/AZL/2024/421,Mizoram,Aizawl,,,23.53611111,92.69777778,Debris,Complex,28 May 2024,2024-05-28,2024.0,2024-05-28,2024,5,1,78.3,116.8,0.428
MIZ/AZL/2024/422,Mizoram,Aizawl,,,23.53555556,92.69694444,Rock,Slide,28 May 2024,2024-05-28,2024.0,2024-05-28,2024,5,1,78.3,116.8,0.428
MIZ/AZL/2024/426,Mizoram,Aizawl,,,23.53027778,92.69666667,Debris,Slide,28 May 2024,2024-05-28,2024.0,2024-05-28,2024,5,1,78.3,116.8,0.428
MIZ/AZL/2024/427,Mizoram,Aizawl,,,23.52861111,92.6975,Debris,Slide,28 May 2024,2024-05-28,2024.0,2024-05-28,2024,5,1,78.3,116.8,0.428
MIZ/AZL/2024/428,Mizoram,Aizawl,,,23.52777778,92.69861111,Debris,Slide,28 May 2024,2024-05-28,2024.0,2024-05-28,2024,5,1,78.3,116.8,0.428
MIZ/AZL/2024/431,Mizoram,Aizawl,,,23.52277778,92.70277778,Debris,Slide,28 May 2024,2024-05-28,2024.0,2024-05-28,2024,5,1,78.3,116.8,0.428
MIZ/AZL/2024/435,Mizoram,Aizawl,,,23.51444444,92.69805556,Debris,Slide,28 May 2024,2024-05-28,2024.0,2024-05-28,2024,5,1,78.3,116.8,0.428
MIZ/AZL/2024/437,Mizoram,Aizawl,,,23.51055556,92.69972222,Debris,Slide,28 May 2024,2024-05-28,2024.0,2024-05-28,2024,5,1,78.3,116.8,0.428
MIZ/AZL/2024/438,Mizoram,Aizawl,,,23.50861111,92.69805556,Rock,Slide,28 May 2024,2024-05-28,2024.0,2024-05-28,2024,5,1,78.3,116.8,0.428
MIZ/AZL/2024/439,Mizoram,Aizawl,,,23.50694444,92.69638889,Debris,Slide,28 May 2024,2024-05-28,2024.0,2024-05-28,2024,5,1,78.3,116.8,0.428
MIZ/AZL/2024/441,Mizoram,Aizawl,,,23.50527778,92.6975,Debris,Slide,28 May 2024,2024-05-28,2024.0,2024-05-28,2024,5,1,78.3,116.8,0.428
MIZ/AZL/2024/444,Mizoram,Aizawl,,,23.55027778,92.70444444,Debris,Slide,28 May 2024,2024-05-28,2024.0,2024-05-28,2024,5,1,78.3,116.8,0.428
MIZ/AZL/2024/454,Mizoram,Aizawl,,,23.54305556,92.70055556,Debris,Complex,28 May 2024,2024-05-28,2024.0,2024-05-28,2024,5,1,78.3,116.8,0.428
MIZ/AZL/2024/459,Mizoram,Aizawl,,,23.53972222,92.69944444,Debris,Complex,28 May 2024,2024-05-28,2024.0,2024-05-28,2024,5,1,78.3,116.8,0.428
MIZ/AZL/2024/460,Mizoram,Aizawl,,,23.53777778,92.69833333,Debris,Complex,28 May 2024,2024-05-28,2024.0,2024-05-28,2024,5,1,78.3,116.8,0.428
MIZ/AZL/2024/465,Mizoram,Aizawl,,,23.54277778,92.67638889,Debris,Slide,28 May 2024,2024-05-28,2024.0,2024-05-28,2024,5,1,109.6,156.8,0.428
MIZ/AZL/2024/469,Mizoram,Aizawl,,,23.54277778,92.67472222,Debris,Complex,28 May 2024,2024-05-28,2024.0,2024-05-28,2024,5,1,109.6,156.8,0.428
MIZ/AZL/2024/471,Mizoram,Aizawl,,,23.54333333,92.66472222,Debris,Complex,28 May 2024,2024-05-28,2024.0,2024-05-28,2024,5,1,109.6,156.8,0.428
MIZ/AZL/2024/474,Mizoram,Aizawl,,,23.53944444,92.66527778,Debris,Slide,28 May 2024,2024-05-28,2024.0,2024-05-28,2024,5,1,109.6,156.8,0.428
MIZ/AZL/2024/476,Mizoram,Aizawl,,,23.53888889,92.6625,Debris,Slide,28 May 2024,2024-05-28,2024.0,2024-05-28,2024,5,1,109.6,156.8,0.428
MIZ/AZL/2024/483,Mizoram,Aizawl,,,23.53944444,92.65888889,Debris,Slide,28 May 2024,2024-05-28,2024.0,2024-05-28,2024,5,1,109.6,156.8,0.428
MIZ/AZL/2024/484,Mizoram,Aizawl,,,23.53611111,92.65527778,Debris,Slide,28 May 2024,2024-05-28,2024.0,2024-05-28,2024,5,1,109.6,156.8,0.428
MIZ/AZL/2024/489,Mizoram,Aizawl,,,23.45083333,92.6825,Debris,Slide,28 May 2024,2024-05-28,2024.0,2024-05-28,2024,5,1,86.2,122.7,0.428
MIZ/AZL/2024/498,Mizoram,Aizawl,,,23.44805556,92.68333333,Debris,Slide,28 May 2024,2024-05-28,2024.0,2024-05-28,2024,5,1,86.2,122.7,0.428
MIZ/AZL/2024/500,Mizoram,Aizawl,,,23.44333333,92.68527778,Debris,Slide,28 May 2024,2024-05-28,2024.0,2024-05-28,2024,5,1,86.2,122.7,0.428
MIZ/AZL/2024/503,Mizoram,Aizawl,,,23.42722222,92.71277778,Debris,Complex,28 May 2024,2024-05-28,2024.0,2024-05-28,2024,5,1,86.2,122.7,0.428
MIZ/AZL/2024/505,Mizoram,Aizawl,,,23.41694444,92.71805556,Debris,Slide,28 May 2024,2024-05-28,2024.0,2024-05-28,2024,5,1,86.2,122.7,0.428
MIZ/AZL/2024/511,Mizoram,Aizawl,,,23.41,92.74944444,Debris,Slide,28 May 2024,2024-05-28,2024.0,2024-05-28,2024,5,1,86.2,122.7,0.428
MIZ/AZL/2024/526,Mizoram,Aizawl,,,23.37972222,92.75166667,Debris,Slide,28 May 2024,2024-05-28,2024.0,2024-05-28,2024,5,1,95.7,129.7,0.428
MIZ/AZL/2024/534,Mizoram,Aizawl,,,23.35694444,92.77027778,Debris,Complex,28 May 2024,2024-05-28,2024.0,2024-05-28,2024,5,1,107.3,136.3,0.429
MIZ/AZL/2024/535,Mizoram,Aizawl,,,23.35638889,92.77027778,Debris,Complex,28 May 2024,2024-05-28,2024.0,2024-05-28,2024,5,1,107.3,136.3,0.429
MIZ/AZL/2024/539,Mizoram,Aizawl,,,23.39166667,92.75527778,Debris,Complex,28 May 2024,2024-05-28,2024.0,2024-05-28,2024,5,1,95.7,129.7,0.428
MIZ/AZL/2024/548,Mizoram,Aizawl,,,23.43194444,92.76083333,Debris,Slide,28 May 2024,2024-05-28,2024.0,2024-05-28,2024,5,1,86.2,122.7,0.428
MIZ/AZL/2024/552,Mizoram,Aizawl,,,23.44138889,92.77888889,Debris,Complex,28 May 2024,2024-05-28,2024.0,2024-05-28,2024,5,1,88.3,117.2,0.428
MIZ/AZL/2024/559,Mizoram,Aizawl,,,23.48555556,92.70305556,Debris,Slide,28 May 2024,2024-05-28,2024.0,2024-05-28,2024,5,1,86.2,122.7,0.428
MIZ/AZL/2024/561,Mizoram,Aizawl,,,23.49083333,92.70555556,Debris,Complex,28 May 2024,2024-05-28,2024.0,2024-05-28,2024,5,1,86.2,122.7,0.428
MIZ/AZL/2024/567,Mizoram,Aizawl,,,23.49861111,92.70388889,Debris,Complex,28 May 2024,2024-05-28,2024.0,2024-05-28,2024,5,1,78.3,116.8,0.428
MIZ/AZL/2024/571,Mizoram,Aizawl,,,23.68277778,92.8575,Debris,Slide,28 May 2024,2024-05-28,2024.0,2024-05-28,2024,5,1,76.9,103.3,0.426
MIZ/AZL/2024/572,Mizoram,Aizawl,,,23.68305556,92.8575,Debris,Slide,28 May 2024,2024-05-28,2024.0,2024-05-28,2024,5,1,76.9,103.3,0.426
MIZ/AZL/2024/576,Mizoram,Aizawl,,,23.68638889,92.85833333,Debris,Slide,28 May 2024,2024-05-28,2024.0,2024-05-28,2024,5,1,76.9,103.3,0.426
MIZ/AZL/2024/578,Mizoram,Aizawl,,,23.69472222,92.85972222,Debris,Slide,28 May 2024,2024-05-28,2024.0,2024-05-28,2024,5,1,82.5,112.2,0.427
MIZ/AZL/2024/579,Mizoram,Aizawl,,,23.71416667,92.85805556,Debris,Slide,28 May 2024,2024-05-28,2024.0,2024-05-28,2024,5,1,82.5,112.2,0.427
MIZ/AZL/2024/582,Mizoram,Aizawl,,,23.72722222,92.85472222,Debris,Slide,28 May 2024,2024-05-28,2024.0,2024-05-28,2024,5,1,82.5,112.2,0.427
MIZ/AZL/2024/583,Mizoram,Aizawl,,,23.72972222,92.85305556,Debris,Slide,28 May 2024,2024-05-28,2024.0,2024-05-28,2024,5,1,82.5,112.2,0.427
MIZ/AZL/2024/586,Mizoram,Aizawl,,,23.73111111,92.84638889,Debris,Slide,28 May 2024,2024-05-28,2024.0,2024-05-28,2024,5,1,82.5,112.2,0.427
MIZ/AZL/2024/587,Mizoram,Aizawl,,,23.73361111,92.84305556,Debris,Slide,28 May 2024,2024-05-28,2024.0,2024-05-28,2024,5,1,82.5,112.2,0.427
MIZ/AZL/2024/599,Mizoram,Aizawl,,,23.73833333,92.81333333,Debris,Slide,28 May 2024,2024-05-28,2024.0,2024-05-28,2024,5,1,68.0,108.3,0.426
MIZ/AZL/2024/601,Mizoram,Aizawl,,,23.73472222,92.81333333,Debris,Slide,28 May 2024,2024-05-28,2024.0,2024-05-28,2024,5,1,68.0,108.3,0.426
MIZ/AZL/2024/605,Mizoram,Aizawl,,,23.73,92.75833333,Debris,Complex,28 May 2024,2024-05-28,2024.0,2024-05-28,2024,5,1,68.0,108.3,0.426
MIZ/AZL/2024/608,Mizoram,Aizawl,,,23.73055556,92.75861111,Debris,Slide,28 May 2024,2024-05-28,2024.0,2024-05-28,2024,5,1,68.0,108.3,0.426
MIZ/AZL/2024/621,Mizoram,Aizawl,,,23.72222222,92.79861111,Debris,Complex,28 May 2024,2024-05-28,2024.0,2024-05-28,2024,5,1,68.0,108.3,0.426
MIZ/AZL/2024/638,Mizoram,Aizawl,,,23.73583333,92.85194444,Debris,Slide,28 May 2024,2024-05-28,2024.0,2024-05-28,2024,5,1,82.5,112.2,0.427
MIZ/AZL/2024/645,Mizoram,Aizawl,,,23.77777778,92.8479,Earth,Slide,28 May 2024,2024-05-28,2024.0,2024-05-28,2024,5,1,66.6,88.5,0.427
MIZ/AZL/2024/647,Mizoram,Aizawl,,,23.7775,92.84833333,Debris,Slide,28 May 2024,2024-05-28,2024.0,2024-05-28,2024,5,1,66.6,88.5,0.427
MIZ/AZL/2024/648,Mizoram,Aizawl,,,23.77833333,92.84666667,Debris,Slide,28 May 2024,2024-05-28,2024.0,2024-05-28,2024,5,1,66.6,88.5,0.427
MIZ/AZL/2024/652,Mizoram,Aizawl,,,23.77361111,92.84944444,Debris,Slide,28 May 2024,2024-05-28,2024.0,2024-05-28,2024,5,1,66.6,88.5,0.427
MIZ/AZL/2024/657,Mizoram,Aizawl,,,23.82638889,92.8325,Debris,Slide,28 May 2024,2024-05-28,2024.0,2024-05-28,2024,5,1,66.6,88.5,0.427
MIZ/AZL/2024/661,Mizoram,Aizawl,,,23.84777778,92.83694444,Debris,Slide,28 May 2024,2024-05-28,2024.0,2024-05-28,2024,5,1,78.3,106.3,0.428
MIZ/AZL/2024/754,Mizoram,Aizawl,,,23.10172778,93.20231944,Debris,Complex,28 May 2024,2024-05-28,2024.0,2024-05-28,2024,5,1,46.5,61.1,0.425
MIZ/AZL/2024/760,Mizoram,Aizawl,,,23.09561111,93.20786389,Debris,Slide,28 May 2024,2024-05-28,2024.0,2024-05-28,2024,5,1,46.5,61.1,0.425
MIZ/AZL/2024/768,Mizoram,Aizawl,,,23.110975,93.21260278,Debris,Slide,28 May 2024,2024-05-28,2024.0,2024-05-28,2024,5,1,46.5,61.1,0.425
MIZ/AZL/84A15/2025/016,Mizoram,Aizawl,,Sialsuk,23.410771,92.753123,Debris,Slide,28 May 2024,2024-05-28,2024.0,2024-05-28,2024,5,1,86.2,122.7,0.428
MZ/AZL/84A09/2024/111,Mizoram,Aizawl,,"BSUP, Durtlang",23.77305556,92.74361111,Debris,Slide,28 May 2024,2024-05-28,2024.0,2024-05-28,2024,5,1,58.6,98.0,0.426
MZ/AZL/84A10/2024/001,Mizoram,Aizawl,,"Luangmual, Aizawl",23.73888889,92.69638889,Debris,Slide,28 May 2024,2024-05-28,2024.0,2024-05-28,2024,5,1,68.8,125.9,0.427
MZ/AZL/84A10/2024/002,Mizoram,Aizawl,,"Luangmual, Aizawl",23.73947222,92.69666667,Debris,Complex,28 May 2024,2024-05-28,2024.0,2024-05-28,2024,5,1,68.8,125.9,0.427
MZ/AZL/84A10/2024/0028,Mizoram,Aizawl,,"Nursery Veng, Aizawl",23.71740833,92.70644167,Earth,Slide,28 May 2024,2024-05-28,2024.0,2024-05-28,2024,5,1,68.8,125.9,0.427
MZ/AZL/84A10/2024/003,Mizoram,Aizawl,,"Luangmual, Aizawl",23.74027778,92.69722222,Earth,Slide,28 May 2024,2024-05-28,2024.0,2024-05-28,2024,5,1,68.8,125.9,0.427
MZ/AZL/84A10/2024/004,Mizoram,Aizawl,,"Luangmual, Aizawl",23.74066667,92.69336111,Debris,Slide,28 May 2024,2024-05-28,2024.0,2024-05-28,2024,5,1,68.8,125.9,0.427
MZ/AZL/84A10/2024/005,Mizoram,Aizawl,,"Mizoram Law College, Luangmual, Aizawl",23.7385748,92.6941941,Debris,Slide,28 May 2024,2024-05-28,2024.0,2024-05-28,2024,5,1,68.8,125.9,0.427
MZ/AZL/84A10/2024/006,Mizoram,Aizawl,,"R Romawia (L) Chawlhhmun, Aizawl",23.74472222,92.69277778,Debris,Slide,28 May 2024,2024-05-28,2024.0,2024-05-28,2024,5,1,68.8,125.9,0.427
MZ/AZL/84A10/2024/007,Mizoram,Aizawl,,"Luangmual, Aizawl",23.74116667,92.69455556,Debris,Slide,28 May 2024,2024-05-28,2024.0,2024-05-28,2024,5,1,68.8,125.9,0.427
MZ/AZL/84A10/2024/008,Mizoram,Aizawl,,"Luangmual - Ainawn road, Aizawl",23.7375,92.69444444,Debris,Slide,28 May 2024,2024-05-28,2024.0,2024-05-28,2024,5,1,68.8,125.9,0.427
MZ/AZL/84A10/2024/009,Mizoram,Aizawl,,"Luangmual-Ainawn road, Aizawl",23.73386111,92.69491667,Debris,Complex,28 May 2024,2024-05-28,2024.0,2024-05-28,2024,5,1,68.8,125.9,0.427
MZ/AZL/84A10/2024/010,Mizoram,Aizawl,,"Ainawn Veng, Aizawl",23.72669444,92.69519444,Debris,Complex,28 May 2024,2024-05-28,2024.0,2024-05-28,2024,5,1,68.8,125.9,0.427
MZ/AZL/84A10/2024/011,Mizoram,Aizawl,,"Ainawn, Aizawl.",23.73361111,92.69388889,Earth,Slide,28 May 2024,2024-05-28,2024.0,2024-05-28,2024,5,1,68.8,125.9,0.427
MZ/AZL/84A10/2024/012,Mizoram,Aizawl,,"Zonuam, Aizawl",23.73472222,92.695,Earth,Slide,28 May 2024,2024-05-28,2024.0,2024-05-28,2024,5,1,68.8,125.9,0.427
MZ/AZL/84A10/2024/014,Mizoram,Aizawl,,"Zonuam, Aizawl",23.73305556,92.69944444,Debris,Slide,28 May 2024,2024-05-28,2024.0,2024-05-28,2024,5,1,68.8,125.9,0.427
MZ/AZL/84A10/2024/015,Mizoram,Aizawl,,"Zonuam, Aizawl",23.74972222,92.69833333,Debris,Slide,28 May 2024,2024-05-28,2024.0,2024-05-28,2024,5,1,68.8,125.9,0.427
MZ/AZL/84A10/2024/016,Mizoram,Aizawl,,"Chawnpui, Aizawl",23.73111111,92.70222222,Debris,Slide,28 May 2024,2024-05-28,2024.0,2024-05-28,2024,5,1,68.8,125.9,0.427
MZ/AZL/84A10/2024/017,Mizoram,Aizawl,,"Chawnpui, Aizawl",23.73111111,92.70388889,Debris,Slide,28 May 2024,2024-05-28,2024.0,2024-05-28,2024,5,1,68.8,125.9,0.427
MZ/AZL/84A10/2024/018,Mizoram,Aizawl,,"Chawnpui, Aizawl",23.73333333,92.70527778,Debris,Slide,28 May 2024,2024-05-28,2024.0,2024-05-28,2024,5,1,68.8,125.9,0.427
MZ/AZL/84A10/2024/020,Mizoram,Aizawl,,"Zonuam, Aizawl",23.73583333,92.69777778,Debris,Slide,28 May 2024,2024-05-28,2024.0,2024-05-28,2024,5,1,68.8,125.9,0.427
MZ/AZL/84A10/2024/021,Mizoram,Aizawl,,"Kanaan Cemetery, Aizawl",23.73132778,92.70821944,Debris,Slide,28 May 2024,2024-05-28,2024.0,2024-05-28,2024,5,1,68.8,125.9,0.427
MZ/AZL/84A10/2024/022,Mizoram,Aizawl,,"MINECO, Aizawl",23.72428333,92.70737778,Debris,Slide,28 May 2024,2024-05-28,2024.0,2024-05-28,2024,5,1,68.8,125.9,0.427
MZ/AZL/84A10/2024/023,Mizoram,Aizawl,,"Bungkawn, Aizawl",23.72276944,92.70665,Debris,Slide,28 May 2024,2024-05-28,2024.0,2024-05-28,2024,5,1,68.8,125.9,0.427
MZ/AZL/84A10/2024/024,Mizoram,Aizawl,,"Mission Vengthlang, Aizawl",23.71446389,92.71146389,Debris,Flow,28 May 2024,2024-05-28,2024.0,2024-05-28,2024,5,1,68.8,125.9,0.427
MZ/AZL/84A10/2024/025,Mizoram,Aizawl,,"MSVT to Reiek Road, Aizawl",23.71581111,92.70935,Debris,Slide,28 May 2024,2024-05-28,2024.0,2024-05-28,2024,5,1,68.8,125.9,0.427
MZ/AZL/84A10/2024/026,Mizoram,Aizawl,,"Bungkawn, Nursery, Aizawl",23.71595,92.70879444,Debris,Complex,28 May 2024,2024-05-28,2024.0,2024-05-28,2024,5,1,,,
MZ/AZL/84A10/2024/027,Mizoram,Aizawl,,"Nursery Veng, Aizawl",23.7175,92.70666667,Earth,Slide,28 May 2024,2024-05-28,2024.0,2024-05-28,2024,5,1,68.8,125.9,0.427
MZ/AZL/84A10/2024/029,Mizoram,Aizawl,,"Nursery Veng, Aizawl",23.71735556,92.70753333,Earth,Complex,28 May 2024,2024-05-28,2024.0,2024-05-28,2024,5,1,68.8,125.9,0.427
MZ/AZL/84A10/2024/030,Mizoram,Aizawl,,"Nursery Veng, Aizawl",23.71721667,92.70777778,Debris,Slide,28 May 2024,2024-05-28,2024.0,2024-05-28,2024,5,1,68.8,125.9,0.427
MZ/AZL/84A10/2024/031,Mizoram,Aizawl,,"Nursery Veng, Aizawl",23.71697222,92.70817222,Debris,Complex,28 May 2024,2024-05-28,2024.0,2024-05-28,2024,5,1,68.8,125.9,0.427
MZ/AZL/84A10/2024/032,Mizoram,Aizawl,,"Mission Vengthlang, Aizawl",23.71305556,92.70895833,Debris,Slide,28 May 2024,2024-05-28,2024.0,2024-05-28,2024,5,1,68.8,125.9,0.427
MZ/AZL/84A10/2024/033,Mizoram,Aizawl,,"Model Veng, Aizawl",23.71523056,92.71529167,Debris,Slide,28 May 2024,2024-05-28,2024.0,2024-05-28,2024,5,1,68.0,108.3,0.426
MZ/AZL/84A10/2024/034,Mizoram,Aizawl,,"Chanmari-Chanmari West, Aizawl",23.74,92.715,Debris,Complex,28 May 2024,2024-05-28,2024.0,2024-05-28,2024,5,1,68.0,108.3,0.426
MZ/AZL/84A10/2024/035,Mizoram,Aizawl,,"Chanmari-Chanmari west, Aizawl",23.73944444,92.71472222,Rock,Fall,28 May 2024,2024-05-28,2024.0,2024-05-28,2024,5,1,68.0,108.3,0.426
MZ/AZL/84A10/2024/036,Mizoram,Aizawl,,"Salem Veng, Aizawl",23.71138889,92.72444444,Earth,Slide,28 May 2024,2024-05-28,2024.0,2024-05-28,2024,5,1,68.0,108.3,0.426
MZ/AZL/84A10/2024/037,Mizoram,Aizawl,,"Mission Veng, Aizawl",23.71638889,92.72111111,Debris,Slide,28 May 2024,2024-05-28,2024.0,2024-05-28,2024,5,1,68.0,108.3,0.426
MZ/AZL/84A10/2024/038,Mizoram,Aizawl,,"Salem Veng, Aizawl",23.71444444,92.72861111,Debris,Slide,28 May 2024,2024-05-28,2024.0,2024-05-28,2024,5,1,68.0,108.3,0.426
MZ/AZL/84A10/2024/041,Mizoram,Aizawl,,"Salem Veng cemetery, Aizawl",23.71571389,92.72659722,Debris,Slide,28 May 2024,2024-05-28,2024.0,2024-05-28,2024,5,1,68.0,108.3,0.426
MZ/AZL/84A10/2024/042,Mizoram,Aizawl,,"Venghnuai, Aizawl",23.7104,92.72237778,Debris,Slide,28 May 2024,2024-05-28,2024.0,2024-05-28,2024,5,1,68.0,108.3,0.426
MZ/AZL/84A10/2024/043,Mizoram,Aizawl,,"Republic Veng, Aizawl",23.71865833,92.72335278,Debris,Complex,28 May 2024,2024-05-28,2024.0,2024-05-28,2024,5,1,68.0,108.3,0.426
MZ/AZL/84A10/2024/045,Mizoram,Aizawl,,"Kulikawn cemetery, Aizawl",23.71,92.71611111,Debris,Slide,28 May 2024,2024-05-28,2024.0,2024-05-28,2024,5,1,68.0,108.3,0.426
MZ/AZL/84A10/2024/047,Mizoram,Aizawl,,"Kulikawn, Aizawl",23.70666667,92.71444444,Debris,Flow,28 May 2024,2024-05-28,2024.0,2024-05-28,2024,5,1,68.0,108.3,0.426
MZ/AZL/84A10/2024/048,Mizoram,Aizawl,,"Tlangnuam, Aizawl",23.70527778,92.71138889,Debris,Slide,28 May 2024,2024-05-28,2024.0,2024-05-28,2024,5,1,68.8,125.9,0.427
MZ/AZL/84A10/2024/049,Mizoram,Aizawl,,"Tlangnuam CP Road, Aizawl",23.70416667,92.71222222,Earth,Slide,28 May 2024,2024-05-28,2024.0,2024-05-28,2024,5,1,68.8,125.9,0.427
MZ/AZL/84A10/2024/050,Mizoram,Aizawl,,"Tlangnuam Vengthar, Aizawl",23.70027778,92.71611111,Debris,Slide,28 May 2024,2024-05-28,2024.0,2024-05-28,2024,5,1,68.0,108.3,0.426
MZ/AZL/84A10/2024/051,Mizoram,Aizawl,,"Tlangnuam Vengthar, Aizawl",23.69972222,92.71694444,Debris,Slide,28 May 2024,2024-05-28,2024.0,2024-05-28,2024,5,1,68.0,108.3,0.426
MZ/AZL/84A10/2024/052,Mizoram,Aizawl,,"Trinity Hospital, Silaimual, Aizawl",23.68027778,92.72472222,Debris,Slide,28 May 2024,2024-05-28,2024.0,2024-05-28,2024,5,1,78.0,120.5,0.426
MZ/AZL/84A10/2024/053,Mizoram,Aizawl,,"Melthum to Hualngohmun Road, Aizawl",23.67805556,92.72,Debris,Slide,28 May 2024,2024-05-28,2024.0,2024-05-28,2024,5,1,78.0,120.5,0.426
MZ/AZL/84A10/2024/054,Mizoram,Aizawl,,"Paikhai, Melriat, Aizawl",23.64333333,92.73444444,Earth,Slide,28 May 2024,2024-05-28,2024.0,2024-05-28,2024,5,1,78.0,120.5,0.426
MZ/AZL/84A10/2024/056,Mizoram,Aizawl,,"Melriat, Aizawl",23.64638889,92.72527778,Debris,Slide,28 May 2024,2024-05-28,2024.0,2024-05-28,2024,5,1,78.0,120.5,0.426
MZ/AZL/84A10/2024/057,Mizoram,Aizawl,,Kelsih,23.63111111,92.72388889,Debris,Slide,28 May 2024,2024-05-28,2024.0,2024-05-28,2024,5,1,78.0,120.5,0.426
MZ/AZL/84A10/2024/058,Mizoram,Aizawl,,"Kelsih, Aizawl",23.63055556,92.72305556,Debris,Complex,28 May 2024,2024-05-28,2024.0,2024-05-28,2024,5,1,78.0,120.5,0.426
MZ/AZL/84A10/2024/059,Mizoram,Aizawl,,"Falkawn, Aizawl",23.62833333,92.72333333,Debris,Slide,28 May 2024,2024-05-28,2024.0,2024-05-28,2024,5,1,86.1,119.8,0.427
MZ/AZL/84A10/2024/060,Mizoram,Aizawl,,"Falkawn, Aizawl",23.62277778,92.72444444,Debris,Slide,28 May 2024,2024-05-28,2024.0,2024-05-28,2024,5,1,86.1,119.8,0.427
MZ/AZL/84A10/2024/061,Mizoram,Aizawl,,"Falkawn, Aizawl",23.62194444,92.72305556,Debris,Slide,28 May 2024,2024-05-28,2024.0,2024-05-28,2024,5,1,86.1,119.8,0.427
MZ/AZL/84A10/2024/062,Mizoram,Aizawl,,"Falkawn, Aizawl",23.62083333,92.7225,Debris,Slide,28 May 2024,2024-05-28,2024.0,2024-05-28,2024,5,1,86.1,119.8,0.427
MZ/AZL/84A10/2024/063,Mizoram,Aizawl,,"Falkawn, Aizawl",23.61916667,92.7225,Debris,Slide,28 May 2024,2024-05-28,2024.0,2024-05-28,2024,5,1,86.1,119.8,0.427
MZ/AZL/84A10/2024/065,Mizoram,Aizawl,,"Falkawn vengthar, Aizawl",23.61972222,92.72527778,Debris,Slide,28 May 2024,2024-05-28,2024.0,2024-05-28,2024,5,1,86.1,119.8,0.427
MZ/AZL/84A10/2024/066,Mizoram,Aizawl,,"Falkawn vengthar, Aizawl",23.62027778,92.72555556,Debris,Slide,28 May 2024,2024-05-28,2024.0,2024-05-28,2024,5,1,86.1,119.8,0.427
MZ/AZL/84A10/2024/067,Mizoram,Aizawl,,"Falkawn vengthar, Aizawl",23.62027778,92.72611111,Debris,Slide,28 May 2024,2024-05-28,2024.0,2024-05-28,2024,5,1,86.1,119.8,0.427
MZ/AZL/84A10/2024/068,Mizoram,Aizawl,,"Falkawn vengthar, Aizawl",23.62111111,92.72444444,Debris,Slide,28 May 2024,2024-05-28,2024.0,2024-05-28,2024,5,1,86.1,119.8,0.427
MZ/AZL/84A10/2024/069,Mizoram,Aizawl,,"Melthum, Aizawl",23.68743333,92.72129167,Rock,Complex,28 May 2024,2024-05-28,2024.0,2024-05-28,2024,5,1,78.0,120.5,0.426
MZ/AZL/84A10/2024/070,Mizoram,Aizawl,,"Hlimen, Aizawl",23.67694444,92.71722222,Rock,Complex,28 May 2024,2024-05-28,2024.0,2024-05-28,2024,5,1,78.0,120.5,0.426
MZ/AZL/84A10/2024/071,Mizoram,Aizawl,,"Hlimen, Aizawl",23.67583333,92.715,Debris,Slide,28 May 2024,2024-05-28,2024.0,2024-05-28,2024,5,1,78.0,120.5,0.426
MZ/AZL/84A10/2024/072,Mizoram,Aizawl,,"Hlimen, Aizawl",23.67472222,92.71722222,Debris,Complex,28 May 2024,2024-05-28,2024.0,2024-05-28,2024,5,1,78.0,120.5,0.426
MZ/AZL/84A10/2024/073,Mizoram,Aizawl,,"Hlimen, Aizawl",23.67444444,92.71472222,Debris,Slide,28 May 2024,2024-05-28,2024.0,2024-05-28,2024,5,1,78.0,120.5,0.426
MZ/AZL/84A10/2024/074,Mizoram,Aizawl,,"Hlimen, Aizawl",23.67388889,92.71472222,Debris,Slide,28 May 2024,2024-05-28,2024.0,2024-05-28,2024,5,1,78.0,120.5,0.426
MZ/AZL/84A10/2024/075,Mizoram,Aizawl,,"Hlimen, Aizawl",23.672069,92.7099293,Debris,Slide,28 May 2024,2024-05-28,2024.0,2024-05-28,2024,5,1,97.7,148.4,0.427
MZ/AZL/84A10/2024/076,Mizoram,Aizawl,,"Hlimen, Aizawl",23.684301,92.715511,Debris,Slide,28 May 2024,2024-05-28,2024.0,2024-05-28,2024,5,1,78.0,120.5,0.426
MZ/AZL/84A10/2024/077,Mizoram,Aizawl,,"World Bank Road, Kulikawn East, Aizawl",23.70638889,92.72055556,Debris,Slide,28 May 2024,2024-05-28,2024.0,2024-05-28,2024,5,1,68.0,108.3,0.426
MZ/AZL/84A10/2024/078,Mizoram,Aizawl,,"World Bank Road, Aizawl",23.70416667,92.72,Rock,Slide,28 May 2024,2024-05-28,2024.0,2024-05-28,2024,5,1,68.0,108.3,0.426
MZ/AZL/84A10/2024/079,Mizoram,Aizawl,,"World Bank Road, Aizawl",23.70305556,92.72055556,Debris,Complex,28 May 2024,2024-05-28,2024.0,2024-05-28,2024,5,1,68.0,108.3,0.426
MZ/AZL/84A10/2024/080,Mizoram,Aizawl,,"World Bank Road and Saikhamakawn, Aizawl",23.69333333,92.72055556,Debris,Complex,28 May 2024,2024-05-28,2024.0,2024-05-28,2024,5,1,78.0,120.5,0.426
MZ/AZL/84A10/2024/082,Mizoram,Aizawl,,"World Bank Road, Aizawl",23.69,92.72361111,Debris,Slide,28 May 2024,2024-05-28,2024.0,2024-05-28,2024,5,1,78.0,120.5,0.426
MZ/AZL/84A10/2024/083,Mizoram,Aizawl,,"World Bank Road, Aizawl",23.68361111,92.72277778,Debris,Slide,28 May 2024,2024-05-28,2024.0,2024-05-28,2024,5,1,78.0,120.5,0.426
MZ/AZL/84A10/2024/084,Mizoram,Aizawl,,"Melthum, Aizawl-Thenzawl- Lunglei Highway",23.67611111,92.71972222,Debris,Complex,28 May 2024,2024-05-28,2024.0,2024-05-28,2024,5,1,78.0,120.5,0.426
MZ/AZL/84A10/2024/085,Mizoram,Aizawl,,Aizawl-Thenzawl-Lunglei Highway,23.67138889,92.72361111,Debris,Slide,28 May 2024,2024-05-28,2024.0,2024-05-28,2024,5,1,78.0,120.5,0.426
MZ/AZL/84A10/2024/086,Mizoram,Aizawl,,Aizawl-Thenzawl-Lunglei Highway,23.66694444,92.72194444,Debris,Complex,28 May 2024,2024-05-28,2024.0,2024-05-28,2024,5,1,78.0,120.5,0.426
MZ/AZL/84A10/2024/087,Mizoram,Aizawl,,Aizawl-Thenzawl-Lunglei Highway,23.66666667,92.72388889,Debris,Slide,28 May 2024,2024-05-28,2024.0,2024-05-28,2024,5,1,78.0,120.5,0.426
MZ/AZL/84A10/2024/088,Mizoram,Aizawl,,Hualngohmun Bifurcation,23.66027778,92.72694444,Debris,Complex,28 May 2024,2024-05-28,2024.0,2024-05-28,2024,5,1,78.0,120.5,0.426
MZ/AZL/84A10/2024/090,Mizoram,Aizawl,,"Melriat Bazar, Aizawl",23.64388889,92.72583333,Debris,Complex,28 May 2024,2024-05-28,2024.0,2024-05-28,2024,5,1,78.0,120.5,0.426
MZ/AZL/84A10/2024/091,Mizoram,Aizawl,,"Kelsih, Aizawl",23.635,92.72361111,Debris,Slide,28 May 2024,2024-05-28,2024.0,2024-05-28,2024,5,1,78.0,120.5,0.426
MZ/AZL/84A10/2024/093,Mizoram,Aizawl,,"Midum Kham, Sumsuih",23.46777778,92.74111111,Debris,Slide,28 May 2024,2024-05-28,2024.0,2024-05-28,2024,5,1,86.2,122.7,0.428
MZ/AZL/84A10/2024/099,Mizoram,Aizawl,,Maubuang to Sateek,23.51361111,92.69833333,Debris,Slide,28 May 2024,2024-05-28,2024.0,2024-05-28,2024,5,1,78.3,116.8,0.428
MZ/AZL/84A10/2024/100,Mizoram,Aizawl,,Sateek,23.53666667,92.6975,Debris,Slide,28 May 2024,2024-05-28,2024.0,2024-05-28,2024,5,1,78.3,116.8,0.428
MZ/AZL/84A10/2024/101,Mizoram,Aizawl,,Sateek,23.54166667,92.70194444,Debris,Flow,28 May 2024,2024-05-28,2024.0,2024-05-28,2024,5,1,78.3,116.8,0.428
MZ/AZL/84A10/2024/102,Mizoram,Aizawl,,Sateek,23.54277778,92.70333333,Earth,Slide,28 May 2024,2024-05-28,2024.0,2024-05-28,2024,5,1,78.3,116.8,0.428
MZ/AZL/84A10/2024/103,Mizoram,Aizawl,,Phulpui,23.52944444,92.72944444,Debris,Flow,28 May 2024,2024-05-28,2024.0,2024-05-28,2024,5,1,78.3,116.8,0.428
MZ/AZL/84A10/2024/104,Mizoram,Aizawl,,Phulpui,23.53083333,92.73055556,Debris,Slide,28 May 2024,2024-05-28,2024.0,2024-05-28,2024,5,1,78.3,116.8,0.428
MZ/AZL/84A10/2024/105,Mizoram,Aizawl,,Phulpui,23.53111111,92.73361111,Debris,Slide,28 May 2024,2024-05-28,2024.0,2024-05-28,2024,5,1,78.3,116.8,0.428
MZ/AZL/84A10/2024/106,Mizoram,Aizawl,,Phulpui,23.53083333,92.73333333,Debris,Slide,28 May 2024,2024-05-28,2024.0,2024-05-28,2024,5,1,78.3,116.8,0.428
MZ/AZL/84A10/2024/107,Mizoram,Aizawl,,Aibawk,23.56388889,92.70805556,Debris,Slide,28 May 2024,2024-05-28,2024.0,2024-05-28,2024,5,1,78.3,116.8,0.428
MZ/AZL/84A10/2024/108,Mizoram,Aizawl,,Aibawk,23.56416667,92.70805556,Debris,Slide,28 May 2024,2024-05-28,2024.0,2024-05-28,2024,5,1,78.3,116.8,0.428
MZ/AZL/84A10/2024/109,Mizoram,Aizawl,,Aibawk,23.565,92.70777778,Debris,Slide,28 May 2024,2024-05-28,2024.0,2024-05-28,2024,5,1,78.3,116.8,0.428
MZ/AZL/84A10/2024/110,Mizoram,Aizawl,,Aibawk,23.56666667,92.70888889,Debris,Slide,28 May 2024,2024-05-28,2024.0,2024-05-28,2024,5,1,78.3,116.8,0.428
MZ/AZL/84A10/2024/114,Mizoram,Aizawl,,"Zuangtui, Aizawl",23.74861111,92.73861111,Debris,Slide,28 May 2024,2024-05-28,2024.0,2024-05-28,2024,5,1,68.0,108.3,0.426
MZ/AZL/84A10/2024/115,Mizoram,Aizawl,,Muallungthu,23.61,92.72083333,Debris,Slide,28 May 2024,2024-05-28,2024.0,2024-05-28,2024,5,1,86.1,119.8,0.427
MZ/AZL/84A10/2024/116,Mizoram,Aizawl,,Muallungthu,23.60666667,92.72305556,Debris,Complex,28 May 2024,2024-05-28,2024.0,2024-05-28,2024,5,1,86.1,119.8,0.427
MZ/AZL/84A10/2024/117,Mizoram,Aizawl,,Tachhip,23.5925,92.71666667,Debris,Slide,28 May 2024,2024-05-28,2024.0,2024-05-28,2024,5,1,86.1,119.8,0.427
MZ/AZL/84A10/2024/118,Mizoram,Aizawl,,Tachhip,23.58722222,92.71361111,Debris,Slide,28 May 2024,2024-05-28,2024.0,2024-05-28,2024,5,1,86.1,119.8,0.427
MZ/AZL/84A10/2024/119,Mizoram,Aizawl,,Tachhip,23.57694444,92.71305556,Debris,Slide,28 May 2024,2024-05-28,2024.0,2024-05-28,2024,5,1,86.1,119.8,0.427
MZ/AZL/84A10/2024/120,Mizoram,Aizawl,,Tachhip,23.57722222,92.71222222,Earth,Complex,28 May 2024,2024-05-28,2024.0,2024-05-28,2024,5,1,86.1,119.8,0.427
MZ/AZL/84A10/2024/121,Mizoram,Aizawl,,Tachhip,23.58027778,92.715,Earth,Slide,28 May 2024,2024-05-28,2024.0,2024-05-28,2024,5,1,86.1,119.8,0.427
MZ/AZL/84A10/2024/122,Mizoram,Aizawl,,Tachhip,23.58138889,92.71416667,Debris,Slide,28 May 2024,2024-05-28,2024.0,2024-05-28,2024,5,1,86.1,119.8,0.427
MZ/AZL/84A10/2024/123,Mizoram,Aizawl,,Tachhip,23.58694444,92.7175,Debris,Slide,28 May 2024,2024-05-28,2024.0,2024-05-28,2024,5,1,86.1,119.8,0.427
MZ/AZL/84A10/2024/124,Mizoram,Aizawl,,Tachhip,23.58555556,92.71583333,Debris,Complex,28 May 2024,2024-05-28,2024.0,2024-05-28,2024,5,1,86.1,119.8,0.427
MZ/AZL/84A10/2024/125,Mizoram,Aizawl,,Tachhip,23.58583333,92.71638889,Debris,Slide,28 May 2024,2024-05-28,2024.0,2024-05-28,2024,5,1,86.1,119.8,0.427
MZ/AZL/84A10/2024/126,Mizoram,Aizawl,,Tachhip,23.58638889,92.71583333,Debris,Slide,28 May 2024,2024-05-28,2024.0,2024-05-28,2024,5,1,86.1,119.8,0.427
MZ/AZL/84A10/2024/127,Mizoram,Aizawl,,Hualngohmun,23.65388889,92.72444444,Debris,Slide,28 May 2024,2024-05-28,2024.0,2024-05-28,2024,5,1,78.0,120.5,0.426
MZ/AZL/84A10/2024/128,Mizoram,Aizawl,,Hualngohmun,23.65416667,92.71777778,Debris,Slide,28 May 2024,2024-05-28,2024.0,2024-05-28,2024,5,1,78.0,120.5,0.426
MZ/AZL/84A10/2024/129,Mizoram,Aizawl,,Melriat to Samtlang road,23.655,92.71444444,Rock,Slide,28 May 2024,2024-05-28,2024.0,2024-05-28,2024,5,1,78.0,120.5,0.426
MZ/AZL/84A10/2024/130,Mizoram,Aizawl,,Melriat to Samtlang road,23.65416667,92.69,Debris,Slide,28 May 2024,2024-05-28,2024.0,2024-05-28,2024,5,1,97.7,148.4,0.427
MZ/AZL/84A10/2024/131,Mizoram,Aizawl,,N Lungleng,23.66055556,92.67277778,Earth,Slide,28 May 2024,2024-05-28,2024.0,2024-05-28,2024,5,1,97.7,148.4,0.427
MZ/AZL/84A10/2024/132,Mizoram,Aizawl,,N Lungleng,23.66083333,92.67277778,Debris,Slide,28 May 2024,2024-05-28,2024.0,2024-05-28,2024,5,1,97.7,148.4,0.427
MZ/AZL/84A10/2024/133,Mizoram,Aizawl,,N Lungleng,23.65777778,92.67444444,Earth,Slide,28 May 2024,2024-05-28,2024.0,2024-05-28,2024,5,1,97.7,148.4,0.427
MZ/AZL/84A10/2024/134,Mizoram,Aizawl,,Samtlang Junction,23.65861111,92.70583333,Debris,Slide,28 May 2024,2024-05-28,2024.0,2024-05-28,2024,5,1,97.7,148.4,0.427
MZ/AZL/84A10/2024/135,Mizoram,Aizawl,,Melthum,23.68143611,92.72144167,Debris,Slide,28 May 2024,2024-05-28,2024.0,2024-05-28,2024,5,1,78.0,120.5,0.426
MZ/AZL/84A11/2024/094,Mizoram,Aizawl,,"Thiak, Aizawl",23.46805556,92.71638889,Debris,Flow,28 May 2024,2024-05-28,2024.0,2024-05-28,2024,5,1,86.2,122.7,0.428
MZ/AZL/84A11/2024/095,Mizoram,Aizawl,,"Thiak, Aizawl",23.4725,92.71444444,Earth,Slide,28 May 2024,2024-05-28,2024.0,2024-05-28,2024,5,1,86.2,122.7,0.428
MZ/AZL/84A11/2024/097,Mizoram,Aizawl,,Thiak to Maubuang,23.49,92.70555556,Debris,Complex,28 May 2024,2024-05-28,2024.0,2024-05-28,2024,5,1,86.2,122.7,0.428
MZ/AZL/84A11/2024/098,Mizoram,Aizawl,,Thiak to Maubuang,23.49722222,92.70333333,Debris,Slide,28 May 2024,2024-05-28,2024.0,2024-05-28,2024,5,1,78.3,116.8,0.428
MZ/AZL/84A13/2024/112,Mizoram,Aizawl,,Muthi,23.77472222,92.76194444,Debris,Slide,28 May 2024,2024-05-28,2024.0,2024-05-28,2024,5,1,58.6,98.0,0.426
MZ/AZL/84A13/2024/113,Mizoram,Aizawl,,Muthi,23.77361111,92.76111111,Debris,Slide,28 May 2024,2024-05-28,2024.0,2024-05-28,2024,5,1,58.6,98.0,0.426
MZ/AZL/84A13/2024/150,Mizoram,Aizawl,,Sesawng,23.76083333,92.8475,Debris,Slide,28 May 2024,2024-05-28,2024.0,2024-05-28,2024,5,1,66.6,88.5,0.427
MZ/AZL/84A13/2024/151,Mizoram,Aizawl,,Khawruhlian,23.86972222,92.87611111,Debris,Slide,28 May 2024,2024-05-28,2024.0,2024-05-28,2024,5,1,78.3,106.3,0.428
MZ/AZL/84A13/2024/152,Mizoram,Aizawl,,Mualmam,23.80750556,92.83417222,Earth,Slide,28 May 2024,2024-05-28,2024.0,2024-05-28,2024,5,1,66.6,88.5,0.427
MZ/AZL/84A14/2024/0147,Mizoram,Aizawl,,Tuirial,23.72222222,92.80138889,Rock,Slide,28 May 2024,2024-05-28,2024.0,2024-05-28,2024,5,1,68.0,108.3,0.426
MZ/AZL/84A14/2024/136,Mizoram,Aizawl,,Zemabawk to Tuirial Airfield,23.73555556,92.78833333,Rock,Slide,28 May 2024,2024-05-28,2024.0,2024-05-28,2024,5,1,68.0,108.3,0.426
MZ/AZL/84A14/2024/137,Mizoram,Aizawl,,Tuirial,23.72694444,92.79527778,Debris,Slide,28 May 2024,2024-05-28,2024.0,2024-05-28,2024,5,1,68.0,108.3,0.426
MZ/AZL/84A14/2024/138,Mizoram,Aizawl,,Tuirial Airfield,23.73277778,92.79722222,Debris,Slide,28 May 2024,2024-05-28,2024.0,2024-05-28,2024,5,1,68.0,108.3,0.426
MZ/AZL/84A14/2024/139,Mizoram,Aizawl,,Tuirial Airfield Cemetery,23.73416667,92.79861111,Debris,Slide,28 May 2024,2024-05-28,2024.0,2024-05-28,2024,5,1,68.0,108.3,0.426
MZ/AZL/84A14/2024/140,Mizoram,Aizawl,,Tuirial Airfield,23.74555556,92.79444444,Debris,Slide,28 May 2024,2024-05-28,2024.0,2024-05-28,2024,5,1,68.0,108.3,0.426
MZ/AZL/84A14/2024/141,Mizoram,Aizawl,,Tuirial Airfield,23.73666667,92.79722222,Debris,Subsidence,28 May 2024,2024-05-28,2024.0,2024-05-28,2024,5,1,68.0,108.3,0.426
MZ/AZL/84A14/2024/142,Mizoram,Aizawl,,Tuirial Airfield,23.73638889,92.79805556,Earth,Slide,28 May 2024,2024-05-28,2024.0,2024-05-28,2024,5,1,68.0,108.3,0.426
MZ/AZL/84A14/2024/143,Mizoram,Aizawl,,Tuirial Airfield,23.73583333,92.79888889,Earth,Slide,28 May 2024,2024-05-28,2024.0,2024-05-28,2024,5,1,68.0,108.3,0.426
MZ/AZL/84A14/2024/144,Mizoram,Aizawl,,Tuirial Airfield,23.73638889,92.8,Earth,Slide,28 May 2024,2024-05-28,2024.0,2024-05-28,2024,5,1,68.0,108.3,0.426
MZ/AZL/84A14/2024/145,Mizoram,Aizawl,,Tuirial Airfield,23.73555556,92.80027778,Debris,Slide,28 May 2024,2024-05-28,2024.0,2024-05-28,2024,5,1,68.0,108.3,0.426
MZ/AZL/84A14/2024/146,Mizoram,Aizawl,,Tuirial,23.71972222,92.79777778,Earth,Slide,28 May 2024,2024-05-28,2024.0,2024-05-28,2024,5,1,68.0,108.3,0.426
MZ/AZL/84A14/2024/149,Mizoram,Aizawl,,Seling to Sesawng,23.73305556,92.84777778,Debris,Slide,28 May 2024,2024-05-28,2024.0,2024-05-28,2024,5,1,82.5,112.2,0.427
MZ/AZL/84A15/2024/092,Mizoram,Aizawl,,"Chamring to Hmuifang Road, Aizawl",23.43277778,92.76111111,Debris,Slide,28 May 2024,2024-05-28,2024.0,2024-05-28,2024,5,1,86.2,122.7,0.428
MIZ/KOL/2024/866,Mizoram,Kolasib,,,24.4259,93.13580556,Earth,Slide,28 May 2024,2024-05-28,2024.0,2024-05-28,2024,5,1,95.5,111.5,0.427
MIZ/KOL/2024/881,Mizoram,Kolasib,,,24.56925833,93.177275,Debris,Slide,28 May 2024,2024-05-28,2024.0,2024-05-28,2024,5,1,95.2,107.4,0.428
MIZ/KOL/2024/884,Mizoram,Kolasib,,,24.526075,93.05379167,Debris,Slide,28 May 2024,2024-05-28,2024.0,2024-05-28,2024,5,1,91.9,110.7,0.428
MZ/SER/84A15/2024/153,Mizoram,Serchhip,,Chhingchhip NH,23.47694444,92.857846,Debris,Slide,28 May 2024,2024-05-28,2024.0,2024-05-28,2024,5,1,88.3,117.2,0.428
MZ/SER/84A15/2024/154,Mizoram,Serchhip,,"Venglai , Chhingchhip",23.471041,92.85503,Debris,Slide,28 May 2024,2024-05-28,2024.0,2024-05-28,2024,5,1,88.3,117.2,0.428
MZ/SER/84A15/2024/155,Mizoram,Serchhip,,"Venglai, Chhingchhip",23.465558,92.855991,Debris,Slide,28 May 2024,2024-05-28,2024.0,2024-05-28,2024,5,1,88.3,117.2,0.428
MZ/SER/84A15/2024/156,Mizoram,Serchhip,,"Venglai, Chhingchhip",23.463164,92.854672,Debris,Slide,28 May 2024,2024-05-28,2024.0,2024-05-28,2024,5,1,88.3,117.2,0.428
MZ/SER/84A15/2024/157,Mizoram,Serchhip,,"Hmar Veng, Serchhip",23.31259,92.856415,Debris,Slide,28 May 2024,2024-05-28,2024.0,2024-05-28,2024,5,1,104.8,137.4,0.428
MZ/SER/84A15/2024/158,Mizoram,Serchhip,,"NH, Serchhip",23.288812,92.864763,Debris,Slide,28 May 2024,2024-05-28,2024.0,2024-05-28,2024,5,1,104.8,137.4,0.428
MZ/SER/84A15/2024/159,Mizoram,Serchhip,,"NH, Serchhip",23.281264,92.869279,Debris,Slide,28 May 2024,2024-05-28,2024.0,2024-05-28,2024,5,1,104.8,137.4,0.428
MZ/SER/84A15/2024/160,Mizoram,Serchhip,,"S Chhiahtlang , Near VCP house",23.379441,92.844081,Debris,Slide,28 May 2024,2024-05-28,2024.0,2024-05-28,2024,5,1,107.3,136.3,0.429
MZ/SER/84A15/2024/161,Mizoram,Serchhip,,"S Chhiahtlang, Kawn Veng",23.38151,92.844938,Debris,Slide,28 May 2024,2024-05-28,2024.0,2024-05-28,2024,5,1,107.3,136.3,0.429
MZ/SER/84A15/2024/162,Mizoram,Serchhip,,"S Chhiahtlang, Kawn Veng",23.382175,92.843876,Debris,Slide,28 May 2024,2024-05-28,2024.0,2024-05-28,2024,5,1,107.3,136.3,0.429
MZ/SER/84A15/2024/163,Mizoram,Serchhip,,N Chhiahtlang,23.382772,92.845187,Debris,Slide,28 May 2024,2024-05-28,2024.0,2024-05-28,2024,5,1,107.3,136.3,0.429
MZ/SER/84A15/2024/164,Mizoram,Serchhip,,"N Chhiahtlang, towards Jail road",23.381533,92.854115,Debris,Slide,28 May 2024,2024-05-28,2024.0,2024-05-28,2024,5,1,107.3,136.3,0.429
MZ/SER/84A15/2024/165,Mizoram,Serchhip,,Chhiahtlang,23.387941,92.842291,Debris,Slide,28 May 2024,2024-05-28,2024.0,2024-05-28,2024,5,1,107.3,136.3,0.429
MZ/SER/84A16/2024/166,Mizoram,Serchhip,,Keitum,23.237077,92.910043,Debris,Slide,28 May 2024,2024-05-28,2024.0,2024-05-28,2024,5,1,67.2,101.2,0.426
MZ/SER/84E04/2024/167,Mizoram,Serchhip,,N Vanlaiphai,23.126631,93.064946,Debris,Slide,28 May 2024,2024-05-28,2024.0,2024-05-28,2024,5,1,51.0,79.6,0.423
7250,Meghalaya,Eastern-West Khasi Hill,Boulder Stone Quarry Site,Mairang-Guwahati Road,25.762051,91.658959,Debris,Slide,29 May 2024,2024-05-29,2024.0,2024-05-29,2024,5,1,3.8,113.9,0.494
7251,Meghalaya,Eastern-West Khasi Hill,Madpan,Mairang-Guwahati Road,25.791616,91.658242,Debris,Slide,29 May 2024,2024-05-29,2024.0,2024-05-29,2024,5,1,3.8,113.9,0.494
ME/EWK/2026/58,Meghalaya,Eastern-West Khasi Hill,Mawpat,Mairang-Guwahati Road,25.770935,91.656497,Debris,Slide,29 May 2024,2024-05-29,2024.0,2024-05-29,2024,5,1,3.8,113.9,0.494
MIZ/AZL/2024/402,Mizoram,Aizawl,,,23.53805556,92.71861111,Debris,Slide,29 May 2024,2024-05-29,2024.0,2024-05-29,2024,5,1,2.5,102.4,0.405
NL/KOH/83K02/2024/003,Nagaland,Kohima,,NH-2/Tadubi,25.52036,94.1311201,Debris,Slide,01 June 2024,2024-06-01,2024.0,2024-06-01,2024,6,1,2.1,8.1,0.477
NL/KOH/83K02/2024/004,Nagaland,Kohima,,NH-2/Khuzama,25.52164,94.13426,Debris,Slide,01 June 2024,2024-06-01,2024.0,2024-06-01,2024,6,1,2.1,8.1,0.477
NL/KOH/83K02/2024/006,Nagaland,Kohima,,NH-2/Khuzama,25.525094,94.135798,Debris,Subsidence,01 June 2024,2024-06-01,2024.0,2024-06-01,2024,6,1,2.1,8.1,0.477
NL/KOH/83K02/2024/007,Nagaland,Kohima,,NH-2/Khuzama,25.538422,94.136039,Debris,Slide,01 June 2024,2024-06-01,2024.0,2024-06-01,2024,6,1,2.1,8.1,0.477
NL/KOH/83K02/2024/008,Nagaland,Kohima,,NH-2/Viswema,25.5651,94.1390034,Debris,Slide,01 June 2024,2024-06-01,2024.0,2024-06-01,2024,6,1,0.9,5.7,0.463
NL/KOH/83K02/2024/009,Nagaland,Kohima,,NH-2/Viswema,25.6032619,94.1122188,Rock,Slide,01 June 2024,2024-06-01,2024.0,2024-06-01,2024,6,1,2.5,8.2,0.478
NL/KOH/83K02/2024/010,Nagaland,Kohima,,NH-2/Phesema,25.62154,94.1122,Debris,Slide,01 June 2024,2024-06-01,2024.0,2024-06-01,2024,6,1,2.5,8.2,0.478
NL/KOH/83K02/2024/011,Nagaland,Kohima,,NH-2/Phesema,25.6291966,94.10177,Debris,Slide,01 June 2024,2024-06-01,2024.0,2024-06-01,2024,6,1,2.5,8.2,0.478
NL/KOH/83K02/2024/012,Nagaland,Kohima,,NH-2/Phesema,25.6387,94.10979,Debris,Slide,01 June 2024,2024-06-01,2024.0,2024-06-01,2024,6,1,2.5,8.2,0.478
NL/KOH/83K02/2024/013,Nagaland,Kohima,,NH-2/Lerie,25.648759,94.10616,Debris,Slide,01 June 2024,2024-06-01,2024.0,2024-06-01,2024,6,1,2.5,8.2,0.478
MIZ/AZL/2024/488,Mizoram,Aizawl,,,23.52583333,92.63861111,Debris,Slide,2 June 2024,2024-06-02,2024.0,2024-06-02,2024,6,1,0.9,10.3,0.369
MIZ/AZL/2024/634,Mizoram,Aizawl,,,23.73361111,92.84833333,Debris,Slide,7 June 2024,2024-06-07,2024.0,2024-06-07,2024,6,1,1.6,1.7,0.34
MIZ/KOL/2024/860,Mizoram,Kolasib,,,24.15364444,93.02183611,Debris,Slide,7 June 2024,2024-06-07,2024.0,2024-06-07,2024,6,1,6.5,10.2,0.38
KA/DK/48L13/2024/02,Karnataka,Dakshin Kannad,Soojikallu Landslide,_,12.91175,74.848625,Debris,Slide,11 June 2024,2024-06-11,2024.0,2024-06-11,2024,6,1,,,
MIZ/KOL/2024/876,Mizoram,Kolasib,,,24.62604722,93.22583889,Debris,Complex,12 June 2024,2024-06-12,2024.0,2024-06-12,2024,6,1,32.3,46.1,0.419
MIZ/KOL/2024/880,Mizoram,Kolasib,,,24.5716,93.17273056,Debris,Slide,12 June 2024,2024-06-12,2024.0,2024-06-12,2024,6,1,30.8,44.1,0.422
MIZ/KOL/2024/883,Mizoram,Kolasib,,,24.5768,93.106075,Debris,Slide,12 June 2024,2024-06-12,2024.0,2024-06-12,2024,6,1,35.3,45.7,0.421
7240,Meghalaya,Ri-Bhoi,Umsamlan 1,NH-6,25.79744444,91.87408611,Debris,Slide,14 June 2024,2024-06-14,2024.0,2024-06-14,2024,6,1,0.3,20.2,0.475
6874,Meghalaya,South West Khasi Hills,Jakarm,Mawkyrwat-Shillong Road,25.37129167,91.48003056,Debris,Fall,15 June 2024,2024-06-15,2024.0,2024-06-15,2024,6,1,21.3,78.6,0.509
ME/SWKH/78O07/2024/4,Meghalaya,South West Khasi Hills,Manad slide-1,Manad village,25.29967,91.46108,Debris,Slide,15 June 2024,2024-06-15,2024.0,2024-06-15,2024,6,1,33.0,130.3,0.512
ME/SWKH/78O072024/7,Meghalaya,South West Khasi Hills,Manad slide-4,Manad village,25.29739,91.46201,Debris,Slide,17 June 2024,2024-06-17,2024.0,2024-06-17,2024,6,1,34.5,99.2,0.513
MIZ/AZL/2024/263,Mizoram,Aizawl,,,23.69972222,92.7175,Debris,Slide,20 June 2024,2024-06-20,2024.0,2024-06-20,2024,6,1,2.4,8.8,0.329
TN/NIL/58A7/2024/10,Tamil Nadu,Nilgiri,Gudalur GH slide,"NH-181, Gudalur Government hospital",11.4921,76.4997,Earth,Slide,26 June 2024,2024-06-26,2024.0,2024-06-26,2024,6,1,39.0,63.4,0.429
ME/EWK/2025/1,Meghalaya,Eastern-West Khasi Hill,Kynshi,,25.55256111,91.61870278,Debris,Fall,28 June 2024,2024-06-28,2024.0,2024-06-28,2024,6,1,8.5,23.5,0.497
MIZ/AZL/2024/273,Mizoram,Aizawl,,,23.69361111,92.7225,Debris,Slide,28 June 2024,2024-06-28,2024.0,2024-06-28,2024,6,1,5.7,35.5,0.402
MIZ/AZL/2024/628,Mizoram,Aizawl,,,23.71111111,92.87861111,Debris,Slide,28 June 2024,2024-06-28,2024.0,2024-06-28,2024,6,1,9.9,33.3,0.409
MIZ/AZL/2024/646,Mizoram,Aizawl,,,23.774,92.848,Debris,Slide,28 June 2024,2024-06-28,2024.0,2024-06-28,2024,6,1,11.1,39.2,0.41
MIZ/AZL/2024/753,Mizoram,Aizawl,,,23.10851389,93.20975,Debris,Slide,28 June 2024,2024-06-28,2024.0,2024-06-28,2024,6,1,,,
4700,Meghalaya,Ri-Bhoi,Umiam,NH-6,25.67546111,91.89726944,Rock,Topple/Fall,30 June 2024,2024-06-30,2024.0,2024-06-30,2024,6,1,44.7,98.5,0.51
7236,Meghalaya,Ri-Bhoi,Umbang 2,NH-6,25.68591944,91.90256667,Debris,Slide,30 June 2024,2024-06-30,2024.0,2024-06-30,2024,6,1,44.7,98.5,0.51
ME/RIB/2025/24,Meghalaya,Ri-Bhoi,Umiam Flyover,Guwahati-Shillong Road,25.67517222,91.8983,Debris,Fall,30 June 2024,2024-06-30,2024.0,2024-06-30,2024,6,1,44.7,98.5,0.51
ME/RIB/2026/32,Meghalaya,Ri-Bhoi,Umbang 1,NH-6,25.68255833,91.90111389,Debris,Slide,30 June 2024,2024-06-30,2024.0,2024-06-30,2024,6,1,44.7,98.5,0.51
MIZ/AZL/2024/231,Mizoram,Aizawl,,,23.74916667,92.7375,Debris,Slide,30 June 2024,2024-06-30,2024.0,2024-06-30,2024,6,1,11.9,25.8,0.393
4699,Meghalaya,East Khasi Hills,Umiam Hydal Project,GS Road,25.65341111,91.89819444,Debris,Slide,01 July 2024,2024-07-01,2024.0,2024-07-01,2024,7,1,76.6,150.5,0.513
ME/EKH/2025/20,Meghalaya,East Khasi Hills,Umiam Hydal Project,GS Road,25.65308889,91.89803889,Debris,Slide,01 July 2024,2024-07-01,2024.0,2024-07-01,2024,7,1,76.6,150.5,0.513
NL/MOK/83J07/2025/06,Nagaland,Mokokchung,Razu slide,"NH-702D, Razu sector, Chungtia village",26.384347,94.443397,Debris,Slide,01 July 2024,2024-07-01,2024.0,2024-07-01,2024,7,1,89.8,148.1,0.513
4694,Meghalaya,East Khasi Hills,Mowing Rim,Umiam Road,25.65057222,91.89351389,Debris,Fall,02 July 2024,2024-07-02,2024.0,2024-07-02,2024,7,1,48.5,169.8,0.51
6889,Meghalaya,East Khasi Hills,Umiam Lake,Umiam Road,25.64887222,91.89692778,Debris,Slide,02 July 2024,2024-07-02,2024.0,2024-07-02,2024,7,1,48.5,169.8,0.51
6890,Meghalaya,East Khasi Hills,Rymbai Petrol Pump(BPCL),Shillong-Umiam Road,25.641242,91.894137,Debris,Fall,02 July 2024,2024-07-02,2024.0,2024-07-02,2024,7,1,33.7,119.5,0.509
6891,Meghalaya,West Khasi Hills,Mawrok Sohsat,Mairang-Nongstoin Road,25.531739,91.296177,Debris,Slide,02 July 2024,2024-07-02,2024.0,2024-07-02,2024,7,1,21.0,123.7,0.508
7242,Meghalaya,West Khasi Hills,,Nongstoin-RongjongTura Road,25.62269444,91.16914444,Debris,Slide,02 July 2024,2024-07-02,2024.0,2024-07-02,2024,7,1,22.4,109.7,0.506
7243,Meghalaya,West Khasi Hills,,Nongstoin-RongjongTura Road,25.66156667,91.13485278,Debris,Slide,02 July 2024,2024-07-02,2024.0,2024-07-02,2024,7,1,23.5,111.4,0.505
ME/WKH/2025/6,Meghalaya,West Khasi Hills,Sohpian,Mairang-Nongstoin Road,25.540056,91.314142,Debris,Fall,02 July 2024,2024-07-02,2024.0,2024-07-02,2024,7,1,21.0,123.7,0.508
ME/WKH/2026/39,Meghalaya,West Khasi Hills,,Nongstoin-RongjongTura Road,25.61276111,91.17375278,Debris,Slide,02 July 2024,2024-07-02,2024.0,2024-07-02,2024,7,1,22.4,109.7,0.506
MIZ/AZL/2024/252,Mizoram,Aizawl,,,23.74722222,92.71805556,Debris,Slide,2 July 2024,2024-07-02,2024.0,2024-07-02,2024,7,1,34.0,95.9,0.426
MIZ/AZL/2024/270,Mizoram,Aizawl,,,23.70277778,92.72083333,Rock,Slide,2 July 2024,2024-07-02,2024.0,2024-07-02,2024,7,1,34.0,95.9,0.426
MIZ/AZL/2024/271,Mizoram,Aizawl,,,23.7025,92.72138889,Debris,Slide,2 July 2024,2024-07-02,2024.0,2024-07-02,2024,7,1,34.0,95.9,0.426
MIZ/AZL/2024/272,Mizoram,Aizawl,,,23.69805556,92.72277778,Debris,Slide,2 July 2024,2024-07-02,2024.0,2024-07-02,2024,7,1,34.0,95.9,0.426
MIZ/AZL/2024/331,Mizoram,Aizawl,,,23.60972222,92.79972222,Earth,Slide,2 July 2024,2024-07-02,2024.0,2024-07-02,2024,7,1,33.2,93.1,0.427
MIZ/AZL/2024/575,Mizoram,Aizawl,,,23.71388889,92.85722222,Debris,Slide,2 July 2024,2024-07-02,2024.0,2024-07-02,2024,7,1,34.3,97.0,0.428
MIZ/AZL/2024/600,Mizoram,Aizawl,,,23.73694444,92.81361111,Debris,Slide,2 July 2024,2024-07-02,2024.0,2024-07-02,2024,7,1,34.0,95.9,0.426
MIZ/AZL/2024/610,Mizoram,Aizawl,,,23.72916667,92.76583333,Debris,Slide,2 July 2024,2024-07-02,2024.0,2024-07-02,2024,7,1,34.0,95.9,0.426
MIZ/AZL/2024/613,Mizoram,Aizawl,,,23.73222222,92.76555556,Debris,Slide,2 July 2024,2024-07-02,2024.0,2024-07-02,2024,7,1,34.0,95.9,0.426
MIZ/AZL/2024/616,Mizoram,Aizawl,,,23.73794444,92.78613889,Rock,Slide,2 July 2024,2024-07-02,2024.0,2024-07-02,2024,7,1,34.0,95.9,0.426
MIZ/AZL/2024/617,Mizoram,Aizawl,,,23.7375,92.78805556,Debris,Slide,2 July 2024,2024-07-02,2024.0,2024-07-02,2024,7,1,34.0,95.9,0.426
MIZ/AZL/2024/620,Mizoram,Aizawl,,,23.73388889,92.79388889,Debris,Slide,2 July 2024,2024-07-02,2024.0,2024-07-02,2024,7,1,34.0,95.9,0.426
MIZ/AZL/2024/622,Mizoram,Aizawl,,,23.72138889,92.79944444,Debris,Slide,2 July 2024,2024-07-02,2024.0,2024-07-02,2024,7,1,34.0,95.9,0.426
MIZ/AZL/2024/623,Mizoram,Aizawl,,,23.72138889,92.85777778,Debris,Slide,2 July 2024,2024-07-02,2024.0,2024-07-02,2024,7,1,34.3,97.0,0.428
MIZ/AZL/2024/624,Mizoram,Aizawl,,,23.72083333,92.86472222,Debris,Slide,2 July 2024,2024-07-02,2024.0,2024-07-02,2024,7,1,34.3,97.0,0.428
MIZ/AZL/2024/627,Mizoram,Aizawl,,,23.71166667,92.87833333,Debris,Slide,2 July 2024,2024-07-02,2024.0,2024-07-02,2024,7,1,34.3,97.0,0.428
MIZ/AZL/2024/636,Mizoram,Aizawl,,,23.735,92.85666667,Debris,Slide,2 July 2024,2024-07-02,2024.0,2024-07-02,2024,7,1,34.3,97.0,0.428
MIZ/AZL/2024/637,Mizoram,Aizawl,,,23.73666667,92.85611111,Debris,Slide,2 July 2024,2024-07-02,2024.0,2024-07-02,2024,7,1,34.3,97.0,0.428
MIZ/AZL/2024/641,Mizoram,Aizawl,,,23.76111111,92.84777778,Debris,Slide,2 July 2024,2024-07-02,2024.0,2024-07-02,2024,7,1,35.1,107.2,0.427
MIZ/AZL/2024/642,Mizoram,Aizawl,,,23.76166667,92.85083333,Debris,Complex,2 July 2024,2024-07-02,2024.0,2024-07-02,2024,7,1,35.1,107.2,0.427
MIZ/AZL/2024/643,Mizoram,Aizawl,,,23.76527778,92.85,Earth,Slide,2 July 2024,2024-07-02,2024.0,2024-07-02,2024,7,1,35.1,107.2,0.427
MIZ/AZL/2024/644,Mizoram,Aizawl,,,23.76861111,92.85138889,Earth,Slide,2 July 2024,2024-07-02,2024.0,2024-07-02,2024,7,1,35.1,107.2,0.427
MIZ/AZL/2024/659,Mizoram,Aizawl,,,23.83277778,92.8325,Debris,Slide,2 July 2024,2024-07-02,2024.0,2024-07-02,2024,7,1,35.7,102.9,0.427
MIZ/AZL/2024/660,Mizoram,Aizawl,,,23.83888889,92.83194444,Earth,Slide,2 July 2024,2024-07-02,2024.0,2024-07-02,2024,7,1,35.7,102.9,0.427
MIZ/AZL/2024/663,Mizoram,Aizawl,,,23.86222222,92.83666667,Debris,Slide,2 July 2024,2024-07-02,2024.0,2024-07-02,2024,7,1,33.8,104.5,0.427
MIZ/AZL/2024/668,Mizoram,Aizawl,,,23.89138889,92.84888889,Debris,Slide,2 July 2024,2024-07-02,2024.0,2024-07-02,2024,7,1,33.8,104.5,0.427
MIZ/AZL/2024/672,Mizoram,Aizawl,,,23.76972222,92.76,Earth,Slide,2 July 2024,2024-07-02,2024.0,2024-07-02,2024,7,1,37.3,101.5,0.426
MIZ/AZL/2024/712,Mizoram,Aizawl,,,24.17180556,93.54406667,Debris,Slide,2 July 2024,2024-07-02,2024.0,2024-07-02,2024,7,1,24.8,73.7,0.425
MIZ/AZL/2024/713,Mizoram,Aizawl,,,24.18291667,93.53441944,Debris,Slide,2 July 2024,2024-07-02,2024.0,2024-07-02,2024,7,1,24.8,73.7,0.425
MIZ/AZL/2024/714,Mizoram,Aizawl,,,24.18566111,93.53935278,Debris,Slide,2 July 2024,2024-07-02,2024.0,2024-07-02,2024,7,1,24.8,73.7,0.425
MIZ/AZL/2024/715,Mizoram,Aizawl,,,24.24449722,93.55275833,Debris,Slide,2 July 2024,2024-07-02,2024.0,2024-07-02,2024,7,1,28.2,93.2,0.426
MIZ/AZL/2024/716,Mizoram,Aizawl,,,24.24755556,93.54809722,Debris,Slide,2 July 2024,2024-07-02,2024.0,2024-07-02,2024,7,1,24.4,98.7,0.424
MIZ/AZL/2024/725,Mizoram,Aizawl,,,24.32773611,93.57937222,Rock,Slide,2 July 2024,2024-07-02,2024.0,2024-07-02,2024,7,1,24.4,98.7,0.424
MIZ/AZL/2024/752,Mizoram,Aizawl,,,23.09758333,93.21623333,Debris,Slide,2 July 2024,2024-07-02,2024.0,2024-07-02,2024,7,1,25.7,83.7,0.428
MIZ/AZL/2024/755,Mizoram,Aizawl,,,23.101925,93.20426111,Debris,Slide,2 July 2024,2024-07-02,2024.0,2024-07-02,2024,7,1,25.7,83.7,0.428
MIZ/AZL/2024/759,Mizoram,Aizawl,,,23.09759444,93.21089444,Debris,Slide,2 July 2024,2024-07-02,2024.0,2024-07-02,2024,7,1,25.7,83.7,0.428
MIZ/AZL/2024/762,Mizoram,Aizawl,,,23.10100556,93.19393611,Debris,Slide,2 July 2024,2024-07-02,2024.0,2024-07-02,2024,7,1,25.7,83.7,0.428
MIZ/AZL/2024/763,Mizoram,Aizawl,,,23.10074722,93.18785278,Debris,Complex,2 July 2024,2024-07-02,2024.0,2024-07-02,2024,7,1,25.7,83.7,0.428
MIZ/AZL/2024/764,Mizoram,Aizawl,,,23.09954722,93.18600278,Debris,Complex,2 July 2024,2024-07-02,2024.0,2024-07-02,2024,7,1,25.7,83.7,0.428
MIZ/AZL/2024/767,Mizoram,Aizawl,,,23.0983,93.17597222,Debris,Slide,2 July 2024,2024-07-02,2024.0,2024-07-02,2024,7,1,25.7,83.7,0.428
MIZ/AZL/2024/773,Mizoram,Aizawl,,,23.27598056,93.14351667,Debris,Slide,2 July 2024,2024-07-02,2024.0,2024-07-02,2024,7,1,24.9,71.5,0.427
MIZ/AZL/2024/774,Mizoram,Aizawl,,,23.27663889,93.14375,Rock,Slide,2 July 2024,2024-07-02,2024.0,2024-07-02,2024,7,1,,,
MIZ/AZL/2024/775,Mizoram,Aizawl,,,23.281075,93.144075,Debris,Slide,2 July 2024,2024-07-02,2024.0,2024-07-02,2024,7,1,24.9,71.5,0.427
MIZ/AZL/2024/777,Mizoram,Aizawl,,,23.33529167,93.11214167,Debris,Slide,2 July 2024,2024-07-02,2024.0,2024-07-02,2024,7,1,24.9,71.5,0.427
MIZ/AZL/2024/856,Mizoram,Aizawl,,,23.20960722,93.13104722,Debris,Slide,2 July 2024,2024-07-02,2024.0,2024-07-02,2024,7,1,21.7,71.8,0.428
MIZ/AZL/2024/857,Mizoram,Aizawl,,,23.21068583,93.1212325,Debris,Slide,2 July 2024,2024-07-02,2024.0,2024-07-02,2024,7,1,22.8,81.3,0.427
MIZ/AZL/84A11/2025/021,Mizoram,Aizawl,,Thiak to N. Lungsai (Aizawl- Thenzawl-Lunglei SH),23.4855,92.7033,Debris,Slide,02 July 2024,2024-07-02,2024.0,2024-07-02,2024,7,1,23.8,81.5,0.428
MIZ/KOL/2024/741,Mizoram,Kolasib,,,24.60372222,93.37223056,Debris,Slide,2 July 2024,2024-07-02,2024.0,2024-07-02,2024,7,1,30.0,124.6,0.428
MIZ/KOL/2024/742,Mizoram,Kolasib,,,24.66895556,93.33700556,Debris,Slide,2 July 2024,2024-07-02,2024.0,2024-07-02,2024,7,1,30.5,143.0,0.427
MIZ/KOL/2024/746,Mizoram,Kolasib,,,24.72074444,93.30899167,Debris,Slide,2 July 2024,2024-07-02,2024.0,2024-07-02,2024,7,1,37.3,140.8,0.428
MIZ/KOL/2024/780,Mizoram,Kolasib,,,23.50882222,93.09170278,Earth,Slide,2 July 2024,2024-07-02,2024.0,2024-07-02,2024,7,1,30.1,87.5,0.429
MIZ/KOL/2024/815,Mizoram,Kolasib,,,24.02782222,93.28944444,Debris,Slide,2 July 2024,2024-07-02,2024.0,2024-07-02,2024,7,1,36.0,93.2,0.429
MIZ/KOL/2024/816,Mizoram,Kolasib,,,24.04014167,93.2915,Debris,Slide,2 July 2024,2024-07-02,2024.0,2024-07-02,2024,7,1,32.1,102.0,0.428
MIZ/KOL/2024/817,Mizoram,Kolasib,,,24.03980278,93.29373889,Debris,Slide,2 July 2024,2024-07-02,2024.0,2024-07-02,2024,7,1,32.1,102.0,0.428
MIZ/KOL/2024/818,Mizoram,Kolasib,,,24.05823611,93.28901944,Debris,Slide,2 July 2024,2024-07-02,2024.0,2024-07-02,2024,7,1,32.1,102.0,0.428
MIZ/KOL/2024/820,Mizoram,Kolasib,,,24.12428889,93.318525,Earth,Slide,2 July 2024,2024-07-02,2024.0,2024-07-02,2024,7,1,35.3,110.9,0.429
MIZ/KOL/2024/837,Mizoram,Kolasib,,,24.04014167,93.2915,Debris,Slide,2 July 2024,2024-07-02,2024.0,2024-07-02,2024,7,1,32.1,102.0,0.428
MIZ/KOL/2024/841,Mizoram,Kolasib,,,24.57151389,93.141725,Debris,Complex,2 July 2024,2024-07-02,2024.0,2024-07-02,2024,7,1,28.3,117.4,0.428
MIZ/KOL/2024/842,Mizoram,Kolasib,,,24.56917222,93.14073611,Debris,Slide,2 July 2024,2024-07-02,2024.0,2024-07-02,2024,7,1,28.3,117.4,0.428
TN/NIL/58A7/2025/20,Tamil Nadu,Nilgiri,NIL-20,"Seapuram, O’ Valley",11.42336111,76.46347222,Rock,Fall,3 July 2024,2024-07-03,2024.0,2024-07-03,2024,7,1,2.7,13.0,0.464
KA/Udupi/48K13/2024/5,Karnataka,Udupi,Kollur,Kollur -Bundoor taluk,13.869075,74.81434444,Debris,Slide,04 July 2024,2024-07-04,2024.0,2024-07-04,2024,7,1,45.1,105.0,0.512
7042,Karnataka,Uttar Kannada,,,14.302343,74.481493,Debris,Flow,04 July 2024,2024-07-04,2024.0,2024-07-04,2024,7,1,39.8,90.0,0.511
AS/KAM(M)/76N16/2024/2,Assam,Kamrup (Metro),Garo Basti Slide,"Garo Basti Slide, 8th Mile, Guwahati",26.11464,91.83886,Earth,Slide,05 July 2024,2024-07-05,2024.0,2024-07-05,2024,7,1,17.4,63.7,0.502
AS/KAM/76N16/2024/1,Assam,Kamrup (Metro),Garo Basti Slide,"Garo Basti Slide, 8th Mile, Guwahati",26.11464,91.83886,Earth,Slide,05 July 2024,2024-07-05,2024.0,2024-07-05,2024,7,1,17.4,63.7,0.502
KA/UK/48J07/2025/17,Karnataka,Uttar Kannada-Honnavar,--,Church road,14.279078,74.45657,Debris,Slide,05 July 2024,2024-07-05,2024.0,2024-07-05,2024,7,1,40.2,106.9,0.511
JK/RAM/43O8/2023/02,Jammu & Kashmir,Ramban,Dolwas,NH-44,33.15375,75.306858,Debris,Flow,6 July 2024,2024-07-06,2024.0,2024-07-06,2024,7,1,2.6,18.1,0.45
ME/RIB/78O13/2024/10,Meghalaya,Ri-Bhoi,Umran Dairy slide,Umran Dairy village,25.781246,91.874475,Earth,Slide,6 July 2024,2024-07-06,2024.0,2024-07-06,2024,7,1,6.6,31.1,0.502
NA/KOH/83K02/2024/02,Nagaland,Kohima,Kigwema Village,Kigwema-Meluri road,25.6125,94.1272,Debris,Slide,06 July 2024,2024-07-06,2024.0,2024-07-06,2024,7,1,49.8,152.0,0.51
MIZ/KOL/2024/843,Mizoram,Kolasib,,,24.5606,93.13071389,Debris,Slide,7 July 2024,2024-07-07,2024.0,2024-07-07,2024,7,1,7.1,37.1,0.421
MIZ/KOL/2024/844,Mizoram,Kolasib,,,24.55987778,93.12541667,Debris,Slide,7 July 2024,2024-07-07,2024.0,2024-07-07,2024,7,1,8.8,34.8,0.419
MIZ/KOL/2024/847,Mizoram,Kolasib,,,24.10710778,93.11535444,Debris,Slide,7 July 2024,2024-07-07,2024.0,2024-07-07,2024,7,1,6.8,21.3,0.414
MIZ/KOL/2024/867,Mizoram,Kolasib,,,24.44347778,93.15817778,Debris,Complex,7 July 2024,2024-07-07,2024.0,2024-07-07,2024,7,1,5.9,64.7,0.418
MIZ/KOL/2024/869,Mizoram,Kolasib,,,24.44857778,93.15738611,Debris,Complex,7 July 2024,2024-07-07,2024.0,2024-07-07,2024,7,1,5.9,64.7,0.418
MIZ/KOL/2024/879,Mizoram,Kolasib,,,24.56062778,93.18938889,Earth,Slide,7 July 2024,2024-07-07,2024.0,2024-07-07,2024,7,1,7.1,37.1,0.421
MIZ/KOL/2024/882,Mizoram,Kolasib,,,24.57296389,93.17700556,Debris,Slide,7 July 2024,2024-07-07,2024.0,2024-07-07,2024,7,1,7.1,37.1,0.421
KA/Udupi/48K9/2024/4,Karnataka,Udupi,Puduvari-Byndoor taluk,Someswara,13.8719,74.6052,Debris,Slide,09 July 2024,2024-07-09,2024.0,2024-07-09,2024,7,1,41.1,108.0,0.507
MIZ/KOL/2024/798,Mizoram,Kolasib,,,23.36556111,93.05125278,Rock,Fall,9 July 2024,2024-07-09,2024.0,2024-07-09,2024,7,1,4.7,20.0,0.414
MIZ/KOL/2024/799,Mizoram,Kolasib,,,23.36966389,93.04609444,Debris,Slide,9 July 2024,2024-07-09,2024.0,2024-07-09,2024,7,1,4.7,20.0,0.414
MIZ/KOL/2024/804,Mizoram,Kolasib,,,24.55205833,93.25569167,Rock,Fall,9 July 2024,2024-07-09,2024.0,2024-07-09,2024,7,1,24.1,59.0,0.421
MIZ/KOL/2024/836,Mizoram,Kolasib,,,23.56672222,93.13764444,Debris,Slide,9 July 2024,2024-07-09,2024.0,2024-07-09,2024,7,1,12.8,30.4,0.416
MIZ/KOL/2024/838,Mizoram,Kolasib,,,24.56771111,93.14291667,Debris,Complex,9 July 2024,2024-07-09,2024.0,2024-07-09,2024,7,1,24.9,55.8,0.423
MIZ/KOL/2024/839,Mizoram,Kolasib,,,24.57467222,93.14389722,Debris,Slide,9 July 2024,2024-07-09,2024.0,2024-07-09,2024,7,1,24.9,55.8,0.423
MIZ/KOL/2024/840,Mizoram,Kolasib,,,24.57470833,93.13897222,Debris,Complex,9 July 2024,2024-07-09,2024.0,2024-07-09,2024,7,1,24.9,55.8,0.423
MIZ/KOL/2024/865,Mizoram,Kolasib,,,24.40520278,93.06672222,Debris,Slide,9 July 2024,2024-07-09,2024.0,2024-07-09,2024,7,1,18.7,53.7,0.419
ME/RIB/2026/37,Meghalaya,Ri-Bhoi,Umsamlan 2,NH-6,25.80725833,91.87509444,Debris,Slide,14 July 2024,2024-07-14,2024.0,2024-07-14,2024,7,1,6.4,31.1,0.489
KA/CKM/48O03/2024/17,Karnataka,Chikmagalur,Tyavana Landslide,"NH-169, Chainage no. 116.050 to 116.200, Near Tyavana village.",13.40433333,75.23347222,Debris,Slide,15 July 2024,2024-07-15,2024.0,2024-07-15,2024,7,1,145.3,220.6,0.513
KA/CKM/48O07/2024/15,Karnataka,Chikmagalur,Sringeri Landslide-1,NH-169,13.43838889,75.25802778,Debris,Slide,15 July 2024,2024-07-15,2024.0,2024-07-15,2024,7,1,92.6,142.6,0.51
KA/UK/48J06/2024/21,Karnataka,Uttar Kannada,Moolangi School slide,"Govt L.P. School, Moolangi",14.539822,74.348515,Earth,Slide,15 July 2024,2024-07-15,2024.0,2024-07-15,2024,7,1,94.2,212.3,0.379
KA/CKM/48O03/2024/16,Karnataka,Chikmagalur,Keredande Landslide,"NH-169, Chainage no. 113.160, Keredande, Sringeri Taluk.",13.42141667,75.24547222,Debris,Slide,16 July 2024,2024-07-16,2024.0,2024-07-16,2024,7,1,79.3,202.1,0.51
KA/CKM/48O06/2024/14,Karnataka,Chikmagalur,Narbe landslide,"Narbe village, Koppa-Jayapura major district road.",13.50327778,75.34969444,Debris,Flow,16 July 2024,2024-07-16,2024.0,2024-07-16,2024,7,1,57.5,156.8,0.506
KA/CKM/48O07/2024/06,Karnataka,Chikmagalur,Guddethota Landslide,Guddethota village,13.36105556,75.35994444,Debris,Slide,16 July 2024,2024-07-16,2024.0,2024-07-16,2024,7,1,55.1,149.2,0.511
KA/CKM/48O07/2024/07,Karnataka,Chikmagalur,Nidangi Crack. No landslide occurred. Crack developed on road.,"Nidangi village, Kogre to Manasinahadya road",13.331,75.34027778,,-,16 July 2024,2024-07-16,2024.0,2024-07-16,2024,7,1,55.1,149.2,0.511
KA/CKM/48O07/2024/11,Karnataka,Chikmagalur,Basarikatte landslide,Basarikatte village,13.31027778,75.38277778,Debris,Slide,16 July 2024,2024-07-16,2024.0,2024-07-16,2024,7,1,61.4,177.0,0.509
KA/CKM/48O07/2024/12,Karnataka,Chikmagalur,Huttinagadde landslide-1,Huttinagadde village,13.332,75.38963889,Debris,Slide,16 July 2024,2024-07-16,2024.0,2024-07-16,2024,7,1,61.4,177.0,0.509
3223,Karnataka,Kodagu,,Koyanad school,12.47756111,75.583875,Debris,Slide,16 July 2024,2024-07-16,2024.0,2024-07-16,2024,7,1,58.0,150.3,0.509
KA/UK/48J01/2025/12,Karnataka,Uttar Kannada,--,Nirakarewada (Kinner),14.864471,74.210042,Debris,Flow,16 July 2024,2024-07-16,2024.0,2024-07-16,2024,7,1,77.4,214.7,0.509
KA/UK/48J06/2024/22,Karnataka,Uttar Kannada,Ramatheertha temple slide,Gokarna,14.539402,74.312368,Debris,Slide,16 July 2024,2024-07-16,2024.0,2024-07-16,2024,7,1,74.1,244.5,0.375
KA/UK/48J06/2024/23,Karnataka,Uttar Kannada,Nil,Marakal,14.553255,74.359167,Debris,Slide,16 July 2024,2024-07-16,2024.0,2024-07-16,2024,7,1,69.9,204.1,0.511
KA/UK/48J06/2024/26,Karnataka,Uttar Kannada,--,"Hosakatta, Torke village",14.546835,74.357823,Debris,Slide,16 July 2024,2024-07-16,2024.0,2024-07-16,2024,7,1,74.1,244.5,0.375
KA/UK/48J06/2025/19,Karnataka,Uttar Kannada-Gokarna,Rama Teertha temple,Nil,14.539444,74.312306,Debris,Slide,16 July 2024,2024-07-16,2024.0,2024-07-16,2024,7,1,74.1,244.5,0.375
TN/NIL/58A11/2024/13,Tamil Nadu,Nilgiri,Gandhipettai,MDR,11.3645,76.705615,Earth,Slide,16 July 2024,2024-07-16,2024.0,2024-07-16,2024,7,1,41.1,103.6,0.429
TN/NIL/58A11/2024/14,Tamil Nadu,Nilgiri,Appukudu,MDR,11.359923,76.667,Debris,slide,16 July 2024,2024-07-16,2024.0,2024-07-16,2024,7,1,41.1,103.6,0.429
KA/CKM/48O07/2024/13,Karnataka,Chikmagalur,Huttinagadde landslide-2,Huttinagadde village,13.33191667,75.38663889,Debris,Slide,17 July 2024,2024-07-17,2024.0,2024-07-17,2024,7,1,30.0,188.8,0.509
MIZ/AZL/2024/853,Mizoram,Aizawl,,,23.24231111,93.17726667,Debris,Slide,17 July 2024,2024-07-17,2024.0,2024-07-17,2024,7,1,6.6,35.5,0.413
MIZ/KOL/2024/858,Mizoram,Kolasib,,,23.49216111,93.23695,Rock,Slide,17 July 2024,2024-07-17,2024.0,2024-07-17,2024,7,1,17.7,36.0,0.412
MIZ/KOL/2024/859,Mizoram,Kolasib,,,23.504575,93.23805,Debris,Complex,17 July 2024,2024-07-17,2024.0,2024-07-17,2024,7,1,,,
MIZ/KOL/2024/873,Mizoram,Kolasib,,,24.65409167,93.204625,Debris,Slide,17 July 2024,2024-07-17,2024.0,2024-07-17,2024,7,1,27.3,83.1,0.42
MIZ/KOL/2024/874,Mizoram,Kolasib,,,24.65018056,93.20256667,Debris,Slide,17 July 2024,2024-07-17,2024.0,2024-07-17,2024,7,1,27.3,83.1,0.42
MIZ/KOL/2024/875,Mizoram,Kolasib,,,24.6273,93.20404444,Earth,Slide,17 July 2024,2024-07-17,2024.0,2024-07-17,2024,7,1,27.3,83.1,0.42
KA/CKM/48O03/2024/18,Karnataka,Chikmagalur,Nemmaru estate Landslide,"NH-169, Chainage no. 121.580 to 121.640, Bank of Tunga River, Nemmaru estate.",13.36786111,75.21205556,Debris,Subsidence,18 July 2024,2024-07-18,2024.0,2024-07-18,2024,7,1,99.0,306.8,0.511
KA/UK/48J01/2024/16,Karnataka,Uttar Kannada,--,NH-66 (Chainage 160.080),14.513155,74.411225,Debris,Flow,18 July 2024,2024-07-18,2024.0,2024-07-18,2024,7,1,69.6,199.0,0.374
MIZ/AZL/2024/629,Mizoram,Aizawl,,,23.70333333,92.87638889,Debris,Slide,18 July 2024,2024-07-18,2024.0,2024-07-18,2024,7,1,3.9,38.4,0.409
WB/DAR/2024/78A/4/Point/24,West Bengal,Darjeeling,,,27.09819827,88.12994772,Debris,Slide,18 July 2024,2024-07-18,2024.0,2024-07-18,2024,7,1,42.5,138.2,0.428
KA/UK/48J10/2024/27,Karnataka,Uttar Kannada,Yana temple slide,Opposite Yana Temple,14.590067,74.566353,Debris,Slide,19 July 2024,2024-07-19,2024.0,2024-07-19,2024,7,1,114.9,313.4,0.512
KA/UK/48J10/2024/28,Karnataka,Uttar Kannada,Bastikeri slide,,14.42279,74.56534,Debris,Slide,19 July 2024,2024-07-19,2024.0,2024-07-19,2024,7,1,99.1,284.4,0.509
KA/UK/48K09/2025/22,Karnataka,Uttar Kannada-Batkal,Mavinkuruve/Gondarkere,Nil,13.971211,74.532893,Earth,Slide,19 July 2024,2024-07-19,2024.0,2024-07-19,2024,7,1,78.5,237.2,0.509
MIZ/AZL/2024/300,Mizoram,Aizawl,,,23.66166667,92.72416667,Debris,Slide,19 Jul 2024,2024-07-19,2024.0,2024-07-19,2024,7,1,14.7,32.9,0.411
MIZ/AZL/2024/388,Mizoram,Aizawl,,,23.56555556,92.7075,Debris,Slide,19 July 2024,2024-07-19,2024.0,2024-07-19,2024,7,1,16.1,32.0,0.414
MIZ/AZL/2024/855,Mizoram,Aizawl,,,23.24454722,93.17027222,Debris,Slide,19 July 2024,2024-07-19,2024.0,2024-07-19,2024,7,1,4.4,12.2,0.397
TN/NIL/58A11/2024/15,Tamil Nadu,Nilgiri,Emerald,Ooty-kundah road,11.327553,76.6317,Earth,Slide,19 July 2024,2024-07-19,2024.0,2024-07-19,2024,7,1,18.2,72.6,0.427
TN/NIL/58A11/2024/16,Tamil Nadu,Nilgiri,Ithalar,Ooty-kundah road,11.34204,76.63419,Earth,Slide,19 July 2024,2024-07-19,2024.0,2024-07-19,2024,7,1,18.2,72.6,0.427
KA/CKM/48O07/2024/19,Karnataka,Chikmagalur,Sringeri taluk office landslide,"Sringeri taluk office, Near Dargah, Sringeri Town",13.42330556,75.25469444,Debris,Slide,20 July 2024,2024-07-20,2024.0,2024-07-20,2024,7,1,37.6,162.6,0.512
MIZ/AZL/2024/250,Mizoram,Aizawl,,,23.74388889,92.71222222,Debris,Slide,20 July 2024,2024-07-20,2024.0,2024-07-20,2024,7,1,2.7,25.1,0.404
SI/MAN/78A11/2025/1,Sikkim,Mangan,Phensang Landslide,NH-310A,27.4432,88.6087,Debris,Slide,21 July 2024,2024-07-21,2024.0,2024-07-21,2024,7,1,34.4,48.4,0.423
MIZ/AZL/2024/227,Mizoram,Aizawl,,,23.73305556,92.75,Debris,Slide,22 July 2024,2024-07-22,2024.0,2024-07-22,2024,7,1,5.3,14.4,0.402
3227,Karnataka,Kodagu,,,12.97333889,76.01831111,Soil,Subsidence,23 July 2024,2024-07-23,2024.0,2024-07-23,2024,7,1,4.6,17.0,0.499
KA/Kodagu/48A01/2024/07,Karnataka,Kodagu,Manchalli,SH-89,11.97333889,76.01831111,Soil,subsidence,23 July 2024,2024-07-23,2024.0,2024-07-23,2024,7,1,7.5,29.3,0.509
NA/WKH/83J8/2024/02,Nagaland,Wokha,Tchuyiro landslide,Tchuyiro colony,26.08945,94.264217,Earth,Slide,23 July 2024,2024-07-23,2024.0,2024-07-23,2024,7,1,9.8,66.4,0.5
3220,Karnataka,Chikmagalur,,,13.403333,75.735917,Debris,Slide,25 July 2024,2024-07-25,2024.0,2024-07-25,2024,7,1,24.9,43.2,0.51
3221,Karnataka,Chikmagalur,,,13.387861,75.727111,Debris,Slide,25 July 2024,2024-07-25,2024.0,2024-07-25,2024,7,1,24.9,43.2,0.51
KA/CKM/48O11/2024/02,Karnataka,Chikmagalur,Bababudangiri-1,-,13.40333333,75.73591667,Debris,Slide,25 July 2024,2024-07-25,2024.0,2024-07-25,2024,7,1,24.9,43.2,0.51
KA/CKM/48O11/2024/03,Karnataka,Chikmagalur,Bababudangiri Road Landslide-2,-,13.38786111,75.72711111,Debris,"Slide, Subsidence",25 July 2024,2024-07-25,2024.0,2024-07-25,2024,7,1,24.9,43.2,0.51
3208,Karnataka,Kodagu,,,12.64066667,75.80711111,Debris,,25 July 2024,2024-07-25,2024.0,2024-07-25,2024,7,1,45.9,95.9,0.51
KA/Kodagu/48P14/2024/01,Karnataka,Kodagu,Shanthahalli,Somwarpet to Shanthahalli road,12.64066667,75.80711111,Debris,Slide,25 July 2024,2024-07-25,2024.0,2024-07-25,2024,7,1,45.9,95.9,0.51
MH/PUN/47F11/2024/02,Maharashtra,Pune,Padalghar,"MDR 164, Padalghar (Ovhal Bhaleraowasti)",18.39768889,73.51674444,Debris,Slide cum Flow,25 July 2024,2024-07-25,2024.0,2024-07-25,2024,7,1,194.4,433.0,0.438
MH/PUN/47F11/2024/04,Maharashtra,Pune,Dasve (Ramnagar),Ramnagar road,18.40897222,73.52738056,Debris,Slide,25 July 2024,2024-07-25,2024.0,2024-07-25,2024,7,1,194.4,433.0,0.438
MH/PUN/47E12/2024/01,Maharashtra,Pune,Lohagad,Lohagad,18.70779722,73.48077778,Soil,Subsidence,26 July 2024,2024-07-26,2024.0,2024-07-26,2024,7,1,53.0,327.4,0.434
3338,Uttarakhand,Tehri Garhwal,,,30.37265,78.5851083,Debris,Flow,26 July 2024,2024-07-26,2024.0,2024-07-26,2024,7,1,,,
3218,Karnataka,Chikmagalur,Inam Dattatray Peeta Kavikal gundi,"SH-257, Chainage-125.100, Kavikal gundi",13.406306,75.744861,Debris,Slide,27 July 2024,2024-07-27,2024.0,2024-07-27,2024,7,1,5.7,48.9,0.502
KA/CKM/48O08/2024/23,Karnataka,Chikmagalur,Chennahadilu landslide,"Chennahadilu village, Hirebailu to Balehole road",13.21977778,75.41916667,Debris,Slide,27 July 2024,2024-07-27,2024.0,2024-07-27,2024,7,1,12.3,81.9,0.504
KA/CKM/48O11/2024/01,Karnataka,Chikmagalur,Inam Dattatray Peeta Landslide,"SH-257, Chainage-125.100, Kavikal gundi",13.40630556,75.74486111,Debris,"Slide, Subsidence",27 July 2024,2024-07-27,2024.0,2024-07-27,2024,7,1,5.7,48.9,0.502
3209,Karnataka,Kodagu,,Madapur to Somwarpet road SH-27,12.51091667,75.81194444,Debris,,28 July 2024,2024-07-28,2024.0,2024-07-28,2024,7,1,14.0,54.5,0.508
KA/Kodagu/48P14/2024/02,Karnataka,Kodagu,Madapur landslide,Madapur to Somwarpet road SH-27,12.51091667,75.81194444,soil,slide,28 July 2024,2024-07-28,2024.0,2024-07-28,2024,7,1,14.0,54.5,0.508
KA/CKM/48O07/2024/08,Karnataka,Chikmagalur,Kogre landslide,Kogre village,13.33183333,75.337,Debris,Slide,29 July 2024,2024-07-29,2024.0,2024-07-29,2024,7,1,23.7,44.7,0.51
KA/CKM/48O07/2024/09,Karnataka,Chikmagalur,Habbikallu landslide,"Habbikallu village, Jayapura- Basarikatte road",13.32616667,75.35194444,Debris,Slide,29 July 2024,2024-07-29,2024.0,2024-07-29,2024,7,1,32.8,54.4,0.509
KA/CKM/48O07/2024/10,Karnataka,Chikmagalur,Chennekallu landslide,"Chennekallu village, Jayapura- Basarikatte road",13.30636111,75.37655556,Debris,Subsidence,29 July 2024,2024-07-29,2024.0,2024-07-29,2024,7,1,32.8,54.4,0.509
KA/HAS/48P09/2024/02,Karnataka,Hassan,Harley Estate slide,"Harley Estate, Kumbaradi Village",12.932363,75.725262,Debris,Slide,29 July 2024,2024-07-29,2024.0,2024-07-29,2024,7,1,67.9,116.6,0.511
KA/HAS/48P09/2024/03,Karnataka,Hassan,Nil,Kumbaradi village,12.939405,75.73157,Debris,Slide,29 July 2024,2024-07-29,2024.0,2024-07-29,2024,7,1,67.9,116.6,0.511
MA/TAM/83H05/2024/01,Manipur,Tamenglong,Dimthanlong landslide,Dimthanlong,24.979,93.496,Earth,Slide,29 July 2024,2024-07-29,2024.0,2024-07-29,2024,7,1,17.3,18.6,0.38
KA/CKM/48O07/2024/24,Karnataka,Chikmagalur,Melmachige (Horanadu) landslide,"Melmachige village, Horanadu- Sringeri road",13.28061111,75.3315,Debris,Slide,30 July 2024,2024-07-30,2024.0,2024-07-30,2024,7,1,34.1,77.2,0.509
KA/CKM/48O07/2024/25,Karnataka,Chikmagalur,Somankatte landslide,"Somanakatte village, Horanadu",13.28116667,75.34819444,Debris,Slide,30 July 2024,2024-07-30,2024.0,2024-07-30,2024,7,1,34.1,77.2,0.509
KA/CKM/48O08/2024/20,Karnataka,Chikmagalur,Charmadi Ghat Slide-1,"NH-73, Charmadi Ghat, Between hair pin bend no. 7 and 8",13.07641667,75.45569444,Debris,Slide,30 July 2024,2024-07-30,2024.0,2024-07-30,2024,7,1,67.0,159.8,0.509
KA/CKM/48O08/2024/21,Karnataka,Chikmagalur,Charmadi Ghat Slide-2,"NH-73, Charmadi Ghat, Between hair pin bend no. 8 and 9",13.07683333,75.45633333,Debris,Slide,30 July 2024,2024-07-30,2024.0,2024-07-30,2024,7,1,67.0,159.8,0.509
KA/CKM/48O08/2024/22,Karnataka,Chikmagalur,Charmadi Ghat Slide-3,"NH-73, Charmadi Ghat, Near to hairpin bend 11 towards Kottigehara",13.07633333,75.47161111,Debris,Slide,30 July 2024,2024-07-30,2024.0,2024-07-30,2024,7,1,48.4,113.2,0.513
KA/DK/48O8/2024/11,Karnataka,Dakshina Kannada/Belthangadi,Savanalu-Hanyadi,Nil,13.046275,75.27276944,Debris,Subsidence,30 July 2024,2024-07-30,2024.0,2024-07-30,2024,7,1,62.1,164.4,0.508
KA/Udupi/48O4/2024/8,Karnataka,Udupi,Mala,Mala-Karkala,13.22670278,75.13119722,Debris,Slide,30 July 2024,2024-07-30,2024.0,2024-07-30,2024,7,1,62.3,176.1,0.51
TN/NIL/58A11/2025/6,Tamil Nadu,Nilgiri,NIL-6,Ithalar hatty,11.34302778,76.63919444,Earth,Slide,30 July 2024,2024-07-30,2024.0,2024-07-30,2024,7,1,54.7,84.5,0.429
KA/CKM/48O11/2024/05,Karnataka,Chikmagalur,Mullayanagiri Road Landslide-2,Mullayanagiri Road,13.38330556,75.70797222,Debris,Slide,31 July 2024,2024-07-31,2024.0,2024-07-31,2024,7,1,21.5,57.7,0.508
KA/DK/48L13/2024/01,Karnataka,Dakshin Kannad,Bellibetta,Mangalore- Moodbidri road,12.93978611,74.93526667,Debris,Slide,31 July 2024,2024-07-31,2024.0,2024-07-31,2024,7,1,59.0,208.8,0.513
KA/DK/48O8/2024/10,Karnataka,Dakshina Kannada/Belthangadi,Pannakka,Nil,13.00683889,75.26101944,Debris,Slide,31 July 2024,2024-07-31,2024.0,2024-07-31,2024,7,1,62.4,199.4,0.511
KA/DK/48L13/2024/03,Karnataka,Dakshina Kannada/Bantwal,Kodegoli-Tumbe Landslide,-,12.87427778,74.97915833,Soil,Slide,02 August 2024,2024-08-02,2024.0,2024-08-02,2024,8,1,14.6,117.9,0.508
KA/DK/48P1/2024/08,Karnataka,Dakshina Kannada/Puttur,Bellipady,Nil,12.80025833,75.24629167,soil,Slide,02 August 2024,2024-08-02,2024.0,2024-08-02,2024,8,1,11.8,98.5,0.508
KA/DK/48P1/2024/9,Karnataka,Dakshina Kannada/Puttur,Kodimpady,Puttur-Uppinangady road,12.81395556,75.2177,soil,Slide,02 August 2024,2024-08-02,2024.0,2024-08-02,2024,8,1,11.8,98.5,0.508
7245,Meghalaya,Eastern-West Khasi Hill,,Mairang-Guwahati Road,25.69683611,91.64485556,Debris,Slide,06 August 2024,2024-08-06,2024.0,2024-08-06,2024,8,1,26.6,100.4,0.51
ME/EWK/2026/45,Meghalaya,Eastern-West Khasi Hill,Nongkhlaw-Tirotsing 4,Mairang-Guwahati Road,25.69866667,91.64517222,Debris,Slide,06 August 2024,2024-08-06,2024.0,2024-08-06,2024,8,1,26.6,100.4,0.51
7241,Assam,Kamrup (Metro),Amchong tea estate,,26.156633,91.938576,Soil,slide,8 August 2024,2024-08-08,2024.0,2024-08-08,2024,8,1,17.5,131.6,0.503
MIZ/KOL/2024/736,Mizoram,Kolasib,,,24.450125,93.35963889,Earth,Slide,8 August 2024,2024-08-08,2024.0,2024-08-08,2024,8,1,19.5,46.1,0.425
3335,Uttarakhand,Tehri Garhwal,,,30.4457916,78.8065083,Debris,Flow,11 August 2024,2024-08-11,2024.0,2024-08-11,2024,8,1,21.8,45.7,0.504
3336,Uttarakhand,Tehri Garhwal,,,30.443595,78.7942766,Debris,Slide,11 August 2024,2024-08-11,2024.0,2024-08-11,2024,8,1,17.1,49.1,0.504
MIZ/AZL/2024/717,Mizoram,Aizawl,,,24.28840278,93.58591389,Debris,Slide,13 August 2024,2024-08-13,2024.0,2024-08-13,2024,8,1,8.0,18.9,0.398
MIZ/AZL/2024/718,Mizoram,Aizawl,,,24.29982222,93.59040833,Debris,Slide,13 August 2024,2024-08-13,2024.0,2024-08-13,2024,8,1,8.0,18.9,0.398
MIZ/AZL/2024/719,Mizoram,Aizawl,,,24.30768611,93.58120556,Debris,Slide,13 August 2024,2024-08-13,2024.0,2024-08-13,2024,8,1,8.0,18.9,0.398
MIZ/AZL/2024/720,Mizoram,Aizawl,,,24.30711944,93.59375833,Earth,Slide,13 August 2024,2024-08-13,2024.0,2024-08-13,2024,8,1,8.0,18.9,0.398
MIZ/AZL/2024/721,Mizoram,Aizawl,,,24.33915833,93.66233611,Debris,Slide,13 August 2024,2024-08-13,2024.0,2024-08-13,2024,8,1,2.7,18.3,0.485
MIZ/AZL/2024/722,Mizoram,Aizawl,,,24.33331944,93.65702778,Debris,Slide,13 August 2024,2024-08-13,2024.0,2024-08-13,2024,8,1,2.7,18.3,0.485
MIZ/AZL/2024/724,Mizoram,Aizawl,,,24.3309,93.66054444,Debris,Slide,13 August 2024,2024-08-13,2024.0,2024-08-13,2024,8,1,2.7,18.3,0.485
MIZ/AZL/2024/726,Mizoram,Aizawl,,,24.39255556,93.65468611,Debris,Slide,13 August 2024,2024-08-13,2024.0,2024-08-13,2024,8,1,2.7,18.3,0.485
MIZ/AZL/2024/728,Mizoram,Aizawl,,,24.49112222,93.62215556,Earth,Slide,13 August 2024,2024-08-13,2024.0,2024-08-13,2024,8,1,3.3,32.0,0.48
MIZ/AZL/2024/730,Mizoram,Aizawl,,,24.48458889,93.58781944,Debris,Slide,13 August 2024,2024-08-13,2024.0,2024-08-13,2024,8,1,6.0,39.8,0.414
MIZ/AZL/2024/732,Mizoram,Aizawl,,,24.51785556,93.55086944,Debris,Slide,13 August 2024,2024-08-13,2024.0,2024-08-13,2024,8,1,6.0,39.8,0.414
MIZ/KOL/2024/744,Mizoram,Kolasib,,,24.76606111,93.30076667,Earth,Slide,13 August 2024,2024-08-13,2024.0,2024-08-13,2024,8,1,16.0,29.3,0.419
MIZ/KOL/2024/778,Mizoram,Kolasib,,,23.41421944,93.10569167,Debris,Slide,13 August 2024,2024-08-13,2024.0,2024-08-13,2024,8,1,12.3,18.3,0.406
MIZ/KOL/2024/830,Mizoram,Kolasib,,,23.631219,93.118033,Debris,Slide,15 August 2024,2024-08-15,2024.0,2024-08-15,2024,8,1,21.4,52.6,0.419
MIZ/KOL/2024/834,Mizoram,Kolasib,,,23.62418333,93.14208611,Debris,Slide,15 August 2024,2024-08-15,2024.0,2024-08-15,2024,8,1,21.4,52.6,0.419
MIZ/AZL/2024/670,Mizoram,Aizawl,,,23.88361111,92.85305556,Earth,Slide,17 August 2024,2024-08-17,2024.0,2024-08-17,2024,8,1,30.2,76.6,0.427
MIZ/KOL/2024/738,Mizoram,Kolasib,,,24.54263333,93.39741944,Debris,Slide,18 August 2024,2024-08-18,2024.0,2024-08-18,2024,8,1,21.2,56.3,0.427
MIZ/KOL/2024/745,Mizoram,Kolasib,,,24.73838889,93.30909722,Debris,Slide,18 August 2024,2024-08-18,2024.0,2024-08-18,2024,8,1,25.2,70.2,0.428
MIZ/KOL/2024/747,Mizoram,Kolasib,,,24.716225,93.32551389,Debris,Slide,18 August 2024,2024-08-18,2024.0,2024-08-18,2024,8,1,25.2,70.2,0.428
MIZ/KOL/2024/750,Mizoram,Kolasib,,,24.60853333,93.41668333,Debris,Slide,18 August 2024,2024-08-18,2024.0,2024-08-18,2024,8,1,32.0,65.5,0.427
MIZ/KOL/2024/749,Mizoram,Kolasib,,,24.60719444,93.46784722,Earth,Slide,19 August 2024,2024-08-19,2024.0,2024-08-19,2024,8,1,30.4,80.8,0.427
7305,Maharashtra,Pune,,Tamhini ghat,18.487,73.42174,Debris,Slide,21 August 2024,2024-08-21,2024.0,2024-08-21,2024,8,1,14.9,46.9,0.413
MIZ/AZL/2024/241,Mizoram,Aizawl,,,23.73888889,92.71472222,Debris,Slide,21 August 2024,2024-08-21,2024.0,2024-08-21,2024,8,1,8.1,75.0,0.42
MIZ/AZL/2024/249,Mizoram,Aizawl,,,23.74194444,92.71305556,Debris,Slide,21 August 2024,2024-08-21,2024.0,2024-08-21,2024,8,1,11.1,57.6,0.423
SI/GAN/78A07/2024/48,Sikkim,Gangtok District,Dipudara landslide,"NHPC Teesta-V, Singtam-Dikchu road",27.2525,88.4606,Rock,Slide,21 August 2024,2024-08-21,2024.0,2024-08-21,2024,8,1,0.6,22.2,0.397
3325,Uttarakhand,Chamoli,,,30.0739866,79.5004016,Debris,Slide,21 August 2024,2024-08-21,2024.0,2024-08-21,2024,8,1,7.3,58.5,0.493
3330,Uttarakhand,Tehri Garhwal,,,30.5416983,78.8059866,Debris,Flow,21 August 2024,2024-08-21,2024.0,2024-08-21,2024,8,1,2.3,22.0,0.489
3331,Uttarakhand,Tehri Garhwal,,,30.5416566,78.8084316,Debris,Flow,21 August 2024,2024-08-21,2024.0,2024-08-21,2024,8,1,2.3,22.0,0.489
MIZ/KOL/2024/809,Mizoram,Kolasib,,,24.599425,93.30004722,Debris,Slide,24 August 2024,2024-08-24,2024.0,2024-08-24,2024,8,1,26.2,108.5,0.422
MIZ/AZL/2024/307,Mizoram,Aizawl,,,23.58694444,92.8175,Debris,Slide,25 August 2024,2024-08-25,2024.0,2024-08-25,2024,8,1,6.5,44.5,0.421
MIZ/AZL/2024/387,Mizoram,Aizawl,,,23.5625,92.70777778,Debris,Slide,25 August 2024,2024-08-25,2024.0,2024-08-25,2024,8,1,3.8,37.7,0.416
MIZ/AZL/84A11/2025/023,Mizoram,Aizawl,,Aizawl-Thenzawl-Lunglei SH,23.4946,92.7044,Debris,Slide,25 August 2024,2024-08-25,2024.0,2024-08-25,2024,8,1,3.8,37.7,0.416
3323,Uttarakhand,Chamoli,,,30.064215,79.5073433,Debris,Slide,27 August 2024,2024-08-27,2024.0,2024-08-27,2024,8,1,4.2,14.2,0.487
ME/EWK/2026/60,Meghalaya,Eastern-West Khasi Hill,,Mairang-Guwahati Road,25.803984,91.659801,Debris,Slide,28 August 2024,2024-08-28,2024.0,2024-08-28,2024,8,1,1.9,6.3,0.481
MIZ/AZL/2024/351,Mizoram,Aizawl,,,23.62361111,92.78888889,Debris,Slide,28 August 2024,2024-08-28,2024.0,2024-08-28,2024,8,1,39.1,43.2,0.417
MIZ/AZL/2024/612,Mizoram,Aizawl,,,23.73027778,92.76861111,Debris,Slide,28 August 2024,2024-08-28,2024.0,2024-08-28,2024,8,1,37.6,41.4,0.415
MIZ/AZL/2024/635,Mizoram,Aizawl,,,23.73361111,92.85305556,Debris,Complex,28 August 2024,2024-08-28,2024.0,2024-08-28,2024,8,1,28.7,34.4,0.417
TN/NIL/58A11/2024/11,Tamil Nadu,Nilgiri,Ooty-Gudalur Road-NH-181,NH-181,11.49052,76.527422,Debris,slide,29 August 2024,2024-08-29,2024.0,2024-08-29,2024,8,1,3.9,6.1,0.377
TN/NIL/58A11/2024/12,Tamil Nadu,Nilgiri,Ooty-Gudalur Road-NH-181,NH-181,11.490697,76.532657,Debris,slide,29 August 2024,2024-08-29,2024.0,2024-08-29,2024,8,1,1.8,2.3,0.359
JK/REA/43K16/2024/18,Jammu & Kashmir,Reasi,Vaishno Devi,Vaishno Devi Track Route,33.02428,74.93825,Rock,Fall,2 September 2024,2024-09-02,2024.0,2024-09-02,2024,9,1,13.9,18.4,0.494
3211,Nagaland,Chumoukedima,,,25.7802266,93.936165,Debris,Flow,03 September 2024,2024-09-03,2024.0,2024-09-03,2024,9,1,24.1,71.8,0.504
3212,Nagaland,Chumoukedima,,,25.7746019,93.9148756,Debris,Slide,03 September 2024,2024-09-03,2024.0,2024-09-03,2024,9,1,24.1,71.8,0.504
NA/CHU/83G13/2024/01,Nagaland,Chumoukedima,Pagala Pahar landslide,NH-29,25.7853,93.8014,Debris,Slide,03 September 2024,2024-09-03,2024.0,2024-09-03,2024,9,1,8.4,46.1,0.497
MIZ/KOL/2024/781,Mizoram,Kolasib,,,23.54130278,93.10256944,Earth,Slide,12 September 2024,2024-09-12,2024.0,2024-09-12,2024,9,1,1.9,24.0,0.41
MIZ/KOL/2024/782,Mizoram,Kolasib,,,23.54600556,93.09247222,Earth,Slide,12 September 2024,2024-09-12,2024.0,2024-09-12,2024,9,1,3.8,35.4,0.406
MIZ/KOL/2024/783,Mizoram,Kolasib,,,23.54286944,93.08539722,Earth,Slide,12 September 2024,2024-09-12,2024.0,2024-09-12,2024,9,1,3.8,35.4,0.406
MIZ/KOL/2024/785,Mizoram,Kolasib,,,23.56785,93.10472222,Debris,Slide,12 September 2024,2024-09-12,2024.0,2024-09-12,2024,9,1,0.7,22.7,0.409
MIZ/KOL/2024/786,Mizoram,Kolasib,,,23.56413333,93.11378889,Earth,Slide,12 September 2024,2024-09-12,2024.0,2024-09-12,2024,9,1,0.7,22.7,0.409
MIZ/KOL/2024/787,Mizoram,Kolasib,,,23.56233889,93.11890833,Debris,Slide,12 September 2024,2024-09-12,2024.0,2024-09-12,2024,9,1,0.7,22.7,0.409
MIZ/KOL/2024/789,Mizoram,Kolasib,,,23.56238611,93.12376667,Earth,Slide,12 September 2024,2024-09-12,2024.0,2024-09-12,2024,9,1,0.7,22.7,0.409
MIZ/KOL/2024/790,Mizoram,Kolasib,,,23.56404167,93.10752222,Earth,Slide,12 September 2024,2024-09-12,2024.0,2024-09-12,2024,9,1,0.7,22.7,0.409
MIZ/KOL/2024/791,Mizoram,Kolasib,,,23.56145278,93.10908889,Debris,Slide,12 September 2024,2024-09-12,2024.0,2024-09-12,2024,9,1,0.7,22.7,0.409
MIZ/KOL/2024/792,Mizoram,Kolasib,,,23.55881111,93.10900556,Earth,Slide,12 September 2024,2024-09-12,2024.0,2024-09-12,2024,9,1,0.7,22.7,0.409
MIZ/AZL/2024/795,Mizoram,Aizawl,,,23.34297778,93.057775,Debris,Slide,13 September 2024,2024-09-13,2024.0,2024-09-13,2024,9,1,11.6,36.2,0.399
MIZ/KOL/2024/794,Mizoram,Kolasib,,,23.5356,93.10656944,Debris,Slide,13 September 2024,2024-09-13,2024.0,2024-09-13,2024,9,1,1.9,8.5,0.4
3324,Uttarakhand,Chamoli,,,30.0721066,79.4989966,Debris,Slide,14 September 2024,2024-09-14,2024.0,2024-09-14,2024,9,1,0.6,141.5,0.48
MIZ/KOL/2024/801,Mizoram,Kolasib,,,23.03821667,93.12529444,Rock,Slide,17 September 2024,2024-09-17,2024.0,2024-09-17,2024,9,1,8.2,17.4,0.402
MIZ/AZL/2024/262,Mizoram,Aizawl,,,23.69777778,92.71944444,Debris,Slide,20 September 2024,2024-09-20,2024.0,2024-09-20,2024,9,1,0.4,9.6,0.337
MIZ/AZL/2024/486,Mizoram,Aizawl,,,23.52694444,92.65444444,Debris,Slide,20 September 2024,2024-09-20,2024.0,2024-09-20,2024,9,1,1.4,17.9,0.376
WB/DAR/2025/78A/4/Point/78,West Bengal,Darjeeling,,,27.0708838,88.1661605,Soil,Creep,20 September 2024,2024-09-20,2024.0,2024-09-20,2024,9,1,4.3,7.0,0.333
MIZ/AZL/2024/854,Mizoram,Aizawl,,,23.24500833,93.17587222,Debris,Slide,24 September 2024,2024-09-24,2024.0,2024-09-24,2024,9,1,10.4,11.0,0.36
MIZ/KOL/2024/802,Mizoram,Kolasib,,,23.54294167,93.23821667,Debris,Slide,24 September 2024,2024-09-24,2024.0,2024-09-24,2024,9,1,17.7,17.8,0.348
MIZ/KOL/2024/810,Mizoram,Kolasib,,,24.60921944,93.30050278,Debris,Slide,24 September 2024,2024-09-24,2024.0,2024-09-24,2024,9,1,2.8,3.5,0.303
MIZ/KOL/2024/812,Mizoram,Kolasib,,,24.64528611,93.28593611,Debris,Slide,24 September 2024,2024-09-24,2024.0,2024-09-24,2024,9,1,1.7,2.0,0.303
MIZ/KOL/2024/813,Mizoram,Kolasib,,,24.02205833,93.29369167,Debris,Slide,24 September 2024,2024-09-24,2024.0,2024-09-24,2024,9,1,11.9,12.6,0.351
MIZ/KOL/2024/814,Mizoram,Kolasib,,,23.01689167,93.283175,Debris,Slide,24 September 2024,2024-09-24,2024.0,2024-09-24,2024,9,1,17.1,17.2,0.334
MIZ/KOL/2024/819,Mizoram,Kolasib,,,24.09210556,93.29866667,Rock,Slide,24 September 2024,2024-09-24,2024.0,2024-09-24,2024,9,1,17.3,19.1,0.33
MIZ/KOL/2024/825,Mizoram,Kolasib,,,24.297775,93.34159722,Debris,Slide,24 September 2024,2024-09-24,2024.0,2024-09-24,2024,9,1,24.0,24.0,0.338
MIZ/KOL/2024/827,Mizoram,Kolasib,,,24.35137778,93.34095556,Debris,Slide,24 September 2024,2024-09-24,2024.0,2024-09-24,2024,9,1,22.6,22.7,0.309
MIZ/KOL/2024/848,Mizoram,Kolasib,,,24.10015917,93.10461389,Rock,Slide,24 September 2024,2024-09-24,2024.0,2024-09-24,2024,9,1,14.0,14.3,0.323
MIZ/KOL/2024/849,Mizoram,Kolasib,,,24.11104722,93.10374167,Earth,Slide,24 September 2024,2024-09-24,2024.0,2024-09-24,2024,9,1,17.9,18.5,0.331
MIZ/KOL/2024/850,Mizoram,Kolasib,,,24.10506389,93.09593611,Earth,Slide,24 September 2024,2024-09-24,2024.0,2024-09-24,2024,9,1,17.9,18.5,0.331
MIZ/KOL/2024/851,Mizoram,Kolasib,,,24.10743611,93.09532222,Debris,Slide,24 September 2024,2024-09-24,2024.0,2024-09-24,2024,9,1,17.9,18.5,0.331
MIZ/KOL/2024/852,Mizoram,Kolasib,,,24.10687222,93.08849722,Earth,Slide,24 September 2024,2024-09-24,2024.0,2024-09-24,2024,9,1,17.9,18.5,0.331
MIZ/KOL/2024/877,Mizoram,Kolasib,,,24.58605,93.21056389,Debris,Slide,24 September 2024,2024-09-24,2024.0,2024-09-24,2024,9,1,,,
MIZ/KOL/2024/885,Mizoram,Kolasib,,,24.458325,93.09439167,Debris,Slide,24 September 2024,2024-09-24,2024.0,2024-09-24,2024,9,1,14.3,14.3,0.311
WB/DAR/2024/78A/4/Point/15,West Bengal,Darjeeling,,,27.10130325,88.11429524,Debris,Fall,24 September 2024,2024-09-24,2024.0,2024-09-24,2024,9,1,2.2,2.3,0.275
MIZ/AZL/2024/432,Mizoram,Aizawl,,,23.51944444,92.70055556,Debris,Slide,25 September 2024,2024-09-25,2024.0,2024-09-25,2024,9,1,27.4,76.8,0.427
MIZ/AZL/2024/639,Mizoram,Aizawl,,,23.74416667,92.85555556,Debris,Slide,25 September 2024,2024-09-25,2024.0,2024-09-25,2024,9,1,23.4,44.3,0.404
MIZ/AZL/2024/640,Mizoram,Aizawl,,,23.74361111,92.85416667,Debris,Slide,25 September 2024,2024-09-25,2024.0,2024-09-25,2024,9,1,23.4,44.3,0.404
MIZ/AZL/2024/662,Mizoram,Aizawl,,,23.85194444,92.83305556,Earth,Slide,25 September 2024,2024-09-25,2024.0,2024-09-25,2024,9,1,21.9,45.5,0.422
MIZ/AZL/2024/665,Mizoram,Aizawl,,,23.87777778,92.84083333,Debris,Slide,25 September 2024,2024-09-25,2024.0,2024-09-25,2024,9,1,21.9,45.5,0.422
MIZ/AZL/2024/671,Mizoram,Aizawl,,,23.88527778,92.8575,Earth,Slide,25 September 2024,2024-09-25,2024.0,2024-09-25,2024,9,1,21.9,45.5,0.422
MIZ/AZL/2024/237,Mizoram,Aizawl,,,23.76388889,92.73388889,Rock,Slide,26 September 2024,2024-09-26,2024.0,2024-09-26,2024,9,1,4.2,48.3,0.41
,West Bengal,Darjeeling,,,27.09095539,88.10041224,Debris,Slide,27 September 2024,2024-09-27,2024.0,2024-09-27,2024,9,1,207.3,324.7,0.43
MIZ/AZL/2024/666,Mizoram,Aizawl,,,23.88583333,92.85055556,Rock,Slide,28 September 2024,2024-09-28,2024.0,2024-09-28,2024,9,1,1.3,11.4,0.374
MIZ/AZL/2024/667,Mizoram,Aizawl,,,23.89277778,92.85083333,Debris,Slide,28 September 2024,2024-09-28,2024.0,2024-09-28,2024,9,1,1.3,11.4,0.374
MIZ/AZL/2024/669,Mizoram,Aizawl,,,23.89305556,92.84722222,Earth,Slide,28 September 2024,2024-09-28,2024.0,2024-09-28,2024,9,1,1.3,11.4,0.374
MIZ/AZL/2024/705,Mizoram,Aizawl,,,24.03503889,93.54139444,Debris,Slide,28 September 2024,2024-09-28,2024.0,2024-09-28,2024,9,1,1.5,9.9,0.364
MIZ/AZL/2024/709,Mizoram,Aizawl,,,24.10864167,93.54198333,Debris,Slide,28 September 2024,2024-09-28,2024.0,2024-09-28,2024,9,1,1.1,7.6,0.338
MIZ/AZL/2024/710,Mizoram,Aizawl,,,24.12682222,93.54013889,Debris,Slide,28 September 2024,2024-09-28,2024.0,2024-09-28,2024,9,1,1.1,7.6,0.338
MIZ/AZL/2024/723,Mizoram,Aizawl,,,24.33300556,93.65357222,Debris,Slide,28 September 2024,2024-09-28,2024.0,2024-09-28,2024,9,1,1.1,16.3,0.466
MIZ/AZL/2024/731,Mizoram,Aizawl,,,24.492825,93.58643611,Earth,Slide,28 September 2024,2024-09-28,2024.0,2024-09-28,2024,9,1,5.2,31.2,0.405
MIZ/AZL/2024/734,Mizoram,Aizawl,,,24.52308611,93.57206944,Debris,Slide,28 September 2024,2024-09-28,2024.0,2024-09-28,2024,9,1,5.2,31.2,0.405
MIZ/AZL/2024/735,Mizoram,Aizawl,,,24.48338333,93.58848056,Debris,Complex,28 September 2024,2024-09-28,2024.0,2024-09-28,2024,9,1,5.2,31.2,0.405
MIZ/AZL/2024/756,Mizoram,Aizawl,,,23.10184722,93.20138889,Debris,Slide,28 September 2024,2024-09-28,2024.0,2024-09-28,2024,9,1,11.7,35.4,0.39
MIZ/AZL/2024/772,Mizoram,Aizawl,,,23.25951944,93.15917222,Debris,Complex,28 September 2024,2024-09-28,2024.0,2024-09-28,2024,9,1,3.0,20.6,0.404
MIZ/AZL/2024/776,Mizoram,Aizawl,,,23.32829167,93.12184167,Debris,Slide,28 September 2024,2024-09-28,2024.0,2024-09-28,2024,9,1,1.8,16.4,0.398
MIZ/AZL/2024/796,Mizoram,Aizawl,,,23.35406111,93.04156111,Debris,Slide,28 September 2024,2024-09-28,2024.0,2024-09-28,2024,9,1,0.9,21.2,0.396
MIZ/AZL/2024/797,Mizoram,Aizawl,,,23.35958611,93.04477222,Debris,Slide,28 September 2024,2024-09-28,2024.0,2024-09-28,2024,9,1,0.9,21.2,0.396
MIZ/KOL/2024/737,Mizoram,Kolasib,,,24.48857222,93.36792222,Debris,Slide,28 September 2024,2024-09-28,2024.0,2024-09-28,2024,9,1,6.3,28.4,0.395
MIZ/KOL/2024/748,Mizoram,Kolasib,,,24.70553333,93.33064167,Debris,Slide,28 September 2024,2024-09-28,2024.0,2024-09-28,2024,9,1,4.4,22.7,0.402
MIZ/KOL/2024/845,Mizoram,Kolasib,,,24.08927222,93.12408611,Debris,Slide,28 September 2024,2024-09-28,2024.0,2024-09-28,2024,9,1,2.3,22.6,0.39
MIZ/KOL/2024/846,Mizoram,Kolasib,,,24.10641389,93.12339944,Debris,Slide,28 September 2024,2024-09-28,2024.0,2024-09-28,2024,9,1,2.3,22.6,0.39
MIZ/KOL/2024/861,Mizoram,Kolasib,,,24.15817222,93.02488611,Earth,Slide,28 September 2024,2024-09-28,2024.0,2024-09-28,2024,9,1,3.1,23.8,0.376
MIZ/KOL/2024/862,Mizoram,Kolasib,,,24.23419444,93.02469167,Earth,Slide,28 September 2024,2024-09-28,2024.0,2024-09-28,2024,9,1,0.7,9.5,0.363
MIZ/KOL/2024/863,Mizoram,Kolasib,,,24.32836667,93.00923056,Earth,Slide,28 September 2024,2024-09-28,2024.0,2024-09-28,2024,9,1,1.3,23.2,0.391
3215,Meghalaya,East Khasi Hills,,,25.5667327,91.9146185,Debris,Slide,04 October 2024,2024-10-04,2024.0,2024-10-04,2024,10,1,19.7,61.1,0.512
MIZ/AZL/2024/706,Mizoram,Aizawl,,,24.05808333,93.49808333,Earth,Slide,7 October 2024,2024-10-07,2024.0,2024-10-07,2024,10,1,3.5,10.0,0.401
MIZ/AZL/2024/707,Mizoram,Aizawl,,,24.04531667,93.49220278,Debris,Slide,7 October 2024,2024-10-07,2024.0,2024-10-07,2024,10,1,3.5,10.0,0.401
MIZ/AZL/2024/708,Mizoram,Aizawl,,,24.090025,93.54191667,Debris,Slide,7 October 2024,2024-10-07,2024.0,2024-10-07,2024,10,1,3.8,11.0,0.381
MIZ/AZL/2024/711,Mizoram,Aizawl,,,24.12715278,93.53351389,Earth,Slide,7 October 2024,2024-10-07,2024.0,2024-10-07,2024,10,1,7.3,12.2,0.379
ME/EWK/2026/44,Meghalaya,Eastern-West Khasi Hill,Nongkhlaw-Tirotsing 3,Mairang-Guwahati Road,25.70087778,91.642902,Debris,Slide,08 October 2024,2024-10-08,2024.0,2024-10-08,2024,10,1,13.6,29.0,0.5
MIZ/KOL/2024/739,Mizoram,Kolasib,,,24.60002222,93.37166389,Earth,Slide,21 October 2024,2024-10-21,2024.0,2024-10-21,2024,10,1,0.0,11.5,0.366
MIZ/KOL/2024/740,Mizoram,Kolasib,,,24.60067222,93.37223056,Earth,Slide,21 October 2024,2024-10-21,2024.0,2024-10-21,2024,10,1,0.0,11.5,0.366
MIZ/KOL/2024/784,Mizoram,Kolasib,,,23.56332778,93.10553333,Earth,Slide,22 October 2024,2024-10-22,2024.0,2024-10-22,2024,10,1,2.4,3.1,0.299
MIZ/KOL/2024/878,Mizoram,Kolasib,,,24.577475,93.19105,Debris,Slide,22 October 2024,2024-10-22,2024.0,2024-10-22,2024,10,1,,,
WB/DAR/2025/78A/4/Point/58,West Bengal,Darjeeling,,,27.10034979,88.23915333,Debris,Slide,24 October 2024,2024-10-24,2024.0,2024-10-24,2024,10,1,0.0,0.2,0.315
MIZ/AZL/2024/769,Mizoram,Aizawl,,,23.25986389,93.16155278,Debris,Slide,28 October 2024,2024-10-28,2024.0,2024-10-28,2024,10,1,0.0,0.0,0.299
WB/DAR/2025/78A/4/Point/66,West Bengal,Darjeeling,,,27.0898283,88.1514477,Debris,Slide,28 October 2024,2024-10-28,2024.0,2024-10-28,2024,10,1,8.4,10.3,0.374
MIZ/AZL/2024/570,Mizoram,Aizawl,,,23.66194444,92.85416667,Debris,Slide,12 November 2024,2024-11-12,2024.0,2024-11-12,2024,11,1,0.1,0.1,0.223
MIZ/AZL/2024/770,Mizoram,Aizawl,,,23.25828611,93.15288333,Debris,Slide,28 November 2024,2024-11-28,2024.0,2024-11-28,2024,11,1,1.8,1.8,0.274
MIZ/AZL/2024/771,Mizoram,Aizawl,,,23.26126111,93.15070556,Debris,Slide,28 November 2024,2024-11-28,2024.0,2024-11-28,2024,11,1,1.8,1.8,0.274
MIZ/AZL/84A11/2025/010,Mizoram,Aizawl,,Thiak road,23.4688,92.7208,Debris,slide,02 January 2025,2025-01-02,2025.0,2025-01-02,2025,1,1,0.0,0.0,0.282
3310,Nagaland,Tseminyu,,,25.8816564,94.1902346,Rock,Fall,19 January 2025,2025-01-19,2025.0,2025-01-19,2025,1,1,0.0,0.0,0.342
NL/TSE/83K01/2025/01,Nagaland,Tseminyu,Terogvunyu Village,NH-2,25.88165,94.19023,Rock,Slide,19 January 2025,2025-01-19,2025.0,2025-01-19,2025,1,1,0.0,0.0,0.342
HP/Kullu/ I43X8/2025/01,Himachal Pradesh,Chamba,Manikaran tree fall incident,"Kasol- Manikaran-Barsheni, PWD road",32.02631389,77.34464722,,----,20 March 2025,2025-03-20,2025.0,2025-03-20,2025,3,1,0.6,0.6,0.492
KA/CKM/48O07/2025/14,Karnataka,Chikmagalur,Thalgodu-Balehole landslide,"Thalgodu village near Balehole, Kalasa taluk",13.26724722,75.39658444,Debris,Slide,1 April 2025,2025-04-01,2025.0,2025-04-01,2025,4,1,0.0,0.1,0.35
3369,Uttarakhand,Chamoli,,,30.334904,79.320239,Debris,,10 April 2025,2025-04-10,2025.0,2025-04-10,2025,4,1,7.0,8.0,0.173
JK/KIS/43O15/2025/13,Jammu & Kashmir,Kishtwar,Kiru rock quarry landslide (Site_1),Left bank of Kiru reservoir,33.33043889,75.96503056,Rock,Slide,18 April 2025,2025-04-18,2025.0,2025-04-18,2025,4,1,5.9,8.8,0.423
JK/KIS/43O15/2025/14,Jammu & Kashmir,Kishtwar,Patti Morah (site-2),Pias village,33.32900278,75.96589444,Debris,Slide,18 April 2025,2025-04-18,2025.0,2025-04-18,2025,4,1,5.9,8.8,0.423
JK/KIS/43O15/2025/15,Jammu & Kashmir,Kishtwar,Patti Morah,Patti Morah,33.33043889,75.96503056,Debris,Slide,18 April 2025,2025-04-18,2025.0,2025-04-18,2025,4,1,5.9,8.8,0.423
JK/RAM/43O04/2025/01,Jammu & Kashmir,Ramban,Chandhi Morh,SH (Ramban-Gool),33.23699444,75.22344444,Debris,Flow,20 April 2025,2025-04-20,2025.0,2025-04-20,2025,4,1,24.6,34.7,0.469
JK/RAM/43O04/2025/02,Jammu & Kashmir,Ramban,Ramban (Bowli Bazar),NH44,33.24198611,75.23667778,Debris,Flow,20 April 2025,2025-04-20,2025.0,2025-04-20,2025,4,1,24.6,34.7,0.469
JK/RAM/43O3/2025/04,Jammu & Kashmir,Ramban,Seri-1,NH44,33.25047222,75.21072222,Debris,Flow,20 April 2025,2025-04-20,2025.0,2025-04-20,2025,4,1,50.3,85.8,0.501
JK/RAM/43O3/2025/05,Jammu & Kashmir,Ramban,"Seri-II, Near Tunnel T-01",NH-44,33.25676111,75.2038,Debris,Slide,20 April 2025,2025-04-20,2025.0,2025-04-20,2025,4,1,50.3,85.8,0.501
JK/RAM/43O3/2025/06,Jammu & Kashmir,Ramban,"Kela Morh, Tunnel T-02",NH-44,33.25870278,75.19678889,Rock,Slide,20 April 2025,2025-04-20,2025.0,2025-04-20,2025,4,1,50.3,85.8,0.501
JK/RAM/43O4/2025/03,Jammu & Kashmir,Ramban,Ramban (Usman Hotel),NH44,33.24266944,75.23298889,Debris,Flow,20 April 2025,2025-04-20,2025.0,2025-04-20,2025,4,1,24.6,34.7,0.469
JK/RAM/43O4/2025/07,Jammu & Kashmir,Ramban,Seri-3,NH-44,33.24827222,75.21343056,Debris,Flow,20 April 2025,2025-04-20,2025.0,2025-04-20,2025,4,1,50.3,85.8,0.501
JK/RAM/43O4/2025/08,Jammu & Kashmir,Ramban,Seri-4,NH-44,33.24725556,75.21641389,Debris,Flow,20 April 2025,2025-04-20,2025.0,2025-04-20,2025,4,1,50.3,85.8,0.501
JK/RAM/43O4/2025/10,Jammu & Kashmir,Ramban,Cafeteria Landslide,NH-44,33.23600556,75.24382222,Debris,Debris,20 April 2025,2025-04-20,2025.0,2025-04-20,2025,4,1,24.6,34.7,0.469
JK/RAM/43O8/2025/09,Jammu & Kashmir,Ramban,Sena Police (TCP Ramban),NH44,33.22051667,75.26956389,Debris,Flow,20 April 2025,2025-04-20,2025.0,2025-04-20,2025,4,1,24.6,34.7,0.469
JK/RAM/43O8/2025/12,Jammu & Kashmir,Ramban,Dolwas,NH-44 Jammu-Srinagar Highway,33.15333889,75.30680556,Debris,Slide,20 April 2025,2025-04-20,2025.0,2025-04-20,2025,4,1,28.5,56.0,0.499
MIZ/AZL/84A10/2025/003,Mizoram,Aizawl,,"Ngaizel, Kulikawn",23.7002691,92.7181685,Rock,Fall,13 May 2025,2025-05-13,2025.0,2025-05-13,2025,5,1,0.7,5.0,0.23
MIZ/AZL/84A09/2025/011,Mizoram,Aizawl,,Chaltlang Lily Veng,23.755925,92.726753,Rock,Fall,24 May 2025,2025-05-24,2025.0,2025-05-24,2025,5,1,9.9,18.2,0.28
MIZ/LUN/84A12/2025/031,Mizoram,Lunglei,,2 kms north of Kanghmun S,23.229731,92.73968,Earth,Slide,24 May 2025,2025-05-24,2025.0,2025-05-24,2025,5,1,2.1,13.7,0.345
TN/NIL/58A11/2025/2,Tamil Nadu,Nilgiri,NIL-2,Anbu Anna colony,11.38372222,76.69333333,earth,Slide,25 May 2025,2025-05-25,2025.0,2025-05-25,2025,5,1,41.3,81.6,0.427
TN/NIL/58A11/2025/7,Tamil Nadu,Nilgiri,NIL-7,Emerald Sathya Nagar,11.32233333,76.62216667,Earth,Slide,25 May 2025,2025-05-25,2025.0,2025-05-25,2025,5,1,68.6,148.6,0.43
TN/NIL/58A2/2025/17,Tamil Nadu,Nilgiri,NIL-17,Cholady near cherambadi,11.52344444,76.24775,Earth,Slide,25 May 2025,2025-05-25,2025.0,2025-05-25,2025,5,1,,,
TN/NIL/58A11/2025/10,Tamil Nadu,Nilgiri,NIL-10,Pannimedu Kundah Palam – 1,11.28111111,76.64833333,soil,Slide,26 May 2025,2025-05-26,2025.0,2025-05-26,2025,5,1,58.2,145.8,0.43
TN/NIL/58A11/2025/11,Tamil Nadu,Nilgiri,NIL-11,Pannimedu Kundah Palam – 2,11.28091667,76.648,Debris,Slide,26 May 2025,2025-05-26,2025.0,2025-05-26,2025,5,1,58.2,145.8,0.43
TN/NIL/58A11/2025/12,Tamil Nadu,Nilgiri,NIL-12,Pannimedu Kundah Palam – 3,11.28088889,76.64761111,Debris,Slide,26 May 2025,2025-05-26,2025.0,2025-05-26,2025,5,1,58.2,145.8,0.43
TN/NIL/58A11/2025/13,Tamil Nadu,Nilgiri,NIL-13,"Pannimedu Colony, Kundah Palam – 4",11.28072222,76.64813889,Soil,Slide,26 May 2025,2025-05-26,2025.0,2025-05-26,2025,5,1,83.3,205.8,0.43
TN/NIL/58A11/2025/14,Tamil Nadu,Nilgiri,NIL-14,"Cheranur, Kil Kudah-2, Mariamman temple",11.25669444,76.62744444,Debris,Slide,26 May 2025,2025-05-26,2025.0,2025-05-26,2025,5,1,83.3,205.8,0.43
TN/NIL/58A11/2025/16,Tamil Nadu,Nilgiri,NIL-16,Gudalur Ooty road (Naduvattam),11.49063889,76.52758333,Debris,Slide,26 May 2025,2025-05-26,2025.0,2025-05-26,2025,5,1,44.7,125.8,0.429
TN/NIL/58A11/2025/3,Tamil Nadu,Nilgiri,NIL-3,Masinagudi-Ooty Road,11.48652778,76.68563889,Rock,Fall,26 May 2025,2025-05-26,2025.0,2025-05-26,2025,5,1,30.1,75.3,0.423
TN/NIL/58A11/2025/4,Tamil Nadu,Nilgiri,NIL-4,Masinagudi-Ooty Road,11.48583333,76.68605556,Rock,Fall,26 May 2025,2025-05-26,2025.0,2025-05-26,2025,5,1,30.1,75.3,0.423
TN/NIL/58A11/2025/5,Tamil Nadu,Nilgiri,NIL-5,"Ithalar, Bembatty",11.33669444,76.64225,Earth,Slide,26 May 2025,2025-05-26,2025.0,2025-05-26,2025,5,1,,,
TN/NIL/58A11/2025/8,Tamil Nadu,Nilgiri,NIL-8,Lawrence Avalanche junction Emerald,11.31261111,76.62380556,Earth,Slide,26 May 2025,2025-05-26,2025.0,2025-05-26,2025,5,1,83.3,205.8,0.43
TN/NIL/58A11/2025/9,Tamil Nadu,Nilgiri,NIL-9,Near Mukkimalai hairpin bend no. 14,11.29147222,76.64566667,Earth,slide,26 May 2025,2025-05-26,2025.0,2025-05-26,2025,5,1,83.3,205.8,0.43
TN/NIL/58A12/2025/15,Tamil Nadu,Nilgiri,NIL-15,"Mel Kundah, Thiashola - Kinnakorai road",11.21705556,76.60447222,Debris,Slide,26 May 2025,2025-05-26,2025.0,2025-05-26,2025,5,1,83.3,205.8,0.43
TN/NIL/58A2/2025/18,Tamil Nadu,Nilgiri,NIL-18,Cholady near cherambadi,11.52475,76.24763889,Debris,Slide,26 May 2025,2025-05-26,2025.0,2025-05-26,2025,5,1,70.1,190.6,0.511
TN/NIL/58A11/2025/1,Tamil Nadu,Nilgiri,NIL-1,Basavakkal Nanjanadu 2 village Ooty taluk,11.39636111,76.65091667,Earth,subsidence,27 May 2025,2025-05-27,2025.0,2025-05-27,2025,5,1,13.2,103.3,0.423
KA/DK/48P05/2025/08,Karnataka,Dakshin Kannad,--,Santhigodu,12.773232,75.266805,Debris,Slide,28 May 2025,2025-05-28,2025.0,2025-05-28,2025,5,1,64.9,221.3,0.511
ME/EWK/2026/49,Meghalaya,Eastern-West Khasi Hill,,Mairang-Guwahati Road,25.68698889,91.64812222,Rock,Slide,28 May 2025,2025-05-28,2025.0,2025-05-28,2025,5,1,3.6,42.7,0.483
ME/EWK/2026/50,Meghalaya,Eastern-West Khasi Hill,,Mairang-Guwahati Road,25.68690556,91.64915278,Debris,Fall,28 May 2025,2025-05-28,2025.0,2025-05-28,2025,5,1,3.6,42.7,0.483
7244,Meghalaya,Eastern-West Khasi Hill,Nongkhlaw-Tirotsing 1,Mairang-Guwahati Road,25.69150833,91.64160833,Debris,Slide,29 May 2025,2025-05-29,2025.0,2025-05-29,2025,5,1,34.3,65.1,0.505
MIZ/AIZ/83D15/2025/243,Mizoram,Aizawl,,Mauchar,24.354658,92.925511,Debris,Slide,29 May 2025,2025-05-29,2025.0,2025-05-29,2025,5,1,26.0,68.0,0.42
MIZ/AZL/84A10/2025/002,Mizoram,Aizawl,,Kulikawn East,23.6868033,92.7251987,Rock,Slide,29 May 2025,2025-05-29,2025.0,2025-05-29,2025,5,1,33.7,77.0,0.419
MIZ/LUN/84A16/2025/119,Mizoram,Lunglei,,Sekhum,23.141474,92.750577,Debris,Slide,29 May 2025,2025-05-29,2025.0,2025-05-29,2025,5,1,31.8,62.9,0.429
MIZ/SER/84A15/2025/130,Mizoram,Serchhip,,"Dinthar, Serchhip",23.298137,92.857412,Earth,Slide,29 May 2025,2025-05-29,2025.0,2025-05-29,2025,5,1,33.9,68.1,0.429
MIZ/SER/84A16/2025/092,Mizoram,Serchhip,,Bungtlang,23.193401,92.900218,Debris,Flow,29 May 2025,2025-05-29,2025.0,2025-05-29,2025,5,1,33.1,76.9,0.428
KA/DK/48P01/2025/018,Karnataka,Dakshin Kannad,--,Urladka,12.850862,75.196607,Rock,Slide,30 May 2025,2025-05-30,2025.0,2025-05-30,2025,5,1,37.5,175.0,0.512
KA/DK/48P01/2025/019,Karnataka,Dakshin Kannad,--,Urladka,12.848973,75.209944,Debris,Slide,30 May 2025,2025-05-30,2025.0,2025-05-30,2025,5,1,37.5,175.0,0.512
KA/DK/48P01/2025/020,Karnataka,Dakshin Kannad,--,Urladka,12.850756,75.221026,Debris,Slide,30 May 2025,2025-05-30,2025.0,2025-05-30,2025,5,1,37.5,175.0,0.512
KA/DK/48P01/2025/021,Karnataka,Dakshin Kannad,--,Perne,12.824032,75.199666,Debris,Slide,30 May 2025,2025-05-30,2025.0,2025-05-30,2025,5,1,37.5,175.0,0.512
KA/DK/48P05/2025/011,Karnataka,Dakshin Kannad,--,Kakve,12.758327,75.323195,Debris,Slide,30 May 2025,2025-05-30,2025.0,2025-05-30,2025,5,1,38.3,169.4,0.509
KA/DK/48P05/2025/09,Karnataka,Dakshin Kannad,--,Santhigodu,12.77705,75.262014,Debris,Slide,30 May 2025,2025-05-30,2025.0,2025-05-30,2025,5,1,46.0,180.5,0.513
KER/KOZ/49M14/2025/06,Kerala,Kozhikode,26th mile Thalayad 1,Talayad –Kakkayam Road,11.51527778,76.89536111,Rock,Slide,30 May 2025,2025-05-30,2025.0,2025-05-30,2025,5,1,10.5,22.1,0.415
KER/KOZ/49M14/2025/07,Kerala,Kozhikode,Thalayad 2,Talayad –Kakkayam Road,11.51652778,75.89355556,Debris,Slide,30 May 2025,2025-05-30,2025.0,2025-05-30,2025,5,1,66.3,252.4,0.511
4702,Meghalaya,East Khasi Hills,Lait-Sohphie,AH-2,25.30127778,91.92198889,Debris,Slide,30 May 2025,2025-05-30,2025.0,2025-05-30,2025,5,1,425.6,495.6,0.516
ME/EKH/78O15/2025/02,Meghalaya,East Khasi Hills,Laitlyngkot- Pomlum slide 1,NH-206,25.422278,91.867694,Rock,Slide,30 May 2025,2025-05-30,2025.0,2025-05-30,2025,5,1,291.2,349.1,0.514
ME/EKH/78O15/2025/03,Meghalaya,East Khasi Hills,Laitlyngkot-Pomlum slide 2,NH-206,25.43480556,91.85952778,Debris,Slide,30 May 2025,2025-05-30,2025.0,2025-05-30,2025,5,1,291.2,349.1,0.514
ME/EKH/78O15/2025/04,Meghalaya,East Khasi Hills,11th Mile slide2,NH-206,25.48716667,91.81936111,Debris,Slide,30 May 2025,2025-05-30,2025.0,2025-05-30,2025,5,1,291.2,349.1,0.514
4695,Meghalaya,Eastern-West Khasi Hill,Mawblei,SH-3,25.65443889,91.62390833,Debris,Fall,30 May 2025,2025-05-30,2025.0,2025-05-30,2025,5,1,126.2,160.8,0.512
4696,Meghalaya,Eastern-West Khasi Hill,Nongkhlaw,SH-3,25.65443889,91.63345833,Debris,Slide,30 May 2025,2025-05-30,2025.0,2025-05-30,2025,5,1,126.2,160.8,0.512
4697,Meghalaya,Eastern-West Khasi Hill,Nongkhlaw,SH-3,25.65977222,91.63440556,Debris,Fall,30 May 2025,2025-05-30,2025.0,2025-05-30,2025,5,1,126.2,160.8,0.512
ME/EWK/2026/42,Meghalaya,Eastern-West Khasi Hill,Nongkhlaw-Tirotsing 2,Mairang-Guwahati Road,25.69517778,91.64123611,Debris,Slide,30 May 2025,2025-05-30,2025.0,2025-05-30,2025,5,1,111.4,149.3,0.514
ME/EWK/2026/47,Meghalaya,Eastern-West Khasi Hill,,Mairang-Guwahati Road,25.69523333,91.64426944,Debris,Slide,30 May 2025,2025-05-30,2025.0,2025-05-30,2025,5,1,111.4,149.3,0.514
ME/EWK/2026/48,Meghalaya,Eastern-West Khasi Hill,,Mairang-Guwahati Road,25.69463611,91.64577778,Debris,Slide,30 May 2025,2025-05-30,2025.0,2025-05-30,2025,5,1,111.4,149.3,0.514
4701,Meghalaya,Ri-Bhoi,Umsawlum A,GS Road,25.67032222,91.90487222,Debris,Slide,30 May 2025,2025-05-30,2025.0,2025-05-30,2025,5,1,110.5,139.5,0.511
7237,Meghalaya,Ri-Bhoi,Sahkynduh,NH-6,25.71165556,91.89512778,Debris,Slide,30 May 2025,2025-05-30,2025.0,2025-05-30,2025,5,1,110.5,139.5,0.511
7239,Meghalaya,Ri-Bhoi,Ri-Bhoi Pataraim,NH-6,25.75297778,91.88535278,Debris,Fall/Topple,30 May 2025,2025-05-30,2025.0,2025-05-30,2025,5,1,92.7,123.0,0.513
ME/RIB/2025/22,Meghalaya,Ri-Bhoi,Umiam Hydal Project,GS Road,25.66315,91.90180278,Debris,Fall,30 May 2025,2025-05-30,2025.0,2025-05-30,2025,5,1,110.5,139.5,0.511
ME/RIB/2025/28,Meghalaya,Ri-Bhoi,,NH-6,25.67761389,91.89865833,Debris,Slide,30 May 2025,2025-05-30,2025.0,2025-05-30,2025,5,1,110.5,139.5,0.511
ME/EWK/2026/30,Meghalaya,South West Khasi Hills,Mawpud,Ranikor,25.28247222,91.36413333,Debris,Slide,30 May 2025,2025-05-30,2025.0,2025-05-30,2025,5,1,188.7,253.2,0.515
ME/SWK/2025/16,Meghalaya,South West Khasi Hills,Mawiang,SH-3,25.619397,91.61704,Debris,Slide,30 May 2025,2025-05-30,2025.0,2025-05-30,2025,5,1,126.2,160.8,0.512
ME/SWK/2026/31,Meghalaya,South West Khasi Hills,Mawpud,Ranikor,25.28090556,91.36584722,Debris,Slide,30 May 2025,2025-05-30,2025.0,2025-05-30,2025,5,1,200.6,262.3,0.516
MIZ/AZL/84A15/2025/019,Mizoram,Aizawl,,Aizawl-Thenzawl-Lunglei Highway,23.350187,92.778852,Debris,Slide,30 May 2025,2025-05-30,2025.0,2025-05-30,2025,5,1,161.5,215.0,0.43
MIZ/AZL/84A15/2025/020,Mizoram,Aizawl,,Aizawl-Thenzawl-Lunglei Highway,23.341022,92.776761,Debris,Slide,30 May 2025,2025-05-30,2025.0,2025-05-30,2025,5,1,161.5,215.0,0.43
MIZ/AZL/84A15/2025/021,Mizoram,Aizawl,,Aizawl-Thenzawl-Lunglei Highway,23.339144,92.786128,Debris,Slide,30 May 2025,2025-05-30,2025.0,2025-05-30,2025,5,1,161.5,215.0,0.43
MIZ/AZL/84A15/2025/022,Mizoram,Aizawl,,Thenzawl Quarry,23.336229,92.787113,Debris,Flow,30 May 2025,2025-05-30,2025.0,2025-05-30,2025,5,1,136.8,189.1,0.43
MIZ/LUN/84A12/2025/105,Mizoram,Lunglei,,"Aizawl-Thenzawl-Lunglei SH, Ramlaitui to Sekhum",23.152289,92.746243,Debris,Slide,30 May 2025,2025-05-30,2025.0,2025-05-30,2025,5,1,111.5,155.3,0.43
MIZ/LUN/84A12/2025/128,Mizoram,Lunglei,,Aizawl-Thenzawl-Lunglei SH Sekhum to N. Mualthuam,23.134961,92.747843,Debris,Slide and Flow,30 May 2025,2025-05-30,2025.0,2025-05-30,2025,5,1,111.5,155.3,0.43
MIZ/LUN/84A12/2025/154,Mizoram,Lunglei,,"Aizawl-Thenzawl-Lunglei SH, Mualthuam N Venghnuai",23.108018,92.746279,Earth,Slide,30 May 2025,2025-05-30,2025.0,2025-05-30,2025,5,1,90.5,135.2,0.429
MIZ/LUN/84A12/2025/155,Mizoram,Lunglei,,Mualthuam N,23.10565,92.745979,Debris,Slide,30 May 2025,2025-05-30,2025.0,2025-05-30,2025,5,1,,,
MIZ/LUN/84A16/2025/121,Mizoram,Lunglei,,Sekhum,23.139887,92.751646,Debris,Slide,30 May 2025,2025-05-30,2025.0,2025-05-30,2025,5,1,111.5,155.3,0.43
MIZ/LUN/84A16/2025/161,Mizoram,Lunglei,,"Aizawl-Thenzawl-Lunglei SH, south of Mualthuam N",23.100785,92.751508,Earth,Slide,30 May 2025,2025-05-30,2025.0,2025-05-30,2025,5,1,90.5,135.2,0.429
MIZ/LUN/84A16/2025/178,Mizoram,Lunglei,,"Aizawl-Thenzawl-Lunglei SH, Saichhoh to Haulawng",23.067473,92.767201,Earth,Slide,30 May 2025,2025-05-30,2025.0,2025-05-30,2025,5,1,60.7,104.1,0.428
MIZ/LUN/84A16/2025/182,Mizoram,Lunglei,,"Aizawl-Thenzawl-Lunglei SH, Saichhoh to Haulawng",23.061745,92.770105,Debris,Slide,30 May 2025,2025-05-30,2025.0,2025-05-30,2025,5,1,60.7,104.1,0.428
MIZ/LUNG/84A12/2025/036,Mizoram,Lunglei,,Aizawl-Thenzawl-Lunglei Highway,23.194007,92.734654,Rock,Slide,30 May 2025,2025-05-30,2025.0,2025-05-30,2025,5,1,111.5,155.3,0.43
MIZ/LUNG/84A12/2025/037,Mizoram,Lunglei,,Aizawl-Thenzawl-Lunglei Highway,23.193468,92.734849,Debris,Slide,30 May 2025,2025-05-30,2025.0,2025-05-30,2025,5,1,111.5,155.3,0.43
MIZ/LUNG/84A12/2025/038,Mizoram,Lunglei,,Ramlaitui,23.183856,92.735346,Debris,Slide,30 May 2025,2025-05-30,2025.0,2025-05-30,2025,5,1,111.5,155.3,0.43
MIZ/LUNG/84A12/2025/040,Mizoram,Lunglei,,Ramlaitui,23.181806,92.736868,Earth,slide,30 May 2025,2025-05-30,2025.0,2025-05-30,2025,5,1,111.5,155.3,0.43
MIZ/LUNG/84A16/2025/051,Mizoram,Lunglei,,Aizawl-Thenzawl-Lunglei Highway,23.015005,92.765065,Rock,Slide,30 May 2025,2025-05-30,2025.0,2025-05-30,2025,5,1,60.7,104.1,0.428
MIZ/LUNG/84B09/2025/053,Mizoram,Lunglei,,Aizawl-Thenzawl-Lunglei Highway,22.973735,92.725975,Debris,Slide,30 May 2025,2025-05-30,2025.0,2025-05-30,2025,5,1,79.6,141.6,0.429
MIZ/SER/84A12/2025/026,Mizoram,Serchhip,,Aizawl-Thenzawl-Lunglei Highway,23.239637,92.748175,Debris,Slide,30 May 2025,2025-05-30,2025.0,2025-05-30,2025,5,1,165.9,209.6,0.43
MIZ/SER/84A15/2025/131,Mizoram,Serchhip,,Serchhip,23.293453,92.858089,Debris,Slide,30 May 2025,2025-05-30,2025.0,2025-05-30,2025,5,1,136.8,189.1,0.43
MIZ/SIA/84B15/2025/058,Mizoram,Siaha,,NH 54,22.444376,92.947323,Debris,Slide,30 May 2025,2025-05-30,2025.0,2025-05-30,2025,5,1,37.5,129.9,0.429
AS/KAM(M)/78N12/2025/04,Assam,Kamrup,Pandu,Pandu,26.17027,91.698,Debris,Slide,31 May 2025,2025-05-31,2025.0,2025-05-31,2025,5,1,5.1,171.9,0.491
AS/KAM(M)/78N16/2025/006,Assam,Kamrup,"Doimuguri, Bonda","Doimuguri,",26.19113889,91.82961111,Earth,Slide,31 May 2025,2025-05-31,2025.0,2025-05-31,2025,5,1,8.4,199.4,0.494
7193,Assam,Kamrup (Metro),Birkuchi,,26.184324,91.855395,Soil,slide,31 May 2025,2025-05-31,2025.0,2025-05-31,2025,5,1,8.4,199.4,0.494
KA/DK/48P01/2025/013,Karnataka,Dakshin Kannad,--,Karaya-Mugga,12.858407,75.226056,Debris,Slide,31 May 2025,2025-05-31,2025.0,2025-05-31,2025,5,1,4.6,107.6,0.497
KA/DK/48P01/2025/014,Karnataka,Dakshin Kannad,--,Karaya-Mugga,12.858072,75.226282,Debris,Slide,31 May 2025,2025-05-31,2025.0,2025-05-31,2025,5,1,4.6,107.6,0.497
KA/DK/48P01/2025/015,Karnataka,Dakshin Kannad,--,Karaya-Mugga,12.859678,75.226523,Debris,Slide,31 May 2025,2025-05-31,2025.0,2025-05-31,2025,5,1,4.6,107.6,0.497
KA/DK/48P01/2025/016,Karnataka,Dakshin Kannad,--,"Sokila, Barya Village",12.860977,75.205525,Debris,Slide,31 May 2025,2025-05-31,2025.0,2025-05-31,2025,5,1,4.6,107.6,0.497
KA/DK/48P01/2025/017,Karnataka,Dakshin Kannad,--,Urladka,12.861881,75.193047,Debris,Slide,31 May 2025,2025-05-31,2025.0,2025-05-31,2025,5,1,6.6,109.0,0.498
KA/DK/48P05/2025/06,Karnataka,Dakshin Kannad,--,Santhigodu,12.762635,75.289625,Debris,Slide,31 May 2025,2025-05-31,2025.0,2025-05-31,2025,5,1,5.3,106.8,0.501
KA/DK/48P05/2025/07,Karnataka,Dakshin Kannad,--,Narimogru,12.75297,75.274733,Debris,Slide,31 May 2025,2025-05-31,2025.0,2025-05-31,2025,5,1,5.3,106.8,0.501
6822,Manipur,Noney,,NH-37,24.846509,93.573533,Debris,slide,31 May 2025,2025-05-31,2025.0,2025-05-31,2025,5,1,41.4,157.1,0.428
ME/EKH/2025/25,Meghalaya,East Khasi Hills,Lewmawiong,NH-206,25.42315556,91.86329167,Debris,Slide,31 May 2025,2025-05-31,2025.0,2025-05-31,2025,5,1,15.3,353.9,0.504
ME/EKH/78O15/2025/08,Meghalaya,East Khasi Hills,Mawrah Rock slide,Laitkroh –Khadarshnog road sector,25.366201,91.767213,Rock,Slide,31 May 2025,2025-05-31,2025.0,2025-05-31,2025,5,1,25.4,454.6,0.509
ME/EKH/78O15/2025/09,Meghalaya,East Khasi Hills,Mawkhnai landslide,Laitkroh –Khadarshnog road sector,25.355042,91.767525,Debris,Slide,31 May 2025,2025-05-31,2025.0,2025-05-31,2025,5,1,25.4,454.6,0.509
ME/EKH/78O15/2025/10,Meghalaya,East Khasi Hills,War-War landslide,Laitkroh –Khadarshnog road sector,25.340415,91.774142,Debris,Slide,31 May 2025,2025-05-31,2025.0,2025-05-31,2025,5,1,35.2,540.7,0.508
7252,Meghalaya,Eastern-West Khasi Hill,Mawkarah,Nongkhlaw Road,25.700668,91.596815,Debris,Slide,31 May 2025,2025-05-31,2025.0,2025-05-31,2025,5,1,3.7,127.7,0.492
ME/EWK/2026/62,Meghalaya,Eastern-West Khasi Hill,,Jakhong Road,25.739454,91.572107,Debris,Slide,31 May 2025,2025-05-31,2025.0,2025-05-31,2025,5,1,25.0,142.0,0.501
MIZ/AIZ/84A13/2025/239,Mizoram,Aizawl,,Sesawng,23.760466,92.848969,Debris,Flow,31 May 2025,2025-05-31,2025.0,2025-05-31,2025,5,1,37.8,167.5,0.425
MIZ/AZL/84A10/2025/004,Mizoram,Aizawl,,"Zohnuai, Vaivakawn, Aizawl",23.74247,92.705587,Debris,Subsidence,31 May 2025,2025-05-31,2025.0,2025-05-31,2025,5,1,18.2,124.2,0.423
MIZ/AZL/84A15/2025/018,Mizoram,Aizawl,,Aizawl-Thenzawl-Lunglei Highway,23.353485,92.780193,Debris,Slide,31 May 2025,2025-05-31,2025.0,2025-05-31,2025,5,1,44.4,239.3,0.429
MIZ/HNAH/84A16/2025/084,Mizoram,Hnahthial,,Pangzawl,23.077813,92.89844,Debris,Slide,31 May 2025,2025-05-31,2025.0,2025-05-31,2025,5,1,30.0,112.6,0.428
MIZ/HNAH/84A16/2025/085,Mizoram,Hnahthial,,Pangzawl,23.081023,92.897247,Debris,Slide,31 May 2025,2025-05-31,2025.0,2025-05-31,2025,5,1,30.0,112.6,0.428
MIZ/HNAH/84A16/2025/086,Mizoram,Hnahthial,,Pangzawl,23.084343,92.898597,Debris,Slide,31 May 2025,2025-05-31,2025.0,2025-05-31,2025,5,1,30.0,112.6,0.428
MIZ/HNAH/84B13/2025/080,Mizoram,Hnahthial,,NH 54,22.902089,92.879909,Debris,Slide,31 May 2025,2025-05-31,2025.0,2025-05-31,2025,5,1,37.5,113.8,0.428
MIZ/HNAH/84B13/2025/081,Mizoram,Hnahthial,,Hnahthial Kanaan Veng,22.967715,92.925677,Debris,Slide,31 May 2025,2025-05-31,2025.0,2025-05-31,2025,5,1,38.9,116.8,0.428
MIZ/HNAH/84B13/2025/082,Mizoram,Hnahthial,,"Electric Veng, Hnahthial",22.971217,92.925544,Earth,Slide,31 May 2025,2025-05-31,2025.0,2025-05-31,2025,5,1,38.9,116.8,0.428
MIZ/HNAH/84B13/2025/083,Mizoram,Hnahthial,,"Electric Veng, Hnahthial",22.969582,92.925917,Earth,Slide,31 May 2025,2025-05-31,2025.0,2025-05-31,2025,5,1,38.9,116.8,0.428
MIZ/KHAW/84E04/2025/225,Mizoram,Khawzawl,,Serchhip to Khawbung S road,23.229765,93.127521,Earth,Slide,31 May 2025,2025-05-31,2025.0,2025-05-31,2025,5,1,27.6,103.5,0.426
MIZ/KHAW/84E04/2025/227,Mizoram,Khawzawl,,Serchhip to Khawbung S road,23.197704,93.163019,Debris,Slide,31 May 2025,2025-05-31,2025.0,2025-05-31,2025,5,1,39.4,104.6,0.427
MIZ/LAW/84B14/2025/055,Mizoram,Lawngtlai,,"College Veng, Lawngtlai",22.519716,92.891037,Debris,Slide,31 May 2025,2025-05-31,2025.0,2025-05-31,2025,5,1,25.3,92.6,0.426
MIZ/LAW/84B14/2025/061,Mizoram,Lawngtlai,,Thingkah,22.54735,92.882032,Debris,Slide,31 May 2025,2025-05-31,2025.0,2025-05-31,2025,5,1,25.3,92.6,0.426
MIZ/LAW/84B15/2025/056,Mizoram,Lawngtlai,,NH 54,22.48765,92.886806,Rock,Fall,31 May 2025,2025-05-31,2025.0,2025-05-31,2025,5,1,25.3,92.6,0.426
MIZ/LUN/84A16/2025/177,Mizoram,Lunglei,,"Aizawl-Thenzawl-Lunglei SH, Saichhoh to Haulawng",23.069585,92.765797,Debris,Slide,31 May 2025,2025-05-31,2025.0,2025-05-31,2025,5,1,34.5,121.9,0.428
MIZ/LUNG/84A12/2025/032,Mizoram,Lunglei,,Kanghmun,23.214239,92.740856,Debris,Slide,31 May 2025,2025-05-31,2025.0,2025-05-31,2025,5,1,37.6,234.8,0.429
MIZ/LUNG/84A12/2025/033,Mizoram,Lunglei,,Aizawl-Thenzawl-Lunglei Highway,23.203253,92.735838,Earth,Slide,31 May 2025,2025-05-31,2025.0,2025-05-31,2025,5,1,37.6,234.8,0.429
MIZ/LUNG/84A12/2025/041,Mizoram,Lunglei,,Ramlaitui,23.18077,92.735789,Debris,Flow,31 May 2025,2025-05-31,2025.0,2025-05-31,2025,5,1,39.3,182.6,0.428
MIZ/LUNG/84A12/2025/042,Mizoram,Lunglei,,Ramlaitui,23.173606,92.739793,Debris,Slide,31 May 2025,2025-05-31,2025.0,2025-05-31,2025,5,1,39.3,182.6,0.428
MIZ/LUNG/84A12/2025/043,Mizoram,Lunglei,,Aizawl-Thenzawl-Lunglei Highway,23.150939,92.748258,Debris,Slide,31 May 2025,2025-05-31,2025.0,2025-05-31,2025,5,1,39.3,182.6,0.428
MIZ/LUNG/84A12/2025/045,Mizoram,Lunglei,,Aizawl-Thenzawl-Lunglei Highway,23.1351,92.748694,Debris,Slide,31 May 2025,2025-05-31,2025.0,2025-05-31,2025,5,1,39.3,182.6,0.428
MIZ/LUNG/84A12/2025/046,Mizoram,Lunglei,,Aizawl-Thenzawl-Lunglei Highway,23.134009,92.746247,Earth,Slide,31 May 2025,2025-05-31,2025.0,2025-05-31,2025,5,1,39.3,182.6,0.428
MIZ/LUNG/84A12/2025/047,Mizoram,Lunglei,,Aizawl-Thenzawl-Lunglei Highway,23.132082,92.746268,Debris,Slide,31 May 2025,2025-05-31,2025.0,2025-05-31,2025,5,1,39.3,182.6,0.428
MIZ/LUNG/84A12/2025/049,Mizoram,Lunglei,,N. Mualthuam,23.114225,92.746024,Debris,Slide,31 May 2025,2025-05-31,2025.0,2025-05-31,2025,5,1,32.8,151.4,0.427
MIZ/LUNG/84A12/2025/050,Mizoram,Lunglei,,N. Mualthuam,23.111824,92.745097,Debris,Slide,31 May 2025,2025-05-31,2025.0,2025-05-31,2025,5,1,32.8,151.4,0.427
MIZ/LUNG/84A16/2025/044,Mizoram,Lunglei,,Sekhum,23.140846,92.751229,Debris,Slide,31 May 2025,2025-05-31,2025.0,2025-05-31,2025,5,1,39.3,182.6,0.428
MIZ/LUNG/84A16/2025/052,Mizoram,Lunglei,,Aizawl-Thenzawl-Lunglei Highway,23.022804,92.755698,Debris,Slide,31 May 2025,2025-05-31,2025.0,2025-05-31,2025,5,1,34.5,121.9,0.428
MIZ/LUNG/84B13/2025/070,Mizoram,Lunglei,,NH 54,22.788323,92.833817,Debris,Slide,31 May 2025,2025-05-31,2025.0,2025-05-31,2025,5,1,35.5,122.3,0.429
MIZ/LUNG/84B13/2025/071,Mizoram,Lunglei,,NH 54,22.793307,92.819831,Debris,Slide,31 May 2025,2025-05-31,2025.0,2025-05-31,2025,5,1,35.5,122.3,0.429
MIZ/LUNG/84B13/2025/079,Mizoram,Lunglei,,NH 54,22.892426,92.822937,Debris,Slide,31 May 2025,2025-05-31,2025.0,2025-05-31,2025,5,1,38.1,125.4,0.428
MIZ/LUNG/84B14/2025/062,Mizoram,Lunglei,,NH 54,22.641087,92.867635,Debris,Slide,31 May 2025,2025-05-31,2025.0,2025-05-31,2025,5,1,31.3,102.8,0.426
MIZ/LUNG/84B14/2025/063,Mizoram,Lunglei,,NH 54,22.660692,92.855602,Debris,Slide,31 May 2025,2025-05-31,2025.0,2025-05-31,2025,5,1,31.3,102.8,0.426
MIZ/LUNG/84B14/2025/064,Mizoram,Lunglei,,NH 54,22.688472,92.842907,Debris,Slide,31 May 2025,2025-05-31,2025.0,2025-05-31,2025,5,1,31.3,102.8,0.426
MIZ/LUNG/84B14/2025/065,Mizoram,Lunglei,,NH 54,22.702165,92.836523,Debris,Slide,31 May 2025,2025-05-31,2025.0,2025-05-31,2025,5,1,31.3,102.8,0.426
MIZ/LUNG/84B14/2025/066,Mizoram,Lunglei,,NH 54,22.706999,92.841597,Debris,Slide,31 May 2025,2025-05-31,2025.0,2025-05-31,2025,5,1,31.3,102.8,0.426
MIZ/LUNG/84B14/2025/067,Mizoram,Lunglei,,NH 54,22.745387,92.841543,Debris,Slide,31 May 2025,2025-05-31,2025.0,2025-05-31,2025,5,1,39.9,118.9,0.428
MIZ/SAI/84A14/2025/237,Mizoram,Saitual,,outside Maite,23.527592,92.984969,Debris,Subsidence,31 May 2025,2025-05-31,2025.0,2025-05-31,2025,5,1,23.5,173.8,0.423
MIZ/SER/84A11/2025/157,Mizoram,Serchhip,,Thenzawl - Buarpui road,23.307135,92.707624,Debris,Flow,31 May 2025,2025-05-31,2025.0,2025-05-31,2025,5,1,43.6,251.0,0.428
MIZ/SER/84A11/2025/158,Mizoram,Serchhip,,Thenzawl - Buarpui road,23.306409,92.706083,Debris,Slide,31 May 2025,2025-05-31,2025.0,2025-05-31,2025,5,1,43.6,251.0,0.428
MIZ/SER/84A11/2025/159,Mizoram,Serchhip,,Thenzawl - Buarpui road,23.306012,92.704212,Debris,Flow,31 May 2025,2025-05-31,2025.0,2025-05-31,2025,5,1,43.6,251.0,0.428
MIZ/SER/84A12/2025/027,Mizoram,Serchhip,,Buangpui,23.239077,92.745631,Earth,Slide,31 May 2025,2025-05-31,2025.0,2025-05-31,2025,5,1,37.6,234.8,0.429
MIZ/SER/84A12/2025/029,Mizoram,Serchhip,,Buangpui,23.239797,92.744214,Debris,Slide,31 May 2025,2025-05-31,2025.0,2025-05-31,2025,5,1,37.6,234.8,0.429
MIZ/SER/84A12/2025/030,Mizoram,Serchhip,,Buangpui,23.238785,92.744224,Debris,Slide,31 May 2025,2025-05-31,2025.0,2025-05-31,2025,5,1,37.6,234.8,0.429
MIZ/SER/84A15/2025/024,Mizoram,Serchhip,,Aizawl-Thenzawl-Lunglei Highway,23.315355,92.790619,Debris,Slide,31 May 2025,2025-05-31,2025.0,2025-05-31,2025,5,1,49.4,220.1,0.429
MIZ/SER/84A15/2025/025,Mizoram,Serchhip,,Outside Thenzawl,23.316491,92.788798,Debris,Slide,31 May 2025,2025-05-31,2025.0,2025-05-31,2025,5,1,49.4,220.1,0.429
MIZ/SER/84A15/2025/097,Mizoram,Serchhip,,"P&E Veng, Serchhip",23.322039,92.859147,Debris,Slide,31 May 2025,2025-05-31,2025.0,2025-05-31,2025,5,1,44.4,239.3,0.429
MIZ/SER/84A15/2025/098,Mizoram,Serchhip,,"P&E Veng, Serchhip",23.319156,92.857722,Debris,Slide,31 May 2025,2025-05-31,2025.0,2025-05-31,2025,5,1,44.4,239.3,0.429
MIZ/SER/84A15/2025/099,Mizoram,Serchhip,,"P&E Veng, Serchhip",23.317543,92.858683,Debris,Slide,31 May 2025,2025-05-31,2025.0,2025-05-31,2025,5,1,44.4,239.3,0.429
MIZ/SER/84A15/2025/100,Mizoram,Serchhip,,"P&E Veng, Serchhip",23.318568,92.852294,Debris,Slide,31 May 2025,2025-05-31,2025.0,2025-05-31,2025,5,1,49.4,220.1,0.429
MIZ/SER/84A15/2025/101,Mizoram,Serchhip,,"P&E Veng, Serchhip",23.323423,92.860926,Earth,Slide,31 May 2025,2025-05-31,2025.0,2025-05-31,2025,5,1,44.4,239.3,0.429
MIZ/SER/84A15/2025/102,Mizoram,Serchhip,,"P&E Veng, Serchhip",23.319412,92.855415,Debris,Slide,31 May 2025,2025-05-31,2025.0,2025-05-31,2025,5,1,44.4,239.3,0.429
MIZ/SER/84A15/2025/103,Mizoram,Serchhip,,"P&E Veng, Serchhip",23.319184,92.856725,Debris,Flow,31 May 2025,2025-05-31,2025.0,2025-05-31,2025,5,1,44.4,239.3,0.429
MIZ/SER/84A15/2025/104,Mizoram,Serchhip,,"Field Veng, Serchhip",23.309286,92.850807,Debris,Flow,31 May 2025,2025-05-31,2025.0,2025-05-31,2025,5,1,49.4,220.1,0.429
MIZ/SER/84A15/2025/105,Mizoram,Serchhip,,"Field Veng, Serchhip",23.10112,92.852784,Earth,Slide,31 May 2025,2025-05-31,2025.0,2025-05-31,2025,5,1,34.7,133.6,0.428
MIZ/SER/84A15/2025/106,Mizoram,Serchhip,,"Ramthlun Veng, Serchhip",23.309914,92.853522,Earth,Slide,31 May 2025,2025-05-31,2025.0,2025-05-31,2025,5,1,49.4,220.1,0.429
MIZ/SER/84A15/2025/107,Mizoram,Serchhip,,"AOC, Serchhip",23.315273,92.856524,Debris,Slide,31 May 2025,2025-05-31,2025.0,2025-05-31,2025,5,1,44.4,239.3,0.429
MIZ/SER/84A15/2025/108,Mizoram,Serchhip,,Serchhip,23.311529,92.85443,Debris,Slide,31 May 2025,2025-05-31,2025.0,2025-05-31,2025,5,1,49.4,220.1,0.429
MIZ/SER/84A15/2025/109,Mizoram,Serchhip,,Serchhip,23.31637,92.854172,Debris,Slide,31 May 2025,2025-05-31,2025.0,2025-05-31,2025,5,1,44.4,239.3,0.429
MIZ/SER/84A15/2025/110,Mizoram,Serchhip,,"Chandmari, Serchhip",23.310074,92.858498,Debris,Slide,31 May 2025,2025-05-31,2025.0,2025-05-31,2025,5,1,49.4,220.1,0.429
MIZ/SER/84A15/2025/111,Mizoram,Serchhip,,"Chandmari, Serchhip",23.309295,92.860017,Debris,Slide,31 May 2025,2025-05-31,2025.0,2025-05-31,2025,5,1,49.4,220.1,0.429
MIZ/SER/84A15/2025/112,Mizoram,Serchhip,,"Chandmari, Serchhip",23.308629,92.860039,Earth,Slide,31 May 2025,2025-05-31,2025.0,2025-05-31,2025,5,1,49.4,220.1,0.429
MIZ/SER/84A15/2025/113,Mizoram,Serchhip,,Serchhip,23.308778,92.858357,Debris,Slide,31 May 2025,2025-05-31,2025.0,2025-05-31,2025,5,1,49.4,220.1,0.429
MIZ/SER/84A15/2025/114,Mizoram,Serchhip,,Serchhip,23.300837,92.855693,Debris,Slide,31 May 2025,2025-05-31,2025.0,2025-05-31,2025,5,1,49.4,220.1,0.429
MIZ/SER/84A15/2025/115,Mizoram,Serchhip,,Serchhip,23.300787,92.853572,Debris,Slide,31 May 2025,2025-05-31,2025.0,2025-05-31,2025,5,1,49.4,220.1,0.429
MIZ/SER/84A15/2025/116,Mizoram,Serchhip,,Serchhip,23.305323,92.852358,Debris,Slide,31 May 2025,2025-05-31,2025.0,2025-05-31,2025,5,1,49.4,220.1,0.429
MIZ/SER/84A15/2025/119,Mizoram,Serchhip,,Serchhip,23.298928,92.857435,Debris,Slide,31 May 2025,2025-05-31,2025.0,2025-05-31,2025,5,1,49.4,220.1,0.429
MIZ/SER/84A15/2025/120,Mizoram,Serchhip,,"Chandmari, Serchhip",23.310846,92.858915,Debris,Flow,31 May 2025,2025-05-31,2025.0,2025-05-31,2025,5,1,49.4,220.1,0.429
MIZ/SER/84A15/2025/121,Mizoram,Serchhip,,"Chandmari, Serchhip",23.311335,92.858026,Debris,Slide,31 May 2025,2025-05-31,2025.0,2025-05-31,2025,5,1,49.4,220.1,0.429
MIZ/SER/84A15/2025/123,Mizoram,Serchhip,,"Saron, Serchhip",23.3057,92.852802,Debris,Slide,31 May 2025,2025-05-31,2025.0,2025-05-31,2025,5,1,49.4,220.1,0.429
MIZ/SER/84A15/2025/128,Mizoram,Serchhip,,"Dinthar, Serchhip",23.301381,92.853078,Debris,Flow,31 May 2025,2025-05-31,2025.0,2025-05-31,2025,5,1,49.4,220.1,0.429
MIZ/SER/84A15/2025/129,Mizoram,Serchhip,,"Dinthar, Serchhip",23.299628,92.855609,Debris,Slide,31 May 2025,2025-05-31,2025.0,2025-05-31,2025,5,1,49.4,220.1,0.429
MIZ/SER/84A15/2025/133,Mizoram,Serchhip,,"Dinthar, Serchhip",23.298166,92.858694,Earth,Slide,31 May 2025,2025-05-31,2025.0,2025-05-31,2025,5,1,49.4,220.1,0.429
MIZ/SER/84A15/2025/137,Mizoram,Serchhip,,Serchhip Bypass road,23.301587,92.868485,Debris,Slide,31 May 2025,2025-05-31,2025.0,2025-05-31,2025,5,1,49.4,220.1,0.429
MIZ/SER/84A15/2025/138,Mizoram,Serchhip,,Serchhip Bypass road,23.313996,92.863984,Debris,Flow,31 May 2025,2025-05-31,2025.0,2025-05-31,2025,5,1,44.4,239.3,0.429
MIZ/SER/84A15/2025/140,Mizoram,Serchhip,,Serchhip Bypass road,23.3228,92.862406,Debris,Slide,31 May 2025,2025-05-31,2025.0,2025-05-31,2025,5,1,44.4,239.3,0.429
MIZ/SER/84A15/2025/141,Mizoram,Serchhip,,NH 54,23.286141,92.868152,Debris,Slide,31 May 2025,2025-05-31,2025.0,2025-05-31,2025,5,1,49.4,220.1,0.429
MIZ/SER/84A15/2025/142,Mizoram,Serchhip,,NH 54,23.281219,92.869608,Debris,Flow,31 May 2025,2025-05-31,2025.0,2025-05-31,2025,5,1,49.4,220.1,0.429
MIZ/SER/84A15/2025/143,Mizoram,Serchhip,,NH 54,23.274148,92.871011,Debris,Flow,31 May 2025,2025-05-31,2025.0,2025-05-31,2025,5,1,49.4,220.1,0.429
MIZ/SER/84A15/2025/144,Mizoram,Serchhip,,NH 54,23.272548,92.874296,Earth,Slide,31 May 2025,2025-05-31,2025.0,2025-05-31,2025,5,1,39.4,163.2,0.428
MIZ/SER/84A15/2025/149,Mizoram,Serchhip,,Serchhip - Thenzawl road,23.286735,92.85703,Debris,Slide,31 May 2025,2025-05-31,2025.0,2025-05-31,2025,5,1,49.4,220.1,0.429
MIZ/SER/84A15/2025/150,Mizoram,Serchhip,,Serchhip - Thenzawl road,23.284565,92.857096,Debris,Slide,31 May 2025,2025-05-31,2025.0,2025-05-31,2025,5,1,49.4,220.1,0.429
MIZ/SER/84A15/2025/153,Mizoram,Serchhip,,Serchhip - Thenzawl road,23.288276,92.830821,Debris,Slide,31 May 2025,2025-05-31,2025.0,2025-05-31,2025,5,1,49.4,220.1,0.429
MIZ/SER/84A16/2025/091,Mizoram,Serchhip,,Bungtlang,23.188273,92.898879,Earth,Slide,31 May 2025,2025-05-31,2025.0,2025-05-31,2025,5,1,32.0,124.8,0.427
MIZ/SER/84A16/2025/093,Mizoram,Serchhip,,Bungtlang,23.198119,92.899566,Debris,Slide,31 May 2025,2025-05-31,2025.0,2025-05-31,2025,5,1,32.0,124.8,0.427
MIZ/SER/84A16/2025/094,Mizoram,Serchhip,,NH 54,23.223594,92.914767,Debris,Slide,31 May 2025,2025-05-31,2025.0,2025-05-31,2025,5,1,43.6,143.2,0.427
MIZ/SER/84A16/2025/095,Mizoram,Serchhip,,NH 54,23.225227,92.912496,Debris,Slide,31 May 2025,2025-05-31,2025.0,2025-05-31,2025,5,1,43.6,143.2,0.427
MIZ/SER/84A16/2025/148,Mizoram,Serchhip,,Keitum,23.243855,92.905242,Debris,Slide,31 May 2025,2025-05-31,2025.0,2025-05-31,2025,5,1,43.6,143.2,0.427
MIZ/SER/84E04/2025/222,Mizoram,Serchhip,,Serchhip to Khawbung S road,23.1915,93.011024,Debris,Slide,31 May 2025,2025-05-31,2025.0,2025-05-31,2025,5,1,28.3,116.5,0.427
MIZ/SER/84E04/2025/223,Mizoram,Serchhip,,Serchhip to Khawbung S road,23.183361,93.066742,Debris,Slide,31 May 2025,2025-05-31,2025.0,2025-05-31,2025,5,1,29.2,95.7,0.426
MIZ/SIA/84B15/2025/057,Mizoram,Siaha,,Kawchaw W,22.404215,92.951647,Debris,Slide,31 May 2025,2025-05-31,2025.0,2025-05-31,2025,5,1,37.4,107.5,0.428
MIZ/SIA/84B15/2025/059,Mizoram,Siaha,,"Meiseviah, Siaha",22.491822,92.970252,Earth,Slide,31 May 2025,2025-05-31,2025.0,2025-05-31,2025,5,1,27.9,91.5,0.425
MIZ/SIA/84B15/2025/060,Mizoram,Siaha,,"Meiseviah, Siaha",22.491,92.97076,Debris,Slide,31 May 2025,2025-05-31,2025.0,2025-05-31,2025,5,1,27.9,91.5,0.425
MIZ/SIA/84B15/2025/061,Mizoram,Siaha,,Siaha to Kawlchaw,22.437107,92.946912,Debris,Slide,31 May 2025,2025-05-31,2025.0,2025-05-31,2025,5,1,37.4,107.5,0.428
MIZ/AIZ/83D15/2025/244,Mizoram,Aizawl,,Mauchar,24.365715,92.930137,Debris,Slide,01 June 2025,2025-06-01,2025.0,2025-06-01,2025,6,1,31.1,127.1,0.421
MIZ/AIZ/84A13/2025/240,Mizoram,Aizawl,,Mualmam,23.807952,92.834037,Earth,Slide,01 June 2025,2025-06-01,2025.0,2025-06-01,2025,6,1,23.1,153.8,0.424
MIZ/AZL/84A09/2025/009,Mizoram,Aizawl,,"Zuangtui, Aizawl",23.75024,92.736662,Debris,Flow,01 June 2025,2025-06-01,2025.0,2025-06-01,2025,6,1,20.8,124.2,0.42
MIZ/AZL/84A10/2025/012,Mizoram,Aizawl,,"Chanmari West, Aizawl",23.745802,92.717053,Earth,Slide,01 June 2025,2025-06-01,2025.0,2025-06-01,2025,6,1,20.8,124.2,0.42
MIZ/AZL/84A11/2025/015,Mizoram,Aizawl,,Sumsuih,23.469247,92.744068,Earth,Slide,01 June 2025,2025-06-01,2025.0,2025-06-01,2025,6,1,36.3,215.2,0.427
MIZ/AZL/84A15/2025/017,Mizoram,Aizawl,,Aizawl-Thenzawl-Lunglei Highway,23.367366,92.767304,Rock,Slide,01 June 2025,2025-06-01,2025.0,2025-06-01,2025,6,1,45.5,250.7,0.428
MIZ/AZL/84A15/2025/023,Mizoram,Aizawl,,Aizawl-Thenzawl-Lunglei Highway,23.313871,92.792739,Debris,Slide,01 June 2025,2025-06-01,2025.0,2025-06-01,2025,6,1,47.8,266.1,0.428
MIZ/CHAM/84E04/2025/228,Mizoram,Champhai,,Serchhip to Vaphai road,23.198136,93.166988,Debris,Flow,01 June 2025,2025-06-01,2025.0,2025-06-01,2025,6,1,23.6,95.6,0.426
MIZ/CHAM/84E04/2025/229,Mizoram,Champhai,,Serchhip to Vaphai road,23.177311,93.198157,Debris,Flow,01 June 2025,2025-06-01,2025.0,2025-06-01,2025,6,1,26.5,94.6,0.423
MIZ/HNAH/84A16/2025/087,Mizoram,Hnahthial,,Pangzawl,23.170678,92.899334,Rock,Slide,01 June 2025,2025-06-01,2025.0,2025-06-01,2025,6,1,32.9,124.6,0.428
MIZ/KHAW/84E04/2025/226,Mizoram,Khawzawl,,Serchhip to Khawbung S road,23.2066,93.148665,Debris,Slide,01 June 2025,2025-06-01,2025.0,2025-06-01,2025,6,1,23.9,91.6,0.426
MIZ/KHAW/84E08/2025/231,Mizoram,Khawzawl,,Vaphai,23.14788,93.323791,Debris,Slide,01 June 2025,2025-06-01,2025.0,2025-06-01,2025,6,1,22.5,69.2,0.42
MIZ/LUN/84A12/2025/070,Mizoram,Lunglei,,Outside Ramlaitui,23.184091,92.738895,Debris,Slide,01 June 2025,2025-06-01,2025.0,2025-06-01,2025,6,1,42.1,192.9,0.428
MIZ/LUN/84A12/2025/150,Mizoram,Lunglei,,Mualthuam N,23.11239,92.745417,Earth,Slide,01 June 2025,2025-06-01,2025.0,2025-06-01,2025,6,1,39.2,162.5,0.428
MIZ/LUN/84A12/2025/157,Mizoram,Lunglei,,Mualthuam N,23.104623,92.747711,Debris,Slide and flow,1 June 2025,2025-06-01,2025.0,2025-06-01,2025,6,1,39.2,162.5,0.428
MIZ/LUN/84A16/2025/175,Mizoram,Lunglei,,"Aizawl-Thenzawl-Lunglei SH, Saichhoh",23.074255,92.76222,Debris,Slide,01 June 2025,2025-06-01,2025.0,2025-06-01,2025,6,1,39.2,162.5,0.428
MIZ/LUNG/84A08/2025/208,Mizoram,Lunglei,,Tleu to West Bunghmun,23.206239,92.491221,Debris,Slide,01 June 2025,2025-06-01,2025.0,2025-06-01,2025,6,1,57.9,317.6,0.428
MIZ/LUNG/84A08/2025/209,Mizoram,Lunglei,,Tleu to West Bunghmun,23.199961,92.488796,Debris,Slide,01 June 2025,2025-06-01,2025.0,2025-06-01,2025,6,1,57.9,317.6,0.428
MIZ/LUNG/84A08/2025/210,Mizoram,Lunglei,,West Bunghmun,23.17824,92.491031,Debris,Slide,01 June 2025,2025-06-01,2025.0,2025-06-01,2025,6,1,57.9,317.6,0.428
MIZ/LUNG/84A08/2025/211,Mizoram,Lunglei,,West Bunghmun,23.180969,92.488193,Debris,Slide,01 June 2025,2025-06-01,2025.0,2025-06-01,2025,6,1,57.9,317.6,0.428
MIZ/LUNG/84A08/2025/212,Mizoram,Lunglei,,West Bunghmun cemetary,23.180354,92.486971,Debris,Slide,01 June 2025,2025-06-01,2025.0,2025-06-01,2025,6,1,57.9,317.6,0.428
MIZ/LUNG/84A08/2025/213,Mizoram,Lunglei,,West Bunghmun,23.182466,92.487731,Debris,Flow,01 June 2025,2025-06-01,2025.0,2025-06-01,2025,6,1,57.9,317.6,0.428
MIZ/LUNG/84A11/2025/163,Mizoram,Lunglei,,Thenzawl - Buarpui road,23.297521,92.689449,Debris,Flow,01 June 2025,2025-06-01,2025.0,2025-06-01,2025,6,1,52.4,288.6,0.429
MIZ/LUNG/84A11/2025/164,Mizoram,Lunglei,,Thenzawl - Buarpui road,23.30374,92.672816,Debris,Slide,01 June 2025,2025-06-01,2025.0,2025-06-01,2025,6,1,52.4,288.6,0.429
MIZ/LUNG/84A11/2025/165,Mizoram,Lunglei,,Thenzawl - Buarpui road,23.304123,92.671521,Debris,Flow,01 June 2025,2025-06-01,2025.0,2025-06-01,2025,6,1,52.4,288.6,0.429
MIZ/LUNG/84A11/2025/166,Mizoram,Lunglei,,Thenzawl - Buarpui road,23.306105,92.671296,Debris,Flow,01 June 2025,2025-06-01,2025.0,2025-06-01,2025,6,1,52.4,288.6,0.429
MIZ/LUNG/84A11/2025/167,Mizoram,Lunglei,,Thenzawl - Buarpui road,23.306338,92.666573,Debris,Flow,01 June 2025,2025-06-01,2025.0,2025-06-01,2025,6,1,52.4,288.6,0.429
MIZ/LUNG/84A11/2025/168,Mizoram,Lunglei,,New Khawlek,23.32044,92.643229,Debris,Slide,01 June 2025,2025-06-01,2025.0,2025-06-01,2025,6,1,52.4,288.6,0.429
MIZ/LUNG/84A11/2025/169,Mizoram,Lunglei,,Thenzawl - Buarpui road,23.301901,92.649401,Debris,Slide,01 June 2025,2025-06-01,2025.0,2025-06-01,2025,6,1,52.4,288.6,0.429
MIZ/LUNG/84A11/2025/215,Mizoram,Lunglei,,West Bungtlang,23.251004,92.63667,Debris,Flow,01 June 2025,2025-06-01,2025.0,2025-06-01,2025,6,1,55.6,305.0,0.428
MIZ/LUNG/84A12/2025/034,Mizoram,Lunglei,,Aizawl-Thenzawl-Lunglei Highway,23.200475,92.735007,Debris,Slide,01 June 2025,2025-06-01,2025.0,2025-06-01,2025,6,1,55.2,258.7,0.428
MIZ/LUNG/84A12/2025/035,Mizoram,Lunglei,,Aizawl-Thenzawl-Lunglei Highway,23.195661,92.73562,Rock,Slide,01 June 2025,2025-06-01,2025.0,2025-06-01,2025,6,1,55.2,258.7,0.428
MIZ/LUNG/84A12/2025/048,Mizoram,Lunglei,,N. Mualthuam,23.114694,92.743931,Debris,Slide,01 June 2025,2025-06-01,2025.0,2025-06-01,2025,6,1,39.2,162.5,0.428
MIZ/LUNG/84A12/2025/170,Mizoram,Lunglei,,Buarpui,23.246611,92.655112,Debris,Slide,01 June 2025,2025-06-01,2025.0,2025-06-01,2025,6,1,55.6,305.0,0.428
MIZ/LUNG/84A12/2025/171,Mizoram,Lunglei,,West Bungtlang to Changpui road,23.2388,92.636923,Earth,Slide,01 June 2025,2025-06-01,2025.0,2025-06-01,2025,6,1,55.6,305.0,0.428
MIZ/LUNG/84A12/2025/172,Mizoram,Lunglei,,West Bungtlang to Changpui road,23.234538,92.637234,Debris,Slide,01 June 2025,2025-06-01,2025.0,2025-06-01,2025,6,1,55.6,305.0,0.428
MIZ/LUNG/84A12/2025/173,Mizoram,Lunglei,,West Bungtlang to Changpui road,23.206413,92.632701,Debris,Slide,01 June 2025,2025-06-01,2025.0,2025-06-01,2025,6,1,55.6,305.0,0.428
MIZ/LUNG/84A12/2025/174,Mizoram,Lunglei,,West Bungtlang to Changpui road,23.197283,92.632661,Earth,Slide,01 June 2025,2025-06-01,2025.0,2025-06-01,2025,6,1,43.5,265.7,0.429
MIZ/LUNG/84A12/2025/175,Mizoram,Lunglei,,Changpui,23.174558,92.612556,Earth,Slide,01 June 2025,2025-06-01,2025.0,2025-06-01,2025,6,1,43.5,265.7,0.429
MIZ/LUNG/84A12/2025/176,Mizoram,Lunglei,,Changpui,23.1739,92.611378,Debris,Slide,01 June 2025,2025-06-01,2025.0,2025-06-01,2025,6,1,43.5,265.7,0.429
MIZ/LUNG/84A12/2025/177,Mizoram,Lunglei,,Changpui,23.173258,92.611929,Debris,Flow,01 June 2025,2025-06-01,2025.0,2025-06-01,2025,6,1,43.5,265.7,0.429
MIZ/LUNG/84A12/2025/178,Mizoram,Lunglei,,Changpui,23.17252,92.611434,Debris,Flow,01 June 2025,2025-06-01,2025.0,2025-06-01,2025,6,1,43.5,265.7,0.429
MIZ/LUNG/84A12/2025/179,Mizoram,Lunglei,,Changpui,23.172659,92.611828,Earth,Slide,01 June 2025,2025-06-01,2025.0,2025-06-01,2025,6,1,43.5,265.7,0.429
MIZ/LUNG/84A12/2025/180,Mizoram,Lunglei,,Thenhlum,23.198272,92.589291,Earth,Slide,01 June 2025,2025-06-01,2025.0,2025-06-01,2025,6,1,55.6,305.0,0.428
MIZ/LUNG/84A12/2025/181,Mizoram,Lunglei,,Thenhlum,23.198961,92.590043,Earth,Slide,01 June 2025,2025-06-01,2025.0,2025-06-01,2025,6,1,55.6,305.0,0.428
MIZ/LUNG/84A12/2025/182,Mizoram,Lunglei,,Thenhlum,23.199095,92.586671,Earth,Flow,01 June 2025,2025-06-01,2025.0,2025-06-01,2025,6,1,55.6,305.0,0.428
MIZ/LUNG/84A12/2025/183,Mizoram,Lunglei,,Thenhlum,23.199415,92.585883,Earth,Flow,01 June 2025,2025-06-01,2025.0,2025-06-01,2025,6,1,55.6,305.0,0.428
MIZ/LUNG/84A12/2025/184,Mizoram,Lunglei,,Thenhlum,23.200105,92.584517,Debris,Flow,01 June 2025,2025-06-01,2025.0,2025-06-01,2025,6,1,55.6,305.0,0.428
MIZ/LUNG/84A12/2025/185,Mizoram,Lunglei,,Thenhlum to West Bunghmun road,23.200655,92.5813,Debris,Flow,01 June 2025,2025-06-01,2025.0,2025-06-01,2025,6,1,55.6,305.0,0.428
MIZ/LUNG/84A12/2025/186,Mizoram,Lunglei,,Thenhlum to West Bunghmun road,23.201843,92.579666,Debris,Flow,01 June 2025,2025-06-01,2025.0,2025-06-01,2025,6,1,55.6,305.0,0.428
MIZ/LUNG/84A12/2025/187,Mizoram,Lunglei,,Thenhlum to West Bunghmun road,23.202247,92.57903,Debris,Flow,01 June 2025,2025-06-01,2025.0,2025-06-01,2025,6,1,55.6,305.0,0.428
MIZ/LUNG/84A12/2025/188,Mizoram,Lunglei,,Thenhlum to West Bunghmun road,23.203107,92.577972,Debris,Flow,01 June 2025,2025-06-01,2025.0,2025-06-01,2025,6,1,57.9,317.6,0.428
MIZ/LUNG/84A12/2025/189,Mizoram,Lunglei,,Thenhlum to West Bunghmun road,23.203903,92.576807,Debris,Flow,01 June 2025,2025-06-01,2025.0,2025-06-01,2025,6,1,57.9,317.6,0.428
MIZ/LUNG/84A12/2025/190,Mizoram,Lunglei,,Thenhlum to West Bunghmun road,23.204282,92.576174,Debris,Flow,01 June 2025,2025-06-01,2025.0,2025-06-01,2025,6,1,57.9,317.6,0.428
MIZ/LUNG/84A12/2025/191,Mizoram,Lunglei,,Thenhlum to West Bunghmun road,23.204481,92.575792,Earth,Slide,01 June 2025,2025-06-01,2025.0,2025-06-01,2025,6,1,57.9,317.6,0.428
MIZ/LUNG/84A12/2025/192,Mizoram,Lunglei,,Thenhlum to West Bunghmun road,23.205193,92.574684,Debris,Flow,01 June 2025,2025-06-01,2025.0,2025-06-01,2025,6,1,57.9,317.6,0.428
MIZ/LUNG/84A12/2025/193,Mizoram,Lunglei,,Thenhlum to West Bunghmun road,23.214589,92.572672,Debris,Slide,01 June 2025,2025-06-01,2025.0,2025-06-01,2025,6,1,57.9,317.6,0.428
MIZ/LUNG/84A12/2025/194,Mizoram,Lunglei,,Thenhlum to West Bunghmun road,23.212919,92.558022,Debris,Flow,01 June 2025,2025-06-01,2025.0,2025-06-01,2025,6,1,57.9,317.6,0.428
MIZ/LUNG/84A12/2025/195,Mizoram,Lunglei,,Thenhlum to West Bunghmun road,23.207082,92.509726,Debris,Slide,01 June 2025,2025-06-01,2025.0,2025-06-01,2025,6,1,57.9,317.6,0.428
MIZ/LUNG/84A12/2025/196,Mizoram,Lunglei,,Thenhlum to West Bunghmun road,23.195616,92.546251,Debris,Slide,01 June 2025,2025-06-01,2025.0,2025-06-01,2025,6,1,57.9,317.6,0.428
MIZ/LUNG/84A12/2025/197,Mizoram,Lunglei,,Thenhlum to West Bunghmun road,23.19796,92.543304,Debris,Slide,01 June 2025,2025-06-01,2025.0,2025-06-01,2025,6,1,57.9,317.6,0.428
MIZ/LUNG/84A12/2025/198,Mizoram,Lunglei,,Thenhlum to West Bunghmun road,23.190022,92.554302,Debris,Flow,01 June 2025,2025-06-01,2025.0,2025-06-01,2025,6,1,57.9,317.6,0.428
MIZ/LUNG/84A12/2025/199,Mizoram,Lunglei,,Thenhlum to West Bunghmun road,23.21035,92.539589,Debris,Slide,01 June 2025,2025-06-01,2025.0,2025-06-01,2025,6,1,57.9,317.6,0.428
MIZ/LUNG/84A12/2025/200,Mizoram,Lunglei,,Thenhlum to West Bunghmun road,23.208921,92.541174,Earth,Slide,01 June 2025,2025-06-01,2025.0,2025-06-01,2025,6,1,57.9,317.6,0.428
MIZ/LUNG/84A12/2025/201,Mizoram,Lunglei,,Thenhlum to West Bunghmun road,23.208823,92.53749,Debris,Slide,01 June 2025,2025-06-01,2025.0,2025-06-01,2025,6,1,57.9,317.6,0.428
MIZ/LUNG/84A12/2025/202,Mizoram,Lunglei,,Thenhlum to West Bunghmun road,23.206239,92.491221,Debris,Slide,01 June 2025,2025-06-01,2025.0,2025-06-01,2025,6,1,57.9,317.6,0.428
MIZ/LUNG/84A12/2025/203,Mizoram,Lunglei,,Thenhlum to West Bunghmun road,23.20549,92.543278,Earth,Slide,01 June 2025,2025-06-01,2025.0,2025-06-01,2025,6,1,57.9,317.6,0.428
MIZ/LUNG/84A12/2025/204,Mizoram,Lunglei,,Thenhlum to West Bunghmun road,23.219631,92.563324,Debris,Slide,01 June 2025,2025-06-01,2025.0,2025-06-01,2025,6,1,57.9,317.6,0.428
MIZ/LUNG/84A12/2025/205,Mizoram,Lunglei,,Tleu,23.204981,92.534603,Debris,Slide,01 June 2025,2025-06-01,2025.0,2025-06-01,2025,6,1,57.9,317.6,0.428
MIZ/LUNG/84A12/2025/206,Mizoram,Lunglei,,Tleu,23.206253,92.533605,Debris,Slide,01 June 2025,2025-06-01,2025.0,2025-06-01,2025,6,1,57.9,317.6,0.428
MIZ/LUNG/84A12/2025/207,Mizoram,Lunglei,,Tleu to West Bunghmun,23.209857,92.500587,Debris,Slide,01 June 2025,2025-06-01,2025.0,2025-06-01,2025,6,1,57.9,317.6,0.428
MIZ/LUNG/84A12/2025/214,Mizoram,Lunglei,,Tleu,23.204706,92.533825,Debris,Flow,01 June 2025,2025-06-01,2025.0,2025-06-01,2025,6,1,57.9,317.6,0.428
MIZ/LUNG/84B13/2025/072,Mizoram,Lunglei,,Theiriat,22.866131,92.772713,Debris,Slide,01 June 2025,2025-06-01,2025.0,2025-06-01,2025,6,1,43.9,141.6,0.429
MIZ/LUNG/84B13/2025/073,Mizoram,Lunglei,,Serkawn PHE Complex,22.903567,92.758702,Debris,Flow,01 June 2025,2025-06-01,2025.0,2025-06-01,2025,6,1,43.9,141.6,0.429
MIZ/LUNG/84B13/2025/074,Mizoram,Lunglei,,"Zohnuai, Lunglei",22.903454,92.760096,Debris,Slide,01 June 2025,2025-06-01,2025.0,2025-06-01,2025,6,1,43.9,141.6,0.429
MIZ/LUNG/84B13/2025/075,Mizoram,Lunglei,,"Serkawn, Lunglei",22.904615,92.75705,Debris,Slide,01 June 2025,2025-06-01,2025.0,2025-06-01,2025,6,1,43.9,141.6,0.429
MIZ/LUNG/84B13/2025/076,Mizoram,Lunglei,,"Zohnuai, Lunglei",22.922528,92.752404,Debris,Slide,01 June 2025,2025-06-01,2025.0,2025-06-01,2025,6,1,39.3,139.0,0.428
MIZ/LUNG/84B13/2025/078,Mizoram,Lunglei,,NH 54,22.88042,92.821692,Debris,Slide,01 June 2025,2025-06-01,2025.0,2025-06-01,2025,6,1,43.9,141.6,0.429
MIZ/SER/84A11/2025/154,Mizoram,Serchhip,,Thenzawl - Buarpui road,23.293863,92.741368,Debris,slide,01 June 2025,2025-06-01,2025.0,2025-06-01,2025,6,1,47.8,266.1,0.428
MIZ/SER/84A11/2025/155,Mizoram,Serchhip,,Thenzawl - Buarpui road,23.295774,92.740012,Debris,slide,01 June 2025,2025-06-01,2025.0,2025-06-01,2025,6,1,47.8,266.1,0.428
MIZ/SER/84A11/2025/156,Mizoram,Serchhip,,Thenzawl - Buarpui road,23.30265,92.742945,Debris,slide,01 June 2025,2025-06-01,2025.0,2025-06-01,2025,6,1,47.8,266.1,0.428
MIZ/SER/84A11/2025/160,Mizoram,Serchhip,,Thenzawl - Buarpui road,23.300291,92.69577,Debris,Flow,01 June 2025,2025-06-01,2025.0,2025-06-01,2025,6,1,52.4,288.6,0.429
MIZ/SER/84A11/2025/161,Mizoram,Serchhip,,Thenzawl - Buarpui road,23.299806,92.694901,Debris,Flow,01 June 2025,2025-06-01,2025.0,2025-06-01,2025,6,1,52.4,288.6,0.429
MIZ/SER/84A11/2025/162,Mizoram,Serchhip,,Thenzawl - Buarpui road,23.299312,92.692614,Debris,Flow,01 June 2025,2025-06-01,2025.0,2025-06-01,2025,6,1,52.4,288.6,0.429
MIZ/SER/84A12/2025/028,Mizoram,Serchhip,,Buangpui,23.239137,92.744468,Debris,Slide,01 June 2025,2025-06-01,2025.0,2025-06-01,2025,6,1,55.2,258.7,0.428
MIZ/SER/84A15/2025/124,Mizoram,Serchhip,,"Chhim Veng, Serchhip",23.307093,92.856289,Debris,Slide,01 June 2025,2025-06-01,2025.0,2025-06-01,2025,6,1,44.5,230.7,0.429
MIZ/SER/84A15/2025/125,Mizoram,Serchhip,,"Chhim Veng, Serchhip",23.307524,92.857678,Debris,Subsidence,01 June 2025,2025-06-01,2025.0,2025-06-01,2025,6,1,44.5,230.7,0.429
MIZ/SER/84A15/2025/126,Mizoram,Serchhip,,"Chhim Veng, Serchhip",23.305939,92.857538,Debris,Flow,01 June 2025,2025-06-01,2025.0,2025-06-01,2025,6,1,44.5,230.7,0.429
MIZ/SER/84A15/2025/127,Mizoram,Serchhip,,"Dinthar, Serchhip",23.303906,92.853173,Debris,Flow,01 June 2025,2025-06-01,2025.0,2025-06-01,2025,6,1,44.5,230.7,0.429
MIZ/SER/84A15/2025/134,Mizoram,Serchhip,,New Serchhip,23.346456,92.851511,Debris,Slide,01 June 2025,2025-06-01,2025.0,2025-06-01,2025,6,1,48.6,255.9,0.429
MIZ/SER/84A15/2025/135,Mizoram,Serchhip,,New Serchhip,23.3466,92.854847,Debris,Slide,01 June 2025,2025-06-01,2025.0,2025-06-01,2025,6,1,48.6,255.9,0.429
MIZ/SER/84A15/2025/145,Mizoram,Serchhip,,NH 54,23.271227,92.874544,Debris,Slide,01 June 2025,2025-06-01,2025.0,2025-06-01,2025,6,1,40.9,171.3,0.429
MIZ/SER/84A15/2025/146,Mizoram,Serchhip,,NH 54,23.270548,92.877577,Debris,Flow,01 June 2025,2025-06-01,2025.0,2025-06-01,2025,6,1,40.9,171.3,0.429
MIZ/SER/84A15/2025/147,Mizoram,Serchhip,,NH 54,23.67701,92.87895,Debris,Flow,01 June 2025,2025-06-01,2025.0,2025-06-01,2025,6,1,27.8,159.1,0.422
MIZ/SER/84A15/2025/151,Mizoram,Serchhip,,Serchhip - Thenzawl road,23.281443,92.840145,Debris,Slide,01 June 2025,2025-06-01,2025.0,2025-06-01,2025,6,1,44.5,230.7,0.429
MIZ/SER/84A15/2025/152,Mizoram,Serchhip,,Serchhip - Thenzawl road,23.280947,92.8367,Rock,Slide,01 June 2025,2025-06-01,2025.0,2025-06-01,2025,6,1,44.5,230.7,0.429
MIZ/SER/84A16/2025/088,Mizoram,Serchhip,,Bungtlang,23.180345,92.900082,Debris,Slide,01 June 2025,2025-06-01,2025.0,2025-06-01,2025,6,1,32.9,124.6,0.428
MIZ/SER/84A16/2025/089,Mizoram,Serchhip,,Bungtlang Vengsang,23.187383,92.89826,Earth,Slide,01 June 2025,2025-06-01,2025.0,2025-06-01,2025,6,1,32.9,124.6,0.428
MIZ/SER/84A16/2025/090,Mizoram,Serchhip,,Bungtlang,23.187762,92.898034,Earth,slide,01 June 2025,2025-06-01,2025.0,2025-06-01,2025,6,1,32.9,124.6,0.428
MIZ/SER/84A16/2025/216,Mizoram,Serchhip,,Keitum,23.234898,92.911307,Earth,Slide,01 June 2025,2025-06-01,2025.0,2025-06-01,2025,6,1,33.5,147.6,0.428
MIZ/SER/84A16/2025/217,Mizoram,Serchhip,,Serchhip to Khawbung S road,23.225619,92.924909,Earth,Slide,01 June 2025,2025-06-01,2025.0,2025-06-01,2025,6,1,33.5,147.6,0.428
MIZ/SER/84A16/2025/218,Mizoram,Serchhip,,Serchhip to Khawbung S road,23.223807,92.944448,Debris,Flow,01 June 2025,2025-06-01,2025.0,2025-06-01,2025,6,1,33.5,147.6,0.428
MIZ/SER/84A16/2025/219,Mizoram,Serchhip,,Khawlailung,23.21795,92.998007,Debris,Slide,01 June 2025,2025-06-01,2025.0,2025-06-01,2025,6,1,29.3,105.3,0.428
MIZ/SER/84A16/2025/220,Mizoram,Serchhip,,Khawlailung,23.217324,92.99812,Debris,Flow,01 June 2025,2025-06-01,2025.0,2025-06-01,2025,6,1,29.3,105.3,0.428
MIZ/SER/84E04/2025/221,Mizoram,Serchhip,,Serchhip to Khawbung S road,23.19917,93.000199,Debris,Flow,01 June 2025,2025-06-01,2025.0,2025-06-01,2025,6,1,29.7,110.1,0.427
MIZ/SIA/84F03/2025/061,Mizoram,Siaha,,Lobo,22.469737,93.100868,Debris,Slide,01 June 2025,2025-06-01,2025.0,2025-06-01,2025,6,1,33.7,87.7,0.428
MIZ/LUN/84A12/2025/030,Mizoram,Lunglei,,Aizawl-Thenzawl-Lunglei SH,23.230114,92.740067,Earth,Slide,02 June 2025,2025-06-02,2025.0,2025-06-02,2025,6,1,28.7,121.5,0.425
MIZ/LUN/84A12/2025/032,Mizoram,Lunglei,,Outside Kanghmun S,23.226843,92.740266,Earth,Slide,02 June 2025,2025-06-02,2025.0,2025-06-02,2025,6,1,28.7,121.5,0.425
MIZ/LUN/84A12/2025/044,Mizoram,Lunglei,,South of Kanghmun S,23.201335,92.734857,Rock,Slide,02 June 2025,2025-06-02,2025.0,2025-06-02,2025,6,1,28.7,121.5,0.425
MIZ/LUN/84A12/2025/045,Mizoram,Lunglei,,South of Kanghmun S,23.201614,92.734453,Rock,Slide,02 June 2025,2025-06-02,2025.0,2025-06-02,2025,6,1,28.7,121.5,0.425
MIZ/LUN/84A12/2025/046,Mizoram,Lunglei,,South of Kanghmun S,23.201759,92.734328,Rock,Slide,02 June 2025,2025-06-02,2025.0,2025-06-02,2025,6,1,28.7,121.5,0.425
MIZ/LUN/84A12/2025/048,Mizoram,Lunglei,,"Between Kanghmun S to Ramlaitui, Aizawl-Thenzawl- Lunglei SH",23.199924,92.73481,Earth,Slide,02 June 2025,2025-06-02,2025.0,2025-06-02,2025,6,1,28.7,121.5,0.425
MIZ/LUN/84A12/2025/055,Mizoram,Lunglei,,"North of Ramlaitui, Aizawl- Thenzawl-Lunglei SH",23.193237,92.734819,Debris,Slide,02 June 2025,2025-06-02,2025.0,2025-06-02,2025,6,1,23.9,105.3,0.425
MIZ/LUN/84A12/2025/057,Mizoram,Lunglei,,"North of Ramlaitui, Aizawl- Thenzawl-Lunglei SH",23.191747,92.73459,Debris,Slide,02 June 2025,2025-06-02,2025.0,2025-06-02,2025,6,1,23.9,105.3,0.425
MIZ/LUN/84A12/2025/064,Mizoram,Lunglei,,"Outside Ramlaitui, Aizawl- Thenzawl-Lunglei SH",23.188245,92.734327,Rock,Slide,02 June 2025,2025-06-02,2025.0,2025-06-02,2025,6,1,23.9,105.3,0.425
MIZ/LUN/84A12/2025/066,Mizoram,Lunglei,,"Outside Ramlaitui, Aizawl- Thenzawl-Lunglei SH",23.18675,92.735178,Debris,Slide,02 June 2025,2025-06-02,2025.0,2025-06-02,2025,6,1,,,
MIZ/LUN/84A12/2025/093,Mizoram,Lunglei,,South of Ramlaitui,23.164812,92.743396,Debris,Slide and Flow,02 June 2025,2025-06-02,2025.0,2025-06-02,2025,6,1,23.9,105.3,0.425
MIZ/LUN/84A12/2025/152,Mizoram,Lunglei,,"Aizawl-Thenzawl-Lunglei SH, Mualthuam N Venghnuai",23.113126,92.74564,Earth,Slide,02 June 2025,2025-06-02,2025.0,2025-06-02,2025,6,1,23.2,95.2,0.425
MIZ/LUNG/84B09/2025/077,Mizoram,Lunglei,,"Bazar Veng, Lunglei",22.895235,92.747812,Debris,Slide,02 June 2025,2025-06-02,2025.0,2025-06-02,2025,6,1,27.0,109.0,0.425
MIZ/LUN/84A12/2025/037,Mizoram,Lunglei,,Outside Kanghmun S Aizawl- Thenzawl-Lunglei SH,23.204595,92.73861,Debris,Slide,3 June 2025,2025-06-03,2025.0,2025-06-03,2025,6,1,11.1,95.0,0.418
AS/KAM(M)/78N12/2025/01,Assam,Kamrup,Kamakhya Main Road,Kamakhya Road,26.166185,91.7147,Earth,Slide,04 June 2025,2025-06-04,2025.0,2025-06-04,2025,6,1,13.3,15.7,0.494
7196,Assam,Dima Hasao,,,25.69814,93.129423,Soil,slide,05 June 2025,2025-06-05,2025.0,2025-06-05,2025,6,1,8.6,16.3,0.478
7197,Assam,Dima Hasao,,,25.648512,93.121528,Debris,slide,05 June 2025,2025-06-05,2025.0,2025-06-05,2025,6,1,3.7,18.4,0.461
7195,Assam,Kamrup (Metro),Nalgedra,,26.11956,92.052125,Soil,slide,05 June 2025,2025-06-05,2025.0,2025-06-05,2025,6,1,12.1,18.2,0.487
6831,Manipur,Noney,,NH-37,24.863924,93.617853,Debris,slide,05 June 2025,2025-06-05,2025.0,2025-06-05,2025,6,1,1.7,9.0,0.376
AS/KAM(M)/78N16/2025/05,Assam,Kamrup,Rupnagar,,26.158193,91.755807,Debris,Slide,06 June 2025,2025-06-06,2025.0,2025-06-06,2025,6,1,2.5,63.3,0.431
MIZ/LUN/84A12/2025/033,Mizoram,Lunglei,,Kanghmun S,23.225357,92.74039,Earth,Slide,06 June 2025,2025-06-06,2025.0,2025-06-06,2025,6,1,1.8,5.0,0.376
MIZ/LUN/84A12/2025/056,Mizoram,Lunglei,,"North of Ramlaitui, Aizawl- Thenzawl-Lunglei SH",23.191775,92.734778,Debris,Slide,06 June 2025,2025-06-06,2025.0,2025-06-06,2025,6,1,0.7,5.5,0.386
MIZ/LUN/84A16/2025/115,Mizoram,Lunglei,,"Aizawl-Thenzawl-Lunglei SH, Ramlaitui to Sekhum",23.144687,92.750609,Debris,Slide,06 June 2025,2025-06-06,2025.0,2025-06-06,2025,6,1,0.7,5.5,0.386
MIZ/LUN/84A16/2025/162,Mizoram,Lunglei,,"Aizawl-Thenzawl-Lunglei SH, south of Mualthuam N",23.099615,92.752199,Earth,Slide,06 June 2025,2025-06-06,2025.0,2025-06-06,2025,6,1,1.6,5.4,0.39
MIZ/SER/84A15/2025/118,Mizoram,Serchhip,,"Chandmari, Serchhip",23.304746,92.862109,Debris,Slide,08 June 2025,2025-06-08,2025.0,2025-06-08,2025,6,1,7.1,13.4,0.385
3365,Uttarakhand,Chamoli,,,30.071759,79.502574,Rock,Fall,10 June 2025,2025-06-10,2025.0,2025-06-10,2025,6,1,0.5,1.0,0.342
7248,Meghalaya,Eastern-West Khasi Hill,Mawiongkhri,Nongkhlaw-Guwahati Road,25.69007,91.67085,Debris,Slide,11 June 2025,2025-06-11,2025.0,2025-06-11,2025,6,1,,,
7249,Meghalaya,Eastern-West Khasi Hill,Umniangriang,Mairang-Guwahati Road,25.733262,91.675754,Debris,Slide,11 June 2025,2025-06-11,2025.0,2025-06-11,2025,6,1,3.7,8.5,0.379
ME/EWK/2026/54,Meghalaya,Eastern-West Khasi Hill,,Mairang-Guwahati Road,25.68822222,91.66746111,Debris,Slide,11 June 2025,2025-06-11,2025.0,2025-06-11,2025,6,1,6.4,12.3,0.44
3363,Karnataka,Uttar Kannada,,,14.80989612,74.14158063,Debris,Slide,12 June 2025,2025-06-12,2025.0,2025-06-12,2025,6,1,81.1,114.1,0.506
MIZ/KHAW/84E03/2025/232,Mizoram,Khawzawl,,NH 6,23.486306,93.220639,Debris,Slide,12 June 2025,2025-06-12,2025.0,2025-06-12,2025,6,1,0.6,8.3,0.353
MIZ/AIZ/83D15/2025/241,Mizoram,Aizawl,,Zohmun,24.285871,92.94599,Debris,Slide,14 June 2025,2025-06-14,2025.0,2025-06-14,2025,6,1,4.1,10.3,0.337
MIZ/AIZ/83D15/2025/242,Mizoram,Aizawl,,Zohmun,24.288014,92.946017,Earth,Slide,14 June 2025,2025-06-14,2025.0,2025-06-14,2025,6,1,4.1,10.3,0.337
MIZ/KHAW/84E02/2025/233,Mizoram,Khawzawl,,NH 6,23.544052,93.155591,Debris,Slide,14 June 2025,2025-06-14,2025.0,2025-06-14,2025,6,1,7.0,9.7,0.348
MIZ/KHAW/84E02/2025/234,Mizoram,Khawzawl,,NH 6,23.545766,93.147931,Debris,Slide,14 June 2025,2025-06-14,2025.0,2025-06-14,2025,6,1,7.0,9.7,0.348
MIZ/KHAW/84E02/2025/235,Mizoram,Khawzawl,,NH 6,23.5266,93.192968,Debris,Slide,14 June 2025,2025-06-14,2025.0,2025-06-14,2025,6,1,4.5,6.4,0.321
3367,Karnataka,Uttar Kannada,,Hebbar Kumri Manigadde Kumri road,14.9025033,74.56196438,Soil,,15 June 2025,2025-06-15,2025.0,2025-06-15,2025,6,1,41.2,72.4,0.512
MIZ/AIZ/84A14/2025/238,Mizoram,Aizawl,,NH 6,23.700835,92.877449,Debris,Slide,15 June 2025,2025-06-15,2025.0,2025-06-15,2025,6,1,14.4,32.2,0.369
MIZ/AIZ/84A14/2025/245,Mizoram,Aizawl,,Sesawng,23.747519,92.853155,Debris,Slide,15 June 2025,2025-06-15,2025.0,2025-06-15,2025,6,1,14.4,32.2,0.369
MIZ/LUN/84A12/2025/052,Mizoram,Lunglei,,"North of Ramlaitui, Aizawl- Thenzawl-Lunglei SH",23.197825,92.73502,Debris,Slide,15 June 2025,2025-06-15,2025.0,2025-06-15,2025,6,1,8.7,25.4,0.414
MIZ/LUN/84A16/2025/181,Mizoram,Lunglei,,"Aizawl-Thenzawl-Lunglei SH, Saichhoh to Haulawng",23.063838,92.769004,Debris,Slide,15 June 2025,2025-06-15,2025.0,2025-06-15,2025,6,1,8.2,36.2,0.415
MIZ/SAI/84A14/2025/236,Mizoram,Saitual,,NH 6,23.667553,92.89259,Rock,Slide,15 June 2025,2025-06-15,2025.0,2025-06-15,2025,6,1,10.9,30.1,0.359
KA/CKM/48O12/2025/12,Karnataka,Chikmagalur,Tripura landslide,"Village road near Tripura village, Gutti-Byduballi-Mudigere road",13.04149583,75.56029417,Soil,Slide,16 June 2025,2025-06-16,2025.0,2025-06-16,2025,6,1,89.8,286.9,0.512
3385,Uttarakhand,Uttarkashi,,,30.9913537,78.4567104,Rock,Slide,23 June 2025,2025-06-23,2025.0,2025-06-23,2025,6,1,22.3,70.9,0.421
KA/HSN/48P13/2025/01,Karnataka,Hassan,Kalugani landslide,along NH-75,12.92106944,75.75716944,Earth,Slide,24 June 2025,2025-06-24,2025.0,2025-06-24,2025,6,1,22.9,47.2,0.512
KA/KOD/48P14/2025/12,Karnataka,Kodagu-Somwarpet,Koothi,Nagarahalli-Shanthahalli road,12.673322,75.792564,Rock,Slide,25 June 2025,2025-06-25,2025.0,2025-06-25,2025,6,1,22.7,70.8,0.511
KA/KOD/48P11/2025/08,Karnataka,Kodagu-Virajpet,Napoklu-Bethu village,Bethu village,12.305793,75.689515,Debris,Slide,25 June 2025,2025-06-25,2025.0,2025-06-25,2025,6,1,14.4,35.8,0.511
ME/EWK/2026/43,Meghalaya,Eastern-West Khasi Hill,,Mairang-Guwahati Road,25.69688611,91.64176667,Debris,Slide,25 June 2025,2025-06-25,2025.0,2025-06-25,2025,6,1,28.0,111.8,0.504
ME/EWK/2026/51,Meghalaya,Eastern-West Khasi Hill,,Nongkhlaw-Guwahati Road,25.688833,91.653639,Earth,Slide,25 June 2025,2025-06-25,2025.0,2025-06-25,2025,6,1,28.0,111.8,0.504
KA/KOD/48P14/2025/13,Karnataka,Kodagu-Somwarpet,Bachalli,Kumarahalli-Bachalli road,12.673218,75.754767,Debris,Slide,27 June 2025,2025-06-27,2025.0,2025-06-27,2025,6,1,16.2,105.6,0.509
ME/EWK/2026/29,Meghalaya,Eastern-West Khasi Hill,Umkrem,Umkrem,25.49551944,91.49585278,Debris,Slide,02 July 2025,2025-07-02,2025.0,2025-07-02,2025,7,1,5.6,15.2,0.486
KA/UK/48J01/2025/24,Karnataka,Uttar Kannada,Balemane,Kadra to Balemane-Sulgeri road,14.879833,74.412722,Earth,Flow,03 July 2025,2025-07-03,2025.0,2025-07-03,2025,7,1,48.6,132.2,0.509
7194,Assam,Kamrup,,,26.24698,91.964383,Debris,slide,05 July 2025,2025-07-05,2025.0,2025-07-05,2025,7,1,28.4,99.8,0.506
3382,Nagaland,Mokokchung,,,26.4242282,94.3924136,Rock,Fall,05 July 2025,2025-07-05,2025.0,2025-07-05,2025,7,1,5.8,38.1,0.494
KER/KOZ/49M14/2025/4,Kerala,Kozhikode,Kuttiyadi Churam Slide 2,SH-54,11.72566667,75.81052778,Rock/Debris,Fall,6 July 2025,2025-07-06,2025.0,2025-07-06,2025,7,1,27.3,64.2,0.508
HP/Kangra/53A/05/2025/05,Himachal Pradesh,Kangra,Manjha Buhla Challah slide,Link road (Thurel to Challah),31.92544444,76.44583611,Debris,Slide,7 July 2025,2025-07-07,2025.0,2025-07-07,2025,7,1,0.0,15.1,0.362
3375,Nagaland,Kohima,,,25.623067,94.114196,Debris,Slide,07 July 2025,2025-07-07,2025.0,2025-07-07,2025,7,1,13.9,48.0,0.5
3380,Nagaland,Mokokchung,,,26.4231373,94.3822611,Soil,Slide,07 July 2025,2025-07-07,2025.0,2025-07-07,2025,7,1,20.8,56.7,0.494
3381,Nagaland,Mokokchung,,,26.4219453,94.3854377,Rock,Fall,07 July 2025,2025-07-07,2025.0,2025-07-07,2025,7,1,25.9,58.7,0.497
3383,Nagaland,Mokokchung,,,26.42608,94.398916,Rock,Slide,07 July 2025,2025-07-07,2025.0,2025-07-07,2025,7,1,25.9,58.7,0.497
NL/MOK/83J07/2025/02,Nagaland,Mokokchung,Merayim landslide,NH-702D,26.423137,94.382261,Earth,Slide,07 July 2025,2025-07-07,2025.0,2025-07-07,2025,7,1,20.8,56.7,0.494
NL/MOK/83J07/2025/03,Nagaland,Mokokchung,Changki slide_1,NH-702D,26.42186,94.3852,Rock,Slide,07 July 2025,2025-07-07,2025.0,2025-07-07,2025,7,1,25.9,58.7,0.497
NL/MOK/83J07/2025/04,Nagaland,Mokokchung,Changki slide_2,NH-702D,26.425346,94.387013,Rock,Slide,07 July 2025,2025-07-07,2025.0,2025-07-07,2025,7,1,25.9,58.7,0.497
NL/MOK/83J07/2025/08,Nagaland,Mokokchung,Sabangya slide,"NH-702D, Sabangya sector, Chungtia village",26.379798,94.450751,Debris,Slide,07 July 2025,2025-07-07,2025.0,2025-07-07,2025,7,1,25.9,58.7,0.497
3379,Nagaland,Mokokchung,,,26.4527822,94.375268,Soil,Slide,08 July 2025,2025-07-08,2025.0,2025-07-08,2025,7,1,4.9,56.7,0.486
NL/MOK/83J07/2025/01,Nagaland,Mokokchung,Longnak landslide,NH-702D,26.45278,94.37526,Earth,Slide,08 July 2025,2025-07-08,2025.0,2025-07-08,2025,7,1,4.9,56.7,0.486
KA/UK/48J12/2025/18,Karnataka,Uttar Kannada-Honnavar,Herangadi,Nil,14.241374,74.578467,Earth,Slide,12 July 2025,2025-07-12,2025.0,2025-07-12,2025,7,1,74.0,129.0,0.51
KA/UK/48J06/2025/20,Karnataka,Uttar Kannada-Kumta,Devana-Majre,Nil,14.549817,74.348917,Earth,Slide,12 July 2025,2025-07-12,2025.0,2025-07-12,2025,7,1,55.3,103.6,0.512
KA/CKM/48K14/2025/06,Karnataka,Chikmagalur,Nemmaru Landslide,"Nemmaru , Srigeri Taluk, Along NH-169",13.37401333,75.21429306,Debris,Slide,14 July 2025,2025-07-14,2025.0,2025-07-14,2025,7,1,26.6,55.6,0.512
UK/TG/53J8/2025/1A,Uttarakhand,Tehri Garhwal,Timla Pani-1A - Road,NH-7 (old 58); Timli Pani,30.12292,78.381461,Rock,Slide,14 July 2025,2025-07-14,2025.0,2025-07-14,2025,7,1,0.9,4.1,0.379
7341,Maharashtra,Raigad,Dongari,,18.482179,73.068593,Debris,Slide,15 July 2025,2025-07-15,2025.0,2025-07-15,2025,7,1,50.4,95.9,0.51
KER/KOZ/49M14/2025/02,Kerala,Kozhikode,Cheedikuzhi debris flow,Cheedikuzhi,11.520975,75.89981389,Debris,Flows,16 July 2025,2025-07-16,2025.0,2025-07-16,2025,7,1,56.8,85.4,0.507
KER/KOZ/49M14/2025/3,Kerala,Kozhikode,Kuttiyadi churam slide 1,SH-54,11.72522222,75.81052778,Debris,Slide,16 July 2025,2025-07-16,2025.0,2025-07-16,2025,7,1,124.9,161.4,0.513
7213,Jammu & Kashmir,Ramban,,Chandarkote,33.184717,75.31306,Debris,slide,17 July 2025,2025-07-17,2025.0,2025-07-17,2025,7,1,1.7,17.3,0.431
7214,Jammu & Kashmir,Ramban,,Chandarkote,33.184433,75.316882,Rock,slide,17 July 2025,2025-07-17,2025.0,2025-07-17,2025,7,1,1.7,17.3,0.431
7314,Maharashtra,Pune,Khumbheri,Lonavala Road,18.60092,73.41089,Debris,Slide,17 July 2025,2025-07-17,2025.0,2025-07-17,2025,7,1,5.1,59.1,0.5
JK/POO/43K6/2025/026,Jammu & Kashmir,Poonch,Near to JNV Surankote,NH 144A,33.63193,74.250613,Debris,Slide,18 July 2025,2025-07-18,2025.0,2025-07-18,2025,7,1,3.5,30.3,0.491
JK/POO/43K6/2025/031,Jammu & Kashmir,Poonch,,GDC Surankote,33.629118,74.273238,Debris,Slide,18 July 2025,2025-07-18,2025.0,2025-07-18,2025,7,1,3.5,30.3,0.491
JK/UDH/43P1/2025/16,Jammu & Kashmir,Udhampur,Duddhar Nallah,Dhar Road,32.83436944,75.14602222,Rock,Slide,18 July 2025,2025-07-18,2025.0,2025-07-18,2025,7,1,0.0,22.9,0.433
SI/GTK/78A11/2025/02,Sikkim,Gangtok District,Tintek Landslide,"SH, Tintek Village, Gangtok District, Sikkim",27.372611,88.541022,Debris,Slide,19 July 2025,2025-07-19,2025.0,2025-07-19,2025,7,1,3.1,6.3,0.371
JK/POO/43K2/2025/035,Jammu & Kashmir,Poonch,kalai,NH 144A,33.737804,74.179732,Rock,Slide,20 July 2025,2025-07-20,2025.0,2025-07-20,2025,7,1,6.1,7.9,0.471
JK/POO/43K2/2025/036,Jammu & Kashmir,Poonch,Shindra,NH 144A,33.733629,74.205005,Debris,Slide,20 July 2025,2025-07-20,2025.0,2025-07-20,2025,7,1,6.1,7.9,0.471
JK/POO/43K2/2025/037,Jammu & Kashmir,Poonch,Lassana,NH 144A,33.699214,74.233149,Debris,Slide,20 July 2025,2025-07-20,2025.0,2025-07-20,2025,7,1,8.4,9.5,0.471
JK/POO/43K6/2025/027,Jammu & Kashmir,Poonch,Mirza Morh,Mirza Morh,33.621861,74.280183,Rock,Slide,20 July 2025,2025-07-20,2025.0,2025-07-20,2025,7,1,7.8,11.9,0.474
JK/POO/43K6/2025/028,Jammu & Kashmir,Poonch,Morha,Mughal Road,33.642519,74.435408,Rock,Slide,20 July 2025,2025-07-20,2025.0,2025-07-20,2025,7,1,12.1,30.9,0.499
JK/POO/43K6/2025/030,Jammu & Kashmir,Poonch,Panar LS-02,Baffliaz Road No. 4,33.615387,74.343672,Debris,Slide,20 July 2025,2025-07-20,2025.0,2025-07-20,2025,7,1,7.8,11.9,0.474
JK/RAJ/43K7/2025/040,Jammu & Kashmir,Rajouri,Palma,Budi village,33.37646,74.394878,Debris,Slide,20 July 2025,2025-07-20,2025.0,2025-07-20,2025,7,1,14.8,15.1,0.465
JK/RAJ/43K7/2025/041,Jammu & Kashmir,Rajouri,Trala,Trala (kainchi Morh),33.37578,74.414689,Debris,Slide,20 July 2025,2025-07-20,2025.0,2025-07-20,2025,7,1,40.7,40.9,0.489
JK/RAJ/43K8/2025/043,Jammu & Kashmir,Rajouri,Near kalakote,Near kalakote,33.239271,74.374255,Debris,Slide,20 July 2025,2025-07-20,2025.0,2025-07-20,2025,7,1,11.0,11.1,0.442
JK/RAJ/43K8/2025/044,Jammu & Kashmir,Rajouri,Manma Mata,"Manma Mata mandir, khargala",33.24148,74.376621,Debris,Slide,20 July 2025,2025-07-20,2025.0,2025-07-20,2025,7,1,11.0,11.1,0.442
7301,Maharashtra,Pune,,Awanse nagar road,18.36807,73.77814,Debris,Slide,20 July 2025,2025-07-20,2025.0,2025-07-20,2025,7,1,6.7,8.4,0.352
7302,Maharashtra,Pune,Sinhagad,,18.38201,73.7594,Rock,Slide,20 July 2025,2025-07-20,2025.0,2025-07-20,2025,7,1,5.3,6.5,0.36
7303,Maharashtra,Pune,,Sinhagad road,18.38249,73.77577,Rock,Slide,20 July 2025,2025-07-20,2025.0,2025-07-20,2025,7,1,6.7,8.4,0.352
JK/JMU/43P1/2025/18,Jammu & Kashmir,Jammu,Domel,NH44,32.87978611,74.95545556,Debris,Slide,21 july 2025,2025-07-21,2025.0,2025-07-21,2025,7,1,42.0,54.4,0.321
JK/JMU/43P1/2025/19,Jammu & Kashmir,Jammu,Tunnel T1 near Ban Toll Plaza,NH-44,32.84867222,74.94725278,Rock,Fall,21 july 2025,2025-07-21,2025.0,2025-07-21,2025,7,1,42.0,54.4,0.321
JK/POO/43K2/2025/032,Jammu & Kashmir,Poonch,Bhainch,"Kaisen Bhainch primary school, ward no. 4, Kaisen.",33.73293,74.12295,Debris,Slide,21 July 2025,2025-07-21,2025.0,2025-07-21,2025,7,1,32.1,42.2,0.488
JK/REA/43L13/2025/017,Jammu & Kashmir,Reasi,Banganga,Vaishno Devi Track Route,32.99842778,74.94203611,Debris,Fall,21 july 2025,2025-07-21,2025.0,2025-07-21,2025,7,1,108.1,118.8,0.503
HP/Mandi/53E02/2025/08,Himachal Pradesh,Mandi,Deol,Deol,31.60555556,77.20027778,Debris,Subsidence,22 July 2025,2025-07-22,2025.0,2025-07-22,2025,7,1,9.9,57.2,0.499
JK/POO/43K1/2025/034,Jammu & Kashmir,Poonch,Pindi Gali-02,Sathra – Pindi Gali Road,33.780956,74.202292,Rock,Slide,25 July 2025,2025-07-25,2025.0,2025-07-25,2025,7,1,5.6,9.5,0.481
7291,Maharashtra,Pune,Sonapur Peth,Panshet road,18.39178,73.67608,Debris,Slide,25 July 2025,2025-07-25,2025.0,2025-07-25,2025,7,1,11.4,24.2,0.425
7292,Maharashtra,Pune,Sonapur,Panshet road,18.38673,73.66317,Debris,Slide,25 July 2025,2025-07-25,2025.0,2025-07-25,2025,7,1,24.6,53.3,0.435
KER/KOZ/49M15/2025/01,Kerala,Kozhikode,Kattippara,"Kattippara, Mannathiyett",11.47475,75.92625,Rock,Slide,26 July 2025,2025-07-26,2025.0,2025-07-26,2025,7,1,57.6,109.7,0.51
7289,Maharashtra,Pune,Lavasa,Lavasa road,18.40566,73.51608,Debris,Slide,26 July 2025,2025-07-26,2025.0,2025-07-26,2025,7,1,72.5,167.5,0.437
7290,Maharashtra,Pune,Lavasa,lavasa road,18.40485,73.51162,Debris,Slide,26 July 2025,2025-07-26,2025.0,2025-07-26,2025,7,1,72.5,167.5,0.437
7293,Maharashtra,Pune,Ambee village,,18.38386,73.63431,Debris,Slide,26 July 2025,2025-07-26,2025.0,2025-07-26,2025,7,1,28.9,68.8,0.435
JK/POO/43K1/2025/033,Jammu & Kashmir,Poonch,Pindi Gaon,Sathra – Pindi Gali Road,33.803642,74.193719,Debris,Slide,27 July 2025,2025-07-27,2025.0,2025-07-27,2025,7,1,0.0,2.6,0.436
7331,Maharashtra,Pune,,Malshej Ghat road,19.778579,73.784894,Debris,Slide,27 July 2025,2025-07-27,2025.0,2025-07-27,2025,7,1,17.6,37.4,0.514
7332,Maharashtra,Pune,,Malshej Ghat road,19.338169,73.784959,Rock,Topple,27 July 2025,2025-07-27,2025.0,2025-07-27,2025,7,1,86.2,204.6,0.436
7333,Maharashtra,Pune,,Malshej Ghat road,19.335403,73.783893,Debris,Slide,27 July 2025,2025-07-27,2025.0,2025-07-27,2025,7,1,86.2,204.6,0.436
5747,Maharashtra,Thane,Malshej,Malshej ghat,19.338163,73.785007,Rock,topple,27 July 2025,2025-07-27,2025.0,2025-07-27,2025,7,1,86.2,204.6,0.436
5749,Maharashtra,Thane,Malshej,malshej ghat before tunnel,19.339084,73.784911,Debris,slide,27 July 2025,2025-07-27,2025.0,2025-07-27,2025,7,1,86.2,204.6,0.436
5750,Maharashtra,Thane,Malshej,Malshej ghat near tunnel,19.338596,73.78494,Debris,slide,27 July 2025,2025-07-27,2025.0,2025-07-27,2025,7,1,86.2,204.6,0.436
KA/CKM/48O07/2025/02,Karnataka,Chikmagalur,Kunimakki- Tunga river hanging bridge slide,"Kunimakki-Asagodu, Koppa taluk",13.48781972,75.31866528,Soil,Slide,28 July 2025,2025-07-28,2025.0,2025-07-28,2025,7,1,11.5,63.4,0.508
NL/MOK/83J07/2025/05,Nagaland,Mokokchung,Yimkum Slide,"NH-702D, Yimkum sector, Chungtia Village",26.383648,94.440751,Debris,Slide,29 July 2025,2025-07-29,2025.0,2025-07-29,2025,7,1,9.3,79.5,0.494
JK/POO/43K6/2025/038,Jammu & Kashmir,Poonch,Potha,NH 144A,33.653046,74.25295,Rock,Slide,30 July 2025,2025-07-30,2025.0,2025-07-30,2025,7,1,,,
JK/REA/43K12/2025/047,Jammu & Kashmir,Raesi,Shanpur LS 1,,33.075314,74.728768,Debris,Slide,30 July 2025,2025-07-30,2025.0,2025-07-30,2025,7,1,19.1,66.7,0.329
JK/RAJ/43K12/2025/046,Jammu & Kashmir,Rajouri,Kanda,"Near Navadurga mandir, Kanda(300m)",33.13701,74.608723,Debris,Slide,30 July 2025,2025-07-30,2025.0,2025-07-30,2025,7,1,40.2,63.3,0.505
JK/RAJ/43K7/2025/039,Jammu & Kashmir,Rajouri,Palma,Rajouri to Budhal Road,33.376256,74.39121,Debris,Slide,30 July 2025,2025-07-30,2025.0,2025-07-30,2025,7,1,48.4,63.5,0.501
JK/RAJ/43K7/2025/042,Jammu & Kashmir,Rajouri,Trolla (Sora pani),Trolla (Sora pani),33.387824,74.44095,Debris,Slide,30 July 2025,2025-07-30,2025.0,2025-07-30,2025,7,1,59.5,67.2,0.417
JK/REA/43K12/2025/048,Jammu & Kashmir,Reasi,Shanpur LS 2,,33.070198,74.744972,Debris,Slide,30 July 2025,2025-07-30,2025.0,2025-07-30,2025,7,1,19.1,66.7,0.329
NL/MOK/83J07/2025/07,Nagaland,Mokokchung,Yimlang Slide,"NH-702D, Yimlang sector, Chungtia village",26.387181,94.444132,Rock,Slide,01 August 2025,2025-08-01,2025.0,2025-08-01,2025,8,1,1.0,15.5,0.414
HP/BIL/53A15/2025/07,Himachal Pradesh,Bilaspur,Deoli landslide,NH-103,31.3593204,76.806473,Debris,Slide,05 August 2025,2025-08-05,2025.0,2025-08-05,2025,8,1,13.1,42.4,0.419
HP/BIL/53A15/2025/08,Himachal Pradesh,Bilaspur,Chadol Land subsidence,Chadol village,31.254981,76.774276,,Subsidence,05 August 2025,2025-08-05,2025.0,2025-08-05,2025,8,1,13.8,39.4,0.418
HP/LAH/52L08/2025/10,Himachal Pradesh,Lahaul & Spiti,Poh,NH-505,32.06916667,78.33222222,Debris,Slide,05 August 2025,2025-08-05,2025.0,2025-08-05,2025,8,1,0.5,0.8,0.114
HP/Mandi/53A14/2025/03,Himachal Pradesh,Mandi,Rissa,Rissa,31.725,76.7725,Debris,Slide,5 August 2025,2025-08-05,2025.0,2025-08-05,2025,8,1,37.8,46.6,0.421
HP/BIL/53A15/2025/04,Himachal Pradesh,Bilaspur,Bagi Slide,NH-21,31.366877,76.7870719,Debris,Slide,07 August 2025,2025-08-07,2025.0,2025-08-07,2025,8,1,1.0,40.9,0.389
HP/Solan/53A/16/2025/01,Himachal Pradesh,Solan,"Katli-1, Debris slide",Katli village,31.16436666,76.7617555,Debris,Slide,7 August 2025,2025-08-07,2025.0,2025-08-07,2025,8,1,0.8,47.4,0.394
KA/KOD/48P11/2025/06,Karnataka,Kodagu,--,NH-275,12.438585,75.653973,Debris,Slide,12 August 2025,2025-08-12,2025.0,2025-08-12,2025,8,1,11.3,20.8,0.503
UK/PAU/53J08/2025/01,Uttarakhand,Pauri Garhwal,Neelkanth Mahadev Temple landslide,Neelkanth Mahadev Temple road,30.11963889,78.36477778,Rock,Topple,12 August 2025,2025-08-12,2025.0,2025-08-12,2025,8,1,3.6,29.8,0.412
HP/LAH/52D09/2025/08,Himachal Pradesh,Lahaul & Spiti,Karpat Debris Flow,Karpat village under Udaipur Sub Division,32.82666667,76.74638889,Debris,Flow,13 August 2025,2025-08-13,2025.0,2025-08-13,2025,8,1,2.9,8.5,0.55
JK/RAJ/43K07/2025/061,Jammu & Kashmir,Rajouri,Panjnara,Panjnara village,33.396917,74.4873735,Soil,Subsidence,13 August 2025,2025-08-13,2025.0,2025-08-13,2025,8,1,12.3,55.9,0.425
JK/RAJ/43K07/2025/065,Jammu & Kashmir,Jammu,Palma,Palma,33.37626944,74.39621944,Rock,Slide,14 August 2025,2025-08-14,2025.0,2025-08-14,2025,8,1,40.2,83.4,0.506
JK/KIS/52C07/2025/054,Jammu & Kashmir,Kishtwar,Chashoti (Cloudburst),Chashoti village,33.37896389,76.27893056,Debris,Flow,14 August 2025,2025-08-14,2025.0,2025-08-14,2025,8,1,13.2,19.9,0.304
JK/RAJ/43K07/2025/064,Jammu & Kashmir,Rajouri,Palma,Palma,33.37226667,74.40379444,Rock,Slide,14 August 2025,2025-08-14,2025.0,2025-08-14,2025,8,1,40.2,83.4,0.506
JK/POO/43K02/2025/78,Jammu & Kashmir,Poonch,Surhoti,Surhoti,33.63745556,74.19265556,Debris,Slide,15 August 2025,2025-08-15,2025.0,2025-08-15,2025,8,1,7.3,131.9,0.498
KA/CKM/48O07/2025/08,Karnataka,Chikmagalur,Boluru landslide,"Major district road, Boluru village, Kuthagodu gram panchayat, Sringeri taluk",13.38036639,75.27595111,Soil,Slide,16 August 2025,2025-08-16,2025.0,2025-08-16,2025,8,1,32.6,80.3,0.513
KA/CKM/48O07/2025/09,Karnataka,Chikmagalur,Devagodu landslide,"SH-27, Devagodu village, Sringeri taluk",13.38881556,75.31348722,Debris,Slide,16 August 2025,2025-08-16,2025.0,2025-08-16,2025,8,1,32.6,80.3,0.513
HP/SHIMLA/53E/04/2025/02,Himachal Pradesh,Shimla,"Benmore, Shimla 02",-,31.966644,77.116205,Debris,Slide,17 August 2025,2025-08-17,2025.0,2025-08-17,2025,8,1,13.1,25.7,0.499
3436,Jammu & Kashmir,Kathua,,,32.442188,75.531513,Debris,Slide,17 August 2025,2025-08-17,2025.0,2025-08-17,2025,8,1,21.8,52.8,0.33
JK/KAT/43P10/2025/066,Jammu & Kashmir,Kathua,Dhanni Landslide,Mahanpur-Basohli Road,32.53151944,75.69415556,Debris,Subsidence,17 August 2025,2025-08-17,2025.0,2025-08-17,2025,8,1,12.5,42.0,0.308
JK/KAT/43P11/2025/049,Jammu & Kashmir,Kathua,,Janglote-Bagda Road,32.44218,75.53151,Debris,Slide,17 August 2025,2025-08-17,2025.0,2025-08-17,2025,8,1,21.8,52.8,0.33
JK/KAT/43P11/2025/050,Jammu & Kashmir,Kathua,,Janglote-Bagda Road,32.44311,75.532,Debris,Slide,17 August 2025,2025-08-17,2025.0,2025-08-17,2025,8,1,21.8,52.8,0.33
JK/KAT/43P11/2025/051,Jammu & Kashmir,Kathua,,Janglote-Bagda Road,32.44476,75.533,Debris,Slide,17 August 2025,2025-08-17,2025.0,2025-08-17,2025,8,1,21.8,52.8,0.33
JK/KAT/43P11/2025/052,Jammu & Kashmir,Kathua,,Janglote-Bagda Road,32.44726,75.5187,Debris,Slide,17 August 2025,2025-08-17,2025.0,2025-08-17,2025,8,1,21.8,52.8,0.33
JK/KAT/43P11/2025/053,Jammu & Kashmir,Kathua,,Janglote-Bagda Road,32.44514,75.51906,Debris,Slide,17 August 2025,2025-08-17,2025.0,2025-08-17,2025,8,1,21.8,52.8,0.33
KA/HSN/48P09/2025/04,Karnataka,Hassan,Aluvalli Landslide,"Maranahalli-Hongadachalla road, Major District Road, Alluvalli, Sakleshpur",12.83177222,75.71678889,Debris,Slide,17 August 2025,2025-08-17,2025.0,2025-08-17,2025,8,1,64.7,152.5,0.511
HP/Kangra/52D/08/2025/08,Himachal Pradesh,Kangra,Jogiwada subsidence,Khada Danda road - a crucial 4- km shortcut connecting Dharamsala and McLeodGanj,32.22934444,76.32632222,Debris,Subsidence,19 August 2025,2025-08-19,2025.0,2025-08-19,2025,8,1,5.5,45.8,0.493
7275,Maharashtra,Pune,,paveghat road,18.3355,73.67758,Rock,Slide,19 August 2025,2025-08-19,2025.0,2025-08-19,2025,8,1,74.3,148.4,0.437
7280,Maharashtra,Pune,,,18.33571,73.67774,Rock,Fall,19 August 2025,2025-08-19,2025.0,2025-08-19,2025,8,1,74.3,148.4,0.437
7282,Maharashtra,Pune,,pabeghat road,18.33617,73.67298,Debris,Slide,19 August 2025,2025-08-19,2025.0,2025-08-19,2025,8,1,74.3,148.4,0.437
7287,Maharashtra,Pune,Kalambi,Kalambi road,18.27354,73.602259,Debris,Slide,19 August 2025,2025-08-19,2025.0,2025-08-19,2025,8,1,140.9,278.9,0.438
7318,Maharashtra,Pune,,Katraj Ghat road,18.3961,73.85762,Rock,Slide,19 August 2025,2025-08-19,2025.0,2025-08-19,2025,8,1,37.5,66.0,0.434
7319,Maharashtra,Pune,,Katraj Ghat road,18.4095,73.85817,Rock,Slide,19 August 2025,2025-08-19,2025.0,2025-08-19,2025,8,1,37.5,66.0,0.434
7334,Maharashtra,Raigad,Mithekhar,,18.51905,72.961793,Debris,Slide,19 August 2025,2025-08-19,2025.0,2025-08-19,2025,8,1,,,
7342,Maharashtra,Raigad,Bhisekind,,18.51037,73.125529,Debris,Slide,19 August 2025,2025-08-19,2025.0,2025-08-19,2025,8,1,107.6,211.4,0.513
3442,Meghalaya,East Khasi Hills,Pohkseh,BL-D/24,25.566518,91.914509,rock,fall,19 August 2025,2025-08-19,2025.0,2025-08-19,2025,8,1,2.3,7.7,0.453
7263,Maharashtra,Pune,Dhimbe,Dhimbe to Malshej road,19.09576,73.74714,Rock,Slide,20 August 2025,2025-08-20,2025.0,2025-08-20,2025,8,1,50.9,158.1,0.436
7274,Maharashtra,Pune,Dimbe,,19.0797,73.72756,Debris,Slide,20 August 2025,2025-08-20,2025.0,2025-08-20,2025,8,1,50.9,158.1,0.436
7281,Maharashtra,Pune,,Paveghat road,18.33455,73.67761,Debris,Slide,20 August 2025,2025-08-20,2025.0,2025-08-20,2025,8,1,76.3,202.3,0.436
7283,Maharashtra,Pune,Kalambi,kalambi road,18.26614,73.59632,Debris,Slide,20 August 2025,2025-08-20,2025.0,2025-08-20,2025,8,1,115.8,350.2,0.437
7284,Maharashtra,Pune,Kalambi,kalambi road,18.26855,73.59893,Debris,Slide,20 August 2025,2025-08-20,2025.0,2025-08-20,2025,8,1,115.8,350.2,0.437
7285,Maharashtra,Pune,Kalambi,Kalambi road,18.26927,73.60043,Debris,Slide,20 August 2025,2025-08-20,2025.0,2025-08-20,2025,8,1,115.8,350.2,0.437
7286,Maharashtra,Pune,Kalambi,Kalambi road,18.26931,73.60056,Debris,Slide,20 August 2025,2025-08-20,2025.0,2025-08-20,2025,8,1,115.8,350.2,0.437
7310,Maharashtra,Pune,,Visapur road,18.71584,73.4609,Debris,Slide,20 August 2025,2025-08-20,2025.0,2025-08-20,2025,8,1,89.7,335.9,0.438
7311,Maharashtra,Pune,,Visapur Road,18.71578,73.46041,Debris,Slide,20 August 2025,2025-08-20,2025.0,2025-08-20,2025,8,1,89.7,335.9,0.438
7312,Maharashtra,Pune,,Dudhiware Khind,18.71404,73.45972,Debris,Slide,20 August 2025,2025-08-20,2025.0,2025-08-20,2025,8,1,89.7,335.9,0.438
7313,Maharashtra,Pune,,Dudhiware Khind road,18.71317,73.46003,Debris,Slide,20 August 2025,2025-08-20,2025.0,2025-08-20,2025,8,1,89.7,335.9,0.438
7315,Maharashtra,Pune,,Visaghar,18.63083,73.41822,Debris,Slide,20 August 2025,2025-08-20,2025.0,2025-08-20,2025,8,1,83.3,309.5,0.436
7320,Maharashtra,Pune,,Katraj Ghat road,18.41885,73.85771,Rock,Slide,20 August 2025,2025-08-20,2025.0,2025-08-20,2025,8,1,21.5,81.6,0.411
7307,Maharashtra,Raigad,,Tamhini ghat,18.38809,73.38825,Debris,Slide,20 August 2025,2025-08-20,2025.0,2025-08-20,2025,8,1,103.5,354.2,0.509
7308,Maharashtra,Raigad,,Tamhini Ghat,18.38631,73.38888,Rock,Slide,20 August 2025,2025-08-20,2025.0,2025-08-20,2025,8,1,103.5,354.2,0.509
7309,Maharashtra,Raigad,,Tamhini Ghat,18.39955,73.3856,Rock,Slide,20 August 2025,2025-08-20,2025.0,2025-08-20,2025,8,1,103.5,354.2,0.509
7255,Maharashtra,Pune,Dhimbe,Dhimbe Dam road,19.09314,73.79751,Debris,Slide,21 August 2025,2025-08-21,2025.0,2025-08-21,2025,8,1,5.7,109.7,0.416
7288,Maharashtra,Pune,Mutha,Temghar road,18.46299,73.63227,Rock,Slide,21 August 2025,2025-08-21,2025.0,2025-08-21,2025,8,1,16.8,125.3,0.43
7295,Maharashtra,Pune,lavasa,Lavasa colony,18.41068,73.50163,Debris,Slide,21 August 2025,2025-08-21,2025.0,2025-08-21,2025,8,1,44.5,348.7,0.511
7304,Maharashtra,Pune,,Tamhini ghat,18.47662,73.45907,Debris,Slide,21 August 2025,2025-08-21,2025.0,2025-08-21,2025,8,1,44.3,334.5,0.435
7316,Maharashtra,Pune,,Visaghar road,18.63087,73.41815,Debris,Slide,21 August 2025,2025-08-21,2025.0,2025-08-21,2025,8,1,,,
7306,Maharashtra,Raigad,,Tamhini ghat,18.39979,73.37968,Debris,Slide,21 August 2025,2025-08-21,2025.0,2025-08-21,2025,8,1,33.2,291.7,0.506
HP/SOLAN/53A/12/2025/04,Himachal Pradesh,Solan,Naal (Ghaniri) and Chamba- Subsidence,NH-105,31.21918611,76.72500833,Debris,Subsidence/Slid e,22 August 2025,2025-08-22,2025.0,2025-08-22,2025,8,1,1.4,25.1,0.37
UK/CHA/53N12/2025/06,Uttarakhand,Chamoli,Tharali-Dungri Road,SH,30.07344444,79.50233333,Debris,Slide,23 August 2025,2025-08-23,2025.0,2025-08-23,2025,8,1,9.1,17.2,0.497
HP/UNA/53A6/2025/15,Himachal Pradesh,Una,Harot/Kud,Link Road,31.609099,76.294201,Debris,Slide,25 August 2025,2025-08-25,2025.0,2025-08-25,2025,8,1,25.6,53.5,0.431
3490,Jammu & Kashmir,Rajouri,,,33.371921,74.407908,Debris,Slide,26 August 2025,2025-08-26,2025.0,2025-08-26,2025,8,1,74.2,102.2,0.505
JK/RAJ/43K07/2025/81,Jammu & Kashmir,Rajouri,,Bhamla,33.04161389,74.59126944,Soil,Slide,26 August 2025,2025-08-26,2025.0,2025-08-26,2025,8,1,191.0,202.3,0.375
JK/RAJ/43K12/2025/023,Jammu & Kashmir,Rajouri,Zig Morh,NH144A,33.047327,74.644605,Rock,Falls,26 August 2025,2025-08-26,2025.0,2025-08-26,2025,8,1,191.0,202.3,0.375
JK/RAJ/43K8/2025/024,Jammu & Kashmir,Rajouri,Rajal,NH 144A,33.159591,74.271341,Debris,Slide,26 August 2025,2025-08-26,2025.0,2025-08-26,2025,8,1,100.8,128.1,0.506
JK/REA/43L13/2025/82,Jammu & Kashmir,Reasi,,"Hotel Devi Grand, Katra Town",32.98837778,74.92054722,Debris,Slide,26 August 2025,2025-08-26,2025.0,2025-08-26,2025,8,1,232.9,260.2,0.513
JK/REA/43L13/2025/83,Jammu & Kashmir,Reasi,,"Hotel Devi Grand, Katra Town",32.98865,74.92065556,Debris,Slide,26 August 2025,2025-08-26,2025.0,2025-08-26,2025,8,1,232.9,260.2,0.513
JK/REA/43L13/2025/84,Jammu & Kashmir,Reasi,Balini Bridge Landslide,Balini Bridge downslope of Ambika Homestay Katra.,32.99444722,74.92806667,Debris,Slide,26 August 2025,2025-08-26,2025.0,2025-08-26,2025,8,1,232.9,260.2,0.513
KER/KHZ/49M15/2025/01,Kerala,Kozhikode,Thamarassery,Kozhikode–Kollegal National Highway (NH 766),11.51339444,76.01924444,Rock,Slide,26 August 2025,2025-08-26,2025.0,2025-08-26,2025,8,1,9.0,9.4,0.414
JK/POO/43K8/2025/025,Jammu & Kashmir,Poonch,Kongda,NH 144A,33.160347,74.272017,Debris,Slide,27 August 2025,2025-08-27,2025.0,2025-08-27,2025,8,1,21.5,124.3,0.504
JK/SAM/43P02/2025/085,Jammu & Kashmir,Samba,Bindu-Peda Slide,Bindu-Peda village,32.67499167,75.16107778,Debris,Slide,27 August 2025,2025-08-27,2025.0,2025-08-27,2025,8,1,1.1,229.2,0.289
JK/SAM/43P02/2025/086,Jammu & Kashmir,Samba,,Bindu-Peda village,32.67428333,75.16099167,Debris,Slide,27 August 2025,2025-08-27,2025.0,2025-08-27,2025,8,1,1.1,229.2,0.289
JK/SAM/43P02/2025/087,Jammu & Kashmir,Samba,,Bindu-Peda village,32.67509167,75.15949167,Debris,Slide,27 August 2025,2025-08-27,2025.0,2025-08-27,2025,8,1,1.1,229.2,0.289
JK/UDH/43O04/2025/20,Jammu & Kashmir,Udhampur,Samroli,NH-44,33.010825,75.22598056,Debris,Subsidence,27 August 2025,2025-08-27,2025.0,2025-08-27,2025,8,1,3.4,253.8,0.491
JK/UDH/43O04/2025/21,Jammu & Kashmir,Udhampur,Samroli,NH-44,33.01029444,75.22261667,Debris,Slide,27 August 2025,2025-08-27,2025.0,2025-08-27,2025,8,1,3.4,253.8,0.491
JK/UDH/43P1/2025/22,Jammu & Kashmir,Udhampur,Bani Nala,NH-44,32.97508056,75.17986944,Debris,Slide,27 August 2025,2025-08-27,2025.0,2025-08-27,2025,8,1,3.4,253.8,0.491
7299,Maharashtra,Pune,Sinhagad,Sinhagad road,18.38016,73.77685,Debris,Slide,27 August 2025,2025-08-27,2025.0,2025-08-27,2025,8,1,8.6,23.3,0.393
7300,Maharashtra,Pune,Sinhagad,Sinhagad road,18.3619,73.77245,Rock,Slide,27 August 2025,2025-08-27,2025.0,2025-08-27,2025,8,1,8.6,23.3,0.393
JK/RAJ/43K08/2025/79,Jammu & Kashmir,Rajouri,,Chingus,33.20960833,74.27855556,Rock,Slide,28 August 2025,2025-08-28,2025.0,2025-08-28,2025,8,1,1.2,86.8,0.477
JK/RAJ/43K12/2025/80,Jammu & Kashmir,Rajouri,,Bhamla,33.03997778,74.58563056,Soil,Slide,28 August 2025,2025-08-28,2025.0,2025-08-28,2025,8,1,1.0,204.1,0.247
7219,Jammu & Kashmir,Ramban,,,33.195183,75.359804,Debris,slide,30 August 2025,2025-08-30,2025.0,2025-08-30,2025,8,1,4.7,10.8,0.485
7220,Jammu & Kashmir,Ramban,,,33.196652,75.352971,Debris,flow,30 August 2025,2025-08-30,2025.0,2025-08-30,2025,8,1,6.0,11.8,0.487
7221,Jammu & Kashmir,Ramban,,,33.194759,75.360139,Debris,flow,30 August 2025,2025-08-30,2025.0,2025-08-30,2025,8,1,6.0,11.8,0.487
7222,Jammu & Kashmir,Ramban,,,33.201932,75.363243,Debris,slide,30 August 2025,2025-08-30,2025.0,2025-08-30,2025,8,1,6.0,11.8,0.487
HP/HMPR/53A9/2025/14,Himachal Pradesh,Hamirpur,Chabutra,Village Chabutra,31.7691009,76.490383,Debris,Subsidence,31 Aug 2025,2025-08-31,2025.0,2025-08-31,2025,8,1,44.5,78.3,0.429
HP/SOLAN/53A/16/2025/02,Himachal Pradesh,Solan,"Katli -2, Debris slide",Katli village,31.16997222,76.76130555,Debris,Slide,31 August 2025,2025-08-31,2025.0,2025-08-31,2025,8,1,17.4,48.0,0.427
JK/JAM/43K12/2025/063,Jammu & Kashmir,Jammu,Karol Baba Devsthan,Jothal,33.046805,74.701774,Soil,Subsidence,31 August 2025,2025-08-31,2025.0,2025-08-31,2025,8,1,19.6,59.2,0.305
3488,Jammu & Kashmir,Rajouri,,,33.37561,74.427921,Debris,Fall,31 August 2025,2025-08-31,2025.0,2025-08-31,2025,8,1,50.3,67.2,0.498
JK/RAJ/43K/07/2025/063,Jammu & Kashmir,Rajouri,Muradpur Landslide,"Muradpur, on NH144A",33.340406,74.325202,Rock,Fall,31 August 2025,2025-08-31,2025.0,2025-08-31,2025,8,1,11.6,13.1,0.475
HP/UNA/53A6/2025/16,Himachal Pradesh,Una,Porian Kalan,Porian Kalan,31.437986,76.42395,Debris,Slide,01 September 2025,2025-09-01,2025.0,2025-09-01,2025,9,1,49.5,92.7,0.434
HP/UNA/53A7/2025/19,Himachal Pradesh,Una,Gharwasra,PMGSY Gharwasra,31.484232,76.388595,Debris,Slide,1 September 2025,2025-09-01,2025.0,2025-09-01,2025,9,1,56.4,106.7,0.434
7216,Jammu & Kashmir,Ramban,,,33.193303,75.339613,Soil,slide,01 September 2025,2025-09-01,2025.0,2025-09-01,2025,9,1,25.4,48.1,0.484
7217,Jammu & Kashmir,Ramban,,,33.195603,75.337746,Rock,slide,01 September 2025,2025-09-01,2025.0,2025-09-01,2025,9,1,25.4,48.1,0.484
7218,Jammu & Kashmir,Ramban,,,33.205743,75.347395,Debris,slide,01 September 2025,2025-09-01,2025.0,2025-09-01,2025,9,1,25.4,48.1,0.484
7223,Jammu & Kashmir,Ramban,,,33.204841,75.347603,Rock,slide,01 September 2025,2025-09-01,2025.0,2025-09-01,2025,9,1,25.4,48.1,0.484
JK/REA/43K16/2025/069,Jammu & Kashmir,Reasi,Salal Land Subsidence,Salal-Mahore Road,33.16242778,74.82162778,Debris,Subsidence,1 September 2025,2025-09-01,2025.0,2025-09-01,2025,9,1,9.1,32.6,0.48
JK/REA/43K16/2025/070,Jammu & Kashmir,Reasi,Bidda Land Subsidence,,33.11659722,74.80328056,Debris,Subsidence,2 September 2025,2025-09-02,2025.0,2025-09-02,2025,9,1,28.2,59.9,0.33
JK/UDH/43O1/2025/075,Jammu & Kashmir,Udhampur,Thard Landslide,Thard,32.95504722,75.15861111,Debris,Slide,2 September 2025,2025-09-02,2025.0,2025-09-02,2025,9,1,60.4,96.5,0.499
HP/KULLU/53E/01/2025/01,Himachal Pradesh,Kullu,Akhara bazar slide 01,-,31.96693889,77.11688056,Debris,Slide,03 September 2025,2025-09-03,2025.0,2025-09-03,2025,9,1,12.3,89.8,0.505
HP/SIR/53F5/2025/3,Himachal Pradesh,Sirmur,Matahan landslide,Matahan,30.71638889,77.22888889,Debris,Slide,3 September 2025,2025-09-03,2025.0,2025-09-03,2025,9,1,29.1,96.4,0.426
3485,Himachal Pradesh,Solan,,Deoghat,30.904346,77.089736,debris_mixture,slide,03 September 2025,2025-09-03,2025.0,2025-09-03,2025,9,1,24.4,69.4,0.423
HP/UNA/53A7/2025/21,Himachal Pradesh,Una,Bohru landslide,Village,31.421993,76.416965,Debris,Flow,03 September 2025,2025-09-03,2025.0,2025-09-03,2025,9,1,26.2,87.7,0.325
JK/RAM/43O03/2025/067,Jammu & Kashmir,Ramban,Gool Moilla,Gool Moilla village,33.279,75.004,Debris,Slide,3 September 2025,2025-09-03,2025.0,2025-09-03,2025,9,1,48.2,82.6,0.505
JK/REA/43K15/2025/073,Jammu & Kashmir,Reasi,Marassi Mohalla,Sildhar village,33.30953889,74.94223056,Debris,Slide,4 September 2025,2025-09-04,2025.0,2025-09-04,2025,9,1,1.5,78.8,0.485
HP/BIL/53A15/2025/06,Himachal Pradesh,Bilaspur,Jangal Sungal Nichla landslide,NH-21,31.3626538,76.7744273,Debris,Slide,07 September 2025,2025-09-07,2025.0,2025-09-07,2025,9,1,5.0,10.1,0.379
JK/POO/43K02/2025/76,Jammu & Kashmir,Poonch,Kalaban,Kalaban village,33.67733056,74.18461389,Debris,Slide,7 September 2025,2025-09-07,2025.0,2025-09-07,2025,9,1,6.3,9.6,0.497
JK/POO/43K02/2025/77,Jammu & Kashmir,Poonch,Kalaban,Kalaban village,33.681475,74.17433333,Debris,Slide,7 September 2025,2025-09-07,2025.0,2025-09-07,2025,9,1,4.9,5.0,0.437
7215,Jammu & Kashmir,Ramban,,patnitop,33.097678,75.325725,Debris,slide,09 September 2025,2025-09-09,2025.0,2025-09-09,2025,9,1,4.4,5.4,0.473
SI/GYA/78A03/2025/01,Sikkim,Gyalshing,Rimbi,"Upper Rimbi, Rimbi-Tingbrum Gram Panchayat",27.327977,88.152281,Debris,Slide,11 September 2025,2025-09-11,2025.0,2025-09-11,2025,9,1,19.1,69.3,0.426
HP/CHAMBA/43P/15/2025/10,Himachal Pradesh,Chamba,Kamlari Slide,MDR 83,32.468125,75.91993611,Debris,Slide,13 September 2025,2025-09-13,2025.0,2025-09-13,2025,9,1,2.1,8.7,0.257
MIZ/AZL/84A11/2025/020,Mizoram,Aizawl,,Thiak to N. Lungsai (Aizawl- Thenzawl-Lunglei SH),23.4807,92.7025,Debris,Slide,13 September 2025,2025-09-13,2025.0,2025-09-13,2025,9,1,14.3,48.2,0.409
MIZ/LUN/84A12/2025/067,Mizoram,Lunglei,,"Outside Ramlaitui, Aizawl- Thenzawl-Lunglei SH",23.186501,92.735632,Rock,Slide,13 September 2025,2025-09-13,2025.0,2025-09-13,2025,9,1,4.0,28.9,0.417
MIZ/LUN/84A12/2025/068,Mizoram,Lunglei,,"Outside Ramlaitui, Aizawl- Thenzawl-Lunglei SH",23.186296,92.7356,Debris,Slide,13 September 2025,2025-09-13,2025.0,2025-09-13,2025,9,1,4.0,28.9,0.417
MIZ/LUN/84A12/2025/069,Mizoram,Lunglei,,"Outside Ramlaitui, Aizawl- Thenzawl-Lunglei SH",23.186133,92.735682,Debris,Slide,13 September 2025,2025-09-13,2025.0,2025-09-13,2025,9,1,4.0,28.9,0.417
MIZ/LUN/84A12/2025/084,Mizoram,Lunglei,,Aizawl-Thenzawl-Lunglei SH outside Ramlaitui,23.174341,92.740855,Debris,Slide,13 September 2025,2025-09-13,2025.0,2025-09-13,2025,9,1,4.0,28.9,0.417
MIZ/LUN/84A12/2025/114,Mizoram,Lunglei,,"Aizawl-Thenzawl-Lunglei SH, Ramlaitui to Sekhum",23.147798,92.749742,Debris,Slide,13 September 2025,2025-09-13,2025.0,2025-09-13,2025,9,1,4.0,28.9,0.417
MIZ/LUN/84A12/2025/133,Mizoram,Lunglei,,Aizawl-Thenzawl-Lunglei SH Sekhum to N. Mualthuam,23.131999,92.744413,Earth,Slide,13 September 2025,2025-09-13,2025.0,2025-09-13,2025,9,1,4.0,28.9,0.417
MIZ/LUN/84A16/2025/164,Mizoram,Lunglei,,"Aizawl-Thenzawl-Lunglei SH, Near MPWD milestone 6kms to Haulawng",23.09459,92.753733,Earth,Slide and flow,13 September 2025,2025-09-13,2025.0,2025-09-13,2025,9,1,9.0,39.4,0.421
MIZ/LUN/84A16/2025/165,Mizoram,Lunglei,,"Below Aizawl-Thenzawl-Lunglei SH, Mualthuam N to Saichhoh",23.092076,92.752286,Earth,Slide,13 September 2025,2025-09-13,2025.0,2025-09-13,2025,9,1,9.0,39.4,0.421
UK/DEH/53J03/2025/01,Uttarakhand,Dehradun,Kurliguard Debris flow,"Near Sahastradhara – Majhauda road, north of Dehradun, Uttar akhand",30.40491111,78.13888333,Debris,Flows,16 September 2025,2025-09-16,2025.0,2025-09-16,2025,9,1,16.4,35.8,0.424
UK/DEH/53J03/2025/10,Uttarakhand,Dehradun,Subsidence,Bhatoli gaon along SH-1,30.50230556,78.01522222,Debris,Subsidence,16 September 2025,2025-09-16,2025.0,2025-09-16,2025,9,1,8.9,23.7,0.496
UK/DEH/53J03/2025/12,Uttarakhand,Dehradun,Debris slide,SH-1,30.46161111,78.05969444,Debris,Slide,16 September 2025,2025-09-16,2025.0,2025-09-16,2025,9,1,15.3,33.8,0.506
UK/DEH/53J03/2025/13,Uttarakhand,Dehradun,Debris slide,SH-1,30.42502778,78.07377778,Debris,Slide,16 September 2025,2025-09-16,2025.0,2025-09-16,2025,9,1,16.4,35.8,0.424
UK/DEH/53J03/2025/14,Uttarakhand,Dehradun,Kolukhet – Jharipani Debris Landslide,Mussoorie Road (Kolukhet – Jharipani Sector),30.41069444,78.0865,Unconsolidated colluvial debris,Debris slide,16 September 2025,2025-09-16,2025.0,2025-09-16,2025,9,1,16.4,35.8,0.424
UK/CH/TNK/PDLS/2025/01,Uttarakhand,Pithoragarh,Lohargaon (Near KMVN),SH,29.79944444,80.25019444,Debris,Slide,16 September 2025,2025-09-16,2025.0,2025-09-16,2025,9,1,27.8,60.7,0.499
HP/Kangra/52D/08/2025/07,Himachal Pradesh,Kangra,Pillar no 6 slide,Link road,32.22763611,76.32045,Debris,Slide,19 September 2025,2025-09-19,2025.0,2025-09-19,2025,9,1,5.1,20.3,0.491
6894,West Bengal,Darjeeling,Naar Leochajagat,On Ghoom Sukhia Pokhri road,27.008623,88.201081,Soil,Slide,4 October 2025,2025-10-04,2025.0,2025-10-04,2025,10,1,15.0,24.9,0.413
6896,West Bengal,Darjeeling,Hollani village,SH 12,26.874957,88.191543,Debris,Slide,4 October 2025,2025-10-04,2025.0,2025-10-04,2025,10,1,26.1,31.0,0.383
6893,West Bengal,Darjeeling,,SH 12,26.901067,88.16592,Debris,Slide,5 October 2025,2025-10-05,2025.0,2025-10-05,2025,10,1,126.9,146.2,0.424
6895,West Bengal,Darjeeling,Mirik,Mirik Bypass,26.881874,88.184536,Debris,Slide,5 October 2025,2025-10-05,2025.0,2025-10-05,2025,10,1,126.9,146.2,0.424
KER/KOL/58D13/2025/01,Kerala,Kollam,Pachamala-Pinnacle view point slide,Kollam-Kurivikonam Road,8.97316667,76.89913889,Debris,Flow,12 October 2025,2025-10-12,2025.0,2025-10-12,2025,10,1,29.4,40.1,0.359
TN/NIL/58A11/2025/41,Tamil Nadu,Nilgiri,KUN-5,"Nagaraj,S/o.Raman house, backside",11.3206,76.6903,Earth,Slide,14 October 2025,2025-10-14,2025.0,2025-10-14,2025,10,1,8.2,14.7,0.399
TN/NIL/58A15/2025/2,Tamil Nadu,Nilgiri,ONR-2,Near Palavasi petrol bunk,11.3494,76.7872,Debris,Slide,14 October 2025,2025-10-14,2025.0,2025-10-14,2025,10,1,4.1,12.9,0.39
TN/NIL/58A11/2025/35,Tamil Nadu,Nilgiri,ONR-27,Palaniyappa Estate road,11.2653,76.7448,Earth,Slide,16 October 2025,2025-10-16,2025.0,2025-10-16,2025,10,1,2.1,21.2,0.404
TN/NIL/58A15/2025/20,Tamil Nadu,Nilgiri,KOT-4,Kokkalthorai road near kaikatty,11.4588,76.8427,Earth,Slide,16 October 2025,2025-10-16,2025.0,2025-10-16,2025,10,1,7.1,18.3,0.39
TN/NIL/58A15/2025/22,Tamil Nadu,Nilgiri,KOT-6,"Sivakumar,S/o.Kuttan Rajnagar, backside of the house",11.4508,76.89,Earth,Fall,16 October 2025,2025-10-16,2025.0,2025-10-16,2025,10,1,7.1,18.3,0.39
TN/NIL/58A15/2025/30,Tamil Nadu,Nilgiri,ONR-23,"Tmt.Mumtaj, W/o.Anwer Ambikapuram house backside",11.3556,76.771,Debris,Slide,16 October 2025,2025-10-16,2025.0,2025-10-16,2025,10,1,4.5,13.5,0.401
TN/NIL/58A15/2025/32,Tamil Nadu,Nilgiri,ONR-25,"Nearby Deepa's house, Karancy",11.3608,76.834,Debris,Slide,16 October 2025,2025-10-16,2025.0,2025-10-16,2025,10,1,4.5,13.5,0.401
TN/NIL/58A15/2025/34,Tamil Nadu,Nilgiri,ONR-26,Near Nansach,11.3203,76.7985,Debris,Slide,16 October 2025,2025-10-16,2025.0,2025-10-16,2025,10,1,4.5,13.5,0.401
TN/NIL/58A15/2025/1,Tamil Nadu,Nilgiri,ONR-1,Near DSP. Office mount pleasant road,11.3426,76.7901,Debris,Slide,17 October 2025,2025-10-17,2025.0,2025-10-17,2025,10,1,9.2,18.6,0.408
TN/NIL/58A15/2025/11,Tamil Nadu,Nilgiri,ONR-11,Coonoor to Kattabettu Road,11.3752,76.8165,Loose debris,Slide,17 October 2025,2025-10-17,2025.0,2025-10-17,2025,10,1,7.7,15.8,0.385
TN/NIL/58A15/2025/6,Tamil Nadu,Nilgiri,ONR-6,TTK Road,11.3445,76.7924,Debris,Slide,17 October 2025,2025-10-17,2025.0,2025-10-17,2025,10,1,9.2,18.6,0.408
TN/NIL/58A11/2025/27,Tamil Nadu,Nilgiri,ONR-19,Maniyapuram Temple area,11.3157,76.7068,Earth,Slide,18 October 2025,2025-10-18,2025.0,2025-10-18,2025,10,1,2.8,16.5,0.397
TN/NIL/58A11/2025/37,Tamil Nadu,Nilgiri,KUN-1,Ketchikatti to Mullimalai road,11.2617,76.6327,Earth,Slide,18 October 2025,2025-10-18,2025.0,2025-10-18,2025,10,1,1.6,7.1,0.378
TN/NIL/58A15/2025/10,Tamil Nadu,Nilgiri,ONR-10,Coonoor to Kattabettu road near Bandishola,11.3665,76.8167,Debris,Slide,18 October 2025,2025-10-18,2025.0,2025-10-18,2025,10,1,2.8,16.5,0.397
TN/NIL/58A15/2025/13,Tamil Nadu,Nilgiri,ONR-13,Near Gandipuram Railway track,11.3339,76.7981,Loose debris,Slide,18 October 2025,2025-10-18,2025.0,2025-10-18,2025,10,1,2.8,16.5,0.397
TN/NIL/58A15/2025/18,Tamil Nadu,Nilgiri,KOT-2,"In front of Velusamy house, Bharthi Nagar",11.4146,76.8133,Earth,Slide,18 October 2025,2025-10-18,2025.0,2025-10-18,2025,10,1,2.1,14.3,0.382
TN/NIL/58A15/2025/23,Tamil Nadu,Nilgiri,KOT-7,Club road lion house area,11.4317,76.8667,Earth,Slide,18 October 2025,2025-10-18,2025.0,2025-10-18,2025,10,1,3.3,22.2,0.389
TN/NIL/58A15/2025/38,Tamil Nadu,Nilgiri,KUN-2,Onikandi to Coimbatore road,11.2659,76.6572,Earth,Slide,18 October 2025,2025-10-18,2025.0,2025-10-18,2025,10,1,1.6,7.1,0.378
TN/NIL/58A11/2025/25,Tamil Nadu,Nilgiri,ONR-17,Near Needle factory,11.3785,76.7444,Earth,Slide,19 October 2025,2025-10-19,2025.0,2025-10-19,2025,10,1,4.1,14.1,0.4
TN/NIL/58A11/2025/39,Tamil Nadu,Nilgiri,KUN-3,"Manjoor to Greddai road, near Onikandi",11.2643,76.6583,Earth,Slide,19 October 2025,2025-10-19,2025.0,2025-10-19,2025,10,1,1.2,5.1,0.365
TN/NIL/58A11/2025/40,Tamil Nadu,Nilgiri,KUN-4,"Primary Health Centre, Kundah palam",11.2818,76.65,Earth,Slide,19 October 2025,2025-10-19,2025.0,2025-10-19,2025,10,1,1.2,5.1,0.365
TN/NIL/58A15/2025/15,Tamil Nadu,Nilgiri,ONR-15,Coonoor to Mettupalayam road,11.3307,76.808,Debris,Slide,19 October 2025,2025-10-19,2025.0,2025-10-19,2025,10,1,2.2,14.1,0.386
TN/NIL/58A15/2025/17,Tamil Nadu,Nilgiri,KOT-1,In front of Palanimalai house at Kattabettu Bharathinagar,11.4139,76.8139,Earth,Slide,19 October 2025,2025-10-19,2025.0,2025-10-19,2025,10,1,1.5,11.3,0.381
TN/NIL/58A15/2025/19,Tamil Nadu,Nilgiri,KOT-3,Coonoor to Kattabettu road,11.4159,76.8172,Debris,Slide,19 October 2025,2025-10-19,2025.0,2025-10-19,2025,10,1,1.5,11.3,0.381
TN/NIL/58A15/2025/21,Tamil Nadu,Nilgiri,KOT-5,Keradamattam to Sundatty road,11.4939,76.8939,Debris,Slide,19 October 2025,2025-10-19,2025.0,2025-10-19,2025,10,1,1.3,16.4,0.374
TN/NIL/58A15/2025/3,Tamil Nadu,Nilgiri,ONR-3,Coonoor to Ooty road near Coonoor town,11.3494,76.7959,Earth,Slide,19 October 2025,2025-10-19,2025.0,2025-10-19,2025,10,1,1.6,13.6,0.391
TN/NIL/58A15/2025/42,Tamil Nadu,Nilgiri,KOT-11,Marvalla road,11.4723,76.8408,Debris,Slide,19 October 2025,2025-10-19,2025.0,2025-10-19,2025,10,1,1.3,16.4,0.374
TN/NIL/58A15/2025/9,Tamil Nadu,Nilgiri,ONR-9,Attadi road,11.3571,76.8083,Earth,Slide,19 October 2025,2025-10-19,2025.0,2025-10-19,2025,10,1,1.6,13.6,0.391
TN/NIL/58A15/2025/33,Tamil Nadu,Nilgiri,KOT-10,S.N.Nagar to Semmanarai Rd.,11.3935,76.9317,Debris,Slide,20 October 2025,2025-10-20,2025.0,2025-10-20,2025,10,1,2.2,6.3,0.34
TN/NIL/58A15/2025/7,Tamil Nadu,Nilgiri,ONR-7,Coonoor - Vennar pet Rd.,11.3509,76.7929,Debris,Slide,20 October 2025,2025-10-20,2025.0,2025-10-20,2025,10,1,2.8,7.2,0.395
TN/NIL/58A15/2025/14,Tamil Nadu,Nilgiri,ONR-14,Gandhipuram - Indra Nagar,11.337,76.7982,Earth,Slide,21 October 2025,2025-10-21,2025.0,2025-10-21,2025,10,1,11.4,15.8,0.406
TN/NIL/58A15/2025/4,Tamil Nadu,Nilgiri,ONR-4,Udhagai to Coonoor road Near Aruvankad,11.3533,76.785,Debris,Slide,21 October 2025,2025-10-21,2025.0,2025-10-21,2025,10,1,11.4,15.8,0.406
TN/NIL/58A11/2025/26,Tamil Nadu,Nilgiri,ONR-18,Kenthala to Ketti palada road,11.3359,76.7345,Debris,Slide,22 October 2025,2025-10-22,2025.0,2025-10-22,2025,10,1,22.6,39.9,0.425
TN/NIL/58A11/2025/36,Tamil Nadu,Nilgiri,ONR-28,Dickland lease,11.2774,76.6898,Debris,Slide,22 October 2025,2025-10-22,2025.0,2025-10-22,2025,10,1,6.5,16.0,0.415
TN/NIL/58A15/2025/12,Tamil Nadu,Nilgiri,ONR-12,"In backside of Tmt. Jayabhatathi house, Forestdale",11.3669,76.7992,Earth,Slide,22 October 2025,2025-10-22,2025.0,2025-10-22,2025,10,1,13.9,28.1,0.422
TN/NIL/58A15/2025/24,Tamil Nadu,Nilgiri,KOT-8,Kotagiri to Konavakkarai road,11.4174,76.8781,Debris,Slide,22 October 2025,2025-10-22,2025.0,2025-10-22,2025,10,1,17.7,31.9,0.417
TN/NIL/58A15/2025/28,Tamil Nadu,Nilgiri,ONR-20,"In backside of Tmt.Gomathi house, Palaya Aravankadu",11.3696,76.7517,Earth,Slide,22 October 2025,2025-10-22,2025.0,2025-10-22,2025,10,1,13.9,28.1,0.422
TN/NIL/58A15/2025/29,Tamil Nadu,Nilgiri,ONR-21,"In backside of Tmt.Saroja Sandha house, Chinna Bikkatty",11.3718,76.7561,Earth,Slide,22 October 2025,2025-10-22,2025.0,2025-10-22,2025,10,1,25.4,40.9,0.419
TN/NIL/58A15/2025/31,Tamil Nadu,Nilgiri,ONR-24,Periyar Nagar,11.3375,76.7769,Debris,Slide,22 October 2025,2025-10-22,2025.0,2025-10-22,2025,10,1,13.9,28.1,0.422
TN/NIL/58A15/2025/43,Tamil Nadu,Nilgiri,ONR-29,Coonoor to Udhagai road,11.3599,76.7814,Debris,Slide,22 October 2025,2025-10-22,2025.0,2025-10-22,2025,10,1,13.9,28.1,0.422
TN/NIL/58A15/2025/44,Tamil Nadu,Nilgiri,ONR-30,Coonoor to Udhagai road,11.3606,76.7813,Earth,Slide,22 October 2025,2025-10-22,2025.0,2025-10-22,2025,10,1,13.9,28.1,0.422
TN/NIL/58A15/2025/5,Tamil Nadu,Nilgiri,ONR-5,Coonoor to Udhagai road,11.359,76.7817,Rock and Debris,Fall near the head and crown and slide at body and toe of the slide,22 October 2025,2025-10-22,2025.0,2025-10-22,2025,10,1,13.9,28.1,0.422
7077,Assam,Kamrup (Metro),708,,26.238016,91.945953,Soil,slide,2 November 2025,2025-11-02,2025.0,2025-11-02,2025,11,1,6.0,38.2,0.46
H.P./Shimla/53E/4/2025/5,Himachal Pradesh,Shimla,Bhattakuffer subsidence,Shimla Bypass on NH-05,31.09277778,77.20638889,Debris,Subsidence,22 November 2025,2025-11-22,2025.0,2025-11-22,2025,11,1,0.0,0.0,0.439
7013,West Bengal,Kalimpong,mission compound,disha,27.068621,88.479162,Rock,,15 December 2025,2025-12-15,2025.0,2025-12-15,2025,12,1,0.0,0.0,0.213
7015,West Bengal,Kalimpong,mission compound,Near SUMI School,27.074239,88.473046,Debris,,15 December 2025,2025-12-15,2025.0,2025-12-15,2025,12,1,0.0,0.0,0.213
7152,Tamil Nadu,Nilgiri,,,11.347369,76.789377,Debris,Slide,1 January 2026,2026-01-01,2026.0,2026-01-01,2026,1,1,4.5,7.0,0.278
7154,Tamil Nadu,Nilgiri,,,11.349663,76.788382,Debris,Slide,1 January 2026,2026-01-01,2026.0,2026-01-01,2026,1,1,4.5,7.0,0.278
TN/NILGIRIS/58A15/2026/01,Tamil Nadu,Nilgiri,TDK road Slide,TDK Road,11.344605,76.792407,Debris,Slide,01 January 2026,2026-01-01,2026.0,2026-01-01,2026,1,1,4.5,7.0,0.278
TN/NILGIRIS/58A15/2026/02,Tamil Nadu,Nilgiri,Model House Society Slide,Disencherry Road,11.346337,76.798923,Debris,Slide,01 January 2026,2026-01-01,2026.0,2026-01-01,2026,1,1,4.5,7.0,0.278
TN/NILGIRIS/58A15/2026/03,Tamil Nadu,Nilgiri,MGR Nagar,TDK Road,11.347369,76.789377,Debris,Slide,01 January 2026,2026-01-01,2026.0,2026-01-01,2026,1,1,4.5,7.0,0.278
TN/NILGIRIS/58A15/2026/04,Tamil Nadu,Nilgiri,TDK road Slide,TDK Road,11.349663,76.788382,Debris,Slide,01 January 2026,2026-01-01,2026.0,2026-01-01,2026,1,1,4.5,7.0,0.278
TN/NILGIRIS/58A15/2026/05,Tamil Nadu,Nilgiri,Riga Residency slide,TDK Road,11.352862,76.786387,Debris,Slide,01 January 2026,2026-01-01,2026.0,2026-01-01,2026,1,1,4.5,7.0,0.278
7386,Arunachal Pradesh,Papum Pare,Niti Vihar,,27.099285,93.614766,Soil,subsidence,16 March 2026,2026-03-16,2026.0,2026-03-16,2026,3,1,13.4,83.0,0.506
7406,Jammu & Kashmir,Ramban,,Karol,33.214947,75.272822,Rock,topple,26 March 2026,2026-03-26,2026.0,2026-03-26,2026,3,1,1.2,1.2,0.408
7454,Tripura,West Tripura,Badharghat,Near hill slope behind residential area,23.802772,91.272189,Soil and Rock,Slide,30 May 2026,2026-05-30,2026.0,2026-05-30,2026,5,1,0.0,4.9,0.411
7583,Arunachal Pradesh,Lower Siang,Magi basti,Roadside landslide near Magi basti,27.715081,94.692035,Debris,slide,28 June 2026,2026-06-28,2026.0,2026-06-28,2026,6,1,48.8,113.5,0.433
7598,Meghalaya,South West Garo Hills,Betasing,Kongpara,25.567423,89.979711,Debris,,13 July 2026,2026-07-13,2026.0,2026-07-13,2026,7,1,61.9,142.7,0.427
